{"type": "FeatureCollection", "features": [{"type": "Feature", "properties": {"OBJECTID": 1898, "PROJ_ID": "PROD-00310926", "PROJ_NAME": "DBS Vehicles LLC", "PROG_NAME": "NJZIP", "CITY": "MORRISTOWN TOWN", "STATE": "NJ", "ZIP": "07960", "REC_ENT": "Current Trucking Connect LLC", "SECTOR": "Commercial/Industrial", "FUND_AG": "EDA", "PROJ_DES": "4 electric Long Haul Freight Trucks and 5 electric Refuse Trucks", "LAT": 40.79677817, "LONG_": -74.482, "INITIATIVE": "Catalyze Clean, Equitable Transportation", "PROJ_COST": 4575000, "RGGI_AMT": 1575000, "CAL_YEAR": 2023, "STATUS": "Awarded", "ECON_AID": "Grant", "CO2E_AVOID": 2522.986571, "MMBTU_AVOID": 344296.3394, "GAS_SAVED": 0.0, "ADD_ELEC": 0.0, "R80X50": "Yes", "EJ": "No", "COST_EFF": 42.0, "NOX": 5232.78872, "PM10": 36.24796924, "PM2_5": 31.15056552, "VOC": 31.15056552, "CO": 3026.71122, "SOX": 23.431511, "RGGI_PCT": 34, "CO2E_AVOIDL": 37844.79857, "NOX_L": 78491.83081, "PM10_L": 543.7195386, "PM2_5_L": 467.2584827, "VOC_L": 467.2584827, "CO_L": 45400.6683, "SOX_L": 351.472665, "PROJ_LIFE": 15, "GLOBALID": "{7EC8D9AA-60F8-44CE-BA7A-27749B0AFB96}"}, "geometry": {"type": "Point", "coordinates": [-74.48200160590015, 40.796786426037826]}}, {"type": "Feature", "properties": {"OBJECTID": 1899, "PROJ_ID": "EVLVL-2022-Township of Evesham-00950", "PROJ_NAME": "Evesham Township Recreation and Senior Sevices Building Chargers", "PROG_NAME": "It Pay$ to Plug In", "CITY": "EVESHAM TWP", "STATE": "NJ", "ZIP": "08053", "REC_ENT": "Township of Evesham", "SECTOR": "Local Government", "FUND_AG": "DEP", "PROJ_DES": "1 Dual-port, level 2, public EV charging station", "LAT": 39.88396141, "LONG_": -74.89168105, "INITIATIVE": "Catalyze Clean, Equitable Transportation", "PROJ_COST": 8000, "RGGI_AMT": 8000, "CAL_YEAR": 2023, "STATUS": "Awarded", "ECON_AID": "Grant", "CO2E_AVOID": 7.10115909, "MMBTU_AVOID": 1159.221559, "GAS_SAVED": null, "ADD_ELEC": 0.0, "R80X50": "Yes", "EJ": "No", "COST_EFF": 75.10510981, "NOX": 4.99076899, "PM10": 0.60956672, "PM2_5": 0.40883431, "VOC": 11.38431462, "CO": 54.17605875, "SOX": 1.12918094, "RGGI_PCT": 100, "CO2E_AVOIDL": 106.5173864, "NOX_L": 74.86153485, "PM10_L": 9.14350081, "PM2_5_L": 6.1325146, "VOC_L": 170.7647192, "CO_L": 812.6408812, "SOX_L": 16.93771409, "PROJ_LIFE": 15, "GLOBALID": "{2D0B9E0A-34C8-4983-A95F-A2F587B9F1FC}"}, "geometry": {"type": "Point", "coordinates": [-74.89168273083165, 39.883969471273154]}}, {"type": "Feature", "properties": {"OBJECTID": 1900, "PROJ_ID": "EVLVL-2022-Borough of Fort Lee-00092", "PROJ_NAME": "Borough of Fort Lee Guntzer St Chargers", "PROG_NAME": "It Pay$ to Plug In", "CITY": "FORT LEE BORO", "STATE": "NJ", "ZIP": "07024", "REC_ENT": "Borough of Fort Lee", "SECTOR": "Local Government", "FUND_AG": "DEP", "PROJ_DES": "1 Dual-Port level 2, publicly accessible EV charging station", "LAT": 40.85322156, "LONG_": -73.97091377, "INITIATIVE": "Catalyze Clean, Equitable Transportation", "PROJ_COST": 8000, "RGGI_AMT": 8000, "CAL_YEAR": 2023, "STATUS": "Awarded", "ECON_AID": "Grant", "CO2E_AVOID": 7.10115909, "MMBTU_AVOID": 1159.221559, "GAS_SAVED": null, "ADD_ELEC": 0.0, "R80X50": "Yes", "EJ": "Yes", "COST_EFF": 75.10510981, "NOX": 4.99076899, "PM10": 0.60956672, "PM2_5": 0.40883431, "VOC": 11.38431462, "CO": 54.17605875, "SOX": 1.12918094, "RGGI_PCT": 100, "CO2E_AVOIDL": 106.5173864, "NOX_L": 74.86153485, "PM10_L": 9.14350081, "PM2_5_L": 6.1325146, "VOC_L": 170.7647192, "CO_L": 812.6408812, "SOX_L": 16.93771409, "PROJ_LIFE": 15, "GLOBALID": "{84E8B76E-C91A-4A79-913F-DD916C7A885F}"}, "geometry": {"type": "Point", "coordinates": [-73.9709152156596, 40.85322984501641]}}, {"type": "Feature", "properties": {"OBJECTID": 1901, "PROJ_ID": "DEP-EV-13B", "PROJ_NAME": "Elizabeth Board of Education B", "PROG_NAME": "NJDEP Medium and Heavy Duty Electric Vehicle", "CITY": "ELIZABETH CITY", "STATE": "NJ", "ZIP": "07208", "REC_ENT": "Elizabeth Board of Education", "SECTOR": "Local Government", "FUND_AG": "BPU", "PROJ_DES": "1 box delivery truck and 1 garbage truck, and 1 school bus", "LAT": 40.673259, "LONG_": -74.213913, "INITIATIVE": "Catalyze Clean, Equitable Transportation", "PROJ_COST": 1179080, "RGGI_AMT": 1179080, "CAL_YEAR": 2021, "STATUS": "Awarded", "ECON_AID": "Grant", "CO2E_AVOID": 157.9853875, "MMBTU_AVOID": 44572.5, "GAS_SAVED": null, "ADD_ELEC": 0.0, "R80X50": "Yes", "EJ": "Yes", "COST_EFF": 497.5481249, "NOX": 2960.248121, "PM10": -6.93546785, "PM2_5": 142.3580519, "VOC": 172.396958, "CO": 845.733201, "SOX": -66.18233421, "RGGI_PCT": 100, "CO2E_AVOIDL": 2369.780813, "NOX_L": 44403.72182, "PM10_L": -104.0320178, "PM2_5_L": 2135.370779, "VOC_L": 2585.954369, "CO_L": 12685.99802, "SOX_L": -992.7350131, "PROJ_LIFE": 15, "GLOBALID": "{D22CED7C-A00D-4CE6-8C9E-B4503509EB99}"}, "geometry": {"type": "Point", "coordinates": [-74.21391451278674, 40.67326724137521]}}, {"type": "Feature", "properties": {"OBJECTID": 1902, "PROJ_ID": "PROD-00308723", "PROJ_NAME": "Pick & Send Transportation LLC", "PROG_NAME": "NJZIP", "CITY": "HAMILTON TWP", "STATE": "NJ", "ZIP": "08619", "REC_ENT": "Pick & Send Transportation LLC", "SECTOR": "Commercial/Industrial", "FUND_AG": "EDA", "PROJ_DES": "3 electric delivery straight truck", "LAT": 40.22430775, "LONG_": -74.71341737, "INITIATIVE": "Catalyze Clean, Equitable Transportation", "PROJ_COST": 97750, "RGGI_AMT": 97750, "CAL_YEAR": 2023, "STATUS": "Completed", "ECON_AID": "Grant", "CO2E_AVOID": 215.2041927, "MMBTU_AVOID": 1978.75, "GAS_SAVED": null, "ADD_ELEC": 0.0, "R80X50": "Yes", "EJ": "Yes", "COST_EFF": 90.84395501, "NOX": 395.8705645, "PM10": 3.11005638, "PM2_5": 4.58475837, "VOC": 4.58475837, "CO": 286.521881, "SOX": 1.15915449, "RGGI_PCT": 100, "CO2E_AVOIDL": 3228.062891, "NOX_L": 5938.058467, "PM10_L": 46.65084574, "PM2_5_L": 68.77137561, "VOC_L": 68.77137561, "CO_L": 4297.828215, "SOX_L": 17.38731736, "PROJ_LIFE": 15, "GLOBALID": "{209DDAE3-3610-4FBE-AA7F-5E570069DD8D}"}, "geometry": {"type": "Point", "coordinates": [-74.71341901445099, 40.22431588535053]}}, {"type": "Feature", "properties": {"OBJECTID": 1903, "PROJ_ID": "PROD-00311158", "PROJ_NAME": "CENTRAL ART & ENGINEERING, INC.", "PROG_NAME": "NJZIP", "CITY": "BURLINGTON TWP", "STATE": "NJ", "ZIP": "08514", "REC_ENT": "CENTRAL ART & ENGINEERING, INC.", "SECTOR": "Commercial/Industrial", "FUND_AG": "EDA", "PROJ_DES": "1 electric Utility Cargo Van", "LAT": 40.08656516, "LONG_": -74.5279622, "INITIATIVE": "Catalyze Clean, Equitable Transportation", "PROJ_COST": 109900, "RGGI_AMT": 90350, "CAL_YEAR": 2023, "STATUS": "Completed", "ECON_AID": "Grant", "CO2E_AVOID": 10.32311533, "MMBTU_AVOID": 1455.146638, "GAS_SAVED": 0.0, "ADD_ELEC": 0.0, "R80X50": "Yes", "EJ": "Yes", "COST_EFF": 583.0, "NOX": 4.95837799, "PM10": 0.64733838, "PM2_5": 0.39644039, "VOC": 10.29089707, "CO": 33.39157338, "SOX": 0.95755308, "RGGI_PCT": 82, "CO2E_AVOIDL": 154.8467299, "NOX_L": 74.37566979, "PM10_L": 9.71007575, "PM2_5_L": 5.94660584, "VOC_L": 154.3634561, "CO_L": 500.8736007, "SOX_L": 14.3632962, "PROJ_LIFE": 15, "GLOBALID": "{59F42969-007D-4D3A-B3E7-832CBE7DE506}"}, "geometry": {"type": "Point", "coordinates": [-74.52796377718127, 40.08657327463741]}}, {"type": "Feature", "properties": {"OBJECTID": 1904, "PROJ_ID": "DEP-ADMIN-EV-PF02", "PROJ_NAME": "Belleplain State Forest", "PROG_NAME": "DEP State Offices - Lead By Example", "CITY": "UPPER TWP", "STATE": "NJ", "ZIP": "08270", "REC_ENT": "Belleplain State Forest", "SECTOR": "State Government", "FUND_AG": "DEP", "PROJ_DES": "2 electric medium duty pick-up trucks and 2 chargers", "LAT": 39.24854222, "LONG_": -74.84266365, "INITIATIVE": "Catalyze Clean, Equitable Transportation", "PROJ_COST": 204000, "RGGI_AMT": 204000, "CAL_YEAR": 2024, "STATUS": "Awarded", "ECON_AID": "Other", "CO2E_AVOID": 8.5, "MMBTU_AVOID": 1170.4, "GAS_SAVED": null, "ADD_ELEC": 0.0, "R80X50": "Yes", "EJ": "No", "COST_EFF": 1591.263651, "NOX": 5.1, "PM10": 0.6, "PM2_5": 0.4, "VOC": 8.6, "CO": 33.6, "SOX": 1.3, "RGGI_PCT": 100, "CO2E_AVOIDL": 128.2, "NOX_L": 75.8, "PM10_L": 9.5, "PM2_5_L": 6.0, "VOC_L": 129.5, "CO_L": 503.5, "SOX_L": 20.1, "PROJ_LIFE": 15, "GLOBALID": "{2AC2C7C6-CC7B-451E-94BB-3E53EBE1C341}"}, "geometry": {"type": "Point", "coordinates": [-74.84266527772921, 39.24855015552477]}}, {"type": "Feature", "properties": {"OBJECTID": 1905, "PROJ_ID": "DEP-ADMIN-EV-PF11", "PROJ_NAME": "Spruce Run Recreation Area", "PROG_NAME": "DEP State Offices - Lead By Example", "CITY": "CLINTON TWP", "STATE": "NJ", "ZIP": "08809", "REC_ENT": "Spruce Run Recreation Area", "SECTOR": "State Government", "FUND_AG": "DEP", "PROJ_DES": "2 electric medium duty pick-up trucks and 2 chargers", "LAT": 40.66073629, "LONG_": -74.93992252, "INITIATIVE": "Catalyze Clean, Equitable Transportation", "PROJ_COST": 204000, "RGGI_AMT": 204000, "CAL_YEAR": 2024, "STATUS": "Awarded", "ECON_AID": "Other", "CO2E_AVOID": 7.1, "MMBTU_AVOID": 932.8, "GAS_SAVED": null, "ADD_ELEC": 0.0, "R80X50": "Yes", "EJ": "No", "COST_EFF": 1908.325538, "NOX": 4.2, "PM10": 0.5, "PM2_5": 0.3, "VOC": 7.2, "CO": 28.0, "SOX": 1.1, "RGGI_PCT": 100, "CO2E_AVOIDL": 106.9, "NOX_L": 63.1, "PM10_L": 7.9, "PM2_5_L": 5.0, "VOC_L": 107.9, "CO_L": 419.6, "SOX_L": 16.7, "PROJ_LIFE": 15, "GLOBALID": "{F9391555-AE50-436B-BC6F-D78DBE8B13CA}"}, "geometry": {"type": "Point", "coordinates": [-74.93992426360093, 40.66074450273334]}}, {"type": "Feature", "properties": {"OBJECTID": 1906, "PROJ_ID": "DEP-EV-19", "PROJ_NAME": "George Dapper Inc.", "PROG_NAME": "NJDEP Medium and Heavy Duty Electric Vehicle", "CITY": "TRENTON CITY", "STATE": "NJ", "ZIP": "08619", "REC_ENT": "George Dapper Inc.", "SECTOR": "Local Government", "FUND_AG": "DEP", "PROJ_DES": "2 electric school buses ", "LAT": 40.240138, "LONG_": -74.72894, "INITIATIVE": "Catalyze Clean, Equitable Transportation", "PROJ_COST": 772003, "RGGI_AMT": 521879, "CAL_YEAR": 2021, "STATUS": "Awarded", "ECON_AID": "Grant", "CO2E_AVOID": 64.7, "MMBTU_AVOID": 2163.0, "GAS_SAVED": 0.0, "ADD_ELEC": 0.0, "R80X50": "Yes", "EJ": "Yes", "COST_EFF": 538.0, "NOX": 280.0, "PM10": 0.0, "PM2_5": 20.0, "VOC": 40.0, "CO": 140.0, "SOX": -20.0, "RGGI_PCT": 68, "CO2E_AVOIDL": 970.9, "NOX_L": 4200.0, "PM10_L": 0.0, "PM2_5_L": 300.0, "VOC_L": 600.0, "CO_L": 2100.0, "SOX_L": -300.0, "PROJ_LIFE": 15, "GLOBALID": "{18DC5240-0E9B-4D54-A6A0-2B8B0B8288BD}"}, "geometry": {"type": "Point", "coordinates": [-74.72893854490071, 40.24014733537564]}}, {"type": "Feature", "properties": {"OBJECTID": 1907, "PROJ_ID": "DEP-EV-39", "PROJ_NAME": "Township of Bloomfield", "PROG_NAME": "NJDEP Medium and Heavy Duty Electric Vehicle", "CITY": "BLOOMFIELD TWP", "STATE": "NJ", "ZIP": "07003", "REC_ENT": "Township of Bloomfield", "SECTOR": "Local Government", "FUND_AG": "DEP", "PROJ_DES": "2 electric dump trucks", "LAT": 40.791524, "LONG_": -74.195296, "INITIATIVE": "Catalyze Clean, Equitable Transportation", "PROJ_COST": 699500, "RGGI_AMT": 467500, "CAL_YEAR": 2022, "STATUS": "Selected", "ECON_AID": "Grant", "CO2E_AVOID": 40.6, "MMBTU_AVOID": 3608.0, "GAS_SAVED": 0.0, "ADD_ELEC": 0.0, "R80X50": "Yes", "EJ": "Yes", "COST_EFF": 15614.03143, "NOX": 512.0, "PM10": -2.0, "PM2_5": 42.0, "VOC": 66.0, "CO": 242.0, "SOX": -20.0, "RGGI_PCT": 67, "CO2E_AVOIDL": 609.6, "NOX_L": 7680.0, "PM10_L": -30.0, "PM2_5_L": 630.0, "VOC_L": 990.0, "CO_L": 3630.0, "SOX_L": -300.0, "PROJ_LIFE": 15, "GLOBALID": "{5A8B2375-93CB-4C50-A66A-39C28D253149}"}, "geometry": {"type": "Point", "coordinates": [-74.195315123253, 40.79152087428272]}}, {"type": "Feature", "properties": {"OBJECTID": 1908, "PROJ_ID": "DEP-EV-48", "PROJ_NAME": "Clifton Board of Education", "PROG_NAME": "NJDEP Medium and Heavy Duty Electric Vehicle", "CITY": "CLIFTON CITY", "STATE": "NJ", "ZIP": "07013", "REC_ENT": "Clifton Board of Education", "SECTOR": "Local Government", "FUND_AG": "DEP", "PROJ_DES": "Replacing three diesel school buses with three EV school buses, purchasing three electric chargers", "LAT": 40.86861919, "LONG_": -74.15528535, "INITIATIVE": "Catalyze Clean, Equitable Transportation", "PROJ_COST": 759358, "RGGI_AMT": 479825, "CAL_YEAR": 2022, "STATUS": "Awarded", "ECON_AID": "Grant", "CO2E_AVOID": 3.0, "MMBTU_AVOID": 2510.0, "GAS_SAVED": 0.0, "ADD_ELEC": 0.0, "R80X50": "Yes", "EJ": "Yes", "COST_EFF": 10685.0, "NOX": 21.8, "PM10": -0.2, "PM2_5": 0.0, "VOC": 0.8, "CO": 8.6, "SOX": -1.6, "RGGI_PCT": 63, "CO2E_AVOIDL": 44.9, "NOX_L": 327.0, "PM10_L": -3.0, "PM2_5_L": 0.0, "VOC_L": 12.0, "CO_L": 129.0, "SOX_L": -24.0, "PROJ_LIFE": 15, "GLOBALID": "{70C93633-DE89-47CD-A177-ACA327B96248}"}, "geometry": {"type": "Point", "coordinates": [-74.15529332129049, 40.86862504172027]}}, {"type": "Feature", "properties": {"OBJECTID": 1909, "PROJ_ID": "PROD-00304840", "PROJ_NAME": "JAZBELL TRANSPORTATION LLC", "PROG_NAME": "NJZIP", "CITY": "WARREN TWP", "STATE": "NJ", "ZIP": "07059", "REC_ENT": "JAZBELL TRANSPORTATION LLC", "SECTOR": "Commercial/Industrial", "FUND_AG": "EDA", "PROJ_DES": "2 electric Delivery Straight Truck", "LAT": 40.629859, "LONG_": -74.55605, "INITIATIVE": "Catalyze Clean, Equitable Transportation", "PROJ_COST": 199000, "RGGI_AMT": 199000, "CAL_YEAR": 2022, "STATUS": "Completed", "ECON_AID": "Grant", "CO2E_AVOID": 174.1, "MMBTU_AVOID": 1655.3, "GAS_SAVED": 0.0, "ADD_ELEC": 0.0, "R80X50": "Yes", "EJ": "Yes", "COST_EFF": 76.20328853, "NOX": 278.8, "PM10": 3.0, "PM2_5": 2.5, "VOC": 2.5, "CO": 225.0, "SOX": 7.7, "RGGI_PCT": 100, "CO2E_AVOIDL": 2611.4, "NOX_L": 4182.7, "PM10_L": 45.5, "PM2_5_L": 37.9, "VOC_L": 37.9, "CO_L": 3375.0, "SOX_L": 115.2, "PROJ_LIFE": 15, "GLOBALID": "{5A4DE8AC-42AA-43A8-BF9A-F4F87B52852E}"}, "geometry": {"type": "Point", "coordinates": [-74.55603618821496, 40.62985295476971]}}, {"type": "Feature", "properties": {"OBJECTID": 1910, "PROJ_ID": "PROD-00303933", "PROJ_NAME": "Alerta Deliverties", "PROG_NAME": "NJZIP", "CITY": "ELIZABETH CITY", "STATE": "NJ", "ZIP": "07202", "REC_ENT": "Alerta Deliverties", "SECTOR": "Commercial/Industrial", "FUND_AG": "EDA", "PROJ_DES": "2 electric Delivery Straight Truck", "LAT": 40.66877082, "LONG_": -74.21586723, "INITIATIVE": "Catalyze Clean, Equitable Transportation", "PROJ_COST": 212900, "RGGI_AMT": 199500, "CAL_YEAR": 2022, "STATUS": "Completed", "ECON_AID": "Grant", "CO2E_AVOID": 156.2, "MMBTU_AVOID": 1436.4, "GAS_SAVED": 0.0, "ADD_ELEC": 0.0, "R80X50": "Yes", "EJ": "Yes", "COST_EFF": 85.1350912, "NOX": 287.4, "PM10": 2.3, "PM2_5": 3.3, "VOC": 3.3, "CO": 208.0, "SOX": 0.8, "RGGI_PCT": 94, "CO2E_AVOIDL": 2343.3, "NOX_L": 4310.6, "PM10_L": 33.9, "PM2_5_L": 49.9, "VOC_L": 49.9, "CO_L": 3119.9, "SOX_L": 12.6, "PROJ_LIFE": 15, "GLOBALID": "{4CB2B2AD-A710-4A21-B541-7BDCFC975894}"}, "geometry": {"type": "Point", "coordinates": [-74.21586874294265, 40.66877906025146]}}, {"type": "Feature", "properties": {"OBJECTID": 1911, "PROJ_ID": "PROD-00310863", "PROJ_NAME": "BETT-A-WAY BEVERAGE DISTRIBUTORS, INC", "PROG_NAME": "NJZIP", "CITY": "SOUTH PLAINFIELD BORO", "STATE": "NJ", "ZIP": "07080", "REC_ENT": "BETT-A-WAY BEVERAGE DISTRIBUTORS, INC", "SECTOR": "Commercial/Industrial", "FUND_AG": "EDA", "PROJ_DES": "1 electric Regional Haul Freight Truck", "LAT": 40.57348246, "LONG_": -74.42754315, "INITIATIVE": "Catalyze Clean, Equitable Transportation", "PROJ_COST": 344355, "RGGI_AMT": 175000, "CAL_YEAR": 2023, "STATUS": "Completed", "ECON_AID": "Grant", "CO2E_AVOID": 17.29716653, "MMBTU_AVOID": 2381.466444, "GAS_SAVED": 0.0, "ADD_ELEC": 0.0, "R80X50": "Yes", "EJ": "Yes", "COST_EFF": 674.0, "NOX": 58.0, "PM10": 0.73333333, "PM2_5": 0.6, "VOC": 0.6, "CO": 31.93333333, "SOX": 0.26666667, "RGGI_PCT": 51, "CO2E_AVOIDL": 259.457498, "NOX_L": 870.0, "PM10_L": 11.0, "PM2_5_L": 9.0, "VOC_L": 9.0, "CO_L": 479.0, "SOX_L": 4.0, "PROJ_LIFE": 15, "GLOBALID": "{0D3656D3-95DA-4DA8-B435-3ACC902A25F1}"}, "geometry": {"type": "Point", "coordinates": [-74.42754472478232, 40.57349067405235]}}, {"type": "Feature", "properties": {"OBJECTID": 1912, "PROJ_ID": "PROD-00302084", "PROJ_NAME": "Asset Appraisal Inc.", "PROG_NAME": "NJZIP", "CITY": "WALL TWP", "STATE": "NJ", "ZIP": "07719", "REC_ENT": "Asset Appraisal Inc.", "SECTOR": "Commercial/Industrial", "FUND_AG": "EDA", "PROJ_DES": "1 electric Utility Cargo Van", "LAT": 40.1673, "LONG_": -74.03401, "INITIATIVE": "Catalyze Clean, Equitable Transportation", "PROJ_COST": 111900, "RGGI_AMT": 93750, "CAL_YEAR": 2021, "STATUS": "Completed", "ECON_AID": "Grant", "CO2E_AVOID": 3.4, "MMBTU_AVOID": 31.4, "GAS_SAVED": 0.0, "ADD_ELEC": 0.0, "R80X50": "Yes", "EJ": "Yes", "COST_EFF": 1848.380669, "NOX": 2.0, "PM10": 0.2, "PM2_5": 0.2, "VOC": 5.3, "CO": 28.5, "SOX": 0.6, "RGGI_PCT": 84, "CO2E_AVOIDL": 50.7, "NOX_L": 29.8, "PM10_L": 3.3, "PM2_5_L": 2.6, "VOC_L": 80.1, "CO_L": 426.9, "SOX_L": 9.0, "PROJ_LIFE": 15, "GLOBALID": "{1CF1CC36-8AEF-49D8-9CE6-F38290E1C629}"}, "geometry": {"type": "Point", "coordinates": [-74.0340288194152, 40.16730821787576]}}, {"type": "Feature", "properties": {"OBJECTID": 1913, "PROJ_ID": "PROD-00300382", "PROJ_NAME": "Strange Trip Trucking Inc.", "PROG_NAME": "NJZIP", "CITY": "CHATHAM BORO", "STATE": "NJ", "ZIP": "07928", "REC_ENT": "Strange Trip Trucking Inc.", "SECTOR": "Commercial/Industrial", "FUND_AG": "EDA", "PROJ_DES": "8 electric Regional Haul Freight Trucks", "LAT": 40.74607, "LONG_": -74.37935, "INITIATIVE": "Catalyze Clean, Equitable Transportation", "PROJ_COST": 1320000, "RGGI_AMT": 850000, "CAL_YEAR": 2021, "STATUS": "Completed", "ECON_AID": "Grant", "CO2E_AVOID": 494.3, "MMBTU_AVOID": 3289.3, "GAS_SAVED": 0.0, "ADD_ELEC": 0.0, "R80X50": "Yes", "EJ": "Yes", "COST_EFF": 115.0, "NOX": 2693.0, "PM10": 8.3, "PM2_5": 22.3, "VOC": 22.3, "CO": 1302.3, "SOX": -160.2, "RGGI_PCT": 64, "CO2E_AVOIDL": 7414.2, "NOX_L": 40395.0, "PM10_L": 124.8, "PM2_5_L": 334.6, "VOC_L": 334.6, "CO_L": 19535.2, "SOX_L": -2403.5, "PROJ_LIFE": 15, "GLOBALID": "{0369BBCF-160A-439D-A9EF-A3DAEDCBBC6E}"}, "geometry": {"type": "Point", "coordinates": [-74.37923385988191, 40.74602665769926]}}, {"type": "Feature", "properties": {"OBJECTID": 1914, "PROJ_ID": "DEP-EV-50", "PROJ_NAME": "Presidential Transportation - Lakewood Schools", "PROG_NAME": "NJDEP Medium and Heavy Duty Electric Vehicle", "CITY": "LAKEWOOD TWP", "STATE": "NJ", "ZIP": "08701", "REC_ENT": "Presidential Transportation - Lakewood Schools", "SECTOR": "Local Government", "FUND_AG": "DEP", "PROJ_DES": "Replacing two diesel school buses with two EV school buses, installing two chargers", "LAT": 40.05903401, "LONG_": -74.21896041, "INITIATIVE": "Catalyze Clean, Equitable Transportation", "PROJ_COST": 947813, "RGGI_AMT": 529915, "CAL_YEAR": 2022, "STATUS": "Awarded", "ECON_AID": "Grant", "CO2E_AVOID": 39.0, "MMBTU_AVOID": 3457.0, "GAS_SAVED": 0.0, "ADD_ELEC": 0.0, "R80X50": "Yes", "EJ": "Yes", "COST_EFF": 906.0, "NOX": 180.8, "PM10": -1.9, "PM2_5": 4.4, "VOC": 16.9, "CO": 110.7, "SOX": -20.0, "RGGI_PCT": 56, "CO2E_AVOIDL": 584.6, "NOX_L": 2711.8, "PM10_L": -28.7, "PM2_5_L": 66.5, "VOC_L": 253.6, "CO_L": 1661.0, "SOX_L": -300.1, "PROJ_LIFE": 15, "GLOBALID": "{6EB12791-7C43-4554-8C96-E62B276C0C75}"}, "geometry": {"type": "Point", "coordinates": [-74.21895554175451, 40.05903476558535]}}, {"type": "Feature", "properties": {"OBJECTID": 1915, "PROJ_ID": "PROD-00304868", "PROJ_NAME": "King Delicatessen LLC", "PROG_NAME": "NJZIP", "CITY": "BRIDGEWATER TWP", "STATE": "NJ", "ZIP": "08836", "REC_ENT": "King Delicatessen LLC", "SECTOR": "Commercial/Industrial", "FUND_AG": "EDA", "PROJ_DES": "1 electric Delivery Straight Truck", "LAT": 40.599852, "LONG_": -74.558223, "INITIATIVE": "Catalyze Clean, Equitable Transportation", "PROJ_COST": 99500, "RGGI_AMT": 97750, "CAL_YEAR": 2022, "STATUS": "Completed", "ECON_AID": "Grant", "CO2E_AVOID": 78.1, "MMBTU_AVOID": 718.2, "GAS_SAVED": 0.0, "ADD_ELEC": 0.0, "R80X50": "Yes", "EJ": "Yes", "COST_EFF": 83.42812195, "NOX": 143.7, "PM10": 1.1, "PM2_5": 1.7, "VOC": 1.7, "CO": 104.0, "SOX": 0.4, "RGGI_PCT": 98, "CO2E_AVOIDL": 1171.7, "NOX_L": 2155.3, "PM10_L": 16.9, "PM2_5_L": 25.0, "VOC_L": 25.0, "CO_L": 1560.0, "SOX_L": 6.3, "PROJ_LIFE": 15, "GLOBALID": "{CB34E403-52D7-4AF2-946F-39D09D740033}"}, "geometry": {"type": "Point", "coordinates": [-74.55822461819432, 40.5998602148313]}}, {"type": "Feature", "properties": {"OBJECTID": 1916, "PROJ_ID": "PROD-00304869", "PROJ_NAME": "Garden Paper NJ Corp", "PROG_NAME": "NJZIP", "CITY": "UNION CITY", "STATE": "NJ", "ZIP": "07087", "REC_ENT": "Garden Paper NJ Corp", "SECTOR": "Commercial/Industrial", "FUND_AG": "EDA", "PROJ_DES": "1 electric Delivery Straight Truck", "LAT": 40.761068, "LONG_": -74.03644, "INITIATIVE": "Catalyze Clean, Equitable Transportation", "PROJ_COST": 99500, "RGGI_AMT": 99500, "CAL_YEAR": 2022, "STATUS": "Completed", "ECON_AID": "Grant", "CO2E_AVOID": 78.1, "MMBTU_AVOID": 718.2, "GAS_SAVED": 0.0, "ADD_ELEC": 0.0, "R80X50": "Yes", "EJ": "Yes", "COST_EFF": 84.92172004, "NOX": 143.7, "PM10": 1.1, "PM2_5": 1.7, "VOC": 1.7, "CO": 104.0, "SOX": 0.4, "RGGI_PCT": 100, "CO2E_AVOIDL": 1171.7, "NOX_L": 2155.3, "PM10_L": 16.9, "PM2_5_L": 25.0, "VOC_L": 25.0, "CO_L": 1560.0, "SOX_L": 6.3, "PROJ_LIFE": 15, "GLOBALID": "{33622236-42AD-4087-B946-6C2079F6AA38}"}, "geometry": {"type": "Point", "coordinates": [-74.03644146117965, 40.761076264651805]}}, {"type": "Feature", "properties": {"OBJECTID": 1917, "PROJ_ID": "PROD-00306489", "PROJ_NAME": "OK Media Marketing", "PROG_NAME": "NJZIP", "CITY": "ROBBINSVILLE TWP", "STATE": "NJ", "ZIP": "08691", "REC_ENT": "OK Media Marketing", "SECTOR": "Commercial/Industrial", "FUND_AG": "EDA", "PROJ_DES": "1 Delivery Straight Truck", "LAT": 40.22844389, "LONG_": -74.62650292, "INITIATIVE": "Catalyze Clean, Equitable Transportation", "PROJ_COST": 99500, "RGGI_AMT": 97750, "CAL_YEAR": 2022, "STATUS": "Completed", "ECON_AID": "Grant", "CO2E_AVOID": 78.1, "MMBTU_AVOID": 718.2, "GAS_SAVED": 0.0, "ADD_ELEC": 0.0, "R80X50": "Yes", "EJ": "Yes", "COST_EFF": 83.43, "NOX": 143.7, "PM10": 1.1, "PM2_5": 1.7, "VOC": 1.7, "CO": 104.0, "SOX": 0.4, "RGGI_PCT": 98, "CO2E_AVOIDL": 1171.7, "NOX_L": 2155.3, "PM10_L": 16.9, "PM2_5_L": 25.0, "VOC_L": 25.0, "CO_L": 1560.0, "SOX_L": 6.3, "PROJ_LIFE": 15, "GLOBALID": "{28195C5A-56E7-45C0-9426-0271E34273DA}"}, "geometry": {"type": "Point", "coordinates": [-74.62650453713601, 40.228452029176886]}}, {"type": "Feature", "properties": {"OBJECTID": 1918, "PROJ_ID": "DEP-EV-17", "PROJ_NAME": "Township of Lakewood", "PROG_NAME": "NJDEP Medium and Heavy Duty Electric Vehicle", "CITY": "LAKEWOOD TWP", "STATE": "NJ", "ZIP": "08701", "REC_ENT": "Township of Lakewood", "SECTOR": "Local Government", "FUND_AG": "DEP", "PROJ_DES": "Purchasing 1 new electric Diamond Coach bus and replacing 1 Blue Bird bus", "LAT": 40.08056705, "LONG_": -74.1857365, "INITIATIVE": "Catalyze Clean, Equitable Transportation", "PROJ_COST": 250268, "RGGI_AMT": 250268, "CAL_YEAR": 2021, "STATUS": "Awarded", "ECON_AID": "Grant", "CO2E_AVOID": 13.55695945, "MMBTU_AVOID": 1728.292511, "GAS_SAVED": null, "ADD_ELEC": 0.0, "R80X50": "Yes", "EJ": "Yes", "COST_EFF": 1230.698771, "NOX": 484.7178179, "PM10": 0.57934341, "PM2_5": 29.77300188, "VOC": 29.77300188, "CO": 122.1817891, "SOX": 1.2278793, "RGGI_PCT": 100, "CO2E_AVOIDL": 203.3543918, "NOX_L": 7270.767268, "PM10_L": 8.69015114, "PM2_5_L": 446.5950282, "VOC_L": 446.5950282, "CO_L": 1832.726837, "SOX_L": 18.41818942, "PROJ_LIFE": 15, "GLOBALID": "{FCE8341E-951D-4647-88F1-2278A38DA3F0}"}, "geometry": {"type": "Point", "coordinates": [-74.18573796824403, 40.080575175171205]}}, {"type": "Feature", "properties": {"OBJECTID": 1919, "PROJ_ID": "PROD-00311146", "PROJ_NAME": "Calima Inc", "PROG_NAME": "NJZIP", "CITY": "EDISON TWP", "STATE": "NJ", "ZIP": "08817", "REC_ENT": "Calima Inc", "SECTOR": "Commercial/Industrial", "FUND_AG": "EDA", "PROJ_DES": "1 electric Utility Cargo Van", "LAT": 40.51542772, "LONG_": -74.40201236, "INITIATIVE": "Catalyze Clean, Equitable Transportation", "PROJ_COST": 110900, "RGGI_AMT": 87750, "CAL_YEAR": 2023, "STATUS": "Selected", "ECON_AID": "Grant", "CO2E_AVOID": 12.9426351, "MMBTU_AVOID": 1818.605481, "GAS_SAVED": 0.0, "ADD_ELEC": 0.0, "R80X50": "Yes", "EJ": "Yes", "COST_EFF": 452.0, "NOX": 6.13333333, "PM10": 0.86666667, "PM2_5": 0.53333333, "VOC": 12.86666667, "CO": 41.73333333, "SOX": 1.13333333, "RGGI_PCT": 79, "CO2E_AVOIDL": 194.1395264, "NOX_L": 92.0, "PM10_L": 13.0, "PM2_5_L": 8.0, "VOC_L": 193.0, "CO_L": 626.0, "SOX_L": 17.0, "PROJ_LIFE": 15, "GLOBALID": "{8CCBF430-019C-478E-B0FA-27D97C28D7D3}"}, "geometry": {"type": "Point", "coordinates": [-74.4020139232831, 40.51543592365045]}}, {"type": "Feature", "properties": {"OBJECTID": 1920, "PROJ_ID": "PROD-00299510", "PROJ_NAME": "Nexus Contracting ", "PROG_NAME": "NJZIP", "CITY": "NEWARK CITY", "STATE": "NJ", "ZIP": "07112", "REC_ENT": "Nexus Contracting ", "SECTOR": "Commercial/Industrial", "FUND_AG": "EDA", "PROJ_DES": "1 electric utility cargo van", "LAT": 40.708979, "LONG_": -74.20422, "INITIATIVE": "Catalyze Clean, Equitable Transportation", "PROJ_COST": 99500, "RGGI_AMT": 93750, "CAL_YEAR": 2021, "STATUS": "Completed", "ECON_AID": "Grant", "CO2E_AVOID": 74.4, "MMBTU_AVOID": 665.9, "GAS_SAVED": 0.0, "ADD_ELEC": 0.0, "R80X50": "Yes", "EJ": "Yes", "COST_EFF": 83.99, "NOX": 33.9, "PM10": 3.8, "PM2_5": 3.0, "VOC": 79.8, "CO": 198.8, "SOX": 10.5, "RGGI_PCT": 94, "CO2E_AVOIDL": 1116.2, "NOX_L": 508.7, "PM10_L": 56.9, "PM2_5_L": 44.6, "VOC_L": 1197.1, "CO_L": 2982.0, "SOX_L": 157.5, "PROJ_LIFE": 15, "GLOBALID": "{2F9608AC-7AD1-430B-9C33-9D6075A8E13A}"}, "geometry": {"type": "Point", "coordinates": [-74.20422152048957, 40.70898528582038]}}, {"type": "Feature", "properties": {"OBJECTID": 1921, "PROJ_ID": "PROD-00288654", "PROJ_NAME": "JP2018 LLC - All Evs", "PROG_NAME": "NJZIP", "CITY": "EAST ORANGE CITY", "STATE": "NJ", "ZIP": "07050", "REC_ENT": "JP2018 LLC", "SECTOR": "Commercial/Industrial", "FUND_AG": "EDA", "PROJ_DES": "5 electric Delivery Step Vans", "LAT": 40.76195655, "LONG_": -74.23312536, "INITIATIVE": "Catalyze Clean, Equitable Transportation", "PROJ_COST": 497500, "RGGI_AMT": 490750, "CAL_YEAR": 2021, "STATUS": "Completed", "ECON_AID": "Grant", "CO2E_AVOID": 236.3, "MMBTU_AVOID": 2333.6, "GAS_SAVED": 0.0, "ADD_ELEC": 0.0, "R80X50": "Yes", "EJ": "Yes", "COST_EFF": 138.0, "NOX": 159.5, "PM10": 7.8, "PM2_5": 11.2, "VOC": 319.5, "CO": 1471.7, "SOX": 57.2, "RGGI_PCT": 99, "CO2E_AVOIDL": 3544.2, "NOX_L": 2392.0, "PM10_L": 116.7, "PM2_5_L": 167.7, "VOC_L": 4792.1, "CO_L": 22075.3, "SOX_L": 698.5, "PROJ_LIFE": 15, "GLOBALID": "{A8D8CA26-AC64-4CCB-86CB-3B2EFC71EECD}"}, "geometry": {"type": "Point", "coordinates": [-74.233129473728, 40.761962850925535]}}, {"type": "Feature", "properties": {"OBJECTID": 1922, "PROJ_ID": "PROD-00304918", "PROJ_NAME": "Industry Providers & Buyers LLC", "PROG_NAME": "NJZIP", "CITY": "JERSEY CITY", "STATE": "NJ", "ZIP": "07307", "REC_ENT": "Industry Providers & Buyers LLC", "SECTOR": "Commercial/Industrial", "FUND_AG": "EDA", "PROJ_DES": "1 Utility Cargo Van", "LAT": 40.7475705, "LONG_": -74.05178656, "INITIATIVE": "Catalyze Clean, Equitable Transportation", "PROJ_COST": 110900, "RGGI_AMT": 101750, "CAL_YEAR": 2022, "STATUS": "Completed", "ECON_AID": "Grant", "CO2E_AVOID": 20.9, "MMBTU_AVOID": 187.1, "GAS_SAVED": 0.0, "ADD_ELEC": 0.0, "R80X50": "Yes", "EJ": "Yes", "COST_EFF": 325.0, "NOX": 9.5, "PM10": 1.1, "PM2_5": 0.8, "VOC": 22.4, "CO": 55.8, "SOX": 2.9, "RGGI_PCT": 92, "CO2E_AVOIDL": 313.5, "NOX_L": 142.9, "PM10_L": 16.0, "PM2_5_L": 12.5, "VOC_L": 336.3, "CO_L": 837.6, "SOX_L": 44.2, "PROJ_LIFE": 15, "GLOBALID": "{92CF0E73-F52E-4BE5-9614-CA9F35216ACB}"}, "geometry": {"type": "Point", "coordinates": [-74.05178802542854, 40.74757876160432]}}, {"type": "Feature", "properties": {"OBJECTID": 1923, "PROJ_ID": "PROD-00276662", "PROJ_NAME": "Juan Kelmy Productions - All Evs", "PROG_NAME": "NJZIP", "CITY": "GLOUCESTER TWP", "STATE": "NJ", "ZIP": "08081", "REC_ENT": "Juan Kelmy Productions", "SECTOR": "Commercial/Industrial", "FUND_AG": "EDA", "PROJ_DES": "1 electric Delivery Step Van", "LAT": 39.76551, "LONG_": -74.99943, "INITIATIVE": "Catalyze Clean, Equitable Transportation", "PROJ_COST": 165199, "RGGI_AMT": 97750, "CAL_YEAR": 2021, "STATUS": "Completed", "ECON_AID": "Grant", "CO2E_AVOID": 9.5, "MMBTU_AVOID": 91.5, "GAS_SAVED": 0.0, "ADD_ELEC": 0.0, "R80X50": "Yes", "EJ": "Yes", "COST_EFF": 682.3930935, "NOX": 6.3, "PM10": 0.2, "PM2_5": 0.5, "VOC": 15.2, "CO": 79.6, "SOX": 2.0, "RGGI_PCT": 59, "CO2E_AVOIDL": 143.2, "NOX_L": 93.9, "PM10_L": 2.7, "PM2_5_L": 6.8, "VOC_L": 228.3, "CO_L": 1194.6, "SOX_L": 30.1, "PROJ_LIFE": 15, "GLOBALID": "{3465D265-8B9D-4C21-8086-59E8CC667454}"}, "geometry": {"type": "Point", "coordinates": [-74.99942792317117, 39.76551629723158]}}, {"type": "Feature", "properties": {"OBJECTID": 1924, "PROJ_ID": "PROD-00310928", "PROJ_NAME": "CURRENT TRUCKING LLC", "PROG_NAME": "NJZIP", "CITY": "MORRISTOWN TOWN", "STATE": "NJ", "ZIP": "07960", "REC_ENT": "CURRENT TRUCKING LLC", "SECTOR": "Commercial/Industrial", "FUND_AG": "EDA", "PROJ_DES": "10 electric Long Haul Freight Trucks", "LAT": 40.7984139, "LONG_": -74.48465633, "INITIATIVE": "Catalyze Clean, Equitable Transportation", "PROJ_COST": 5350000, "RGGI_AMT": 1750000, "CAL_YEAR": 2023, "STATUS": "Selected", "ECON_AID": "Grant", "CO2E_AVOID": 812.7978083, "MMBTU_AVOID": 90278.60194, "GAS_SAVED": 0.0, "ADD_ELEC": 0.0, "R80X50": "Yes", "EJ": "No", "COST_EFF": 144.0, "NOX": 4738.622023, "PM10": 23.5592374, "PM2_5": 23.70276719, "VOC": 23.70276719, "CO": 2843.139533, "SOX": -109.2015561, "RGGI_PCT": 33, "CO2E_AVOIDL": 12191.96712, "NOX_L": 71079.33035, "PM10_L": 353.388561, "PM2_5_L": 355.5415078, "VOC_L": 355.5415078, "CO_L": 42647.09299, "SOX_L": -1638.023341, "PROJ_LIFE": 15, "GLOBALID": "{8CCE0D8D-08CD-4D69-A68F-159DEE392A19}"}, "geometry": {"type": "Point", "coordinates": [-74.48465793677795, 40.79842215628736]}}, {"type": "Feature", "properties": {"OBJECTID": 1925, "PROJ_ID": "PROD-00306314", "PROJ_NAME": "NCP Painters LLC", "PROG_NAME": "NJZIP", "CITY": "HAWORTH BORO", "STATE": "NJ", "ZIP": "07641", "REC_ENT": "NCP Painters LLC", "SECTOR": "Commercial/Industrial", "FUND_AG": "EDA", "PROJ_DES": "2 electric Utility Cargo Van", "LAT": 40.95679923, "LONG_": -73.9820388, "INITIATIVE": "Catalyze Clean, Equitable Transportation", "PROJ_COST": 221800, "RGGI_AMT": 203500, "CAL_YEAR": 2022, "STATUS": "Completed", "ECON_AID": "Grant", "CO2E_AVOID": 25.8, "MMBTU_AVOID": 242.5, "GAS_SAVED": 0.0, "ADD_ELEC": 0.0, "R80X50": "Yes", "EJ": "Yes", "COST_EFF": 526.0, "NOX": 12.4, "PM10": 1.6, "PM2_5": 1.0, "VOC": 25.7, "CO": 83.5, "SOX": 2.4, "RGGI_PCT": 92, "CO2E_AVOIDL": 387.1, "NOX_L": 185.9, "PM10_L": 24.3, "PM2_5_L": 14.9, "VOC_L": 385.9, "CO_L": 1252.2, "SOX_L": 35.9, "PROJ_LIFE": 15, "GLOBALID": "{A5C99817-51C4-4C04-88BC-7B094F2568C0}"}, "geometry": {"type": "Point", "coordinates": [-73.98204025568859, 40.95680753502329]}}, {"type": "Feature", "properties": {"OBJECTID": 1926, "PROJ_ID": "PROD-00310912", "PROJ_NAME": "Current Trucking Connect LLC", "PROG_NAME": "NJZIP", "CITY": "MORRISTOWN TOWN", "STATE": "NJ", "ZIP": "07960", "REC_ENT": "Current Trucking Connect LLC", "SECTOR": "Commercial/Industrial", "FUND_AG": "EDA", "PROJ_DES": "2 electric Refuse Trucks and 2 electric Regional Haul Freight Trucks", "LAT": 40.79677817, "LONG_": -74.48198575, "INITIATIVE": "Catalyze Clean, Equitable Transportation", "PROJ_COST": 1801628, "RGGI_AMT": 700000, "CAL_YEAR": 2023, "STATUS": "Selected", "ECON_AID": "Grant", "CO2E_AVOID": 1211.95266, "MMBTU_AVOID": 169061.524, "GAS_SAVED": 0.0, "ADD_ELEC": 0.0, "R80X50": "Yes", "EJ": "No", "COST_EFF": 39.0, "NOX": 2449.741089, "PM10": 23.79911703, "PM2_5": 20.06301354, "VOC": 20.06301354, "CO": 1369.758704, "SOX": 32.0379652, "RGGI_PCT": 39, "CO2E_AVOIDL": 18179.28989, "NOX_L": 36746.11633, "PM10_L": 356.9867554, "PM2_5_L": 300.9452031, "VOC_L": 300.9452031, "CO_L": 20546.38056, "SOX_L": 480.569478, "PROJ_LIFE": 15, "GLOBALID": "{C2526D8C-3749-4BD8-97CE-DEFA44CF9BDE}"}, "geometry": {"type": "Point", "coordinates": [-74.48198735603945, 40.79678642601058]}}, {"type": "Feature", "properties": {"OBJECTID": 1927, "PROJ_ID": "PROD-00301786", "PROJ_NAME": "Patsez LLC", "PROG_NAME": "NJZIP", "CITY": "OLD BRIDGE TWP", "STATE": "NJ", "ZIP": "08857", "REC_ENT": "Patsez LLC", "SECTOR": "Commercial/Industrial", "FUND_AG": "EDA", "PROJ_DES": "2 electric Utility Cargo Vans", "LAT": 40.38701, "LONG_": -74.32246, "INITIATIVE": "Catalyze Clean, Equitable Transportation", "PROJ_COST": 212300, "RGGI_AMT": 203500, "CAL_YEAR": 2021, "STATUS": "Completed", "ECON_AID": "Grant", "CO2E_AVOID": 83.6, "MMBTU_AVOID": 748.2, "GAS_SAVED": 0.0, "ADD_ELEC": 0.0, "R80X50": "Yes", "EJ": "Yes", "COST_EFF": 162.0, "NOX": 38.1, "PM10": 4.3, "PM2_5": 3.3, "VOC": 89.7, "CO": 223.4, "SOX": 11.8, "RGGI_PCT": 96, "CO2E_AVOIDL": 1254.2, "NOX_L": 571.6, "PM10_L": 63.9, "PM2_5_L": 50.1, "VOC_L": 1345.1, "CO_L": 3350.5, "SOX_L": 176.9, "PROJ_LIFE": 15, "GLOBALID": "{84BB28F9-2BC4-4B36-BB47-B17C266D144E}"}, "geometry": {"type": "Point", "coordinates": [-74.32245602327292, 40.38701272313531]}}, {"type": "Feature", "properties": {"OBJECTID": 1928, "PROJ_ID": "DEP-EV-25", "PROJ_NAME": "Bogota Board of Education", "PROG_NAME": "NJDEP Medium and Heavy Duty Electric Vehicle", "CITY": "BOGOTA BORO", "STATE": "NJ", "ZIP": "07603", "REC_ENT": "Bogota Board of Education", "SECTOR": "Residential", "FUND_AG": "BPU", "PROJ_DES": "1 electric school bus ", "LAT": 40.877987, "LONG_": -74.02417, "INITIATIVE": "Catalyze Clean, Equitable Transportation", "PROJ_COST": 409335, "RGGI_AMT": 290699, "CAL_YEAR": 2021, "STATUS": "Awarded", "ECON_AID": "Grant", "CO2E_AVOID": 10.0, "MMBTU_AVOID": 1065.0, "GAS_SAVED": 0.0, "ADD_ELEC": 0.0, "R80X50": "Yes", "EJ": "Yes", "COST_EFF": 1937.0, "NOX": 60.0, "PM10": 0.0, "PM2_5": 0.0, "VOC": 0.0, "CO": 40.0, "SOX": -20.0, "RGGI_PCT": 71, "CO2E_AVOIDL": 150.1, "NOX_L": 900.0, "PM10_L": 0.0, "PM2_5_L": 0.0, "VOC_L": 0.0, "CO_L": 600.0, "SOX_L": -300.0, "PROJ_LIFE": 15, "GLOBALID": "{DF2317C7-4057-43B4-8BF0-2593BBDC2096}"}, "geometry": {"type": "Point", "coordinates": [-74.024158967572, 40.877986896754955]}}, {"type": "Feature", "properties": {"OBJECTID": 1929, "PROJ_ID": "DEP-EV-18", "PROJ_NAME": "Aldin Transportation Corporation", "PROG_NAME": "NJDEP Medium and Heavy Duty Electric Vehicle", "CITY": "PATERSON CITY", "STATE": "NJ", "ZIP": "07502", "REC_ENT": "Aldin Transportation Corporation", "SECTOR": "Local Government", "FUND_AG": "DEP", "PROJ_DES": "6 electric buses", "LAT": 40.923157, "LONG_": -74.202453, "INITIATIVE": "Catalyze Clean, Equitable Transportation", "PROJ_COST": 1908430, "RGGI_AMT": 1877872, "CAL_YEAR": 2021, "STATUS": "Awarded", "ECON_AID": "Grant", "CO2E_AVOID": 569.0, "MMBTU_AVOID": 6401.0, "GAS_SAVED": 0.0, "ADD_ELEC": 0.0, "R80X50": "Yes", "EJ": "Yes", "COST_EFF": 330.06, "NOX": 860.0, "PM10": 0.0, "PM2_5": 20.0, "VOC": 160.0, "CO": 380.0, "SOX": 40.0, "RGGI_PCT": 98, "CO2E_AVOIDL": 8534.3, "NOX_L": 12900.0, "PM10_L": 0.0, "PM2_5_L": 300.0, "VOC_L": 2400.0, "CO_L": 5700.0, "SOX_L": 600.0, "PROJ_LIFE": 15, "GLOBALID": "{D4278868-C0C8-46CE-AAFC-34093E73BF74}"}, "geometry": {"type": "Point", "coordinates": [-74.20241684390686, 40.92316161907932]}}, {"type": "Feature", "properties": {"OBJECTID": 1930, "PROJ_ID": "PROD-00303924", "PROJ_NAME": "AutoVirtual LLC", "PROG_NAME": "NJZIP", "CITY": "MIDDLESEX BORO", "STATE": "NJ", "ZIP": "08846", "REC_ENT": "AutoVirtual LLC", "SECTOR": "Commercial/Industrial", "FUND_AG": "EDA", "PROJ_DES": "10 Delivery Straight Truck", "LAT": 40.575564, "LONG_": -74.501036, "INITIATIVE": "Catalyze Clean, Equitable Transportation", "PROJ_COST": 9950000, "RGGI_AMT": 684250, "CAL_YEAR": 2022, "STATUS": "Completed", "ECON_AID": "Grant", "CO2E_AVOID": 781.1, "MMBTU_AVOID": 7182.1, "GAS_SAVED": 0.0, "ADD_ELEC": 0.0, "R80X50": "Yes", "EJ": "Yes", "COST_EFF": 58.0, "NOX": 1436.9, "PM10": 11.3, "PM2_5": 16.6, "VOC": 16.6, "CO": 1040.0, "SOX": 4.2, "RGGI_PCT": 7, "CO2E_AVOIDL": 11716.7, "NOX_L": 21553.0, "PM10_L": 169.3, "PM2_5_L": 249.6, "VOC_L": 249.6, "CO_L": 15599.5, "SOX_L": 63.1, "PROJ_LIFE": 15, "GLOBALID": "{DB907477-0198-479B-B8AA-1FD7594C2BC8}"}, "geometry": {"type": "Point", "coordinates": [-74.50103759832596, 40.57557221203424]}}, {"type": "Feature", "properties": {"OBJECTID": 1931, "PROJ_ID": "PROD-00311116", "PROJ_NAME": "City Girl Fund LLC", "PROG_NAME": "NJZIP", "CITY": "CAMDEN CITY", "STATE": "NJ", "ZIP": "08105", "REC_ENT": "City Girl Fund LLC", "SECTOR": "Commercial/Industrial", "FUND_AG": "EDA", "PROJ_DES": "1 electric Utility Cargo Van", "LAT": 39.9563, "LONG_": -75.09030474, "INITIATIVE": "Catalyze Clean, Equitable Transportation", "PROJ_COST": 191950, "RGGI_AMT": 90350, "CAL_YEAR": 2023, "STATUS": "Selected", "ECON_AID": "Grant", "CO2E_AVOID": 25.82479059, "MMBTU_AVOID": 3637.210962, "GAS_SAVED": 0.0, "ADD_ELEC": 0.0, "R80X50": "Yes", "EJ": "Yes", "COST_EFF": 233.0, "NOX": 12.46666667, "PM10": 1.6, "PM2_5": 0.93333333, "VOC": 25.73333333, "CO": 83.46666667, "SOX": 2.4, "RGGI_PCT": 47, "CO2E_AVOIDL": 387.3718588, "NOX_L": 187.0, "PM10_L": 24.0, "PM2_5_L": 14.0, "VOC_L": 386.0, "CO_L": 1252.0, "SOX_L": 36.0, "PROJ_LIFE": 15, "GLOBALID": "{6AA248DF-BDF5-497A-B7B9-7BB9F5C25BC9}"}, "geometry": {"type": "Point", "coordinates": [-75.09030648780326, 39.956308068689815]}}, {"type": "Feature", "properties": {"OBJECTID": 1932, "PROJ_ID": "PROD-00288701", "PROJ_NAME": "Wysccki Electric", "PROG_NAME": "NJZIP", "CITY": "PENNSVILLE TWP", "STATE": "NJ", "ZIP": "08070", "REC_ENT": "Wysccki Electric", "SECTOR": "Commercial/Industrial", "FUND_AG": "EDA", "PROJ_DES": "2 electric utility cargo vans", "LAT": 39.663756, "LONG_": -75.517432, "INITIATIVE": "Catalyze Clean, Equitable Transportation", "PROJ_COST": 199000, "RGGI_AMT": 187500, "CAL_YEAR": 2022, "STATUS": "Completed", "ECON_AID": "Grant", "CO2E_AVOID": 30.1, "MMBTU_AVOID": 269.4, "GAS_SAVED": 0.0, "ADD_ELEC": 0.0, "R80X50": "Yes", "EJ": "Yes", "COST_EFF": 415.28, "NOX": 13.72, "PM10": 1.53, "PM2_5": 1.2, "VOC": 32.28, "CO": 80.41, "SOX": 4.25, "RGGI_PCT": 94, "CO2E_AVOIDL": 451.5, "NOX_L": 205.77, "PM10_L": 23.0, "PM2_5_L": 18.02, "VOC_L": 484.22, "CO_L": 1206.18, "SOX_L": 63.7, "PROJ_LIFE": 15, "GLOBALID": "{11CE413F-DCC0-4A76-81BE-9D1A44033895}"}, "geometry": {"type": "Point", "coordinates": [-75.5173293545658, 39.663948119568396]}}, {"type": "Feature", "properties": {"OBJECTID": 1933, "PROJ_ID": "PROD-00288772", "PROJ_NAME": "Newark Library", "PROG_NAME": "NJZIP", "CITY": "NEWARK CITY", "STATE": "NJ", "ZIP": "07101", "REC_ENT": "Newark Library", "SECTOR": "Institutional", "FUND_AG": "EDA", "PROJ_DES": "2 electric delivery step vans", "LAT": 40.7445797, "LONG_": -74.1707212, "INITIATIVE": "Catalyze Clean, Equitable Transportation", "PROJ_COST": 199000, "RGGI_AMT": 150000, "CAL_YEAR": 2021, "STATUS": "Completed", "ECON_AID": "Grant", "CO2E_AVOID": 34.7, "MMBTU_AVOID": 332.8, "GAS_SAVED": 0.0, "ADD_ELEC": 0.0, "R80X50": "Yes", "EJ": "Yes", "COST_EFF": 287.97, "NOX": 22.8, "PM10": 0.7, "PM2_5": 1.6, "VOC": 55.3, "CO": 289.6, "SOX": 7.3, "RGGI_PCT": 75, "CO2E_AVOIDL": 520.9, "NOX_L": 341.6, "PM10_L": 10.0, "PM2_5_L": 24.6, "VOC_L": 830.1, "CO_L": 4344.2, "SOX_L": 109.5, "PROJ_LIFE": 15, "GLOBALID": "{BF63B947-473D-4EFC-A6D7-7E309A929BD9}"}, "geometry": {"type": "Point", "coordinates": [-74.17071753155209, 40.74458990504145]}}, {"type": "Feature", "properties": {"OBJECTID": 1934, "PROJ_ID": "PROD-00304858", "PROJ_NAME": "Eraso Landscape And Construction LLC", "PROG_NAME": "NJZIP", "CITY": "PISCATAWAY TWP", "STATE": "NJ", "ZIP": "08854", "REC_ENT": "Eraso Landscape And Construction LLC", "SECTOR": "Commercial/Industrial", "FUND_AG": "EDA", "PROJ_DES": "2 Utility Cargo Vans", "LAT": 40.52902117, "LONG_": -74.47736027, "INITIATIVE": "Catalyze Clean, Equitable Transportation", "PROJ_COST": 221800, "RGGI_AMT": 195500, "CAL_YEAR": 2022, "STATUS": "Completed", "ECON_AID": "Grant", "CO2E_AVOID": 25.1, "MMBTU_AVOID": 224.5, "GAS_SAVED": 0.0, "ADD_ELEC": 0.0, "R80X50": "Yes", "EJ": "Yes", "COST_EFF": 519.6, "NOX": 11.43, "PM10": 1.28, "PM2_5": 1.0, "VOC": 26.9, "CO": 67.01, "SOX": 3.54, "RGGI_PCT": 88, "CO2E_AVOIDL": 376.2, "NOX_L": 171.47, "PM10_L": 19.17, "PM2_5_L": 15.02, "VOC_L": 403.52, "CO_L": 1005.15, "SOX_L": 53.08, "PROJ_LIFE": 15, "GLOBALID": "{0AEB84C7-0B7E-4E4F-A902-4253141F70F6}"}, "geometry": {"type": "Point", "coordinates": [-74.47736185802921, 40.52902937374122]}}, {"type": "Feature", "properties": {"OBJECTID": 1935, "PROJ_ID": "PROD-00306311", "PROJ_NAME": "Kronos Logistic LLC", "PROG_NAME": "NJZIP", "CITY": "ELIZABETH CITY", "STATE": "NJ", "ZIP": "07208", "REC_ENT": "Kronos Logistic LLC", "SECTOR": "Commercial/Industrial", "FUND_AG": "EDA", "PROJ_DES": "1 electric Utility Cargo Van", "LAT": 40.66848545, "LONG_": -74.21716232, "INITIATIVE": "Catalyze Clean, Equitable Transportation", "PROJ_COST": 110900, "RGGI_AMT": 101750, "CAL_YEAR": 2022, "STATUS": "Completed", "ECON_AID": "Grant", "CO2E_AVOID": 25.1, "MMBTU_AVOID": 224.5, "GAS_SAVED": 0.0, "ADD_ELEC": 0.0, "R80X50": "Yes", "EJ": "Yes", "COST_EFF": 270.43, "NOX": 11.4, "PM10": 1.3, "PM2_5": 1.0, "VOC": 26.9, "CO": 67.0, "SOX": 3.5, "RGGI_PCT": 92, "CO2E_AVOIDL": 376.2, "NOX_L": 171.5, "PM10_L": 19.2, "PM2_5_L": 15.0, "VOC_L": 403.5, "CO_L": 1005.2, "SOX_L": 53.1, "PROJ_LIFE": 15, "GLOBALID": "{48316B67-1879-4EF4-8E7A-2A68BD6C383B}"}, "geometry": {"type": "Point", "coordinates": [-74.21716383336667, 40.6684936901663]}}, {"type": "Feature", "properties": {"OBJECTID": 1936, "PROJ_ID": "PROD-00306491", "PROJ_NAME": "Tu Supite Fritura Dominicana Bakery", "PROG_NAME": "NJZIP", "CITY": "PASSAIC CITY", "STATE": "NJ", "ZIP": "07055", "REC_ENT": "Tu Supite Fritura Dominicana Bakery", "SECTOR": "Commercial/Industrial", "FUND_AG": "EDA", "PROJ_DES": "1 electric Delivery Straight Truck", "LAT": 40.86495854, "LONG_": -74.12608035, "INITIATIVE": "Catalyze Clean, Equitable Transportation", "PROJ_COST": 99500, "RGGI_AMT": 97750, "CAL_YEAR": 2022, "STATUS": "Completed", "ECON_AID": "Grant", "CO2E_AVOID": 71.7, "MMBTU_AVOID": 659.6, "GAS_SAVED": 0.0, "ADD_ELEC": 0.0, "R80X50": "Yes", "EJ": "Yes", "COST_EFF": 90.84395501, "NOX": 132.0, "PM10": 1.0, "PM2_5": 1.5, "VOC": 1.5, "CO": 95.5, "SOX": 0.4, "RGGI_PCT": 98, "CO2E_AVOIDL": 1076.0, "NOX_L": 1979.4, "PM10_L": 15.6, "PM2_5_L": 22.9, "VOC_L": 22.9, "CO_L": 1432.6, "SOX_L": 5.8, "PROJ_LIFE": 15, "GLOBALID": "{82717E4A-D3B7-48F1-8D85-39E2F03C4412}"}, "geometry": {"type": "Point", "coordinates": [-74.12608184623177, 40.86496682195055]}}, {"type": "Feature", "properties": {"OBJECTID": 1937, "PROJ_ID": "DEP-ADMIN-EV-PF17", "PROJ_NAME": "Swartswood State Park", "PROG_NAME": "DEP State Offices - Lead By Example", "CITY": "STILLWATER TWP", "STATE": "NJ", "ZIP": "07877", "REC_ENT": "Swartswood State Park", "SECTOR": "State Government", "FUND_AG": "DEP", "PROJ_DES": "1 electric Medium Duty Pick up and 1 charger", "LAT": 41.07335435, "LONG_": -74.82326404, "INITIATIVE": "Catalyze Clean, Equitable Transportation", "PROJ_COST": 102000, "RGGI_AMT": 102000, "CAL_YEAR": 2024, "STATUS": "Awarded", "ECON_AID": "Other", "CO2E_AVOID": 1.2, "MMBTU_AVOID": 142.7, "GAS_SAVED": null, "ADD_ELEC": 0.0, "R80X50": "Yes", "EJ": "No", "COST_EFF": 5862.068966, "NOX": 1.7, "PM10": 0.1, "PM2_5": 0.0, "VOC": 0.0, "CO": 3.5, "SOX": 0.1, "RGGI_PCT": 100, "CO2E_AVOIDL": 17.4, "NOX_L": 25.9, "PM10_L": 0.8, "PM2_5_L": 0.4, "VOC_L": 0.4, "CO_L": 52.7, "SOX_L": 1.5, "PROJ_LIFE": 15, "GLOBALID": "{358151B9-DE64-4516-9EC9-12B5FE7DE20C}"}, "geometry": {"type": "Point", "coordinates": [-74.82326577260554, 41.07336264730668]}}, {"type": "Feature", "properties": {"OBJECTID": 1938, "PROJ_ID": "PROD-00258414", "PROJ_NAME": "Peerless Beverage Co.", "PROG_NAME": "NJZIP", "CITY": "UNION TWP", "STATE": "NJ", "ZIP": "07083", "REC_ENT": "Peerless Beverage Co.", "SECTOR": "Commercial/Industrial", "FUND_AG": "EDA", "PROJ_DES": "2 electric delivery straight trucks", "LAT": 40.67797033, "LONG_": -74.24399573, "INITIATIVE": "Catalyze Clean, Equitable Transportation", "PROJ_COST": 298000, "RGGI_AMT": 170000, "CAL_YEAR": 2021, "STATUS": "Completed", "ECON_AID": "Grant", "CO2E_AVOID": 31.9, "MMBTU_AVOID": 293.1, "GAS_SAVED": 0.0, "ADD_ELEC": 0.0, "R80X50": "Yes", "EJ": "Yes", "COST_EFF": 355.48, "NOX": 58.6, "PM10": 0.5, "PM2_5": 0.7, "VOC": 6.4, "CO": 42.4, "SOX": 0.2, "RGGI_PCT": 57, "CO2E_AVOIDL": 478.2, "NOX_L": 879.7, "PM10_L": 6.9, "PM2_5_L": 10.2, "VOC_L": 96.5, "CO_L": 636.7, "SOX_L": 2.6, "PROJ_LIFE": 15, "GLOBALID": "{DC1D885D-5425-40EB-BD5D-76D99D053091}"}, "geometry": {"type": "Point", "coordinates": [-74.2439946666864, 40.67798052848138]}}, {"type": "Feature", "properties": {"OBJECTID": 1939, "PROJ_ID": "PROD-00311099", "PROJ_NAME": "VIGNAGA FOODS LLC", "PROG_NAME": "NJZIP", "CITY": "JERSEY CITY", "STATE": "NJ", "ZIP": "07306", "REC_ENT": "VIGNAGA FOODS LLC", "SECTOR": "Commercial/Industrial", "FUND_AG": "EDA", "PROJ_DES": "1 electric SUV", "LAT": 40.73547201, "LONG_": -74.06372267, "INITIATIVE": "Catalyze Clean, Equitable Transportation", "PROJ_COST": 92000, "RGGI_AMT": 27800, "CAL_YEAR": 2023, "STATUS": "Selected", "ECON_AID": "Grant", "CO2E_AVOID": 4.7191834, "MMBTU_AVOID": 667.5948821, "GAS_SAVED": 0.0, "ADD_ELEC": 0.0, "R80X50": "Yes", "EJ": "Yes", "COST_EFF": 393.0, "NOX": 3.01016494, "PM10": 0.36107306, "PM2_5": 0.24788993, "VOC": 6.47474542, "CO": 45.04480134, "SOX": 0.44973861, "RGGI_PCT": 30, "CO2E_AVOIDL": 70.78775094, "NOX_L": 45.15247411, "PM10_L": 5.41609591, "PM2_5_L": 3.71834892, "VOC_L": 97.12118123, "CO_L": 675.67202, "SOX_L": 6.7460791, "PROJ_LIFE": 15, "GLOBALID": "{7A49DD5D-27A7-4178-9B98-50E196864942}"}, "geometry": {"type": "Point", "coordinates": [-74.06372413843286, 40.73548026869608]}}, {"type": "Feature", "properties": {"OBJECTID": 1940, "PROJ_ID": "DEP-EV-05", "PROJ_NAME": "Township of Woodbridge", "PROG_NAME": "NJDEP Medium and Heavy Duty Electric Vehicle", "CITY": "WOODBRIDGE TWP", "STATE": "NJ", "ZIP": "08832", "REC_ENT": "Township of Woodbridge", "SECTOR": "Residential", "FUND_AG": "BPU", "PROJ_DES": "2 electric shuttle buses", "LAT": 40.51501, "LONG_": -74.302477, "INITIATIVE": "Catalyze Clean, Equitable Transportation", "PROJ_COST": 1161580, "RGGI_AMT": 1161580, "CAL_YEAR": 2021, "STATUS": "Awarded", "ECON_AID": "Grant", "CO2E_AVOID": 167.3, "MMBTU_AVOID": 765.0, "GAS_SAVED": 0.0, "ADD_ELEC": 0.0, "R80X50": "Yes", "EJ": "Yes", "COST_EFF": 514.75, "NOX": 815.8, "PM10": -7.7, "PM2_5": 58.4, "VOC": 79.0, "CO": 212.3, "SOX": -70.0, "RGGI_PCT": 100, "CO2E_AVOIDL": 2509.7, "NOX_L": 12236.8, "PM10_L": -115.7, "PM2_5_L": 876.1, "VOC_L": 1185.1, "CO_L": 3184.6, "SOX_L": -1050.3, "PROJ_LIFE": 15, "GLOBALID": "{A392545D-8FF3-4852-B5EA-460F9B526799}"}, "geometry": {"type": "Point", "coordinates": [-74.30241153073445, 40.51481420695924]}}, {"type": "Feature", "properties": {"OBJECTID": 1941, "PROJ_ID": "EVLVL-2022-Bogota-00938", "PROJ_NAME": "Bogota Public Recreation Department Office Chargers", "PROG_NAME": "It Pay$ to Plug In", "CITY": "BOGOTA BORO", "STATE": "NJ", "ZIP": "07603", "REC_ENT": "Borough of Bogota", "SECTOR": "Local Government", "FUND_AG": "DEP", "PROJ_DES": "1 Dual-Port, level 2, public EV charging station", "LAT": 40.87892377, "LONG_": -74.03448213, "INITIATIVE": "Catalyze Clean, Equitable Transportation", "PROJ_COST": 8000, "RGGI_AMT": 8000, "CAL_YEAR": 2023, "STATUS": "Awarded", "ECON_AID": "Grant", "CO2E_AVOID": 4.58844126, "MMBTU_AVOID": 749.0354689, "GAS_SAVED": null, "ADD_ELEC": 0.0, "R80X50": "Yes", "EJ": "Yes", "COST_EFF": 116.2340985, "NOX": 3.22480458, "PM10": 0.39387388, "PM2_5": 0.26416986, "VOC": 7.35601868, "CO": 35.00606873, "SOX": 0.72962461, "RGGI_PCT": 100, "CO2E_AVOIDL": 68.82661888, "NOX_L": 48.37206867, "PM10_L": 5.90810821, "PM2_5_L": 3.9625479, "VOC_L": 110.3402801, "CO_L": 525.0910309, "SOX_L": 10.9443691, "PROJ_LIFE": 15, "GLOBALID": "{A22EFCD7-E5A2-41CF-8618-614B4F811163}"}, "geometry": {"type": "Point", "coordinates": [-74.03448359789638, 40.878932057823434]}}, {"type": "Feature", "properties": {"OBJECTID": 1942, "PROJ_ID": "PROD-00305725", "PROJ_NAME": "LaGuelaGuetza Mexican Grocery LLC", "PROG_NAME": "NJZIP", "CITY": "NEW BRUNSWICK CITY", "STATE": "NJ", "ZIP": "08901", "REC_ENT": "LaGuelaGuetza Mexican Grocery LLC", "SECTOR": "Commercial/Industrial", "FUND_AG": "EDA", "PROJ_DES": "1 electric Utility Cargo Van", "LAT": 40.49402551, "LONG_": -74.45388936, "INITIATIVE": "Catalyze Clean, Equitable Transportation", "PROJ_COST": 110900, "RGGI_AMT": 99750, "CAL_YEAR": 2022, "STATUS": "Completed", "ECON_AID": "Grant", "CO2E_AVOID": 16.7, "MMBTU_AVOID": 149.6, "GAS_SAVED": 0.0, "ADD_ELEC": 0.0, "R80X50": "Yes", "EJ": "Yes", "COST_EFF": 397.6752703, "NOX": 7.6, "PM10": 0.9, "PM2_5": 0.7, "VOC": 17.9, "CO": 44.7, "SOX": 2.4, "RGGI_PCT": 90, "CO2E_AVOIDL": 250.8, "NOX_L": 114.3, "PM10_L": 12.8, "PM2_5_L": 10.0, "VOC_L": 269.0, "CO_L": 670.1, "SOX_L": 35.4, "PROJ_LIFE": 15, "GLOBALID": "{E9208CAF-90B1-4200-A3ED-11D02344787C}"}, "geometry": {"type": "Point", "coordinates": [-74.45389093819068, 40.49403370777226]}}, {"type": "Feature", "properties": {"OBJECTID": 1943, "PROJ_ID": "PROD-00305716", "PROJ_NAME": "Variedades Pochtlan and Produce LLC", "PROG_NAME": "NJZIP", "CITY": "NEW BRUNSWICK CITY", "STATE": "NJ", "ZIP": "08901", "REC_ENT": "Variedades Pochtlan and Produce LLC", "SECTOR": "Commercial/Industrial", "FUND_AG": "EDA", "PROJ_DES": "1 electric Utility Cargo Van", "LAT": 40.49086377, "LONG_": -74.44954722, "INITIATIVE": "Catalyze Clean, Equitable Transportation", "PROJ_COST": 110900, "RGGI_AMT": 101750, "CAL_YEAR": 2022, "STATUS": "Completed", "ECON_AID": "Grant", "CO2E_AVOID": 16.7, "MMBTU_AVOID": 149.6, "GAS_SAVED": 0.0, "ADD_ELEC": 0.0, "R80X50": "Yes", "EJ": "Yes", "COST_EFF": 405.6487093, "NOX": 7.6, "PM10": 0.9, "PM2_5": 0.7, "VOC": 17.9, "CO": 44.7, "SOX": 2.4, "RGGI_PCT": 92, "CO2E_AVOIDL": 250.8, "NOX_L": 114.3, "PM10_L": 12.8, "PM2_5_L": 10.0, "VOC_L": 269.0, "CO_L": 670.1, "SOX_L": 35.4, "PROJ_LIFE": 15, "GLOBALID": "{DDFE6288-C2F5-432A-9C9A-BC7EDF781B87}"}, "geometry": {"type": "Point", "coordinates": [-74.44954879693188, 40.49087196707388]}}, {"type": "Feature", "properties": {"OBJECTID": 1944, "PROJ_ID": "PROD-00311175", "PROJ_NAME": "CENTRAL ART & ENGINEERING, INC.", "PROG_NAME": "NJZIP", "CITY": "BURLINGTON TWP", "STATE": "NJ", "ZIP": "08514", "REC_ENT": "CENTRAL ART & ENGINEERING, INC.", "SECTOR": "Commercial/Industrial", "FUND_AG": "EDA", "PROJ_DES": "1 electric SUV", "LAT": 40.08656516, "LONG_": -74.5279622, "INITIATIVE": "Catalyze Clean, Equitable Transportation", "PROJ_COST": 92000, "RGGI_AMT": 27800, "CAL_YEAR": 2023, "STATUS": "Selected", "ECON_AID": "Grant", "CO2E_AVOID": 3.77534672, "MMBTU_AVOID": 534.0759057, "GAS_SAVED": 0.0, "ADD_ELEC": 0.0, "R80X50": "Yes", "EJ": "Yes", "COST_EFF": 491.0, "NOX": 2.40813195, "PM10": 0.28885845, "PM2_5": 0.19831194, "VOC": 5.17979633, "CO": 36.03584107, "SOX": 0.35979089, "RGGI_PCT": 30, "CO2E_AVOIDL": 56.63020075, "NOX_L": 36.12197928, "PM10_L": 4.33287673, "PM2_5_L": 2.97467914, "VOC_L": 77.69694498, "CO_L": 540.537616, "SOX_L": 5.39686328, "PROJ_LIFE": 15, "GLOBALID": "{B7567515-B927-4AEB-8186-94F2F3AA1D66}"}, "geometry": {"type": "Point", "coordinates": [-74.52796377718127, 40.08657327463741]}}, {"type": "Feature", "properties": {"OBJECTID": 1945, "PROJ_ID": "DEP-EV-08", "PROJ_NAME": "Kearny Board of Education ", "PROG_NAME": "NJDEP Medium and Heavy Duty Electric Vehicle", "CITY": "KEARNY TOWN", "STATE": "NJ", "ZIP": "07032", "REC_ENT": "Kearny Board of Education ", "SECTOR": "Residential", "FUND_AG": "BPU", "PROJ_DES": "2 electric school buses", "LAT": 40.768732, "LONG_": -74.14149, "INITIATIVE": "Catalyze Clean, Equitable Transportation", "PROJ_COST": 836358, "RGGI_AMT": 836358, "CAL_YEAR": 2021, "STATUS": "Awarded", "ECON_AID": "Grant", "CO2E_AVOID": 31.4, "MMBTU_AVOID": 3194.0, "GAS_SAVED": 0.0, "ADD_ELEC": 0.0, "R80X50": "Yes", "EJ": "Yes", "COST_EFF": 1423.0, "NOX": 192.1, "PM10": -1.5, "PM2_5": 0.9, "VOC": 14.4, "CO": 68.3, "SOX": -16.1, "RGGI_PCT": 100, "CO2E_AVOIDL": 470.5, "NOX_L": 2880.9, "PM10_L": -23.1, "PM2_5_L": 14.2, "VOC_L": 215.6, "CO_L": 1024.0, "SOX_L": -241.5, "PROJ_LIFE": 15, "GLOBALID": "{CE9E5305-82C1-4ED8-880E-F9BD0EE38F5B}"}, "geometry": {"type": "Point", "coordinates": [-74.1414914948323, 40.76874026282273]}}, {"type": "Feature", "properties": {"OBJECTID": 1946, "PROJ_ID": "PROD-00305720", "PROJ_NAME": "Edison TexMex Deli LLC", "PROG_NAME": "NJZIP", "CITY": "EDISON TWP", "STATE": "NJ", "ZIP": "08817", "REC_ENT": "Edison TexMex Deli LLC", "SECTOR": "Commercial/Industrial", "FUND_AG": "EDA", "PROJ_DES": "1 Utility Cargo Van", "LAT": 40.50052682, "LONG_": -74.4013114, "INITIATIVE": "Catalyze Clean, Equitable Transportation", "PROJ_COST": 110900, "RGGI_AMT": 97750, "CAL_YEAR": 2022, "STATUS": "Completed", "ECON_AID": "Grant", "CO2E_AVOID": 16.7, "MMBTU_AVOID": 149.6, "GAS_SAVED": 0.0, "ADD_ELEC": 0.0, "R80X50": "Yes", "EJ": "Yes", "COST_EFF": 389.7, "NOX": 7.62, "PM10": 0.85, "PM2_5": 0.67, "VOC": 17.93, "CO": 44.67, "SOX": 2.36, "RGGI_PCT": 88, "CO2E_AVOIDL": 250.8, "NOX_L": 114.31, "PM10_L": 12.78, "PM2_5_L": 10.01, "VOC_L": 269.01, "CO_L": 670.1, "SOX_L": 35.39, "PROJ_LIFE": 15, "GLOBALID": "{E9AA280B-477A-414A-B9B4-C848190F9DFB}"}, "geometry": {"type": "Point", "coordinates": [-74.40131296180166, 40.50053502076679]}}, {"type": "Feature", "properties": {"OBJECTID": 1947, "PROJ_ID": "PROD-00304844", "PROJ_NAME": "Sabor 3 Colores LLC", "PROG_NAME": "NJZIP", "CITY": "PISCATAWAY TWP", "STATE": "NJ", "ZIP": "08854", "REC_ENT": "Sabor 3 Colores LLC", "SECTOR": "Commercial/Industrial", "FUND_AG": "EDA", "PROJ_DES": "1 electric Delivery Straight Truck", "LAT": 40.56151, "LONG_": -74.47813, "INITIATIVE": "Catalyze Clean, Equitable Transportation", "PROJ_COST": 99500, "RGGI_AMT": 97750, "CAL_YEAR": 2022, "STATUS": "Completed", "ECON_AID": "Grant", "CO2E_AVOID": 78.1, "MMBTU_AVOID": 718.2, "GAS_SAVED": 0.0, "ADD_ELEC": 0.0, "R80X50": "Yes", "EJ": "Yes", "COST_EFF": 83.42812195, "NOX": 143.7, "PM10": 1.1, "PM2_5": 1.7, "VOC": 1.7, "CO": 104.0, "SOX": 0.4, "RGGI_PCT": 98, "CO2E_AVOIDL": 1171.7, "NOX_L": 2155.3, "PM10_L": 16.9, "PM2_5_L": 25.0, "VOC_L": 25.0, "CO_L": 1560.0, "SOX_L": 6.3, "PROJ_LIFE": 15, "GLOBALID": "{BB438C73-B5F8-4EDE-BBB2-D03005F0AB9F}"}, "geometry": {"type": "Point", "coordinates": [-74.47813159023853, 40.561518209966046]}}, {"type": "Feature", "properties": {"OBJECTID": 1948, "PROJ_ID": "PROD-00310889", "PROJ_NAME": "Arriazo LLC", "PROG_NAME": "NJZIP", "CITY": "ELIZABETH CITY", "STATE": "NJ", "ZIP": "07208", "REC_ENT": "Arriazo LLC", "SECTOR": "Commercial/Industrial", "FUND_AG": "EDA", "PROJ_DES": "1 electric Regional Haul Freight Truck", "LAT": 40.66643264, "LONG_": -74.23830843, "INITIATIVE": "Catalyze Clean, Equitable Transportation", "PROJ_COST": 149900, "RGGI_AMT": 92950, "CAL_YEAR": 2023, "STATUS": "Selected", "ECON_AID": "Grant", "CO2E_AVOID": 44.37409071, "MMBTU_AVOID": 6105.008612, "GAS_SAVED": 0.0, "ADD_ELEC": 0.0, "R80X50": "Yes", "EJ": "Yes", "COST_EFF": 140.0, "NOX": 148.6406832, "PM10": 1.74258764, "PM2_5": 1.51936401, "VOC": 1.51936401, "CO": 81.86353879, "SOX": 0.69241491, "RGGI_PCT": 62, "CO2E_AVOIDL": 665.6113607, "NOX_L": 2229.610248, "PM10_L": 26.13881464, "PM2_5_L": 22.79046017, "VOC_L": 22.79046017, "CO_L": 1227.953082, "SOX_L": 10.38622364, "PROJ_LIFE": 15, "GLOBALID": "{19BF562F-0EB5-47BA-AF18-8512E8042F39}"}, "geometry": {"type": "Point", "coordinates": [-74.23830994988867, 40.666440879084234]}}, {"type": "Feature", "properties": {"OBJECTID": 1949, "PROJ_ID": "PROD-00311105", "PROJ_NAME": "White Ribbon LLC", "PROG_NAME": "NJZIP", "CITY": "LAKEWOOD TWP", "STATE": "NJ", "ZIP": "08520", "REC_ENT": "White Ribbon LLC", "SECTOR": "Commercial/Industrial", "FUND_AG": "EDA", "PROJ_DES": "4 electric Utility Cargo Vans", "LAT": 40.1162245, "LONG_": -74.25381929, "INITIATIVE": "Catalyze Clean, Equitable Transportation", "PROJ_COST": 443600, "RGGI_AMT": 110900, "CAL_YEAR": 2024, "STATUS": "Selected", "ECON_AID": "Grant", "CO2E_AVOID": 103.2311533, "MMBTU_AVOID": 14551.46638, "GAS_SAVED": null, "ADD_ELEC": 0.0, "R80X50": "Yes", "EJ": "Yes", "COST_EFF": 71.61920699, "NOX": 49.58377986, "PM10": 6.47338384, "PM2_5": 3.96440389, "VOC": 102.9089707, "CO": 333.9157338, "SOX": 9.5755308, "RGGI_PCT": 25, "CO2E_AVOIDL": 1548.467299, "NOX_L": 743.7566979, "PM10_L": 97.10075754, "PM2_5_L": 59.46605841, "VOC_L": 1543.634561, "CO_L": 5008.736007, "SOX_L": 143.632962, "PROJ_LIFE": 15, "GLOBALID": "{584D4D4A-BC56-4F13-9886-57829A4FF054}"}, "geometry": {"type": "Point", "coordinates": [-74.25382078173664, 40.11623262993883]}}, {"type": "Feature", "properties": {"OBJECTID": 1950, "PROJ_ID": "PROD-00314485", "PROJ_NAME": "Lorduy Enterprise LLC", "PROG_NAME": "NJZIP", "CITY": "BRIDGEWATER TWP", "STATE": "NJ", "ZIP": "08807", "REC_ENT": "Lorduy Enterprise LLC", "SECTOR": "Commercial/Industrial", "FUND_AG": "EDA", "PROJ_DES": "3 electric utility cargo vans", "LAT": 40.57761409, "LONG_": -74.66814384, "INITIATIVE": "Catalyze Clean, Equitable Transportation", "PROJ_COST": 332700, "RGGI_AMT": 263250, "CAL_YEAR": 2024, "STATUS": "Selected", "ECON_AID": "Grant", "CO2E_AVOID": 2.77816985, "MMBTU_AVOID": 363.7866595, "GAS_SAVED": null, "ADD_ELEC": 0.0, "R80X50": "Yes", "EJ": "Yes", "COST_EFF": 6317.108371, "NOX": 1.57121777, "PM10": 0.19765235, "PM2_5": 0.12392236, "VOC": 2.62997956, "CO": 8.55786912, "SOX": 0.43548258, "RGGI_PCT": 79, "CO2E_AVOIDL": 41.67254771, "NOX_L": 23.56826655, "PM10_L": 2.96478518, "PM2_5_L": 1.85883537, "VOC_L": 39.44969345, "CO_L": 128.3680368, "SOX_L": 6.53223873, "PROJ_LIFE": 15, "GLOBALID": "{FD991BF2-7B61-4AA7-80E7-FE71C4A9BFED}"}, "geometry": {"type": "Point", "coordinates": [-74.66814546058127, 40.577622339321195]}}, {"type": "Feature", "properties": {"OBJECTID": 1951, "PROJ_ID": "PROD-00311104", "PROJ_NAME": "edRNA Inc.", "PROG_NAME": "NJZIP", "CITY": "PRINCETON", "STATE": "NJ", "ZIP": "08540", "REC_ENT": "edRNA Inc.", "SECTOR": "Commercial/Industrial", "FUND_AG": "EDA", "PROJ_DES": "1 electric SUV", "LAT": 40.35588148, "LONG_": -74.64225117, "INITIATIVE": "Catalyze Clean, Equitable Transportation", "PROJ_COST": 92000, "RGGI_AMT": 25000, "CAL_YEAR": 2023, "STATUS": "Selected", "ECON_AID": "Grant", "CO2E_AVOID": 1.88767336, "MMBTU_AVOID": 267.0379529, "GAS_SAVED": 0.0, "ADD_ELEC": 0.0, "R80X50": "Yes", "EJ": "No", "COST_EFF": 883.0, "NOX": 1.20406598, "PM10": 0.14442922, "PM2_5": 0.09915597, "VOC": 2.58989817, "CO": 18.01792053, "SOX": 0.17989544, "RGGI_PCT": 27, "CO2E_AVOIDL": 28.31510037, "NOX_L": 18.06098964, "PM10_L": 2.16643837, "PM2_5_L": 1.48733957, "VOC_L": 38.84847249, "CO_L": 270.268808, "SOX_L": 2.69843164, "PROJ_LIFE": 15, "GLOBALID": "{C37AD502-2497-4585-8C08-263E3C68A913}"}, "geometry": {"type": "Point", "coordinates": [-74.64225280011084, 40.355889643671645]}}, {"type": "Feature", "properties": {"OBJECTID": 1952, "PROJ_ID": "DEP-ADMIN-EV-FW02", "PROJ_NAME": "Black River WMA", "PROG_NAME": "DEP State Offices - Lead By Example", "CITY": "CHESTER TWP", "STATE": "NJ", "ZIP": "07930", "REC_ENT": "Black River WMA", "SECTOR": "State Government", "FUND_AG": "DEP", "PROJ_DES": "1 electric Medium Duty Pick up Truck and 1 charger", "LAT": 40.8087, "LONG_": -74.66565, "INITIATIVE": "Catalyze Clean, Equitable Transportation", "PROJ_COST": 102000, "RGGI_AMT": 102000, "CAL_YEAR": 2024, "STATUS": "Awarded", "ECON_AID": "Other", "CO2E_AVOID": 4.47537922, "MMBTU_AVOID": 932.7863064, "GAS_SAVED": null, "ADD_ELEC": 0.0, "R80X50": "Yes", "EJ": "No", "COST_EFF": 1519.424315, "NOX": 14.33879872, "PM10": 2.66063704, "PM2_5": 0.9935547, "VOC": 11.92614854, "CO": 32.20644028, "SOX": 3.87379418, "RGGI_PCT": 100, "CO2E_AVOIDL": 67.13068824, "NOX_L": 215.0819808, "PM10_L": 39.90955561, "PM2_5_L": 14.90332055, "VOC_L": 178.8922281, "CO_L": 483.0966042, "SOX_L": 58.10691273, "PROJ_LIFE": 15, "GLOBALID": "{6EAF85CA-66E4-4E28-82AC-98DA03E0AFB1}"}, "geometry": {"type": "Point", "coordinates": [-74.66565166527764, 40.808708251594055]}}, {"type": "Feature", "properties": {"OBJECTID": 1953, "PROJ_ID": "PROD-00308722", "PROJ_NAME": "Grupo La Providencia LLC", "PROG_NAME": "NJZIP", "CITY": "PASSAIC CITY", "STATE": "NJ", "ZIP": "07055", "REC_ENT": "Grupo La Providencia LLC", "SECTOR": "Commercial/Industrial", "FUND_AG": "EDA", "PROJ_DES": "2 electric Utility Cargo Van ", "LAT": 40.86264215, "LONG_": -74.11694827, "INITIATIVE": "Catalyze Clean, Equitable Transportation", "PROJ_COST": 221800, "RGGI_AMT": 203500, "CAL_YEAR": 2023, "STATUS": "Completed", "ECON_AID": "Grant", "CO2E_AVOID": 50.2, "MMBTU_AVOID": 448.9, "GAS_SAVED": 0.0, "ADD_ELEC": 0.0, "R80X50": "Yes", "EJ": "Yes", "COST_EFF": 270.43, "NOX": 22.9, "PM10": 2.6, "PM2_5": 2.0, "VOC": 53.8, "CO": 134.0, "SOX": 7.1, "RGGI_PCT": 92, "CO2E_AVOIDL": 752.5, "NOX_L": 342.9, "PM10_L": 38.3, "PM2_5_L": 30.0, "VOC_L": 807.0, "CO_L": 2010.3, "SOX_L": 106.2, "PROJ_LIFE": 15, "GLOBALID": "{F5C9DEB0-611A-4910-A99F-4F0DD018170E}"}, "geometry": {"type": "Point", "coordinates": [-74.11694976320959, 40.86265043189853]}}, {"type": "Feature", "properties": {"OBJECTID": 1954, "PROJ_ID": "PROD-00314465", "PROJ_NAME": "New Jersey Institute of Technology", "PROG_NAME": "NJZIP", "CITY": "NEWARK CITY", "STATE": "NJ", "ZIP": "07102", "REC_ENT": "New Jersey Institute of Technology", "SECTOR": "Commercial/Industrial", "FUND_AG": "EDA", "PROJ_DES": "1 electric Utility Cargo Van", "LAT": 40.74303022, "LONG_": -74.17700613, "INITIATIVE": "Catalyze Clean, Equitable Transportation", "PROJ_COST": 109900, "RGGI_AMT": 109900, "CAL_YEAR": 2024, "STATUS": "Selected", "ECON_AID": "Grant", "CO2E_AVOID": 3.44103844, "MMBTU_AVOID": 485.0488793, "GAS_SAVED": null, "ADD_ELEC": 0.0, "R80X50": "Yes", "EJ": "Yes", "COST_EFF": 2129.202213, "NOX": 1.65279266, "PM10": 0.21577946, "PM2_5": 0.1321468, "VOC": 3.43029902, "CO": 11.13052446, "SOX": 0.31918436, "RGGI_PCT": 100, "CO2E_AVOIDL": 51.61557663, "NOX_L": 24.79188993, "PM10_L": 3.23669192, "PM2_5_L": 1.98220195, "VOC_L": 51.45448535, "CO_L": 166.9578669, "SOX_L": 4.7877654, "PROJ_LIFE": 15, "GLOBALID": "{EF4FC53C-8E8A-44FF-95E8-E11E16EDAB45}"}, "geometry": {"type": "Point", "coordinates": [-74.17700763497709, 40.74303847621659]}}, {"type": "Feature", "properties": {"OBJECTID": 1955, "PROJ_ID": "DEP-ADMIN-EV-PF05.1", "PROJ_NAME": "D&R Canal State Park-Bulls Island Rec Area", "PROG_NAME": "DEP State Offices - Lead By Example", "CITY": "DELAWARE TWP", "STATE": "NJ", "ZIP": "08559", "REC_ENT": "D&R Canal State Park-Bulls Island Rec Area", "SECTOR": "State Government", "FUND_AG": "DEP", "PROJ_DES": "1 electric Medium Duty Pick up and 1 charger", "LAT": 40.41023775, "LONG_": -75.0365304, "INITIATIVE": "Catalyze Clean, Equitable Transportation", "PROJ_COST": 102000, "RGGI_AMT": 102000, "CAL_YEAR": 2024, "STATUS": "Awarded", "ECON_AID": "Other", "CO2E_AVOID": 2.9, "MMBTU_AVOID": 356.7, "GAS_SAVED": null, "ADD_ELEC": 0.0, "R80X50": "Yes", "EJ": "Yes", "COST_EFF": 2339.449541, "NOX": 4.3, "PM10": 0.1, "PM2_5": 0.1, "VOC": 0.1, "CO": 8.8, "SOX": 0.2, "RGGI_PCT": 100, "CO2E_AVOIDL": 43.6, "NOX_L": 64.7, "PM10_L": 2.1, "PM2_5_L": 1.0, "VOC_L": 1.0, "CO_L": 131.8, "SOX_L": 3.7, "PROJ_LIFE": 15, "GLOBALID": "{5D2BB0E7-4458-45B8-B9CD-4544BD377F71}"}, "geometry": {"type": "Point", "coordinates": [-75.0365321588491, 40.41024591023388]}}, {"type": "Feature", "properties": {"OBJECTID": 1956, "PROJ_ID": "DEP-EV-12B", "PROJ_NAME": "City of Trenton B", "PROG_NAME": "NJDEP Medium and Heavy Duty Electric Vehicle", "CITY": "TRENTON CITY", "STATE": "NJ", "ZIP": "08608", "REC_ENT": "City of Trenton", "SECTOR": "Local Government", "FUND_AG": "BPU", "PROJ_DES": "2 electric garbage trucks", "LAT": 40.220507, "LONG_": -74.758874, "INITIATIVE": "Catalyze Clean, Equitable Transportation", "PROJ_COST": 288039, "RGGI_AMT": 288039, "CAL_YEAR": 2021, "STATUS": "Awarded", "ECON_AID": "Grant", "CO2E_AVOID": 0.0, "MMBTU_AVOID": null, "GAS_SAVED": null, "ADD_ELEC": 0.0, "R80X50": "Yes", "EJ": "Yes", "COST_EFF": 0.0, "NOX": 0.0, "PM10": 0.0, "PM2_5": 0.0, "VOC": 0.0, "CO": 0.0, "SOX": 0.0, "RGGI_PCT": 100, "CO2E_AVOIDL": null, "NOX_L": 0.0, "PM10_L": 0.0, "PM2_5_L": 0.0, "VOC_L": 0.0, "CO_L": 0.0, "SOX_L": 0.0, "PROJ_LIFE": 15, "GLOBALID": "{4CB732F6-034C-416A-BCCB-28A3068523D5}"}, "geometry": {"type": "Point", "coordinates": [-74.75887565884383, 40.22051513279205]}}, {"type": "Feature", "properties": {"OBJECTID": 1957, "PROJ_ID": "DEP-ADMIN-EV-FW05", "PROJ_NAME": "Millville or Holly Farms", "PROG_NAME": "DEP State Offices - Lead By Example", "CITY": "MILLVILLE CITY", "STATE": "NJ", "ZIP": "08332", "REC_ENT": "Millville or Holly Farms", "SECTOR": "State Government", "FUND_AG": "DEP", "PROJ_DES": "1 electric Medium Duty Pick up Truck and 1 charger", "LAT": 39.3700594, "LONG_": -74.97338208, "INITIATIVE": "Catalyze Clean, Equitable Transportation", "PROJ_COST": 102000, "RGGI_AMT": 102000, "CAL_YEAR": 2024, "STATUS": "Awarded", "ECON_AID": "Other", "CO2E_AVOID": 10.68523114, "MMBTU_AVOID": 1399.17946, "GAS_SAVED": null, "ADD_ELEC": 0.0, "R80X50": "Yes", "EJ": "Yes", "COST_EFF": 636.3924105, "NOX": 6.31330125, "PM10": 0.79123123, "PM2_5": 0.50256712, "VOC": 10.7884327, "CO": 41.95837768, "SOX": 1.67491684, "RGGI_PCT": 100, "CO2E_AVOIDL": 160.2784671, "NOX_L": 94.69951871, "PM10_L": 11.86846845, "PM2_5_L": 7.53850676, "VOC_L": 161.8264905, "CO_L": 629.3756651, "SOX_L": 25.12375256, "PROJ_LIFE": 15, "GLOBALID": "{378BAC13-FDCB-405D-B6A2-3C1652E1A369}"}, "geometry": {"type": "Point", "coordinates": [-74.97338375607717, 39.37006735541171]}}, {"type": "Feature", "properties": {"OBJECTID": 1958, "PROJ_ID": "DEP-EV-13A", "PROJ_NAME": "Elizabeth Board of Education A", "PROG_NAME": "NJDEP Medium and Heavy Duty Electric Vehicle", "CITY": "ELIZABETH CITY", "STATE": "NJ", "ZIP": "07208", "REC_ENT": "Elizabeth Board of Education ", "SECTOR": "Local Government", "FUND_AG": "DEP", "PROJ_DES": "1 box delivery truck and 1 garbage truck, and 1 school bus", "LAT": 40.673259, "LONG_": -74.213913, "INITIATIVE": "Catalyze Clean, Equitable Transportation", "PROJ_COST": 1221376, "RGGI_AMT": 1221376, "CAL_YEAR": 2021, "STATUS": "Awarded", "ECON_AID": "Grant", "CO2E_AVOID": 158.0, "MMBTU_AVOID": 44572.5, "GAS_SAVED": 0.0, "ADD_ELEC": 0.0, "R80X50": "Yes", "EJ": "Yes", "COST_EFF": 515.0, "NOX": 2960.2, "PM10": -6.9, "PM2_5": 142.4, "VOC": 172.4, "CO": 845.7, "SOX": -66.2, "RGGI_PCT": 100, "CO2E_AVOIDL": 2369.8, "NOX_L": 44403.7, "PM10_L": -104.0, "PM2_5_L": 2135.4, "VOC_L": 2586.0, "CO_L": 12686.0, "SOX_L": -992.7, "PROJ_LIFE": 15, "GLOBALID": "{D6ADB1D2-F692-4EB4-9323-98458D2EEA3F}"}, "geometry": {"type": "Point", "coordinates": [-74.21391451242738, 40.67326724109981]}}, {"type": "Feature", "properties": {"OBJECTID": 1959, "PROJ_ID": "PROD-00306477", "PROJ_NAME": "Cacao and Beyond L.L.P.", "PROG_NAME": "NJZIP", "CITY": "MONTVALE BORO", "STATE": "NJ", "ZIP": "07645", "REC_ENT": "Cacao and Beyond L.L.P.", "SECTOR": "Commercial/Industrial", "FUND_AG": "EDA", "PROJ_DES": "1 electric Utility Cargo Van", "LAT": 41.04645673, "LONG_": -74.01708266, "INITIATIVE": "Catalyze Clean, Equitable Transportation", "PROJ_COST": 110900, "RGGI_AMT": 101750, "CAL_YEAR": 2022, "STATUS": "Selected", "ECON_AID": "Grant", "CO2E_AVOID": 33.4, "MMBTU_AVOID": 299.3, "GAS_SAVED": 0.0, "ADD_ELEC": 0.0, "R80X50": "Yes", "EJ": "Yes", "COST_EFF": 202.8243546, "NOX": 15.24197225, "PM10": 1.70367779, "PM2_5": 1.33493124, "VOC": 35.86832728, "CO": 89.34703203, "SOX": 4.71838366, "RGGI_PCT": 92, "CO2E_AVOIDL": 501.7, "NOX_L": 228.6295838, "PM10_L": 25.55516689, "PM2_5_L": 20.02396858, "VOC_L": 538.0249092, "CO_L": 1340.20548, "SOX_L": 70.77575492, "PROJ_LIFE": 15, "GLOBALID": "{3B925117-371B-49EC-AF02-E4E4B7103D4C}"}, "geometry": {"type": "Point", "coordinates": [-74.01708413246013, 41.046465051199746]}}, {"type": "Feature", "properties": {"OBJECTID": 1960, "PROJ_ID": "PROD-00303045", "PROJ_NAME": "Curly Willow LLC", "PROG_NAME": "NJZIP", "CITY": "GALLOWAY TWP", "STATE": "NJ", "ZIP": "08205", "REC_ENT": "Curly Willow LLC", "SECTOR": "Commercial/Industrial", "FUND_AG": "EDA", "PROJ_DES": "1 electric utility cargo van", "LAT": 39.493873, "LONG_": -74.459179, "INITIATIVE": "Catalyze Clean, Equitable Transportation", "PROJ_COST": 116000, "RGGI_AMT": 97750, "CAL_YEAR": 2022, "STATUS": "Completed", "ECON_AID": "Grant", "CO2E_AVOID": 16.7, "MMBTU_AVOID": 149.6, "GAS_SAVED": 0.0, "ADD_ELEC": 0.0, "R80X50": "Yes", "EJ": "Yes", "COST_EFF": 389.7, "NOX": 7.62, "PM10": 0.85, "PM2_5": 0.67, "VOC": 17.93, "CO": 44.67, "SOX": 2.36, "RGGI_PCT": 84, "CO2E_AVOIDL": 250.8, "NOX_L": 114.31, "PM10_L": 12.78, "PM2_5_L": 10.01, "VOC_L": 269.01, "CO_L": 670.1, "SOX_L": 35.39, "PROJ_LIFE": 15, "GLOBALID": "{2BAE3794-59DE-43B8-904A-C14D0377A199}"}, "geometry": {"type": "Point", "coordinates": [-74.45917128821773, 39.493888145216204]}}, {"type": "Feature", "properties": {"OBJECTID": 1961, "PROJ_ID": "PROD-00304873", "PROJ_NAME": "Tango Direct nj llc", "PROG_NAME": "NJZIP", "CITY": "FRANKLIN TWP", "STATE": "NJ", "ZIP": "08873", "REC_ENT": "Tango Direct nj llc", "SECTOR": "Commercial/Industrial", "FUND_AG": "EDA", "PROJ_DES": "1 electric Delivery Straight Truck", "LAT": 40.4768689, "LONG_": -74.5400456, "INITIATIVE": "Catalyze Clean, Equitable Transportation", "PROJ_COST": 324783, "RGGI_AMT": 125000, "CAL_YEAR": 2022, "STATUS": "Completed", "ECON_AID": "Grant", "CO2E_AVOID": 44.6, "MMBTU_AVOID": 410.4, "GAS_SAVED": 0.0, "ADD_ELEC": 0.0, "R80X50": "Yes", "EJ": "Yes", "COST_EFF": 186.7, "NOX": 82.1, "PM10": 0.6, "PM2_5": 1.0, "VOC": 1.0, "CO": 59.4, "SOX": 0.2, "RGGI_PCT": 38, "CO2E_AVOIDL": 669.5, "NOX_L": 1231.6, "PM10_L": 9.7, "PM2_5_L": 14.3, "VOC_L": 14.3, "CO_L": 891.4, "SOX_L": 3.6, "PROJ_LIFE": 15, "GLOBALID": "{DD89043E-2ABC-4C1B-B086-0C4FE8AF9846}"}, "geometry": {"type": "Point", "coordinates": [-74.5400745192335, 40.476893464516706]}}, {"type": "Feature", "properties": {"OBJECTID": 1962, "PROJ_ID": "DEP-ADMIN-EV-PF04", "PROJ_NAME": "Cheesequake State Park", "PROG_NAME": "DEP State Offices - Lead By Example", "CITY": "OLD BRIDGE TWP", "STATE": "NJ", "ZIP": "07747", "REC_ENT": "Cheesequake State Park", "SECTOR": "State Government", "FUND_AG": "DEP", "PROJ_DES": "2 electric medium duty pick-up trucks and 2 chargers", "LAT": 40.44075, "LONG_": -74.27082, "INITIATIVE": "Catalyze Clean, Equitable Transportation", "PROJ_COST": 204000, "RGGI_AMT": 204000, "CAL_YEAR": 2024, "STATUS": "Awarded", "ECON_AID": "Other", "CO2E_AVOID": 17.8, "MMBTU_AVOID": 2332.0, "GAS_SAVED": null, "ADD_ELEC": 0.0, "R80X50": "Yes", "EJ": "Yes", "COST_EFF": 763.7588918, "NOX": 10.5, "PM10": 1.3, "PM2_5": 0.8, "VOC": 18.0, "CO": 69.9, "SOX": 2.8, "RGGI_PCT": 100, "CO2E_AVOIDL": 267.1, "NOX_L": 157.8, "PM10_L": 19.8, "PM2_5_L": 12.6, "VOC_L": 269.7, "CO_L": 1049.0, "SOX_L": 41.9, "PROJ_LIFE": 15, "GLOBALID": "{ED5DF40B-99DC-42F2-BE98-9B87EBAEBA2C}"}, "geometry": {"type": "Point", "coordinates": [-74.27082151657133, 40.440758193576784]}}, {"type": "Feature", "properties": {"OBJECTID": 1963, "PROJ_ID": "DEP-ADMIN-EV-FW10", "PROJ_NAME": "Tuckahoe Field Office", "PROG_NAME": "DEP State Offices - Lead By Example", "CITY": "UPPER TWP", "STATE": "NJ", "ZIP": "08270", "REC_ENT": "Tuckahoe", "SECTOR": "State Government", "FUND_AG": "DEP", "PROJ_DES": "1 electric Medium Duty Pick up Truck and 1 charger", "LAT": 39.27295, "LONG_": -74.73249, "INITIATIVE": "Catalyze Clean, Equitable Transportation", "PROJ_COST": 102000, "RGGI_AMT": 102000, "CAL_YEAR": 2024, "STATUS": "Awarded", "ECON_AID": "Other", "CO2E_AVOID": 7.12348743, "MMBTU_AVOID": 932.7863064, "GAS_SAVED": null, "ADD_ELEC": 0.0, "R80X50": "Yes", "EJ": "No", "COST_EFF": 954.5886157, "NOX": 4.2088675, "PM10": 0.52748749, "PM2_5": 0.33504475, "VOC": 7.19228847, "CO": 27.97225178, "SOX": 1.11661123, "RGGI_PCT": 100, "CO2E_AVOIDL": 106.8523114, "NOX_L": 63.13301247, "PM10_L": 7.9123123, "PM2_5_L": 5.02567117, "VOC_L": 107.884327, "CO_L": 419.5837768, "SOX_L": 16.74916837, "PROJ_LIFE": 15, "GLOBALID": "{0DC53E91-EDAB-4AD1-9626-9A52B0B7A760}"}, "geometry": {"type": "Point", "coordinates": [-74.73249159456653, 39.27295794436352]}}, {"type": "Feature", "properties": {"OBJECTID": 1964, "PROJ_ID": "PROD-00310897", "PROJ_NAME": "Dape Consulting, Inc.", "PROG_NAME": "NJZIP", "CITY": "ELIZABETH CITY", "STATE": "NJ", "ZIP": "07201", "REC_ENT": "Dape Consulting, Inc.", "SECTOR": "Commercial/Industrial", "FUND_AG": "EDA", "PROJ_DES": "8 electric Long Haul Freight Trucks that will be driven in Elizabeth and Newark Port areas", "LAT": 40.67234549, "LONG_": -74.19384886, "INITIATIVE": "Catalyze Clean, Equitable Transportation", "PROJ_COST": 3035714, "RGGI_AMT": 1890000, "CAL_YEAR": 2023, "STATUS": "Selected", "ECON_AID": "Grant", "CO2E_AVOID": 303.4445151, "MMBTU_AVOID": 33704.01139, "GAS_SAVED": 0.0, "ADD_ELEC": 0.0, "R80X50": "Yes", "EJ": "Yes", "COST_EFF": 415.0, "NOX": 1769.085555, "PM10": 8.79544863, "PM2_5": 8.84903308, "VOC": 8.84903308, "CO": 1061.438759, "SOX": -40.76858094, "RGGI_PCT": 62, "CO2E_AVOIDL": 4551.667726, "NOX_L": 26536.28333, "PM10_L": 131.9317294, "PM2_5_L": 132.7354963, "VOC_L": 132.7354963, "CO_L": 15921.58138, "SOX_L": -611.5287141, "PROJ_LIFE": 15, "GLOBALID": "{AA2888E6-3C80-4613-A46D-BB1B6C43B91D}"}, "geometry": {"type": "Point", "coordinates": [-74.1938503662779, 40.672353731863346]}}, {"type": "Feature", "properties": {"OBJECTID": 1965, "PROJ_ID": "PROD-00310896", "PROJ_NAME": "Zeem Solutions, LLC", "PROG_NAME": "NJZIP", "CITY": "ELIZABETH CITY", "STATE": "NJ", "ZIP": "07201", "REC_ENT": "Zeem Solutions, LLC", "SECTOR": "Commercial/Industrial", "FUND_AG": "EDA", "PROJ_DES": "8 electric Long Haul Freight Trucks that will be driven in Elizabeth and Newark Port areas", "LAT": 40.66764314, "LONG_": -74.20850191, "INITIATIVE": "Catalyze Clean, Equitable Transportation", "PROJ_COST": 3035714, "RGGI_AMT": 1890000, "CAL_YEAR": 2023, "STATUS": "Selected", "ECON_AID": "Grant", "CO2E_AVOID": 303.4445151, "MMBTU_AVOID": 33704.01139, "GAS_SAVED": 0.0, "ADD_ELEC": 0.0, "R80X50": "Yes", "EJ": "Yes", "COST_EFF": 415.0, "NOX": 1769.085555, "PM10": 8.79544863, "PM2_5": 8.84903308, "VOC": 8.84903308, "CO": 1061.438759, "SOX": -40.76858094, "RGGI_PCT": 62, "CO2E_AVOIDL": 4551.667726, "NOX_L": 26536.28333, "PM10_L": 131.9317294, "PM2_5_L": 132.7354963, "VOC_L": 132.7354963, "CO_L": 15921.58138, "SOX_L": -611.5287141, "PROJ_LIFE": 15, "GLOBALID": "{F3604F3E-B037-4823-904A-6C2D87653EAE}"}, "geometry": {"type": "Point", "coordinates": [-74.20850342039483, 40.66765138049083]}}, {"type": "Feature", "properties": {"OBJECTID": 1966, "PROJ_ID": "PROD-00311247", "PROJ_NAME": "United Parcel Service, Inc. (OHIO)", "PROG_NAME": "NJZIP", "CITY": "PARSIPPANY-TROY HILLS TWP", "STATE": "NJ", "ZIP": "07054", "REC_ENT": "United Parcel Service, Inc. (OHIO)", "SECTOR": "Commercial/Industrial", "FUND_AG": "EDA", "PROJ_DES": "4 electric Regional Haul Freight Trucks", "LAT": 39.86781433, "LONG_": -75.02691552, "INITIATIVE": "Catalyze Clean, Equitable Transportation", "PROJ_COST": 1391728, "RGGI_AMT": 700000, "CAL_YEAR": 2023, "STATUS": "Completed", "ECON_AID": "Grant", "CO2E_AVOID": 119.9431672, "MMBTU_AVOID": 16501.83828, "GAS_SAVED": 0.0, "ADD_ELEC": 0.0, "R80X50": "Yes", "EJ": "Yes", "COST_EFF": 389.0, "NOX": 401.7757668, "PM10": 4.7102144, "PM2_5": 4.10684092, "VOC": 4.10684092, "CO": 221.2771454, "SOX": 1.8715975, "RGGI_PCT": 50, "CO2E_AVOIDL": 1799.147508, "NOX_L": 6026.636501, "PM10_L": 70.65321597, "PM2_5_L": 61.60261384, "VOC_L": 61.60261384, "CO_L": 3319.15718, "SOX_L": 28.07396251, "PROJ_LIFE": 15, "GLOBALID": "{F7A84128-2C4E-40E3-A344-EE8643F02253}"}, "geometry": {"type": "Point", "coordinates": [-75.02691724258864, 39.86782238322559]}}, {"type": "Feature", "properties": {"OBJECTID": 1967, "PROJ_ID": "PROD-00311100", "PROJ_NAME": "Traveling Deals LLC", "PROG_NAME": "NJZIP", "CITY": "LAKEWOOD TWP", "STATE": "NJ", "ZIP": "08701", "REC_ENT": "Traveling Deals LLC", "SECTOR": "Commercial/Industrial", "FUND_AG": "EDA", "PROJ_DES": "1 electric Light Duty Pickup Truck and 1 electric SUV", "LAT": 40.08959211, "LONG_": -74.23858859, "INITIATIVE": "Catalyze Clean, Equitable Transportation", "PROJ_COST": 179000, "RGGI_AMT": 54000, "CAL_YEAR": 2023, "STATUS": "Selected", "ECON_AID": "Grant", "CO2E_AVOID": 7.27832012, "MMBTU_AVOID": 1029.620774, "GAS_SAVED": 0.0, "ADD_ELEC": 0.0, "R80X50": "Yes", "EJ": "Yes", "COST_EFF": 495.0, "NOX": 4.40366173, "PM10": 0.53338363, "PM2_5": 0.36020509, "VOC": 9.39070394, "CO": 60.25940964, "SOX": 0.69362457, "RGGI_PCT": 30, "CO2E_AVOIDL": 109.1748017, "NOX_L": 66.05492593, "PM10_L": 8.00075445, "PM2_5_L": 5.40307632, "VOC_L": 140.860559, "CO_L": 903.8911446, "SOX_L": 10.40436854, "PROJ_LIFE": 15, "GLOBALID": "{E8011D47-B0A8-4726-91D3-F88BFD95CC8A}"}, "geometry": {"type": "Point", "coordinates": [-74.23859007538253, 40.08960023536707]}}, {"type": "Feature", "properties": {"OBJECTID": 1968, "PROJ_ID": "PROD-0029551", "PROJ_NAME": "Kingbee EV Corp", "PROG_NAME": "NJZIP", "CITY": "ROSELAND BORO", "STATE": "NJ", "ZIP": "07068", "REC_ENT": "Kingbee EV Corp", "SECTOR": "Commercial/Industrial", "FUND_AG": "EDA", "PROJ_DES": "15 electric utility cargo vans", "LAT": 40.828033, "LONG_": -74.321454, "INITIATIVE": "Catalyze Clean, Equitable Transportation", "PROJ_COST": 1485000, "RGGI_AMT": 1125000, "CAL_YEAR": 2021, "STATUS": "Completed", "ECON_AID": "Grant", "CO2E_AVOID": 439.0, "MMBTU_AVOID": 3928.1, "GAS_SAVED": 0.0, "ADD_ELEC": 0.0, "R80X50": "Yes", "EJ": "Yes", "COST_EFF": 170.86, "NOX": 200.1, "PM10": 22.4, "PM2_5": 17.5, "VOC": 470.8, "CO": 1172.7, "SOX": 61.9, "RGGI_PCT": 76, "CO2E_AVOIDL": 6584.3, "NOX_L": 3000.8, "PM10_L": 335.4, "PM2_5_L": 262.8, "VOC_L": 7061.6, "CO_L": 17590.2, "SOX_L": 928.9, "PROJ_LIFE": 15, "GLOBALID": "{10C738B3-9D68-4D2A-922C-66DBF6DE6B84}"}, "geometry": {"type": "Point", "coordinates": [-74.3211182612299, 40.8278750421817]}}, {"type": "Feature", "properties": {"OBJECTID": 1969, "PROJ_ID": "NJGB-00000001", "PROJ_NAME": "Green Bank planning and development", "PROG_NAME": "NJ Green Bank", "CITY": "NEWARK CITY", "STATE": "NJ", "ZIP": "07102", "REC_ENT": "Coalition for Green Capital (CGC)", "SECTOR": "State Government", "FUND_AG": "EDA", "PROJ_DES": "Consulting services to support the design of a statewide green financing mechanism called the New Jersey Green Bank", "LAT": 40.73474574, "LONG_": -74.16574048, "INITIATIVE": "Create a NJ Green Bank", "PROJ_COST": 300000, "RGGI_AMT": 300000, "CAL_YEAR": 2021, "STATUS": "Completed", "ECON_AID": "Other", "CO2E_AVOID": 0.0, "MMBTU_AVOID": 0.0, "GAS_SAVED": null, "ADD_ELEC": 0.0, "R80X50": "Yes", "EJ": "No", "COST_EFF": 0.0, "NOX": 0.0, "PM10": 0.0, "PM2_5": 0.0, "VOC": 0.0, "CO": 0.0, "SOX": 0.0, "RGGI_PCT": 100, "CO2E_AVOIDL": 0.0, "NOX_L": 0.0, "PM10_L": 0.0, "PM2_5_L": 0.0, "VOC_L": 0.0, "CO_L": 0.0, "SOX_L": 0.0, "PROJ_LIFE": null, "GLOBALID": "{DBA156F1-1114-4BBC-A09D-40F7552C57C3}"}, "geometry": {"type": "Point", "coordinates": [-74.16574194958955, 40.73475403781292]}}, {"type": "Feature", "properties": {"OBJECTID": 1970, "PROJ_ID": "PROD-00314497", "PROJ_NAME": "LA FORTALEZA III INC", "PROG_NAME": "NJZIP", "CITY": "PASSAIC CITY", "STATE": "NJ", "ZIP": "07055", "REC_ENT": "LA FORTALEZA III INC", "SECTOR": "Commercial/Industrial", "FUND_AG": "EDA", "PROJ_DES": "2 electric utility cargo vans", "LAT": 40.86241934, "LONG_": -74.116171, "INITIATIVE": "Catalyze Clean, Equitable Transportation", "PROJ_COST": 219800, "RGGI_AMT": 175500, "CAL_YEAR": 2025, "STATUS": "Selected", "ECON_AID": "Grant", "CO2E_AVOID": 82.59336785, "MMBTU_AVOID": 10913.59978, "GAS_SAVED": null, "ADD_ELEC": 0.0, "R80X50": "Yes", "EJ": "Yes", "COST_EFF": 141.6578631, "NOX": 47.08314005, "PM10": 6.16490094, "PM2_5": 3.63649117, "VOC": 80.37029682, "CO": 257.8107216, "SOX": 11.73330208, "RGGI_PCT": 80, "CO2E_AVOIDL": 1238.900518, "NOX_L": 706.2471007, "PM10_L": 92.47351411, "PM2_5_L": 54.54736747, "VOC_L": 1205.554452, "CO_L": 3867.160824, "SOX_L": 175.9995312, "PROJ_LIFE": 15, "GLOBALID": "{952632DD-0B9C-428B-8BA8-BBFE4DE734E9}"}, "geometry": {"type": "Point", "coordinates": [-74.11617246137828, 40.86242766436821]}}, {"type": "Feature", "properties": {"OBJECTID": 1971, "PROJ_ID": "PROD-00303897", "PROJ_NAME": "Suris Glam", "PROG_NAME": "NJZIP", "CITY": "UNION CITY", "STATE": "NJ", "ZIP": "07087", "REC_ENT": "Suris Glam", "SECTOR": "Commercial/Industrial", "FUND_AG": "EDA", "PROJ_DES": "2 electric Delivery Straight Trucks", "LAT": 40.778193, "LONG_": -74.026465, "INITIATIVE": "Catalyze Clean, Equitable Transportation", "PROJ_COST": 443600, "RGGI_AMT": 203500, "CAL_YEAR": 2022, "STATUS": "Completed", "ECON_AID": "Grant", "CO2E_AVOID": 63.8, "MMBTU_AVOID": 586.3, "GAS_SAVED": 0.0, "ADD_ELEC": 0.0, "R80X50": "Yes", "EJ": "Yes", "COST_EFF": 212.7630651, "NOX": 117.3, "PM10": 0.9, "PM2_5": 1.4, "VOC": 1.4, "CO": 84.9, "SOX": 0.3, "RGGI_PCT": 46, "CO2E_AVOIDL": 956.5, "NOX_L": 1759.4, "PM10_L": 13.8, "PM2_5_L": 20.4, "VOC_L": 20.4, "CO_L": 1273.4, "SOX_L": 5.2, "PROJ_LIFE": 15, "GLOBALID": "{4F4393ED-C4A5-4C43-B2A8-41EF2F9DC642}"}, "geometry": {"type": "Point", "coordinates": [-74.02644766501439, 40.77819940420604]}}, {"type": "Feature", "properties": {"OBJECTID": 1972, "PROJ_ID": "DEP-EV-09", "PROJ_NAME": "D&M Tours Inc. ", "PROG_NAME": "NJDEP Medium and Heavy Duty Electric Vehicle", "CITY": "PATERSON CITY", "STATE": "NJ", "ZIP": "07524", "REC_ENT": "D&M Tours Inc. ", "SECTOR": "Residential", "FUND_AG": "BPU", "PROJ_DES": "4 electric school buses - V2G", "LAT": 40.932873, "LONG_": -74.161795, "INITIATIVE": "Catalyze Clean, Equitable Transportation", "PROJ_COST": 1490831, "RGGI_AMT": 1490831, "CAL_YEAR": 2021, "STATUS": "Awarded", "ECON_AID": "Grant", "CO2E_AVOID": 66.8, "MMBTU_AVOID": 9127.0, "GAS_SAVED": 0.0, "ADD_ELEC": 0.0, "R80X50": "Yes", "EJ": "Yes", "COST_EFF": 1624.64, "NOX": 679.8, "PM10": -3.3, "PM2_5": 47.5, "VOC": 92.9, "CO": 373.7, "SOX": -34.3, "RGGI_PCT": 100, "CO2E_AVOIDL": 1002.2, "NOX_L": 10197.5, "PM10_L": -49.2, "PM2_5_L": 713.1, "VOC_L": 1393.4, "CO_L": 5605.2, "SOX_L": -514.5, "PROJ_LIFE": 15, "GLOBALID": "{5C719518-EE70-4402-A2D4-571909766147}"}, "geometry": {"type": "Point", "coordinates": [-74.16179651146203, 40.93288129420884]}}, {"type": "Feature", "properties": {"OBJECTID": 1973, "PROJ_ID": "PROD-00288750", "PROJ_NAME": "MLM Unlimited Enterprise", "PROG_NAME": "NJZIP", "CITY": "EAST ORANGE CITY", "STATE": "NJ", "ZIP": "07017", "REC_ENT": "MLM Unlimited Enterprise", "SECTOR": "Commercial/Industrial", "FUND_AG": "EDA", "PROJ_DES": "1 electric Utility Cargo Van", "LAT": 40.77641, "LONG_": -74.1972, "INITIATIVE": "Catalyze Clean, Equitable Transportation", "PROJ_COST": 99500, "RGGI_AMT": 97750, "CAL_YEAR": 2021, "STATUS": "Completed", "ECON_AID": "Grant", "CO2E_AVOID": 10.0, "MMBTU_AVOID": 89.8, "GAS_SAVED": 0.0, "ADD_ELEC": 0.0, "R80X50": "Yes", "EJ": "Yes", "COST_EFF": 650.0, "NOX": 4.6, "PM10": 0.5, "PM2_5": 0.4, "VOC": 10.8, "CO": 26.8, "SOX": 1.4, "RGGI_PCT": 98, "CO2E_AVOIDL": 150.5, "NOX_L": 68.6, "PM10_L": -45.2, "PM2_5_L": 6.0, "VOC_L": 161.4, "CO_L": 402.1, "SOX_L": 21.2, "PROJ_LIFE": 15, "GLOBALID": "{01D3AA4A-3B01-4A38-9F99-51A09F79E667}"}, "geometry": {"type": "Point", "coordinates": [-74.19720151351336, 40.776418262238025]}}, {"type": "Feature", "properties": {"OBJECTID": 1974, "PROJ_ID": "PROD-00310862", "PROJ_NAME": "VIGNAGA FOODS LLC", "PROG_NAME": "NJZIP", "CITY": "JERSEY CITY", "STATE": "NJ", "ZIP": "07306", "REC_ENT": "VIGNAGA FOODS LLC", "SECTOR": "Commercial/Industrial", "FUND_AG": "EDA", "PROJ_DES": "4 electric Utility Cargo Vans", "LAT": 40.73547201, "LONG_": -74.06372267, "INITIATIVE": "Catalyze Clean, Equitable Transportation", "PROJ_COST": 443600, "RGGI_AMT": 361400, "CAL_YEAR": 2023, "STATUS": "Selected", "ECON_AID": "Grant", "CO2E_AVOID": 51.77054039, "MMBTU_AVOID": 7274.421924, "GAS_SAVED": 0.0, "ADD_ELEC": 0.0, "R80X50": "Yes", "EJ": "Yes", "COST_EFF": 465.0, "NOX": 24.53333333, "PM10": 3.46666667, "PM2_5": 2.13333333, "VOC": 51.46666667, "CO": 166.9333333, "SOX": 4.53333333, "RGGI_PCT": 81, "CO2E_AVOIDL": 776.5581058, "NOX_L": 368.0, "PM10_L": 52.0, "PM2_5_L": 32.0, "VOC_L": 772.0, "CO_L": 2504.0, "SOX_L": 68.0, "PROJ_LIFE": 15, "GLOBALID": "{812131FA-A43F-4106-91D2-94581802B2F3}"}, "geometry": {"type": "Point", "coordinates": [-74.06372413843286, 40.73548026869608]}}, {"type": "Feature", "properties": {"OBJECTID": 1975, "PROJ_ID": "DEP-ADMIN-EV-PF16", "PROJ_NAME": "Bass River State Forest", "PROG_NAME": "DEP State Offices - Lead By Example", "CITY": "TUCKERTON BORO", "STATE": "NJ", "ZIP": "08087", "REC_ENT": "Bass River State Forest", "SECTOR": "State Government", "FUND_AG": "DEP", "PROJ_DES": "2 electric medium duty pick-up trucks and 2 chargers", "LAT": 39.62112101, "LONG_": -74.42272467, "INITIATIVE": "Catalyze Clean, Equitable Transportation", "PROJ_COST": 204000, "RGGI_AMT": 204000, "CAL_YEAR": 2024, "STATUS": "Awarded", "ECON_AID": "Other", "CO2E_AVOID": 39.2, "MMBTU_AVOID": 5130.3, "GAS_SAVED": null, "ADD_ELEC": 0.0, "R80X50": "Yes", "EJ": "No", "COST_EFF": 347.1158754, "NOX": 23.1, "PM10": 2.9, "PM2_5": 1.8, "VOC": 39.6, "CO": 153.8, "SOX": 6.1, "RGGI_PCT": 100, "CO2E_AVOIDL": 587.7, "NOX_L": 347.2, "PM10_L": 43.5, "PM2_5_L": 27.6, "VOC_L": 593.4, "CO_L": 2307.7, "SOX_L": 92.1, "PROJ_LIFE": 15, "GLOBALID": "{54B95C62-1C42-4A43-BCFE-57C093E7EC23}"}, "geometry": {"type": "Point", "coordinates": [-74.42272618657042, 39.621129035330775]}}, {"type": "Feature", "properties": {"OBJECTID": 1976, "PROJ_ID": "PROD-00314478", "PROJ_NAME": "AREAGA SOLUTIONS LLC", "PROG_NAME": "NJZIP", "CITY": "CLIFFSIDE PARK BORO", "STATE": "NJ", "ZIP": "07010", "REC_ENT": "AREAGA SOLUTIONS LLC", "SECTOR": "Commercial/Industrial", "FUND_AG": "EDA", "PROJ_DES": "1electric Utility cargo van", "LAT": 40.81954964, "LONG_": -73.98790248, "INITIATIVE": "Catalyze Clean, Equitable Transportation", "PROJ_COST": 109900, "RGGI_AMT": 90350, "CAL_YEAR": 2024, "STATUS": "Selected", "ECON_AID": "Grant", "CO2E_AVOID": 41.67254771, "MMBTU_AVOID": 5456.799892, "GAS_SAVED": null, "ADD_ELEC": 0.0, "R80X50": "Yes", "EJ": "Yes", "COST_EFF": 144.5395989, "NOX": 23.56826655, "PM10": 2.96478518, "PM2_5": 1.85883537, "VOC": 39.44969345, "CO": 128.3680368, "SOX": 6.53223873, "RGGI_PCT": 82, "CO2E_AVOIDL": 625.0882157, "NOX_L": 353.5239983, "PM10_L": 44.47177767, "PM2_5_L": 27.88253047, "VOC_L": 591.7454018, "CO_L": 1925.520552, "SOX_L": 97.983581, "PROJ_LIFE": 15, "GLOBALID": "{59F24C5B-1D51-4FF2-A5CE-AFC676FB0EA2}"}, "geometry": {"type": "Point", "coordinates": [-73.98790392932669, 40.81955791800004]}}, {"type": "Feature", "properties": {"OBJECTID": 1977, "PROJ_ID": "PROD-00310891", "PROJ_NAME": "Shore Point Distributing Company Incorporated", "PROG_NAME": "NJZIP", "CITY": "FREEHOLD TWP", "STATE": "NJ", "ZIP": "07728", "REC_ENT": "Shore Point Distributing Company Incorporated", "SECTOR": "Commercial/Industrial", "FUND_AG": "EDA", "PROJ_DES": "17 electric Long Haul Freight Trucks", "LAT": 40.24554365, "LONG_": -74.24318956, "INITIATIVE": "Catalyze Clean, Equitable Transportation", "PROJ_COST": 6602679, "RGGI_AMT": 2975000, "CAL_YEAR": 2023, "STATUS": "Selected", "ECON_AID": "Grant", "CO2E_AVOID": 736.9366795, "MMBTU_AVOID": 81852.59909, "GAS_SAVED": 0.0, "ADD_ELEC": 0.0, "R80X50": "Yes", "EJ": "Yes", "COST_EFF": 269.0, "NOX": 4296.350634, "PM10": 21.36037524, "PM2_5": 21.49050892, "VOC": 21.49050892, "CO": 2577.779843, "SOX": -99.00941085, "RGGI_PCT": 45, "CO2E_AVOIDL": 11054.05019, "NOX_L": 64445.25952, "PM10_L": 320.4056286, "PM2_5_L": 322.3576338, "VOC_L": 322.3576338, "CO_L": 38666.69764, "SOX_L": -1485.141163, "PROJ_LIFE": 15, "GLOBALID": "{5C804C34-31D8-4430-8D1E-3B1D03FD3762}"}, "geometry": {"type": "Point", "coordinates": [-74.24319105602272, 40.24555180611707]}}, {"type": "Feature", "properties": {"OBJECTID": 1978, "PROJ_ID": "PROD-00314134", "PROJ_NAME": "Bagel Nosh of Livingston LLC", "PROG_NAME": "NJZIP", "CITY": "LIVINGSTON TWP", "STATE": "NJ", "ZIP": "07039", "REC_ENT": "Bagel Nosh of Livingston LLC", "SECTOR": "Commercial/Industrial", "FUND_AG": "EDA", "PROJ_DES": "1 electric Utility Cargo Van", "LAT": 40.79554533, "LONG_": -74.31627068, "INITIATIVE": "Catalyze Clean, Equitable Transportation", "PROJ_COST": 109900, "RGGI_AMT": 87750, "CAL_YEAR": 2024, "STATUS": "Selected", "ECON_AID": "Grant", "CO2E_AVOID": 25.80778832, "MMBTU_AVOID": 3637.866595, "GAS_SAVED": null, "ADD_ELEC": 0.0, "R80X50": "Yes", "EJ": "Yes", "COST_EFF": 226.6757588, "NOX": 12.39594497, "PM10": 1.61834596, "PM2_5": 0.99110097, "VOC": 25.72724268, "CO": 83.47893346, "SOX": 2.3938827, "RGGI_PCT": 80, "CO2E_AVOIDL": 387.1168247, "NOX_L": 185.9391745, "PM10_L": 24.27518938, "PM2_5_L": 14.8665146, "VOC_L": 385.9086401, "CO_L": 1252.184002, "SOX_L": 35.9082405, "PROJ_LIFE": 15, "GLOBALID": "{926122BD-0504-43F6-90CD-B7476F604BB6}"}, "geometry": {"type": "Point", "coordinates": [-74.31627223304693, 40.795553591736706]}}, {"type": "Feature", "properties": {"OBJECTID": 1979, "PROJ_ID": "NCS-2022-Newark-00020", "PROJ_NAME": "Newark Canopy Initiative", "PROG_NAME": "Natural Climate Solutions", "CITY": "NEWARK CITY", "STATE": "NJ", "ZIP": null, "REC_ENT": "City of Newark", "SECTOR": "Local Government", "FUND_AG": "DEP", "PROJ_DES": "removing dead trees and planting 331 new trees to enhance the urban forest canopy and water quality", "LAT": 40.7348906, "LONG_": -74.2028054, "INITIATIVE": "Enhance Forests and Urban Forests", "PROJ_COST": 1228148, "RGGI_AMT": 1228148, "CAL_YEAR": 2023, "STATUS": "Selected", "ECON_AID": "Grant", "CO2E_AVOID": 0.0, "MMBTU_AVOID": null, "GAS_SAVED": 328.0, "ADD_ELEC": 0.0, "R80X50": "Yes", "EJ": "Yes", "COST_EFF": 3744.353659, "NOX": 0.0, "PM10": 0.0, "PM2_5": 0.0, "VOC": 0.0, "CO": 0.0, "SOX": 0.0, "RGGI_PCT": 100, "CO2E_AVOIDL": null, "NOX_L": 0.0, "PM10_L": 0.0, "PM2_5_L": 0.0, "VOC_L": 0.0, "CO_L": 0.0, "SOX_L": 0.0, "PROJ_LIFE": 27, "GLOBALID": "{0FFE9118-829E-49BE-9C02-CEB7B274C9E4}"}, "geometry": {"type": "Point", "coordinates": [-74.20280691296878, 40.73489885383067]}}, {"type": "Feature", "properties": {"OBJECTID": 1980, "PROJ_ID": "PROD-00288670", "PROJ_NAME": "Coley Consulting & Tax Services, LLC", "PROG_NAME": "NJZIP", "CITY": "EAST ORANGE CITY", "STATE": "NJ", "ZIP": "07017", "REC_ENT": "Coley Consulting & Tax Services, LLC", "SECTOR": "Commercial/Industrial", "FUND_AG": "EDA", "PROJ_DES": "1 electric delivery step van", "LAT": 40.78049, "LONG_": -74.20289, "INITIATIVE": "Catalyze Clean, Equitable Transportation", "PROJ_COST": 99500, "RGGI_AMT": 99500, "CAL_YEAR": 2021, "STATUS": "Completed", "ECON_AID": "Grant", "CO2E_AVOID": 20.8, "MMBTU_AVOID": 199.7, "GAS_SAVED": 0.0, "ADD_ELEC": 0.0, "R80X50": "Yes", "EJ": "Yes", "COST_EFF": 318.36, "NOX": 13.7, "PM10": 0.4, "PM2_5": 1.0, "VOC": 33.2, "CO": 173.8, "SOX": 4.4, "RGGI_PCT": 100, "CO2E_AVOIDL": 312.5, "NOX_L": 205.0, "PM10_L": 6.0, "PM2_5_L": 14.7, "VOC_L": 498.1, "CO_L": 2606.5, "SOX_L": 65.7, "PROJ_LIFE": 15, "GLOBALID": "{D1CE74FE-DF72-47A9-9633-82E1C33A84D6}"}, "geometry": {"type": "Point", "coordinates": [-74.20288635982085, 40.78049628640211]}}, {"type": "Feature", "properties": {"OBJECTID": 1981, "PROJ_ID": "PROD-00311239", "PROJ_NAME": "US Property Management LLC", "PROG_NAME": "NJZIP", "CITY": "WATCHUNG BORO", "STATE": "NJ", "ZIP": "07069", "REC_ENT": "US Property Management LLC", "SECTOR": "Commercial/Industrial", "FUND_AG": "EDA", "PROJ_DES": "1 electric Med Duty pickup truck", "LAT": 40.6461117, "LONG_": -74.439071, "INITIATIVE": "Catalyze Clean, Equitable Transportation", "PROJ_COST": 75500, "RGGI_AMT": 27800, "CAL_YEAR": 2024, "STATUS": "Selected", "ECON_AID": "Grant", "CO2E_AVOID": 10.6, "MMBTU_AVOID": 1426.9, "GAS_SAVED": null, "ADD_ELEC": 0.0, "R80X50": "Yes", "EJ": "Yes", "COST_EFF": 174.1855, "NOX": 15.6, "PM10": 0.4, "PM2_5": 0.1, "VOC": 0.1, "CO": 34.1, "SOX": 0.0, "RGGI_PCT": 37, "CO2E_AVOIDL": 159.6, "NOX_L": 233.4, "PM10_L": 5.6, "PM2_5_L": 2.1, "VOC_L": 2.1, "CO_L": 511.3, "SOX_L": 0.6, "PROJ_LIFE": 15, "GLOBALID": "{1B197FBA-9E13-4BA2-AC8E-2520BEB3703A}"}, "geometry": {"type": "Point", "coordinates": [-74.43907258284686, 40.64611992803182]}}, {"type": "Feature", "properties": {"OBJECTID": 1982, "PROJ_ID": "PROD-00303219", "PROJ_NAME": "Kim L Enterprises LLC", "PROG_NAME": "NJZIP", "CITY": "MATAWAN BORO", "STATE": "NJ", "ZIP": "07747", "REC_ENT": "Kim L Enterprises LLC", "SECTOR": "Commercial/Industrial", "FUND_AG": "EDA", "PROJ_DES": "1 electric Utility Cargo Van and 1 electric Delivery Straight Truck", "LAT": 40.42509, "LONG_": -74.2761, "INITIATIVE": "Catalyze Clean, Equitable Transportation", "PROJ_COST": 263299, "RGGI_AMT": 195500, "CAL_YEAR": 2022, "STATUS": "Completed", "ECON_AID": "Grant", "CO2E_AVOID": 66.2, "MMBTU_AVOID": 618.1, "GAS_SAVED": 0.0, "ADD_ELEC": 0.0, "R80X50": "Yes", "EJ": "Yes", "COST_EFF": 197.0, "NOX": 82.1, "PM10": 1.9, "PM2_5": 1.5, "VOC": 23.1, "CO": 114.4, "SOX": 4.9, "RGGI_PCT": 74, "CO2E_AVOIDL": 993.6, "NOX_L": 1232.1, "PM10_L": 27.8, "PM2_5_L": 22.4, "VOC_L": 346.1, "CO_L": 1716.5, "SOX_L": 74.2, "PROJ_LIFE": 15, "GLOBALID": "{E7AC69C2-F6EA-4C7F-A2AC-BC5905C8CC94}"}, "geometry": {"type": "Point", "coordinates": [-74.2761140214039, 40.42508868262313]}}, {"type": "Feature", "properties": {"OBJECTID": 1983, "PROJ_ID": "PROD-00303930", "PROJ_NAME": "Fiozait-A", "PROG_NAME": "NJZIP", "CITY": "PASSAIC CITY", "STATE": "NJ", "ZIP": "07055", "REC_ENT": "Fiozait-A", "SECTOR": "Commercial/Industrial", "FUND_AG": "EDA", "PROJ_DES": "2 electric Delivery Straight Truck", "LAT": 40.861351, "LONG_": -74.110742, "INITIATIVE": "Catalyze Clean, Equitable Transportation", "PROJ_COST": 199000, "RGGI_AMT": 187500, "CAL_YEAR": 2022, "STATUS": "Completed", "ECON_AID": "Grant", "CO2E_AVOID": 143.5, "MMBTU_AVOID": 1319.2, "GAS_SAVED": 0.0, "ADD_ELEC": 0.0, "R80X50": "Yes", "EJ": "Yes", "COST_EFF": 87.12655532, "NOX": 263.9, "PM10": 2.1, "PM2_5": 3.1, "VOC": 3.1, "CO": 191.0, "SOX": 0.8, "RGGI_PCT": 94, "CO2E_AVOIDL": 2152.0, "NOX_L": 3958.7, "PM10_L": 31.1, "PM2_5_L": 45.8, "VOC_L": 45.8, "CO_L": 2865.2, "SOX_L": 11.6, "PROJ_LIFE": 15, "GLOBALID": "{B4197DDA-0082-4B82-9A06-C6EAD2E47ABD}"}, "geometry": {"type": "Point", "coordinates": [-74.11074349103555, 40.86135928170764]}}, {"type": "Feature", "properties": {"OBJECTID": 1984, "PROJ_ID": "DEP-EV-11", "PROJ_NAME": "City of Englewood", "PROG_NAME": "NJDEP Medium and Heavy Duty Electric Vehicle", "CITY": "ENGLEWOOD CITY", "STATE": "NJ", "ZIP": "07631", "REC_ENT": "City of Englewood", "SECTOR": "Local Government", "FUND_AG": "DEP", "PROJ_DES": "2 electric garbage trucks", "LAT": 40.888651, "LONG_": -73.979873, "INITIATIVE": "Catalyze Clean, Equitable Transportation", "PROJ_COST": 1676039, "RGGI_AMT": 1576065, "CAL_YEAR": 2021, "STATUS": "Selected", "ECON_AID": "Grant", "CO2E_AVOID": 244.0, "MMBTU_AVOID": 11957.0, "GAS_SAVED": 0.0, "ADD_ELEC": 0.0, "R80X50": "Yes", "EJ": "Yes", "COST_EFF": 355.55, "NOX": 2840.9, "PM10": -11.2, "PM2_5": 118.2, "VOC": 125.4, "CO": 598.8, "SOX": -102.1, "RGGI_PCT": 94, "CO2E_AVOIDL": 3659.3, "NOX_L": 42614.1, "PM10_L": -168.7, "PM2_5_L": 1773.1, "VOC_L": 1881.3, "CO_L": 8982.5, "SOX_L": -1531.3, "PROJ_LIFE": 15, "GLOBALID": "{68501E47-84AB-4162-9EC3-4CE95F51B007}"}, "geometry": {"type": "Point", "coordinates": [-73.97987445063252, 40.88865929180468]}}, {"type": "Feature", "properties": {"OBJECTID": 1985, "PROJ_ID": "PROD-00302579", "PROJ_NAME": "Java's Compost", "PROG_NAME": "NJZIP", "CITY": "WEST ORANGE TWP", "STATE": "NJ", "ZIP": "07052", "REC_ENT": "Java's Compost", "SECTOR": "Commercial/Industrial", "FUND_AG": "EDA", "PROJ_DES": "1 electric Refuse Truck", "LAT": 40.76997, "LONG_": -74.25442, "INITIATIVE": "Catalyze Clean, Equitable Transportation", "PROJ_COST": 110900, "RGGI_AMT": 101750, "CAL_YEAR": 2021, "STATUS": "Completed", "ECON_AID": "Grant", "CO2E_AVOID": 89.9, "MMBTU_AVOID": 812.7, "GAS_SAVED": 0.0, "ADD_ELEC": 0.0, "R80X50": "Yes", "EJ": "Yes", "COST_EFF": 75.45990386, "NOX": 136.9532672, "PM10": 0.76336215, "PM2_5": 1.53911711, "VOC": 1.53911711, "CO": 64.35793987, "SOX": -1.30925135, "RGGI_PCT": 92, "CO2E_AVOIDL": 1348.4, "NOX_L": 2054.299008, "PM10_L": 11.45043218, "PM2_5_L": 23.08675672, "VOC_L": 23.08675672, "CO_L": 965.369098, "SOX_L": -19.63877026, "PROJ_LIFE": 15, "GLOBALID": "{B791C34F-A18A-48A2-B902-6D271345ACBF}"}, "geometry": {"type": "Point", "coordinates": [-74.25442653924365, 40.76998017586178]}}, {"type": "Feature", "properties": {"OBJECTID": 1986, "PROJ_ID": "DEP-ADMIN-EV-PF10", "PROJ_NAME": "Round Valley Recreation Areas", "PROG_NAME": "DEP State Offices - Lead By Example", "CITY": "LEBANON TWP", "STATE": "NJ", "ZIP": "08833", "REC_ENT": "Round Valley Recreation Areas", "SECTOR": "State Government", "FUND_AG": "DEP", "PROJ_DES": "2 electric medium duty pick-up trucks and 2 chargers", "LAT": 40.62756, "LONG_": -74.85239, "INITIATIVE": "Catalyze Clean, Equitable Transportation", "PROJ_COST": 204000, "RGGI_AMT": 204000, "CAL_YEAR": 2024, "STATUS": "Awarded", "ECON_AID": "Other", "CO2E_AVOID": 10.7, "MMBTU_AVOID": 1399.2, "GAS_SAVED": null, "ADD_ELEC": 0.0, "R80X50": "Yes", "EJ": "Yes", "COST_EFF": 1272.613849, "NOX": 6.3, "PM10": 0.8, "PM2_5": 0.5, "VOC": 10.8, "CO": 42.0, "SOX": 1.7, "RGGI_PCT": 100, "CO2E_AVOIDL": 160.3, "NOX_L": 94.7, "PM10_L": 11.9, "PM2_5_L": 7.5, "VOC_L": 161.8, "CO_L": 629.4, "SOX_L": 25.1, "PROJ_LIFE": 15, "GLOBALID": "{715166D3-678E-4374-BF74-12295FD98CA3}"}, "geometry": {"type": "Point", "coordinates": [-74.85239171348269, 40.627568209590926]}}, {"type": "Feature", "properties": {"OBJECTID": 1987, "PROJ_ID": "DEP-EV-44", "PROJ_NAME": "City of Newark", "PROG_NAME": "NJDEP Medium and Heavy Duty Electric Vehicle", "CITY": "NEWARK CITY", "STATE": "NJ", "ZIP": "07102", "REC_ENT": "City of Newark", "SECTOR": "Local Government", "FUND_AG": "DEP", "PROJ_DES": "8 electric garbage trucks", "LAT": 40.73179763, "LONG_": -74.17360924, "INITIATIVE": "Catalyze Clean, Equitable Transportation", "PROJ_COST": 4851375, "RGGI_AMT": 4366238, "CAL_YEAR": 2022, "STATUS": "Awarded", "ECON_AID": "Grant", "CO2E_AVOID": 618.0, "MMBTU_AVOID": 498090.0, "GAS_SAVED": 0.0, "ADD_ELEC": 0.0, "R80X50": "Yes", "EJ": "Yes", "COST_EFF": 471.0, "NOX": 5016.1, "PM10": -23.1, "PM2_5": 275.0, "VOC": 6.5, "CO": 768.5, "SOX": -192.8, "RGGI_PCT": 90, "CO2E_AVOIDL": 9269.4, "NOX_L": 75241.2, "PM10_L": -347.0, "PM2_5_L": 4125.3, "VOC_L": 97.5, "CO_L": 11527.5, "SOX_L": -2891.4, "PROJ_LIFE": 15, "GLOBALID": "{D704A960-ED80-4577-9CC9-B46BBEDE8754}"}, "geometry": {"type": "Point", "coordinates": [-74.17363000221485, 40.731818185375914]}}, {"type": "Feature", "properties": {"OBJECTID": 1988, "PROJ_ID": "PROD-00314462", "PROJ_NAME": "Trinity Property Preservation", "PROG_NAME": "NJZIP", "CITY": "EAST ORANGE CITY", "STATE": "NJ", "ZIP": "07017", "REC_ENT": "Trinity Property Preservation", "SECTOR": "Commercial/Industrial", "FUND_AG": "EDA", "PROJ_DES": "2 electric Utility cargo van", "LAT": 40.78362015, "LONG_": -74.21026556, "INITIATIVE": "Catalyze Clean, Equitable Transportation", "PROJ_COST": 219800, "RGGI_AMT": 130000, "CAL_YEAR": 2024, "STATUS": "Selected", "ECON_AID": "Grant", "CO2E_AVOID": 37.04226463, "MMBTU_AVOID": 4850.488793, "GAS_SAVED": null, "ADD_ELEC": 0.0, "R80X50": "Yes", "EJ": "Yes", "COST_EFF": 233.9669767, "NOX": 20.94957027, "PM10": 2.6353646, "PM2_5": 1.6522981, "VOC": 35.06639418, "CO": 114.1049216, "SOX": 5.80643443, "RGGI_PCT": 59, "CO2E_AVOIDL": 555.6339695, "NOX_L": 314.243554, "PM10_L": 39.53046904, "PM2_5_L": 24.78447153, "VOC_L": 525.9959127, "CO_L": 1711.573824, "SOX_L": 87.09651644, "PROJ_LIFE": 15, "GLOBALID": "{544CCA8D-A07B-4BF6-8C6C-9BAE25565DB2}"}, "geometry": {"type": "Point", "coordinates": [-74.21026707816704, 40.783628412994645]}}, {"type": "Feature", "properties": {"OBJECTID": 1989, "PROJ_ID": "DEP-EV-14", "PROJ_NAME": "Township of Woodbridge", "PROG_NAME": "NJDEP Medium and Heavy Duty Electric Vehicle", "CITY": "WOODBRIDGE TWP", "STATE": "NJ", "ZIP": "08832", "REC_ENT": "Township of Woodbridge", "SECTOR": "Local Government", "FUND_AG": "DEP", "PROJ_DES": "3 garbage trucks", "LAT": 40.514788, "LONG_": -74.302632, "INITIATIVE": "Catalyze Clean, Equitable Transportation", "PROJ_COST": 1200000, "RGGI_AMT": 1200000, "CAL_YEAR": 2021, "STATUS": "Awarded", "ECON_AID": "Grant", "CO2E_AVOID": 154.4, "MMBTU_AVOID": 3827.0, "GAS_SAVED": 0.0, "ADD_ELEC": 0.0, "R80X50": "Yes", "EJ": "Yes", "COST_EFF": 517.98, "NOX": 753.0, "PM10": -7.1, "PM2_5": 53.9, "VOC": 72.9, "CO": 196.0, "SOX": -64.6, "RGGI_PCT": 100, "CO2E_AVOIDL": 2316.7, "NOX_L": 11295.5, "PM10_L": -106.8, "PM2_5_L": 808.7, "VOC_L": 1094.0, "CO_L": 2939.6, "SOX_L": -969.5, "PROJ_LIFE": 15, "GLOBALID": "{67E7445E-FEBF-46AA-9660-21B916F81DE4}"}, "geometry": {"type": "Point", "coordinates": [-74.30263353111772, 40.51479620718133]}}, {"type": "Feature", "properties": {"OBJECTID": 1990, "PROJ_ID": "PROD-00314479", "PROJ_NAME": "SMART PAINT LLC", "PROG_NAME": "NJZIP", "CITY": "MOUNT OLIVE TWP", "STATE": "NJ", "ZIP": "07828", "REC_ENT": "SMART PAINT LLC", "SECTOR": "Commercial/Industrial", "FUND_AG": "EDA", "PROJ_DES": "1 electric Utility cargo van", "LAT": 40.888, "LONG_": -74.72907676, "INITIATIVE": "Catalyze Clean, Equitable Transportation", "PROJ_COST": 109900, "RGGI_AMT": 90350, "CAL_YEAR": 2024, "STATUS": "Selected", "ECON_AID": "Grant", "CO2E_AVOID": 43.1, "MMBTU_AVOID": 6063.1, "GAS_SAVED": null, "ADD_ELEC": 0.0, "R80X50": "Yes", "EJ": "Yes", "COST_EFF": 139.8607, "NOX": 20.7, "PM10": 2.7, "PM2_5": 1.7, "VOC": 42.9, "CO": 139.2, "SOX": 4.2, "RGGI_PCT": 82, "CO2E_AVOIDL": 646.0, "NOX_L": 310.4, "PM10_L": 41.0, "PM2_5_L": 24.9, "VOC_L": 643.2, "CO_L": 2087.4, "SOX_L": 63.0, "PROJ_LIFE": 15, "GLOBALID": "{EF160E4D-1C91-46A1-896A-2E94091DAF86}"}, "geometry": {"type": "Point", "coordinates": [-74.72907845066358, 40.888008264776786]}}, {"type": "Feature", "properties": {"OBJECTID": 1991, "PROJ_ID": "DEP-EV-01", "PROJ_NAME": "Town of West New York", "PROG_NAME": "NJDEP Medium and Heavy Duty Electric Vehicle", "CITY": "WEST NEW YORK TOWN", "STATE": "NJ", "ZIP": "07093", "REC_ENT": "Town of West New York", "SECTOR": "Residential", "FUND_AG": "BPU", "PROJ_DES": "2 electric garbage trucks and 2 electric shuttle buses", "LAT": 40.788341, "LONG_": -74.015261, "INITIATIVE": "Catalyze Clean, Equitable Transportation", "PROJ_COST": 2086888, "RGGI_AMT": 2086888, "CAL_YEAR": 2021, "STATUS": "Awarded", "ECON_AID": "Grant", "CO2E_AVOID": 297.1, "MMBTU_AVOID": 7697.0, "GAS_SAVED": 0.0, "ADD_ELEC": 0.0, "R80X50": "Yes", "EJ": "Yes", "COST_EFF": 430.83, "NOX": 3356.0, "PM10": -13.6, "PM2_5": 152.6, "VOC": 233.4, "CO": 1177.9, "SOX": -129.6, "RGGI_PCT": 100, "CO2E_AVOIDL": 4456.9, "NOX_L": 50339.8, "PM10_L": -204.7, "PM2_5_L": 2289.1, "VOC_L": 3501.6, "CO_L": 17667.8, "SOX_L": -1944.4, "PROJ_LIFE": 15, "GLOBALID": "{4929139D-B246-4DB8-8933-7C98A327FAC8}"}, "geometry": {"type": "Point", "coordinates": [-74.0152624554951, 40.788349270446815]}}, {"type": "Feature", "properties": {"OBJECTID": 1992, "PROJ_ID": "PROD-00306479", "PROJ_NAME": "Revive By Carolina Inc", "PROG_NAME": "NJZIP", "CITY": "ENGLEWOOD CITY", "STATE": "NJ", "ZIP": "07631", "REC_ENT": "Revive By Carolina Inc", "SECTOR": "Commercial/Industrial", "FUND_AG": "EDA", "PROJ_DES": "1 electric Delivery Straight Truck", "LAT": 40.89385816, "LONG_": -73.97287582, "INITIATIVE": "Catalyze Clean, Equitable Transportation", "PROJ_COST": 99500, "RGGI_AMT": 99500, "CAL_YEAR": 2022, "STATUS": "Completed", "ECON_AID": "Grant", "CO2E_AVOID": 71.7, "MMBTU_AVOID": 659.6, "GAS_SAVED": 0.0, "ADD_ELEC": 0.0, "R80X50": "Yes", "EJ": "Yes", "COST_EFF": 92.47, "NOX": 132.0, "PM10": 1.0, "PM2_5": 1.5, "VOC": 1.5, "CO": 95.5, "SOX": 0.4, "RGGI_PCT": 100, "CO2E_AVOIDL": 1076.0, "NOX_L": 1979.4, "PM10_L": 15.6, "PM2_5_L": 22.9, "VOC_L": 22.9, "CO_L": 1432.6, "SOX_L": 5.8, "PROJ_LIFE": 15, "GLOBALID": "{01F86E5A-2C42-4BE2-87F9-0444BAF1C1DC}"}, "geometry": {"type": "Point", "coordinates": [-73.9728772689088, 40.89386645286608]}}, {"type": "Feature", "properties": {"OBJECTID": 1993, "PROJ_ID": "PROD-00303931", "PROJ_NAME": "Pick & Send Transportation", "PROG_NAME": "NJZIP", "CITY": "HAMILTON TWP", "STATE": "NJ", "ZIP": "08619", "REC_ENT": "Pick & Send Transportation", "SECTOR": "Commercial/Industrial", "FUND_AG": "EDA", "PROJ_DES": "4 electric Delivery Straight Truck", "LAT": 40.22419, "LONG_": -74.71331, "INITIATIVE": "Catalyze Clean, Equitable Transportation", "PROJ_COST": 398000, "RGGI_AMT": 391000, "CAL_YEAR": 2022, "STATUS": "Completed", "ECON_AID": "Grant", "CO2E_AVOID": 312.4, "MMBTU_AVOID": 2872.9, "GAS_SAVED": 0.0, "ADD_ELEC": 0.0, "R80X50": "Yes", "EJ": "Yes", "COST_EFF": 83.0, "NOX": 574.7, "PM10": 4.5, "PM2_5": 6.7, "VOC": 6.7, "CO": 416.0, "SOX": 1.7, "RGGI_PCT": 98, "CO2E_AVOIDL": 4686.7, "NOX_L": 8621.2, "PM10_L": 67.7, "PM2_5_L": 99.8, "VOC_L": 99.8, "CO_L": 6239.8, "SOX_L": 25.2, "PROJ_LIFE": 15, "GLOBALID": "{3721C03C-70B7-45DA-B1E9-640ABC14EBEE}"}, "geometry": {"type": "Point", "coordinates": [-74.71331164461853, 40.224198135092394]}}, {"type": "Feature", "properties": {"OBJECTID": 1994, "PROJ_ID": "DEP-ADMIN-EV-PF05.2", "PROJ_NAME": "D&R Canal State Park-Kingston", "PROG_NAME": "DEP State Offices - Lead By Example", "CITY": "SOUTH BRUNSWICK TWP", "STATE": "NJ", "ZIP": "08540", "REC_ENT": "D&R Canal State Park-Kingston", "SECTOR": "State Government", "FUND_AG": "DEP", "PROJ_DES": "1 electric Medium Duty Pick up and 1 charger", "LAT": 40.373501, "LONG_": -74.6186823, "INITIATIVE": "Catalyze Clean, Equitable Transportation", "PROJ_COST": 102000, "RGGI_AMT": 102000, "CAL_YEAR": 2024, "STATUS": "Awarded", "ECON_AID": "Other", "CO2E_AVOID": 1.4, "MMBTU_AVOID": 237.7, "GAS_SAVED": null, "ADD_ELEC": 0.0, "R80X50": "Yes", "EJ": "No", "COST_EFF": 4766.35514, "NOX": 0.8, "PM10": 0.1, "PM2_5": 0.1, "VOC": 1.4, "CO": 5.6, "SOX": 0.2, "RGGI_PCT": 100, "CO2E_AVOIDL": 21.4, "NOX_L": 12.6, "PM10_L": 1.6, "PM2_5_L": 1.0, "VOC_L": 21.6, "CO_L": 83.9, "SOX_L": 3.3, "PROJ_LIFE": 15, "GLOBALID": "{D2EE979B-8DBB-438F-AC35-B25EE89769B5}"}, "geometry": {"type": "Point", "coordinates": [-74.61868392365379, 40.373509168019794]}}, {"type": "Feature", "properties": {"OBJECTID": 1995, "PROJ_ID": "PROD-00311197", "PROJ_NAME": "Z. Transportation Inc.", "PROG_NAME": "NJZIP", "CITY": "LINCOLN PARK BORO", "STATE": "NJ", "ZIP": "07035", "REC_ENT": "Z. Transportation Inc.", "SECTOR": "Commercial/Industrial", "FUND_AG": "EDA", "PROJ_DES": "2 electric Regional Haul Freight Trucks", "LAT": 40.57348246, "LONG_": -74.42754315, "INITIATIVE": "Catalyze Clean, Equitable Transportation", "PROJ_COST": 831054, "RGGI_AMT": 350000, "CAL_YEAR": 2023, "STATUS": "Completed", "ECON_AID": "Grant", "CO2E_AVOID": 230.7452717, "MMBTU_AVOID": 31746.04478, "GAS_SAVED": 0.0, "ADD_ELEC": 0.0, "R80X50": "Yes", "EJ": "No", "COST_EFF": 101.0, "NOX": 772.9315528, "PM10": 9.06145574, "PM2_5": 7.90069286, "VOC": 7.90069286, "CO": 425.6904017, "SOX": 3.60055753, "RGGI_PCT": 42, "CO2E_AVOIDL": 3461.179075, "NOX_L": 11593.97329, "PM10_L": 135.9218361, "PM2_5_L": 118.5103929, "VOC_L": 118.5103929, "CO_L": 6385.356026, "SOX_L": 54.00836295, "PROJ_LIFE": 15, "GLOBALID": "{7CAD386D-D688-4BAF-AC5C-5145F0B8DD92}"}, "geometry": {"type": "Point", "coordinates": [-74.42754472478232, 40.57349067405235]}}, {"type": "Feature", "properties": {"OBJECTID": 1996, "PROJ_ID": "DEP-ADMIN-EV-FW03", "PROJ_NAME": "Clinton WMA", "PROG_NAME": "DEP State Offices - Lead By Example", "CITY": "UNION TWP", "STATE": "NJ", "ZIP": "08827", "REC_ENT": "Clinton WMA", "SECTOR": "State Government", "FUND_AG": "DEP", "PROJ_DES": "1 electric Medium Duty Pick up Truck and 1 charger", "LAT": 40.65473, "LONG_": -74.96379, "INITIATIVE": "Catalyze Clean, Equitable Transportation", "PROJ_COST": 102000, "RGGI_AMT": 102000, "CAL_YEAR": 2024, "STATUS": "Awarded", "ECON_AID": "Other", "CO2E_AVOID": 1.16315146, "MMBTU_AVOID": 142.6899896, "GAS_SAVED": null, "ADD_ELEC": 0.0, "R80X50": "Yes", "EJ": "No", "COST_EFF": 5846.186172, "NOX": 1.72496871, "PM10": 0.05473649, "PM2_5": 0.02637918, "VOC": 0.02637918, "CO": 3.51573885, "SOX": 0.09784065, "RGGI_PCT": 100, "CO2E_AVOIDL": 17.44727195, "NOX_L": 25.87453064, "PM10_L": 0.8210474, "PM2_5_L": 0.39568773, "VOC_L": 0.39568773, "CO_L": 52.7360827, "SOX_L": 1.46760978, "PROJ_LIFE": 15, "GLOBALID": "{C0BB7D7D-2238-48C7-9C25-5D88638C8DF7}"}, "geometry": {"type": "Point", "coordinates": [-74.96379175091624, 40.654738210819666]}}, {"type": "Feature", "properties": {"OBJECTID": 1997, "PROJ_ID": "DEP-ADMIN-EV-PF08", "PROJ_NAME": "Liberty State Park", "PROG_NAME": "DEP State Offices - Lead By Example", "CITY": "JERSEY CITY", "STATE": "NJ", "ZIP": "07305", "REC_ENT": "Liberty State Park", "SECTOR": "State Government", "FUND_AG": "DEP", "PROJ_DES": "2 electric medium duty pick-up trucks and 1 electric light-duty vehicle and 3 chargers", "LAT": 40.70011, "LONG_": -74.0644, "INITIATIVE": "Catalyze Clean, Equitable Transportation", "PROJ_COST": 306000, "RGGI_AMT": 306000, "CAL_YEAR": 2024, "STATUS": "Awarded", "ECON_AID": "Other", "CO2E_AVOID": 3.1, "MMBTU_AVOID": 563.0, "GAS_SAVED": null, "ADD_ELEC": 0.0, "R80X50": "Yes", "EJ": "Yes", "COST_EFF": 6652.173913, "NOX": 7.2, "PM10": 1.3, "PM2_5": 0.5, "VOC": 6.5, "CO": 32.3, "SOX": 1.8, "RGGI_PCT": 100, "CO2E_AVOIDL": 46.0, "NOX_L": 107.9, "PM10_L": 19.4, "PM2_5_L": 7.6, "VOC_L": 98.1, "CO_L": 484.2, "SOX_L": 27.5, "PROJ_LIFE": 15, "GLOBALID": "{271FDFEE-17D2-4CFD-808B-7E36C1CC4B32}"}, "geometry": {"type": "Point", "coordinates": [-74.06440146642498, 40.70011825194006]}}, {"type": "Feature", "properties": {"OBJECTID": 1998, "PROJ_ID": "PROD-00311194", "PROJ_NAME": "Zeem Solutions, LLC", "PROG_NAME": "NJZIP", "CITY": "ELIZABETH CITY", "STATE": "NJ", "ZIP": "07201", "REC_ENT": "Zeem Solutions, LLC", "SECTOR": "Commercial/Industrial", "FUND_AG": "EDA", "PROJ_DES": "2 electric Long Haul Freight Trucks", "LAT": 40.66764314, "LONG_": -74.20850191, "INITIATIVE": "Catalyze Clean, Equitable Transportation", "PROJ_COST": 924372, "RGGI_AMT": 472500, "CAL_YEAR": 2023, "STATUS": "Selected", "ECON_AID": "Grant", "CO2E_AVOID": 75.86112877, "MMBTU_AVOID": 8426.002848, "GAS_SAVED": 0.0, "ADD_ELEC": 0.0, "R80X50": "Yes", "EJ": "Yes", "COST_EFF": 415.0, "NOX": 442.2713888, "PM10": 2.19886216, "PM2_5": 2.21225827, "VOC": 2.21225827, "CO": 265.3596897, "SOX": -10.19214523, "RGGI_PCT": 51, "CO2E_AVOIDL": 1137.916932, "NOX_L": 6634.070833, "PM10_L": 32.98293236, "PM2_5_L": 33.18387406, "VOC_L": 33.18387406, "CO_L": 3980.395346, "SOX_L": -152.8821785, "PROJ_LIFE": 15, "GLOBALID": "{22E535F3-09A5-44AC-98D0-F813CCB2496E}"}, "geometry": {"type": "Point", "coordinates": [-74.20850342039483, 40.66765138049083]}}, {"type": "Feature", "properties": {"OBJECTID": 1999, "PROJ_ID": "PROD-00311141", "PROJ_NAME": "Specialty Services LLC", "PROG_NAME": "NJZIP", "CITY": "DOVER NJ", "STATE": "NJ", "ZIP": "07801", "REC_ENT": "Specialty Services LLC", "SECTOR": "Commercial/Industrial", "FUND_AG": "EDA", "PROJ_DES": "1 electric Utility Cargo Van", "LAT": 40.89759183, "LONG_": -74.56219756, "INITIATIVE": "Catalyze Clean, Equitable Transportation", "PROJ_COST": 110900, "RGGI_AMT": 87750, "CAL_YEAR": 2023, "STATUS": "Selected", "ECON_AID": "Grant", "CO2E_AVOID": 17.20519221, "MMBTU_AVOID": 2425.244397, "GAS_SAVED": 0.0, "ADD_ELEC": 0.0, "R80X50": "Yes", "EJ": "Yes", "COST_EFF": 340.0, "NOX": 8.26396331, "PM10": 1.07889731, "PM2_5": 0.66073398, "VOC": 17.15149512, "CO": 55.6526223, "SOX": 1.5959218, "RGGI_PCT": 79, "CO2E_AVOIDL": 258.0778832, "NOX_L": 123.9594497, "PM10_L": 16.18345959, "PM2_5_L": 9.91100973, "VOC_L": 257.2724268, "CO_L": 834.7893346, "SOX_L": 23.938827, "PROJ_LIFE": 15, "GLOBALID": "{4BB8AC5E-2E0D-430E-A6F5-5C45CD7F1254}"}, "geometry": {"type": "Point", "coordinates": [-74.56219919801481, 40.897600102594566]}}, {"type": "Feature", "properties": {"OBJECTID": 2000, "PROJ_ID": "DEP-ADMIN-EV-PF14", "PROJ_NAME": "Wharton State Forest", "PROG_NAME": "DEP State Offices - Lead By Example", "CITY": "HAMMONTON TOWN", "STATE": "NJ", "ZIP": "08037", "REC_ENT": "Wharton State Forest", "SECTOR": "State Government", "FUND_AG": "DEP", "PROJ_DES": "2 electric medium duty pick-up trucks and 2 chargers", "LAT": 39.64475, "LONG_": -74.64701, "INITIATIVE": "Catalyze Clean, Equitable Transportation", "PROJ_COST": 204000, "RGGI_AMT": 204000, "CAL_YEAR": 2024, "STATUS": "Awarded", "ECON_AID": "Other", "CO2E_AVOID": 10.7, "MMBTU_AVOID": 1399.2, "GAS_SAVED": null, "ADD_ELEC": 0.0, "R80X50": "Yes", "EJ": "No", "COST_EFF": 1272.613849, "NOX": 6.3, "PM10": 0.8, "PM2_5": 0.5, "VOC": 10.8, "CO": 42.0, "SOX": 1.7, "RGGI_PCT": 100, "CO2E_AVOIDL": 160.3, "NOX_L": 94.7, "PM10_L": 11.9, "PM2_5_L": 7.5, "VOC_L": 161.8, "CO_L": 629.4, "SOX_L": 25.1, "PROJ_LIFE": 15, "GLOBALID": "{32150775-2C8E-4E66-81B6-D792BF99146D}"}, "geometry": {"type": "Point", "coordinates": [-74.64701158903458, 39.64475802216664]}}, {"type": "Feature", "properties": {"OBJECTID": 2001, "PROJ_ID": "PROD-00311177", "PROJ_NAME": "19 Floyd LLC", "PROG_NAME": "NJZIP", "CITY": "JERSEY CITY", "STATE": "NJ", "ZIP": "07306", "REC_ENT": "19 Floyd LLC", "SECTOR": "Commercial/Industrial", "FUND_AG": "EDA", "PROJ_DES": "1 electric SUV", "LAT": 40.74125896, "LONG_": -74.0619917, "INITIATIVE": "Catalyze Clean, Equitable Transportation", "PROJ_COST": 79000, "RGGI_AMT": 27800, "CAL_YEAR": 2023, "STATUS": "Selected", "ECON_AID": "Grant", "CO2E_AVOID": 6.29224453, "MMBTU_AVOID": 890.1265095, "GAS_SAVED": 0.0, "ADD_ELEC": 0.0, "R80X50": "Yes", "EJ": "Yes", "COST_EFF": 295.0, "NOX": 4.01355325, "PM10": 0.48143075, "PM2_5": 0.3305199, "VOC": 8.63299389, "CO": 60.05973511, "SOX": 0.59965148, "RGGI_PCT": 35, "CO2E_AVOIDL": 94.38366792, "NOX_L": 60.20329881, "PM10_L": 7.22146122, "PM2_5_L": 4.95779856, "VOC_L": 129.4949083, "CO_L": 900.8960267, "SOX_L": 8.99477214, "PROJ_LIFE": 15, "GLOBALID": "{891AC982-40D5-4FE4-8E8A-4DFA844FD549}"}, "geometry": {"type": "Point", "coordinates": [-74.06199316830391, 40.74126722006993]}}, {"type": "Feature", "properties": {"OBJECTID": 2002, "PROJ_ID": "DEP-EV-49", "PROJ_NAME": "J. Carpiolin Transport LLC. - Newark/Paterson School District", "PROG_NAME": "NJDEP Medium and Heavy Duty Electric Vehicle", "CITY": "LODI BORO", "STATE": "NJ", "ZIP": "07644", "REC_ENT": "J. Carpiolin Transport LLC. - Newark/Paterson School District", "SECTOR": "Local Government", "FUND_AG": "DEP", "PROJ_DES": "Replacing three diesel school buses with three EV school buses, purchasing three electric chargers", "LAT": 40.88365361, "LONG_": -74.09053338, "INITIATIVE": "Catalyze Clean, Equitable Transportation", "PROJ_COST": 744020, "RGGI_AMT": 447465, "CAL_YEAR": 2022, "STATUS": "Awarded", "ECON_AID": "Grant", "CO2E_AVOID": 33.4, "MMBTU_AVOID": 3556.0, "GAS_SAVED": 0.0, "ADD_ELEC": 0.0, "R80X50": "Yes", "EJ": "Yes", "COST_EFF": 1672.14, "NOX": 273.9, "PM10": -1.5, "PM2_5": 2.5, "VOC": 22.5, "CO": 18.2, "SOX": -17.2, "RGGI_PCT": 60, "CO2E_AVOIDL": 501.5, "NOX_L": 4109.0, "PM10_L": -22.6, "PM2_5_L": 37.4, "VOC_L": 336.8, "CO_L": 272.3, "SOX_L": -257.4, "PROJ_LIFE": 15, "GLOBALID": "{F7E73C9A-2F2F-44D3-959C-4AA9F5F1584A}"}, "geometry": {"type": "Point", "coordinates": [-74.09052845690171, 40.883654526092606]}}, {"type": "Feature", "properties": {"OBJECTID": 2003, "PROJ_ID": "PROD-00310873", "PROJ_NAME": "APM Terminals Elizabeth LLC", "PROG_NAME": "NJZIP", "CITY": "ELIZABETH CITY", "STATE": "NJ", "ZIP": "07201", "REC_ENT": "APM Terminals Elizabeth LLC", "SECTOR": "Commercial/Industrial", "FUND_AG": "EDA", "PROJ_DES": "3 electric Utility Cargo Vans", "LAT": 40.92805041, "LONG_": -74.3141027, "INITIATIVE": "Catalyze Clean, Equitable Transportation", "PROJ_COST": 485850, "RGGI_AMT": 195000, "CAL_YEAR": 2023, "STATUS": "Selected", "ECON_AID": "Grant", "CO2E_AVOID": 38.82790529, "MMBTU_AVOID": 5455.816443, "GAS_SAVED": 0.0, "ADD_ELEC": 0.0, "R80X50": "Yes", "EJ": "No", "COST_EFF": 335.0, "NOX": 18.4, "PM10": 2.6, "PM2_5": 1.6, "VOC": 38.6, "CO": 125.2, "SOX": 3.4, "RGGI_PCT": 40, "CO2E_AVOIDL": 582.4185793, "NOX_L": 276.0, "PM10_L": 39.0, "PM2_5_L": 24.0, "VOC_L": 579.0, "CO_L": 1878.0, "SOX_L": 51.0, "PROJ_LIFE": 15, "GLOBALID": "{826650B8-546F-4679-BB56-CDE1FF0CEFA8}"}, "geometry": {"type": "Point", "coordinates": [-74.31410426031944, 40.92805869766357]}}, {"type": "Feature", "properties": {"OBJECTID": 2004, "PROJ_ID": "PROD-00306492", "PROJ_NAME": "Mundo Latino Pro service LLC", "PROG_NAME": "NJZIP", "CITY": "EDISON TWP", "STATE": "NJ", "ZIP": "08817", "REC_ENT": "Mundo Latino Pro service LLC", "SECTOR": "Commercial/Industrial", "FUND_AG": "EDA", "PROJ_DES": "1 electric Utility Cargo Van", "LAT": 40.51272397, "LONG_": -74.40207959, "INITIATIVE": "Catalyze Clean, Equitable Transportation", "PROJ_COST": 99500, "RGGI_AMT": 97750, "CAL_YEAR": 2022, "STATUS": "Completed", "ECON_AID": "Grant", "CO2E_AVOID": 16.7, "MMBTU_AVOID": 149.6, "GAS_SAVED": 0.0, "ADD_ELEC": 0.0, "R80X50": "Yes", "EJ": "Yes", "COST_EFF": 389.7018313, "NOX": 7.6, "PM10": 0.9, "PM2_5": 0.7, "VOC": 17.9, "CO": 44.7, "SOX": 2.4, "RGGI_PCT": 98, "CO2E_AVOIDL": 250.8, "NOX_L": 114.3, "PM10_L": 12.8, "PM2_5_L": 10.0, "VOC_L": 269.0, "CO_L": 670.1, "SOX_L": 35.4, "PROJ_LIFE": 15, "GLOBALID": "{47CD7E5B-4BB1-4548-8350-E7FB4528DF4C}"}, "geometry": {"type": "Point", "coordinates": [-74.40208115278894, 40.51273217329536]}}, {"type": "Feature", "properties": {"OBJECTID": 2005, "PROJ_ID": "PROD-00297128", "PROJ_NAME": "Paradise Flowers Distribution LLC", "PROG_NAME": "NJZIP", "CITY": "SOUTH AMBOY CITY", "STATE": "NJ", "ZIP": "08879", "REC_ENT": "Paradise Flowers Distribution LLC", "SECTOR": "Commercial/Industrial", "FUND_AG": "EDA", "PROJ_DES": "3 electric utility cargo vans", "LAT": 40.47815, "LONG_": -74.29288, "INITIATIVE": "Catalyze Clean, Equitable Transportation", "PROJ_COST": 335700, "RGGI_AMT": 305250, "CAL_YEAR": 2021, "STATUS": "Completed", "ECON_AID": "Grant", "CO2E_AVOID": 75.2, "MMBTU_AVOID": 673.4, "GAS_SAVED": 0.0, "ADD_ELEC": 0.0, "R80X50": "Yes", "EJ": "Yes", "COST_EFF": 270.43, "NOX": 34.3, "PM10": 3.8, "PM2_5": 3.0, "VOC": 80.7, "CO": 201.0, "SOX": 10.6, "RGGI_PCT": 91, "CO2E_AVOIDL": 1128.7, "NOX_L": 514.4, "PM10_L": 57.5, "PM2_5_L": 45.1, "VOC_L": 1210.6, "CO_L": 3015.5, "SOX_L": 159.2, "PROJ_LIFE": 15, "GLOBALID": "{6FF9F07E-A90F-4E28-B4FA-73DE1A413EA2}"}, "geometry": {"type": "Point", "coordinates": [-74.29287896740847, 40.47815426960501]}}, {"type": "Feature", "properties": {"OBJECTID": 2006, "PROJ_ID": "PROD-00301913", "PROJ_NAME": "Old Village Farm LLC", "PROG_NAME": "NJZIP", "CITY": "MILFORD BORO", "STATE": "NJ", "ZIP": "08848", "REC_ENT": "Old Village Farm LLC", "SECTOR": "Commercial/Industrial", "FUND_AG": "EDA", "PROJ_DES": "2 electric Delivery Step Van", "LAT": 40.57933, "LONG_": -75.19149, "INITIATIVE": "Catalyze Clean, Equitable Transportation", "PROJ_COST": 223800, "RGGI_AMT": 203500, "CAL_YEAR": 2021, "STATUS": "Completed", "ECON_AID": "Grant", "CO2E_AVOID": 86.8, "MMBTU_AVOID": 831.9, "GAS_SAVED": 0.0, "ADD_ELEC": 0.0, "R80X50": "Yes", "EJ": "Yes", "COST_EFF": 156.2697535, "NOX": 56.93089715, "PM10": 1.66656903, "PM2_5": 4.0932029, "VOC": 138.3505163, "CO": 724.0284621, "SOX": 18.24513644, "RGGI_PCT": 91, "CO2E_AVOIDL": 1302.2, "NOX_L": 853.9634573, "PM10_L": 24.9985355, "PM2_5_L": 61.39804355, "VOC_L": 2075.257745, "CO_L": 10860.42693, "SOX_L": 273.6770466, "PROJ_LIFE": 15, "GLOBALID": "{D044F181-25FC-452D-8B18-F286CC9E5E3A}"}, "geometry": {"type": "Point", "coordinates": [-75.19150187776364, 40.57934384644576]}}, {"type": "Feature", "properties": {"OBJECTID": 2007, "PROJ_ID": "DEP-ADMIN-EV-FW07", "PROJ_NAME": "Nacote Creek", "PROG_NAME": "DEP State Offices - Lead By Example", "CITY": "GALLOWAY TWP", "STATE": "NJ", "ZIP": "08241", "REC_ENT": "Nacote Creek", "SECTOR": "State Government", "FUND_AG": "DEP", "PROJ_DES": "1 electric Medium Duty Pick up Truck and 1 charger", "LAT": 39.53024389, "LONG_": -74.46039086, "INITIATIVE": "Catalyze Clean, Equitable Transportation", "PROJ_COST": 102000, "RGGI_AMT": 102000, "CAL_YEAR": 2024, "STATUS": "Awarded", "ECON_AID": "Other", "CO2E_AVOID": 4.5648618, "MMBTU_AVOID": 524.3668807, "GAS_SAVED": null, "ADD_ELEC": 0.0, "R80X50": "Yes", "EJ": "Yes", "COST_EFF": 1489.639841, "NOX": 2.51465945, "PM10": 0.35574618, "PM2_5": 0.21980597, "VOC": 4.99374127, "CO": 27.0097936, "SOX": 0.63844013, "RGGI_PCT": 100, "CO2E_AVOIDL": 68.47292695, "NOX_L": 37.71989181, "PM10_L": 5.33619276, "PM2_5_L": 3.29708961, "VOC_L": 74.90611904, "CO_L": 405.1469039, "SOX_L": 9.57660194, "PROJ_LIFE": 15, "GLOBALID": "{49CA5F92-4A98-4DFF-854C-01CE2EB2CD43}"}, "geometry": {"type": "Point", "coordinates": [-74.46039238316256, 39.53025189574838]}}, {"type": "Feature", "properties": {"OBJECTID": 2008, "PROJ_ID": "PROD-00310880", "PROJ_NAME": "BAM Sunshine Group LLC", "PROG_NAME": "NJZIP", "CITY": "FRANKLIN TWP", "STATE": "NJ", "ZIP": "08873", "REC_ENT": "BAM Sunshine Group LLC", "SECTOR": "Commercial/Industrial", "FUND_AG": "EDA", "PROJ_DES": "1 electric Utility Cargo Van", "LAT": 40.53623477, "LONG_": -74.50870705, "INITIATIVE": "Catalyze Clean, Equitable Transportation", "PROJ_COST": 110900, "RGGI_AMT": 92950, "CAL_YEAR": 2023, "STATUS": "Selected", "ECON_AID": "Grant", "CO2E_AVOID": 30.10908637, "MMBTU_AVOID": 4244.177694, "GAS_SAVED": 0.0, "ADD_ELEC": 0.0, "R80X50": "Yes", "EJ": "No", "COST_EFF": 206.0, "NOX": 14.46193579, "PM10": 1.88807029, "PM2_5": 1.15628447, "VOC": 30.01511646, "CO": 97.39208903, "SOX": 2.79286315, "RGGI_PCT": 84, "CO2E_AVOIDL": 451.6362955, "NOX_L": 216.9290369, "PM10_L": 28.32105428, "PM2_5_L": 17.34426703, "VOC_L": 450.2267468, "CO_L": 1460.881335, "SOX_L": 41.89294725, "PROJ_LIFE": 15, "GLOBALID": "{A29909C0-4AD3-4924-A749-BB09B47EE7EF}"}, "geometry": {"type": "Point", "coordinates": [-74.50870864853985, 40.53624297405727]}}, {"type": "Feature", "properties": {"OBJECTID": 2009, "PROJ_ID": "PROD-00288621", "PROJ_NAME": "ENAT DELIVERIES LLC", "PROG_NAME": "NJZIP", "CITY": "NORTH BERGEN TWP", "STATE": "NJ", "ZIP": "07047", "REC_ENT": "ENAT DELIVERIES LLC", "SECTOR": "Commercial/Industrial", "FUND_AG": "EDA", "PROJ_DES": "3 electric delivery step van", "LAT": 40.79703974, "LONG_": -74.02175202, "INITIATIVE": "Catalyze Clean, Equitable Transportation", "PROJ_COST": 332700, "RGGI_AMT": 305250, "CAL_YEAR": 2021, "STATUS": "Completed", "ECON_AID": "Grant", "CO2E_AVOID": 22.6, "MMBTU_AVOID": 216.3, "GAS_SAVED": 0.0, "ADD_ELEC": 0.0, "R80X50": "Yes", "EJ": "Yes", "COST_EFF": 901.56, "NOX": 14.8, "PM10": 0.4, "PM2_5": 1.1, "VOC": 36.0, "CO": 188.2, "SOX": 4.7, "RGGI_PCT": 92, "CO2E_AVOIDL": 338.6, "NOX_L": 222.0, "PM10_L": 6.5, "PM2_5_L": 16.0, "VOC_L": 539.6, "CO_L": 2823.7, "SOX_L": 71.2, "PROJ_LIFE": 15, "GLOBALID": "{8844374E-6718-441D-A4CD-591D2ACA3684}"}, "geometry": {"type": "Point", "coordinates": [-74.02175092387283, 40.79704407595516]}}, {"type": "Feature", "properties": {"OBJECTID": 2010, "PROJ_ID": "DEP-ADMIN-EV-FW04", "PROJ_NAME": "Hackettstown Hatchery", "PROG_NAME": "DEP State Offices - Lead By Example", "CITY": "HACKETTSTOWN TOWN", "STATE": "NJ", "ZIP": "07840", "REC_ENT": "Hacketstown Hatchery", "SECTOR": "State Government", "FUND_AG": "DEP", "PROJ_DES": "1 electric Medium Duty Pick up Truck and 1 charger", "LAT": 40.84114, "LONG_": -74.83523, "INITIATIVE": "Catalyze Clean, Equitable Transportation", "PROJ_COST": 102000, "RGGI_AMT": 102000, "CAL_YEAR": 2024, "STATUS": "Awarded", "ECON_AID": "Other", "CO2E_AVOID": 3.56175622, "MMBTU_AVOID": 466.3931532, "GAS_SAVED": null, "ADD_ELEC": 0.0, "R80X50": "Yes", "EJ": "Yes", "COST_EFF": 1909.17053, "NOX": 2.10445452, "PM10": 0.26374521, "PM2_5": 0.16752372, "VOC": 3.59614904, "CO": 13.98614261, "SOX": 0.558311, "RGGI_PCT": 100, "CO2E_AVOIDL": 53.42634322, "NOX_L": 31.56681786, "PM10_L": 3.95617815, "PM2_5_L": 2.51285583, "VOC_L": 53.94223565, "CO_L": 209.7921392, "SOX_L": 8.37466504, "PROJ_LIFE": 15, "GLOBALID": "{12182796-2DB5-4E2C-9548-FAD101CD3221}"}, "geometry": {"type": "Point", "coordinates": [-74.83523172148323, 40.84114825182591]}}, {"type": "Feature", "properties": {"OBJECTID": 2011, "PROJ_ID": "EVLVL-2022-Mount Laurel Township-00846", "PROJ_NAME": "\u00a0Mount Laurel Police Department Lot Chargers", "PROG_NAME": "It Pay$ to Plug In", "CITY": "MOUNT LAUREL TWP", "STATE": "NJ", "ZIP": "08054", "REC_ENT": "Mount Laurel Township", "SECTOR": "Local Government", "FUND_AG": "DEP", "PROJ_DES": "1 Dual-port, level 2, public EV charging station", "LAT": 39.95806059, "LONG_": -74.92519426, "INITIATIVE": "Catalyze Clean, Equitable Transportation", "PROJ_COST": 8000, "RGGI_AMT": 8000, "CAL_YEAR": 2023, "STATUS": "Awarded", "ECON_AID": "Grant", "CO2E_AVOID": 7.10115909, "MMBTU_AVOID": 1159.221559, "GAS_SAVED": null, "ADD_ELEC": 0.0, "R80X50": "Yes", "EJ": "Yes", "COST_EFF": 75.10510981, "NOX": 4.99076899, "PM10": 0.60956672, "PM2_5": 0.40883431, "VOC": 11.38431462, "CO": 54.17605875, "SOX": 1.12918094, "RGGI_PCT": 100, "CO2E_AVOIDL": 106.5173864, "NOX_L": 74.86153485, "PM10_L": 9.14350081, "PM2_5_L": 6.1325146, "VOC_L": 170.7647192, "CO_L": 812.6408812, "SOX_L": 16.93771409, "PROJ_LIFE": 15, "GLOBALID": "{E3E3D191-0B74-44BA-A618-DFD5540CB6B2}"}, "geometry": {"type": "Point", "coordinates": [-74.92519595569533, 39.95806866488865]}}, {"type": "Feature", "properties": {"OBJECTID": 2012, "PROJ_ID": "DEP-ADMIN-EV-PF15", "PROJ_NAME": "Parvin State Park", "PROG_NAME": "DEP State Offices - Lead By Example", "CITY": "PITTSGROVE TWP", "STATE": "NJ", "ZIP": "08318", "REC_ENT": "Parvin State Park", "SECTOR": "State Government", "FUND_AG": "DEP", "PROJ_DES": "2 electric medium duty pick-up trucks and 2 chargers", "LAT": 39.51057433, "LONG_": -75.13265663, "INITIATIVE": "Catalyze Clean, Equitable Transportation", "PROJ_COST": 204000, "RGGI_AMT": 204000, "CAL_YEAR": 2024, "STATUS": "Awarded", "ECON_AID": "Other", "CO2E_AVOID": 9.4, "MMBTU_AVOID": 1399.2, "GAS_SAVED": null, "ADD_ELEC": 0.0, "R80X50": "Yes", "EJ": "No", "COST_EFF": 1452.991453, "NOX": 11.4, "PM10": 1.9, "PM2_5": 0.8, "VOC": 13.2, "CO": 44.1, "SOX": 3.1, "RGGI_PCT": 100, "CO2E_AVOIDL": 140.4, "NOX_L": 170.7, "PM10_L": 27.9, "PM2_5_L": 12.5, "VOC_L": 197.3, "CO_L": 661.1, "SOX_L": 45.8, "PROJ_LIFE": 15, "GLOBALID": "{677FE83E-B8B7-4118-BA44-A9BFFACEBB39}"}, "geometry": {"type": "Point", "coordinates": [-75.13265836459692, 39.51058230804432]}}, {"type": "Feature", "properties": {"OBJECTID": 2013, "PROJ_ID": "DEP-EV-10", "PROJ_NAME": "Borough of Bergenfield", "PROG_NAME": "NJDEP Medium and Heavy Duty Electric Vehicle", "CITY": "BERGENFIELD BORO", "STATE": "NJ", "ZIP": "07621", "REC_ENT": "Borough of Bergenfield", "SECTOR": "Local Government", "FUND_AG": "DEP", "PROJ_DES": "2 electric garbage trucks", "LAT": 40.934649, "LONG_": -73.996156, "INITIATIVE": "Catalyze Clean, Equitable Transportation", "PROJ_COST": 1282863, "RGGI_AMT": 1282863, "CAL_YEAR": 2021, "STATUS": "Awarded", "ECON_AID": "Grant", "CO2E_AVOID": 244.0, "MMBTU_AVOID": 3528.0, "GAS_SAVED": 0.0, "ADD_ELEC": 0.0, "R80X50": "Yes", "EJ": "Yes", "COST_EFF": 351.0, "NOX": 5311.1, "PM10": -11.2, "PM2_5": 370.2, "VOC": 168.8, "CO": 899.2, "SOX": -102.1, "RGGI_PCT": 100, "CO2E_AVOIDL": 3659.3, "NOX_L": 79667.1, "PM10_L": -168.7, "PM2_5_L": 5553.1, "VOC_L": 2532.3, "CO_L": 13488.5, "SOX_L": -1531.3, "PROJ_LIFE": 15, "GLOBALID": "{B8F02F69-E366-47D4-B929-7C76FB7F738C}"}, "geometry": {"type": "Point", "coordinates": [-73.99615745929316, 40.934657300168666]}}, {"type": "Feature", "properties": {"OBJECTID": 2014, "PROJ_ID": "PROD-00297118", "PROJ_NAME": "Vet on Wheels", "PROG_NAME": "NJZIP", "CITY": "MONTCLAIR TWP", "STATE": "NJ", "ZIP": "07042", "REC_ENT": "Vet on Wheels", "SECTOR": "Commercial/Industrial", "FUND_AG": "EDA", "PROJ_DES": "1 electric utility cargo van", "LAT": 40.823547, "LONG_": -74.199563, "INITIATIVE": "Catalyze Clean, Equitable Transportation", "PROJ_COST": 100000, "RGGI_AMT": 97750, "CAL_YEAR": 2022, "STATUS": "Completed", "ECON_AID": "Grant", "CO2E_AVOID": 12.2, "MMBTU_AVOID": 112.2, "GAS_SAVED": 0.0, "ADD_ELEC": 0.0, "R80X50": "Yes", "EJ": "Yes", "COST_EFF": 535.5, "NOX": 4.99, "PM10": 0.61, "PM2_5": 0.48, "VOC": 13.32, "CO": 32.92, "SOX": 1.6, "RGGI_PCT": 98, "CO2E_AVOIDL": 182.5, "NOX_L": 74.79, "PM10_L": 9.22, "PM2_5_L": 7.15, "VOC_L": 199.82, "CO_L": 493.73, "SOX_L": 23.94, "PROJ_LIFE": 15, "GLOBALID": "{8671BF58-958D-4351-97BD-B0BF1B66EC4A}"}, "geometry": {"type": "Point", "coordinates": [-74.19955513956745, 40.82354809845728]}}, {"type": "Feature", "properties": {"OBJECTID": 2015, "PROJ_ID": "PROD-00310883", "PROJ_NAME": "Old Rose Trucking", "PROG_NAME": "NJZIP", "CITY": "TRENTON CITY", "STATE": "NJ", "ZIP": "08618", "REC_ENT": "Old Rose Trucking", "SECTOR": "Commercial/Industrial", "FUND_AG": "EDA", "PROJ_DES": "2 electric Delivery Step Vans and 2 electric Delivery Straight Trucks", "LAT": 40.22738482, "LONG_": -74.76023192, "INITIATIVE": "Catalyze Clean, Equitable Transportation", "PROJ_COST": 439600, "RGGI_AMT": 361400, "CAL_YEAR": 2024, "STATUS": "Selected", "ECON_AID": "Grant", "CO2E_AVOID": 189.5, "MMBTU_AVOID": 27455.6, "GAS_SAVED": null, "ADD_ELEC": 0.0, "R80X50": "Yes", "EJ": "Yes", "COST_EFF": 127.1461, "NOX": 222.5, "PM10": 5.2, "PM2_5": 6.3, "VOC": 142.2, "CO": 1025.1, "SOX": 17.0, "RGGI_PCT": 82, "CO2E_AVOIDL": 2842.4, "NOX_L": 3337.9, "PM10_L": 78.3, "PM2_5_L": 93.9, "VOC_L": 2132.8, "CO_L": 15376.2, "SOX_L": 254.3, "PROJ_LIFE": 15, "GLOBALID": "{C966FB11-9041-4DB8-9BE3-0D625EE8BE1F}"}, "geometry": {"type": "Point", "coordinates": [-74.7602335798035, 40.227392954033526]}}, {"type": "Feature", "properties": {"OBJECTID": 2016, "PROJ_ID": "PROD-00306483", "PROJ_NAME": "La Oficina LLC", "PROG_NAME": "NJZIP", "CITY": "LODI BORO", "STATE": "NJ", "ZIP": "07644", "REC_ENT": "La Oficina LLC", "SECTOR": "Commercial/Industrial", "FUND_AG": "EDA", "PROJ_DES": "1 Delivery Straight Truck", "LAT": 40.88012092, "LONG_": -74.07439889, "INITIATIVE": "Catalyze Clean, Equitable Transportation", "PROJ_COST": 99500, "RGGI_AMT": 99500, "CAL_YEAR": 2022, "STATUS": "Completed", "ECON_AID": "Grant", "CO2E_AVOID": 71.7, "MMBTU_AVOID": 659.6, "GAS_SAVED": 0.0, "ADD_ELEC": 0.0, "R80X50": "Yes", "EJ": "Yes", "COST_EFF": 92.47, "NOX": 132.0, "PM10": 1.0, "PM2_5": 1.5, "VOC": 1.5, "CO": 95.5, "SOX": 0.4, "RGGI_PCT": 100, "CO2E_AVOIDL": 1076.0, "NOX_L": 1979.4, "PM10_L": 15.6, "PM2_5_L": 22.9, "VOC_L": 22.9, "CO_L": 1432.6, "SOX_L": 5.8, "PROJ_LIFE": 15, "GLOBALID": "{7890081C-C644-472B-8199-621749B6D26B}"}, "geometry": {"type": "Point", "coordinates": [-74.07440037060161, 40.88012920657775]}}, {"type": "Feature", "properties": {"OBJECTID": 2017, "PROJ_ID": "PROD-00308725", "PROJ_NAME": "Diber Web Services LLC", "PROG_NAME": "NJZIP", "CITY": "NEWARK CITY", "STATE": "NJ", "ZIP": "07104", "REC_ENT": "Diber Web Services LLC", "SECTOR": "Commercial/Industrial", "FUND_AG": "EDA", "PROJ_DES": "1 Delivery Straight Truck", "LAT": 40.77502452, "LONG_": -74.16583986, "INITIATIVE": "Catalyze Clean, Equitable Transportation", "PROJ_COST": 99500, "RGGI_AMT": 97750, "CAL_YEAR": 2022, "STATUS": "Completed", "ECON_AID": "Grant", "CO2E_AVOID": 71.7, "MMBTU_AVOID": 659.6, "GAS_SAVED": 0.0, "ADD_ELEC": 0.0, "R80X50": "Yes", "EJ": "Yes", "COST_EFF": 90.84, "NOX": 132.0, "PM10": 1.0, "PM2_5": 1.5, "VOC": 1.5, "CO": 95.5, "SOX": 0.4, "RGGI_PCT": 98, "CO2E_AVOIDL": 1076.0, "NOX_L": 1979.4, "PM10_L": 15.6, "PM2_5_L": 22.9, "VOC_L": 22.9, "CO_L": 1432.6, "SOX_L": 5.8, "PROJ_LIFE": 15, "GLOBALID": "{AC288415-9008-4EE4-821A-2BF1E94BA0EC}"}, "geometry": {"type": "Point", "coordinates": [-74.16584136341018, 40.77503278295075]}}, {"type": "Feature", "properties": {"OBJECTID": 2018, "PROJ_ID": "PROD-00300391", "PROJ_NAME": "ENAT Deliveries", "PROG_NAME": "NJZIP", "CITY": "RIDGEFIELD PARK VILLAGE", "STATE": "NJ", "ZIP": "07660", "REC_ENT": "ENAT Deliveries", "SECTOR": "Commercial/Industrial", "FUND_AG": "EDA", "PROJ_DES": "1 electric Delivery Straight Truck", "LAT": 40.856178, "LONG_": -74.018293, "INITIATIVE": "Catalyze Clean, Equitable Transportation", "PROJ_COST": 153599, "RGGI_AMT": 101750, "CAL_YEAR": 2021, "STATUS": "Completed", "ECON_AID": "Grant", "CO2E_AVOID": 19.8, "MMBTU_AVOID": 188.3, "GAS_SAVED": 0.0, "ADD_ELEC": 0.0, "R80X50": "Yes", "EJ": "Yes", "COST_EFF": 342.0, "NOX": 31.7, "PM10": 0.3, "PM2_5": 0.3, "VOC": 3.9, "CO": 25.6, "SOX": 0.9, "RGGI_PCT": 66, "CO2E_AVOIDL": 297.1, "NOX_L": 475.8, "PM10_L": 5.2, "PM2_5_L": 4.3, "VOC_L": 58.7, "CO_L": 383.9, "SOX_L": 13.1, "PROJ_LIFE": 15, "GLOBALID": "{5E34CDAB-4EA9-44FE-81D0-B876D63C22EA}"}, "geometry": {"type": "Point", "coordinates": [-74.01829187586982, 40.856186273327836]}}, {"type": "Feature", "properties": {"OBJECTID": 2019, "PROJ_ID": "PROD-00288710", "PROJ_NAME": "JKMAK Investment Group", "PROG_NAME": "NJZIP", "CITY": "UNION CITY", "STATE": "NJ", "ZIP": "07087", "REC_ENT": "JKMAK Investment Group", "SECTOR": "Commercial/Industrial", "FUND_AG": "EDA", "PROJ_DES": "1 electric utility cargo van", "LAT": 40.776105, "LONG_": -74.025925, "INITIATIVE": "Catalyze Clean, Equitable Transportation", "PROJ_COST": 99500, "RGGI_AMT": 97750, "CAL_YEAR": 2021, "STATUS": "Completed", "ECON_AID": "Grant", "CO2E_AVOID": 5.4, "MMBTU_AVOID": 48.6, "GAS_SAVED": 0.0, "ADD_ELEC": 0.0, "R80X50": "Yes", "EJ": "Yes", "COST_EFF": 1199.08, "NOX": 2.5, "PM10": 0.3, "PM2_5": 0.2, "VOC": 5.8, "CO": 14.5, "SOX": 0.8, "RGGI_PCT": 98, "CO2E_AVOIDL": 81.5, "NOX_L": 37.2, "PM10_L": 4.2, "PM2_5_L": 3.3, "VOC_L": 87.4, "CO_L": 217.8, "SOX_L": 11.5, "PROJ_LIFE": 15, "GLOBALID": "{A41795A9-D465-4907-BE95-433B0982E70C}"}, "geometry": {"type": "Point", "coordinates": [-74.02599331858059, 40.77617005739688]}}, {"type": "Feature", "properties": {"OBJECTID": 2020, "PROJ_ID": "PROD-00310872", "PROJ_NAME": "Z. Transportation Inc.", "PROG_NAME": "NJZIP", "CITY": "LINCOLN PARK BORO", "STATE": "NJ", "ZIP": "07035", "REC_ENT": "Z. Transportation Inc.", "SECTOR": "Commercial/Industrial", "FUND_AG": "EDA", "PROJ_DES": "4 electric Long Haul Freight Trucks", "LAT": 40.57348246, "LONG_": -74.42754315, "INITIATIVE": "Catalyze Clean, Equitable Transportation", "PROJ_COST": 1628000, "RGGI_AMT": 350000, "CAL_YEAR": 2023, "STATUS": "Selected", "ECON_AID": "Grant", "CO2E_AVOID": 225.4679609, "MMBTU_AVOID": 25032.77083, "GAS_SAVED": 0.0, "ADD_ELEC": 0.0, "R80X50": "Yes", "EJ": "No", "COST_EFF": 207.0, "NOX": 1314.4, "PM10": 6.4, "PM2_5": 6.66666667, "VOC": 6.66666667, "CO": 788.2666667, "SOX": -30.4, "RGGI_PCT": 21, "CO2E_AVOIDL": 3382.019414, "NOX_L": 19716.0, "PM10_L": 96.0, "PM2_5_L": 100.0, "VOC_L": 100.0, "CO_L": 11824.0, "SOX_L": -456.0, "PROJ_LIFE": 15, "GLOBALID": "{6B12934E-5D01-49EF-813A-B2B0D705F6FE}"}, "geometry": {"type": "Point", "coordinates": [-74.42754472478232, 40.57349067405235]}}, {"type": "Feature", "properties": {"OBJECTID": 2021, "PROJ_ID": "PROD-00297271", "PROJ_NAME": "Zippo Communications LLC", "PROG_NAME": "NJZIP", "CITY": "BELLEVILLE TWP", "STATE": "NJ", "ZIP": "07109", "REC_ENT": "Zippo Communications LLC", "SECTOR": "Commercial/Industrial", "FUND_AG": "EDA", "PROJ_DES": "2 electric Utility Cargo Vans", "LAT": 40.80593, "LONG_": -74.14654, "INITIATIVE": "Catalyze Clean, Equitable Transportation", "PROJ_COST": 239600, "RGGI_AMT": 187500, "CAL_YEAR": 2021, "STATUS": "Completed", "ECON_AID": "Grant", "CO2E_AVOID": 33.4, "MMBTU_AVOID": 299.3, "GAS_SAVED": 0.0, "ADD_ELEC": 0.0, "R80X50": "Yes", "EJ": "Yes", "COST_EFF": 374.0, "NOX": 15.2, "PM10": 1.7, "PM2_5": 1.3, "VOC": 35.9, "CO": 89.3, "SOX": 4.7, "RGGI_PCT": 78, "CO2E_AVOIDL": 501.7, "NOX_L": 228.6, "PM10_L": 25.6, "PM2_5_L": 20.0, "VOC_L": 538.0, "CO_L": 1340.2, "SOX_L": 70.8, "PROJ_LIFE": 15, "GLOBALID": "{4692FF84-282C-419A-A891-B35F9AD698A9}"}, "geometry": {"type": "Point", "coordinates": [-74.146544092699, 40.805936314582574]}}, {"type": "Feature", "properties": {"OBJECTID": 2022, "PROJ_ID": "PROD-00306481", "PROJ_NAME": "Revive By Carolina Inc", "PROG_NAME": "NJZIP", "CITY": "ENGLEWOOD CITY", "STATE": "NJ", "ZIP": "07631", "REC_ENT": "Revive By Carolina Inc", "SECTOR": "Commercial/Industrial", "FUND_AG": "EDA", "PROJ_DES": "1 electric Delivery Straight Truck", "LAT": 40.89386627, "LONG_": -73.9728329, "INITIATIVE": "Catalyze Clean, Equitable Transportation", "PROJ_COST": 99500, "RGGI_AMT": 99500, "CAL_YEAR": 2022, "STATUS": "Selected", "ECON_AID": "Grant", "CO2E_AVOID": 76.5, "MMBTU_AVOID": 703.6, "GAS_SAVED": 0.0, "ADD_ELEC": 0.0, "R80X50": "Yes", "EJ": "Yes", "COST_EFF": 86.69092254, "NOX": 140.7539785, "PM10": 1.10579783, "PM2_5": 1.63013631, "VOC": 1.63013631, "CO": 101.8744466, "SOX": 0.41214382, "RGGI_PCT": 100, "CO2E_AVOIDL": 1147.8, "NOX_L": 2111.309677, "PM10_L": 16.58696737, "PM2_5_L": 24.45204466, "VOC_L": 24.45204466, "CO_L": 1528.116699, "SOX_L": 6.18215728, "PROJ_LIFE": 15, "GLOBALID": "{5FC876FC-52EB-41F9-AADE-29781DCE0509}"}, "geometry": {"type": "Point", "coordinates": [-73.97283434901613, 40.893874562843635]}}, {"type": "Feature", "properties": {"OBJECTID": 2023, "PROJ_ID": "PROD-00310892", "PROJ_NAME": "Dry Goods Refillery, LLC", "PROG_NAME": "NJZIP", "CITY": "SOUTH ORANGE VILLAGE TWP", "STATE": "NJ", "ZIP": "07079", "REC_ENT": "Dry Goods Refillery, LLC", "SECTOR": "Commercial/Industrial", "FUND_AG": "EDA", "PROJ_DES": "1 electric Utility Cargo Van", "LAT": 40.73719305, "LONG_": -74.26181285, "INITIATIVE": "Catalyze Clean, Equitable Transportation", "PROJ_COST": 109950, "RGGI_AMT": 90350, "CAL_YEAR": 2023, "STATUS": "Completed", "ECON_AID": "Grant", "CO2E_AVOID": 9.46285572, "MMBTU_AVOID": 1333.884418, "GAS_SAVED": 0.0, "ADD_ELEC": 0.0, "R80X50": "Yes", "EJ": "Yes", "COST_EFF": 637.0, "NOX": 4.54517982, "PM10": 0.59339352, "PM2_5": 0.36340369, "VOC": 9.43332231, "CO": 30.60894227, "SOX": 0.87775699, "RGGI_PCT": 82, "CO2E_AVOIDL": 141.9428357, "NOX_L": 68.17769731, "PM10_L": 8.90090277, "PM2_5_L": 5.45105535, "VOC_L": 141.4998347, "CO_L": 459.134134, "SOX_L": 13.16635485, "PROJ_LIFE": 15, "GLOBALID": "{D8CB5D9D-C9ED-4140-8866-B5CA58F2DC5E}"}, "geometry": {"type": "Point", "coordinates": [-74.26181438187098, 40.7372013020866]}}, {"type": "Feature", "properties": {"OBJECTID": 2024, "PROJ_ID": "PROD-00306315", "PROJ_NAME": "Adapa LLC", "PROG_NAME": "NJZIP", "CITY": "HASBROUCK HEIGHTS BORO", "STATE": "NJ", "ZIP": "07604", "REC_ENT": "Adapa LLC", "SECTOR": "Commercial/Industrial", "FUND_AG": "EDA", "PROJ_DES": "3 Delivery Step Vans", "LAT": 40.86356389, "LONG_": -74.06537785, "INITIATIVE": "Catalyze Clean, Equitable Transportation", "PROJ_COST": 465000, "RGGI_AMT": 318750, "CAL_YEAR": 2022, "STATUS": "Completed", "ECON_AID": "Grant", "CO2E_AVOID": 118.8, "MMBTU_AVOID": 1092.2, "GAS_SAVED": 0.0, "ADD_ELEC": 0.0, "R80X50": "Yes", "EJ": "Yes", "COST_EFF": 178.89, "NOX": 266.66, "PM10": 1.97, "PM2_5": 2.76, "VOC": 2.76, "CO": 194.34, "SOX": 0.64, "RGGI_PCT": 69, "CO2E_AVOIDL": 1781.8, "NOX_L": 3999.83, "PM10_L": 29.58, "PM2_5_L": 41.42, "VOC_L": 41.42, "CO_L": 2915.12, "SOX_L": 9.6, "PROJ_LIFE": 15, "GLOBALID": "{D9675513-D75A-4712-B062-0D3E74FE1E06}"}, "geometry": {"type": "Point", "coordinates": [-74.06537932677102, 40.86357217384254]}}, {"type": "Feature", "properties": {"OBJECTID": 2025, "PROJ_ID": "DEP-ADMIN-EV-FW06", "PROJ_NAME": "Edward G. Bevans (Millville) WMA", "PROG_NAME": "DEP State Offices - Lead By Example", "CITY": "MILLVILLE CITY", "STATE": "NJ", "ZIP": "08332", "REC_ENT": "Millville WMA", "SECTOR": "State Government", "FUND_AG": "DEP", "PROJ_DES": "1 electric Medium Duty Pick up Truck and 1 charger", "LAT": 39.31478, "LONG_": -75.00983, "INITIATIVE": "Catalyze Clean, Equitable Transportation", "PROJ_COST": 102000, "RGGI_AMT": 102000, "CAL_YEAR": 2024, "STATUS": "Awarded", "ECON_AID": "Other", "CO2E_AVOID": 6.71303132, "MMBTU_AVOID": 1399.17946, "GAS_SAVED": null, "ADD_ELEC": 0.0, "R80X50": "Yes", "EJ": "Yes", "COST_EFF": 1012.955203, "NOX": 21.50813575, "PM10": 3.99095116, "PM2_5": 1.49032801, "VOC": 17.88920838, "CO": 48.30961026, "SOX": 5.8106751, "RGGI_PCT": 100, "CO2E_AVOIDL": 100.6954698, "NOX_L": 322.6220363, "PM10_L": 59.8642674, "PM2_5_L": 22.35492011, "VOC_L": 268.3381258, "CO_L": 724.6441539, "SOX_L": 87.16012653, "PROJ_LIFE": 15, "GLOBALID": "{7EE26EBB-4A4F-410E-BF09-A745664C134F}"}, "geometry": {"type": "Point", "coordinates": [-75.0098316843486, 39.31478794305717]}}, {"type": "Feature", "properties": {"OBJECTID": 2026, "PROJ_ID": "PROD-00264096", "PROJ_NAME": "Marcelli Formaggi, LLC", "PROG_NAME": "NJZIP", "CITY": "CLIFTON CITY", "STATE": "NJ", "ZIP": "07014", "REC_ENT": "Marcelli Formaggi, LLC", "SECTOR": "Commercial/Industrial", "FUND_AG": "EDA", "PROJ_DES": "1 electric utility cargo van", "LAT": 40.83207518, "LONG_": -74.12387688, "INITIATIVE": "Catalyze Clean, Equitable Transportation", "PROJ_COST": 110900, "RGGI_AMT": 93750, "CAL_YEAR": 2021, "STATUS": "Completed", "ECON_AID": "Grant", "CO2E_AVOID": 26.0, "MMBTU_AVOID": 249.6, "GAS_SAVED": 0.0, "ADD_ELEC": 0.0, "R80X50": "Yes", "EJ": "Yes", "COST_EFF": 239.97, "NOX": 17.1, "PM10": 0.5, "PM2_5": 1.2, "VOC": 41.5, "CO": 217.2, "SOX": 5.5, "RGGI_PCT": 85, "CO2E_AVOIDL": 390.7, "NOX_L": 256.2, "PM10_L": 7.5, "PM2_5_L": 18.4, "VOC_L": 622.6, "CO_L": 3258.1, "SOX_L": 82.1, "PROJ_LIFE": 15, "GLOBALID": "{5D5E8D24-16E7-4B21-9B05-A248CE93C37A}"}, "geometry": {"type": "Point", "coordinates": [-74.12387320499867, 40.83208343882753]}}, {"type": "Feature", "properties": {"OBJECTID": 2027, "PROJ_ID": "PROD-00311153", "PROJ_NAME": "Gabriela Perez", "PROG_NAME": "NJZIP", "CITY": "PASSAIC CITY", "STATE": "NJ", "ZIP": "07055", "REC_ENT": "Gabriela Perez", "SECTOR": "Commercial/Industrial", "FUND_AG": "EDA", "PROJ_DES": "1 electric Utility Cargo Van", "LAT": 40.86390969, "LONG_": -74.11060655, "INITIATIVE": "Catalyze Clean, Equitable Transportation", "PROJ_COST": 109900, "RGGI_AMT": 92950, "CAL_YEAR": 2023, "STATUS": "Selected", "ECON_AID": "Grant", "CO2E_AVOID": 6.83419517, "MMBTU_AVOID": 970.0369781, "GAS_SAVED": 0.0, "ADD_ELEC": 0.0, "R80X50": "Yes", "EJ": "Yes", "COST_EFF": 907.0, "NOX": 3.2, "PM10": 0.4, "PM2_5": 0.26666667, "VOC": 6.8, "CO": 22.26666667, "SOX": 0.66666667, "RGGI_PCT": 85, "CO2E_AVOIDL": 102.5129275, "NOX_L": 48.0, "PM10_L": 6.0, "PM2_5_L": 4.0, "VOC_L": 102.0, "CO_L": 334.0, "SOX_L": 10.0, "PROJ_LIFE": 15, "GLOBALID": "{3ED7F209-7FA9-427F-ACBE-83FB60C62261}"}, "geometry": {"type": "Point", "coordinates": [-74.11060804118321, 40.86391797232953]}}, {"type": "Feature", "properties": {"OBJECTID": 2028, "PROJ_ID": "PROD-00311156", "PROJ_NAME": "GSE Services Inc", "PROG_NAME": "NJZIP", "CITY": "BARRINGTON BORO", "STATE": "NJ", "ZIP": "08007", "REC_ENT": "GSE Services Inc", "SECTOR": "Commercial/Industrial", "FUND_AG": "EDA", "PROJ_DES": "4 electric Delivery Step Vans", "LAT": 39.86486396, "LONG_": -75.05429307, "INITIATIVE": "Catalyze Clean, Equitable Transportation", "PROJ_COST": 815150, "RGGI_AMT": 486000, "CAL_YEAR": 2023, "STATUS": "Selected", "ECON_AID": "Grant", "CO2E_AVOID": 276.1736841, "MMBTU_AVOID": 40666.39506, "GAS_SAVED": 0.0, "ADD_ELEC": 0.0, "R80X50": "Yes", "EJ": "Yes", "COST_EFF": 117.0, "NOX": 216.1108113, "PM10": 9.89466647, "PM2_5": 13.76592884, "VOC": 394.3907866, "CO": 2541.836359, "SOX": 34.37701898, "RGGI_PCT": 60, "CO2E_AVOIDL": 4142.605262, "NOX_L": 3241.66217, "PM10_L": 148.419997, "PM2_5_L": 206.4889326, "VOC_L": 5915.861799, "CO_L": 38127.54539, "SOX_L": 515.6552847, "PROJ_LIFE": 15, "GLOBALID": "{76ADDEAC-7D7E-42BC-9DF4-5E7161193920}"}, "geometry": {"type": "Point", "coordinates": [-75.05429480106233, 39.864872011805]}}, {"type": "Feature", "properties": {"OBJECTID": 2029, "PROJ_ID": "PROD-00311231", "PROJ_NAME": "Wright Enterprise Logistic LLC", "PROG_NAME": "NJZIP", "CITY": "SWEDESBORO BORO", "STATE": "NJ", "ZIP": "08085", "REC_ENT": "Wright Enterprise Logistic LLC", "SECTOR": "Commercial/Industrial", "FUND_AG": "EDA", "PROJ_DES": "1 electric Utility Cargo Van that will be driven in Gloucester and Camden counties", "LAT": 39.73885297, "LONG_": -75.32164963, "INITIATIVE": "Catalyze Clean, Equitable Transportation", "PROJ_COST": 109900, "RGGI_AMT": 92950, "CAL_YEAR": 2023, "STATUS": "Selected", "ECON_AID": "Grant", "CO2E_AVOID": 36.10632314, "MMBTU_AVOID": 5093.121841, "GAS_SAVED": 0.0, "ADD_ELEC": 0.0, "R80X50": "Yes", "EJ": "Yes", "COST_EFF": 172.0, "NOX": 17.26666667, "PM10": 2.26666667, "PM2_5": 1.4, "VOC": 36.0, "CO": 116.8, "SOX": 3.33333333, "RGGI_PCT": 85, "CO2E_AVOIDL": 541.5948471, "NOX_L": 259.0, "PM10_L": 34.0, "PM2_5_L": 21.0, "VOC_L": 540.0, "CO_L": 1752.0, "SOX_L": 50.0, "PROJ_LIFE": 15, "GLOBALID": "{821930C7-D03E-4A67-92A5-2D9B16675668}"}, "geometry": {"type": "Point", "coordinates": [-75.32165143810748, 39.73886098701695]}}, {"type": "Feature", "properties": {"OBJECTID": 2030, "PROJ_ID": "PROD-00311150", "PROJ_NAME": "Current Trucking Connect LLC", "PROG_NAME": "NJZIP", "CITY": "MORRISTOWN TOWN", "STATE": "NJ", "ZIP": "07960", "REC_ENT": "Current Trucking Connect LLC", "SECTOR": "Commercial/Industrial", "FUND_AG": "EDA", "PROJ_DES": "2 electric Long Haul Freight Trucks", "LAT": 40.7984139, "LONG_": -74.48465633, "INITIATIVE": "Catalyze Clean, Equitable Transportation", "PROJ_COST": 922472, "RGGI_AMT": 350000, "CAL_YEAR": 2023, "STATUS": "Selected", "ECON_AID": "Grant", "CO2E_AVOID": 162.5595617, "MMBTU_AVOID": 18055.72039, "GAS_SAVED": 0.0, "ADD_ELEC": 0.0, "R80X50": "Yes", "EJ": "No", "COST_EFF": 144.0, "NOX": 947.7244046, "PM10": 4.71184748, "PM2_5": 4.74055344, "VOC": 4.74055344, "CO": 568.6279065, "SOX": -21.84031122, "RGGI_PCT": 38, "CO2E_AVOIDL": 2438.393425, "NOX_L": 14215.86607, "PM10_L": 70.6777122, "PM2_5_L": 71.10830156, "VOC_L": 71.10830156, "CO_L": 8529.418598, "SOX_L": -327.6046683, "PROJ_LIFE": 15, "GLOBALID": "{45A0A901-D555-49EB-ABC2-E8132FEF1F73}"}, "geometry": {"type": "Point", "coordinates": [-74.48465793677795, 40.79842215628736]}}, {"type": "Feature", "properties": {"OBJECTID": 2031, "PROJ_ID": "EVLVL-2022-AHNJ-00823", "PROJ_NAME": "Borough of Atlantic Highlands Center Ave Public Chargers", "PROG_NAME": "It Pay$ to Plug In", "CITY": "ATLANTIC HIGHLANDS BORO", "STATE": "NJ", "ZIP": "07716", "REC_ENT": "Borough of Atlantic Highlands", "SECTOR": "Local Government", "FUND_AG": "DEP", "PROJ_DES": "6 single-port, level 2, public EV charging stations", "LAT": 40.41446442, "LONG_": -74.03840637, "INITIATIVE": "Catalyze Clean, Equitable Transportation", "PROJ_COST": 24000, "RGGI_AMT": 24000, "CAL_YEAR": 2023, "STATUS": "Awarded", "ECON_AID": "Grant", "CO2E_AVOID": 21.30347727, "MMBTU_AVOID": 3477.664677, "GAS_SAVED": null, "ADD_ELEC": 0.0, "R80X50": "Yes", "EJ": "No", "COST_EFF": 75.10510981, "NOX": 14.97230697, "PM10": 1.82870016, "PM2_5": 1.22650292, "VOC": 34.15294385, "CO": 162.5281762, "SOX": 3.38754282, "RGGI_PCT": 100, "CO2E_AVOIDL": 319.5521591, "NOX_L": 224.5846045, "PM10_L": 27.43050241, "PM2_5_L": 18.3975438, "VOC_L": 512.2941577, "CO_L": 2437.922644, "SOX_L": 50.81314227, "PROJ_LIFE": 15, "GLOBALID": "{96418695-C922-42A4-89EE-B7AD4BB6A247}"}, "geometry": {"type": "Point", "coordinates": [-74.03840781084571, 40.4144726165776]}}, {"type": "Feature", "properties": {"OBJECTID": 2032, "PROJ_ID": "DEP-ADMIN-EV-PF06", "PROJ_NAME": "High Point State Park", "PROG_NAME": "DEP State Offices - Lead By Example", "CITY": "MONTAGUE TWP", "STATE": "NJ", "ZIP": "07827", "REC_ENT": "High Point State Park", "SECTOR": "State Government", "FUND_AG": "DEP", "PROJ_DES": "2 electric medium duty pick-up trucks and 2 chargers", "LAT": 41.31515, "LONG_": -74.6679, "INITIATIVE": "Catalyze Clean, Equitable Transportation", "PROJ_COST": 204000, "RGGI_AMT": 204000, "CAL_YEAR": 2024, "STATUS": "Awarded", "ECON_AID": "Other", "CO2E_AVOID": 8.3, "MMBTU_AVOID": 1075.5, "GAS_SAVED": null, "ADD_ELEC": 0.0, "R80X50": "Yes", "EJ": "Yes", "COST_EFF": 1641.190668, "NOX": 5.9, "PM10": 0.6, "PM2_5": 0.4, "VOC": 7.2, "CO": 31.5, "SOX": 1.2, "RGGI_PCT": 100, "CO2E_AVOIDL": 124.3, "NOX_L": 89.0, "PM10_L": 8.7, "PM2_5_L": 5.4, "VOC_L": 108.3, "CO_L": 472.3, "SOX_L": 18.2, "PROJ_LIFE": 15, "GLOBALID": "{7C7BB124-C460-4056-BD8A-2D6252FBCAAC}"}, "geometry": {"type": "Point", "coordinates": [-74.66790169819961, 41.31515834965045]}}, {"type": "Feature", "properties": {"OBJECTID": 2033, "PROJ_ID": "PROD-00314487", "PROJ_NAME": "Sarcona Management Inc", "PROG_NAME": "NJZIP", "CITY": "NEWARK CITY", "STATE": "NJ", "ZIP": "07105", "REC_ENT": "Sarcona Management Inc", "SECTOR": "Commercial/Industrial", "FUND_AG": "EDA", "PROJ_DES": "2 electric Delivery Straight Trucks", "LAT": 40.73185164, "LONG_": -74.12162953, "INITIATIVE": "Catalyze Clean, Equitable Transportation", "PROJ_COST": 850000, "RGGI_AMT": 270000, "CAL_YEAR": 2024, "STATUS": "Completed", "ECON_AID": "Grant", "CO2E_AVOID": 278.4483101, "MMBTU_AVOID": 20173.80399, "GAS_SAVED": null, "ADD_ELEC": 0.0, "R80X50": "Yes", "EJ": "Yes", "COST_EFF": 101.7543735, "NOX": 226.561027, "PM10": 2.46711204, "PM2_5": 2.05320672, "VOC": 2.05320672, "CO": 182.8128221, "SOX": 6.23863548, "RGGI_PCT": 32, "CO2E_AVOIDL": 4176.724652, "NOX_L": 3398.415405, "PM10_L": 37.0066806, "PM2_5_L": 30.79810077, "VOC_L": 30.79810077, "CO_L": 2742.192331, "SOX_L": 93.57953214, "PROJ_LIFE": 15, "GLOBALID": "{76AFF29C-A9BD-4F64-8B1C-01F86A258775}"}, "geometry": {"type": "Point", "coordinates": [-74.12163101661515, 40.731859895999285]}}, {"type": "Feature", "properties": {"OBJECTID": 2034, "PROJ_ID": "PROD-00306478", "PROJ_NAME": "Urban Agriculture Cooperative", "PROG_NAME": "NJZIP", "CITY": "NEWARK CITY", "STATE": "NJ", "ZIP": "07102", "REC_ENT": "Urban Agriculture Cooperative", "SECTOR": "Commercial/Industrial", "FUND_AG": "EDA", "PROJ_DES": "1 Utility Cargo Van", "LAT": 40.72893215, "LONG_": -74.18102717, "INITIATIVE": "Catalyze Clean, Equitable Transportation", "PROJ_COST": 110900, "RGGI_AMT": 93750, "CAL_YEAR": 2022, "STATUS": "Completed", "ECON_AID": "Grant", "CO2E_AVOID": 1.8, "MMBTU_AVOID": 16.5, "GAS_SAVED": 0.0, "ADD_ELEC": 0.0, "R80X50": "Yes", "EJ": "Yes", "COST_EFF": 3398.0, "NOX": 0.8, "PM10": 0.1, "PM2_5": 0.1, "VOC": 2.0, "CO": 4.9, "SOX": 0.3, "RGGI_PCT": 85, "CO2E_AVOIDL": 27.6, "NOX_L": 12.6, "PM10_L": 1.4, "PM2_5_L": 1.1, "VOC_L": 29.6, "CO_L": 73.7, "SOX_L": 3.9, "PROJ_LIFE": 15, "GLOBALID": "{537B3C8D-7AA1-4279-9BCC-36FCE543ED66}"}, "geometry": {"type": "Point", "coordinates": [-74.1810286756701, 40.72894040337068]}}, {"type": "Feature", "properties": {"OBJECTID": 2035, "PROJ_ID": "PROD-00311219", "PROJ_NAME": "19 Floyd LLC", "PROG_NAME": "NJZIP", "CITY": "JERSEY CITY", "STATE": "NJ", "ZIP": "07306", "REC_ENT": "19 Floyd LLC", "SECTOR": "Commercial/Industrial", "FUND_AG": "EDA", "PROJ_DES": "2 electric Utility Cargo Vans", "LAT": 40.74125896, "LONG_": -74.0619917, "INITIATIVE": "Catalyze Clean, Equitable Transportation", "PROJ_COST": 221800, "RGGI_AMT": 180700, "CAL_YEAR": 2023, "STATUS": "Completed", "ECON_AID": "Grant", "CO2E_AVOID": 34.41038442, "MMBTU_AVOID": 4850.488793, "GAS_SAVED": 0.0, "ADD_ELEC": 0.0, "R80X50": "Yes", "EJ": "Yes", "COST_EFF": 350.0, "NOX": 16.52792662, "PM10": 2.15779461, "PM2_5": 1.32146797, "VOC": 34.30299023, "CO": 111.3052446, "SOX": 3.1918436, "RGGI_PCT": 81, "CO2E_AVOIDL": 516.1557663, "NOX_L": 247.9188993, "PM10_L": 32.36691918, "PM2_5_L": 19.82201947, "VOC_L": 514.5448535, "CO_L": 1669.578669, "SOX_L": 47.87765399, "PROJ_LIFE": 15, "GLOBALID": "{5A582F2E-E35A-458D-81F6-23A2C049B402}"}, "geometry": {"type": "Point", "coordinates": [-74.06199316830391, 40.74126722006993]}}, {"type": "Feature", "properties": {"OBJECTID": 2036, "PROJ_ID": "PROD-00310886", "PROJ_NAME": "Hermann Forwarding Company", "PROG_NAME": "NJZIP", "CITY": "SOUTH BRUNSWICK TWP", "STATE": "NJ", "ZIP": "08852", "REC_ENT": "Hermann Forwarding Company", "SECTOR": "Commercial/Industrial", "FUND_AG": "EDA", "PROJ_DES": "1 electric Long Haul Freight Truck", "LAT": 40.41091958, "LONG_": -74.51094599, "INITIATIVE": "Catalyze Clean, Equitable Transportation", "PROJ_COST": 435629, "RGGI_AMT": 175000, "CAL_YEAR": 2023, "STATUS": "Completed", "ECON_AID": "Grant", "CO2E_AVOID": 65.02382466, "MMBTU_AVOID": 7222.288155, "GAS_SAVED": 0.0, "ADD_ELEC": 0.0, "R80X50": "Yes", "EJ": "Yes", "COST_EFF": 179.0, "NOX": 379.0897619, "PM10": 1.88473899, "PM2_5": 1.89622138, "VOC": 1.89622138, "CO": 227.4511626, "SOX": -8.73612449, "RGGI_PCT": 40, "CO2E_AVOIDL": 975.3573699, "NOX_L": 5686.346428, "PM10_L": 28.27108488, "PM2_5_L": 28.44332063, "VOC_L": 28.44332063, "CO_L": 3411.767439, "SOX_L": -131.0418673, "PROJ_LIFE": 15, "GLOBALID": "{6C0F959E-0502-44A1-BC94-FB7B8086964F}"}, "geometry": {"type": "Point", "coordinates": [-74.51094758156765, 40.410927759130004]}}, {"type": "Feature", "properties": {"OBJECTID": 2037, "PROJ_ID": "PROD-00311212", "PROJ_NAME": "Dape Consulting, Inc.", "PROG_NAME": "NJZIP", "CITY": "ELIZABETH CITY", "STATE": "NJ", "ZIP": "07201", "REC_ENT": "Dape Consulting, Inc.", "SECTOR": "Commercial/Industrial", "FUND_AG": "EDA", "PROJ_DES": "4 electric Regional Haul Freight Trucks", "LAT": 40.67234549, "LONG_": -74.19384886, "INITIATIVE": "Catalyze Clean, Equitable Transportation", "PROJ_COST": 924372, "RGGI_AMT": 236250, "CAL_YEAR": 2023, "STATUS": "Completed", "ECON_AID": "Grant", "CO2E_AVOID": 310.6, "MMBTU_AVOID": 42735.1, "GAS_SAVED": 0.0, "ADD_ELEC": 0.0, "R80X50": "Yes", "EJ": "Yes", "COST_EFF": 101.41, "NOX": 1040.5, "PM10": 12.2, "PM2_5": 10.6, "VOC": 10.6, "CO": 573.0, "SOX": 4.8, "RGGI_PCT": 26, "CO2E_AVOIDL": 4659.3, "NOX_L": 15607.3, "PM10_L": 183.0, "PM2_5_L": 159.5, "VOC_L": 159.5, "CO_L": 8595.7, "SOX_L": 72.7, "PROJ_LIFE": 15, "GLOBALID": "{31BB7BD5-953D-4653-805B-F090E4021E71}"}, "geometry": {"type": "Point", "coordinates": [-74.1938503662779, 40.672353731863346]}}, {"type": "Feature", "properties": {"OBJECTID": 2038, "PROJ_ID": "PROD-00316245", "PROJ_NAME": "Ride Man LLC", "PROG_NAME": "NJZIP", "CITY": "LAKEWOOD TWP", "STATE": "NJ", "ZIP": "08701", "REC_ENT": "Ride Man LLC", "SECTOR": "Commercial/Industrial", "FUND_AG": "EDA", "PROJ_DES": "4 electric Utility cargo vans", "LAT": 40.0896, "LONG_": -74.23861178, "INITIATIVE": "Catalyze Clean, Equitable Transportation", "PROJ_COST": 328000, "RGGI_AMT": 328000, "CAL_YEAR": 2024, "STATUS": "Completed", "ECON_AID": "Grant", "CO2E_AVOID": 41.1, "MMBTU_AVOID": 5809.5, "GAS_SAVED": null, "ADD_ELEC": 0.0, "R80X50": "Yes", "EJ": "Yes", "COST_EFF": 532.56, "NOX": 33.6, "PM10": 1.7, "PM2_5": 2.2, "VOC": 56.8, "CO": 364.8, "SOX": 6.6, "RGGI_PCT": 100, "CO2E_AVOIDL": 615.9, "NOX_L": 503.9, "PM10_L": 25.8, "PM2_5_L": 32.6, "VOC_L": 852.0, "CO_L": 5472.3, "SOX_L": 99.0, "PROJ_LIFE": 15, "GLOBALID": "{42B6BB5F-8737-49E7-909A-92F1EAB9AFF1}"}, "geometry": {"type": "Point", "coordinates": [-74.2386132654346, 40.08960812531813]}}, {"type": "Feature", "properties": {"OBJECTID": 2039, "PROJ_ID": "PROD-00310864", "PROJ_NAME": "International Motor Freight", "PROG_NAME": "NJZIP", "CITY": "NEWARK CITY", "STATE": "NJ", "ZIP": "07114", "REC_ENT": "International Motor Freight", "SECTOR": "Commercial/Industrial", "FUND_AG": "EDA", "PROJ_DES": "2 electric Long Haul Freight Trucks", "LAT": 40.69792042, "LONG_": -74.13030575, "INITIATIVE": "Catalyze Clean, Equitable Transportation", "PROJ_COST": 750920, "RGGI_AMT": 350000, "CAL_YEAR": 2023, "STATUS": "Completed", "ECON_AID": "Grant", "CO2E_AVOID": 86.72775107, "MMBTU_AVOID": 9631.936837, "GAS_SAVED": 0.0, "ADD_ELEC": 0.0, "R80X50": "Yes", "EJ": "Yes", "COST_EFF": 269.0, "NOX": 505.3333333, "PM10": 2.53333333, "PM2_5": 2.66666667, "VOC": 2.66666667, "CO": 303.3333333, "SOX": -11.73333333, "RGGI_PCT": 47, "CO2E_AVOIDL": 1300.916266, "NOX_L": 7580.0, "PM10_L": 38.0, "PM2_5_L": 40.0, "VOC_L": 40.0, "CO_L": 4550.0, "SOX_L": -176.0, "PROJ_LIFE": 15, "GLOBALID": "{3A9991AD-CAF0-4180-B686-4A2FC6C12300}"}, "geometry": {"type": "Point", "coordinates": [-74.13030723756019, 40.697928669114205]}}, {"type": "Feature", "properties": {"OBJECTID": 2040, "PROJ_ID": "DEP-EV-22", "PROJ_NAME": "United Talmudical Academy of Lakewood", "PROG_NAME": "NJDEP Medium and Heavy Duty Electric Vehicle", "CITY": "LAKEWOOD TWP", "STATE": "NJ", "ZIP": "08701", "REC_ENT": "United Talmudical Academy of Lakewood", "SECTOR": "Residential", "FUND_AG": "BPU", "PROJ_DES": "1 battery electric school bus", "LAT": 40.070535, "LONG_": -74.195035, "INITIATIVE": "Catalyze Clean, Equitable Transportation", "PROJ_COST": 404795, "RGGI_AMT": 285723, "CAL_YEAR": 2021, "STATUS": "Awarded", "ECON_AID": "Grant", "CO2E_AVOID": 21.9, "MMBTU_AVOID": 1679.0, "GAS_SAVED": 0.0, "ADD_ELEC": 0.0, "R80X50": "Yes", "EJ": "Yes", "COST_EFF": 869.0, "NOX": 120.0, "PM10": 0.0, "PM2_5": 0.0, "VOC": 20.0, "CO": 40.0, "SOX": -20.0, "RGGI_PCT": 71, "CO2E_AVOIDL": 328.8, "NOX_L": 1800.0, "PM10_L": 0.0, "PM2_5_L": 0.0, "VOC_L": 300.0, "CO_L": 600.0, "SOX_L": -300.0, "PROJ_LIFE": 15, "GLOBALID": "{58F76A35-A069-4C81-A694-A0358E932B2B}"}, "geometry": {"type": "Point", "coordinates": [-74.19508636059992, 40.07048486838822]}}, {"type": "Feature", "properties": {"OBJECTID": 2041, "PROJ_ID": "PROD-00306482", "PROJ_NAME": "Dajiurvi-F LLC", "PROG_NAME": "NJZIP", "CITY": "PASSAIC CITY", "STATE": "NJ", "ZIP": "07055", "REC_ENT": "Dajiurvi-F LLC", "SECTOR": "Commercial/Industrial", "FUND_AG": "EDA", "PROJ_DES": "2 electric Delivery Straight Trucks", "LAT": 40.85739, "LONG_": -74.12358, "INITIATIVE": "Catalyze Clean, Equitable Transportation", "PROJ_COST": 199000, "RGGI_AMT": 199000, "CAL_YEAR": 2022, "STATUS": "Completed", "ECON_AID": "Grant", "CO2E_AVOID": 163.214741, "MMBTU_AVOID": 23277.47, "GAS_SAVED": null, "ADD_ELEC": 0.0, "R80X50": "Yes", "EJ": "Yes", "COST_EFF": 81.28350776, "NOX": 261.4165696, "PM10": 2.84666774, "PM2_5": 2.36908467, "VOC": 2.36908467, "CO": 210.9378716, "SOX": 7.19842555, "RGGI_PCT": 100, "CO2E_AVOIDL": 2448.221115, "NOX_L": 3921.248544, "PM10_L": 42.70001608, "PM2_5_L": 35.53627011, "VOC_L": 35.53627011, "CO_L": 3164.068074, "SOX_L": 107.9763832, "PROJ_LIFE": 15, "GLOBALID": "{4FE9A933-494B-45BF-A6A6-4970819AFFB2}"}, "geometry": {"type": "Point", "coordinates": [-74.12358149488733, 40.85739828062294]}}, {"type": "Feature", "properties": {"OBJECTID": 2042, "PROJ_ID": "PROD-00314507", "PROJ_NAME": "Hamlett Management LLC", "PROG_NAME": "NJZIP", "CITY": "MAPLEWOOD TWP", "STATE": "NJ", "ZIP": "07040", "REC_ENT": "Hamlett Management LLC", "SECTOR": "Commercial/Industrial", "FUND_AG": "EDA", "PROJ_DES": "2 electric Utility Cargo Vans", "LAT": 40.72035762, "LONG_": -74.27254235, "INITIATIVE": "Catalyze Clean, Equitable Transportation", "PROJ_COST": 109900, "RGGI_AMT": 109900, "CAL_YEAR": 2024, "STATUS": "Selected", "ECON_AID": "Grant", "CO2E_AVOID": 20.64623065, "MMBTU_AVOID": 2910.293276, "GAS_SAVED": null, "ADD_ELEC": 0.0, "R80X50": "Yes", "EJ": "Yes", "COST_EFF": 354.8670355, "NOX": 9.91675597, "PM10": 1.29467677, "PM2_5": 0.79288078, "VOC": 20.58179414, "CO": 66.78314676, "SOX": 1.91510616, "RGGI_PCT": 100, "CO2E_AVOIDL": 309.6934598, "NOX_L": 148.7513396, "PM10_L": 19.42015151, "PM2_5_L": 11.89321168, "VOC_L": 308.7269121, "CO_L": 1001.747201, "SOX_L": 28.7265924, "PROJ_LIFE": 15, "GLOBALID": "{03E4D8EE-C81A-4DB7-9FBB-C0D05A89DBAA}"}, "geometry": {"type": "Point", "coordinates": [-74.27254388412418, 40.72036586841452]}}, {"type": "Feature", "properties": {"OBJECTID": 2043, "PROJ_ID": "EVLVL-2022-Township-00797", "PROJ_NAME": "Memorial Field Chargers", "PROG_NAME": "It Pay$ to Plug In", "CITY": "BEVERLY CITY", "STATE": "NJ", "ZIP": "08010", "REC_ENT": "Township of Edgewater Park", "SECTOR": "Local Government", "FUND_AG": "DEP", "PROJ_DES": "4 single-port, level 2, public EV charging stations", "LAT": 40.0607201, "LONG_": -74.91437586, "INITIATIVE": "Catalyze Clean, Equitable Transportation", "PROJ_COST": 16000, "RGGI_AMT": 16000, "CAL_YEAR": 2023, "STATUS": "Awarded", "ECON_AID": "Grant", "CO2E_AVOID": 14.20231818, "MMBTU_AVOID": 2318.443118, "GAS_SAVED": null, "ADD_ELEC": 0.0, "R80X50": "Yes", "EJ": "Yes", "COST_EFF": 75.10510981, "NOX": 9.98153798, "PM10": 1.21913344, "PM2_5": 0.81766861, "VOC": 22.76862923, "CO": 108.3521175, "SOX": 2.25836188, "RGGI_PCT": 100, "CO2E_AVOIDL": 213.0347727, "NOX_L": 149.7230697, "PM10_L": 18.28700161, "PM2_5_L": 12.2650292, "VOC_L": 341.5294385, "CO_L": 1625.281762, "SOX_L": 33.87542818, "PROJ_LIFE": 15, "GLOBALID": "{2AA2FB96-13CD-46F8-ADAC-07DF9F9AEFA5}"}, "geometry": {"type": "Point", "coordinates": [-74.91437755846933, 40.060728195640785]}}, {"type": "Feature", "properties": {"OBJECTID": 2044, "PROJ_ID": "PROD-00302553", "PROJ_NAME": "Fito Global", "PROG_NAME": "NJZIP", "CITY": "SOUTH PLAINFIELD BORO", "STATE": "NJ", "ZIP": "07080", "REC_ENT": "Fito Global", "SECTOR": "Commercial/Industrial", "FUND_AG": "EDA", "PROJ_DES": "1 electric Delivery Straight Truck", "LAT": 40.57206, "LONG_": -74.4323, "INITIATIVE": "Catalyze Clean, Equitable Transportation", "PROJ_COST": 110900, "RGGI_AMT": 101750, "CAL_YEAR": 2022, "STATUS": "Completed", "ECON_AID": "Grant", "CO2E_AVOID": 15.9, "MMBTU_AVOID": 146.6, "GAS_SAVED": 0.0, "ADD_ELEC": 0.0, "R80X50": "Yes", "EJ": "Yes", "COST_EFF": 425.5260962, "NOX": 29.3, "PM10": 0.2, "PM2_5": 0.3, "VOC": 0.3, "CO": 21.2, "SOX": 0.1, "RGGI_PCT": 92, "CO2E_AVOIDL": 239.1, "NOX_L": 439.9, "PM10_L": 3.5, "PM2_5_L": 5.1, "VOC_L": 5.1, "CO_L": 318.4, "SOX_L": 1.3, "PROJ_LIFE": 15, "GLOBALID": "{2FD8D3C2-F987-4C3F-9449-422244776B3E}"}, "geometry": {"type": "Point", "coordinates": [-74.43228751756885, 40.572064631262855]}}, {"type": "Feature", "properties": {"OBJECTID": 2045, "PROJ_ID": "PROD-00303929", "PROJ_NAME": "D&S Management and Consulting", "PROG_NAME": "NJZIP", "CITY": "PASSAIC CITY", "STATE": "NJ", "ZIP": "07055", "REC_ENT": "D&S Management and Consulting", "SECTOR": "Commercial/Industrial", "FUND_AG": "EDA", "PROJ_DES": "2 electric Delivery Straight Truck", "LAT": 40.861351, "LONG_": -74.110741, "INITIATIVE": "Catalyze Clean, Equitable Transportation", "PROJ_COST": 398000, "RGGI_AMT": 199000, "CAL_YEAR": 2022, "STATUS": "Completed", "ECON_AID": "Grant", "CO2E_AVOID": 143.5, "MMBTU_AVOID": 1319.2, "GAS_SAVED": 0.0, "ADD_ELEC": 0.0, "R80X50": "Yes", "EJ": "Yes", "COST_EFF": 92.47031738, "NOX": 263.9, "PM10": 2.1, "PM2_5": 3.1, "VOC": 3.1, "CO": 191.0, "SOX": 0.8, "RGGI_PCT": 50, "CO2E_AVOIDL": 2152.0, "NOX_L": 3958.7, "PM10_L": 31.1, "PM2_5_L": 45.8, "VOC_L": 45.8, "CO_L": 2865.2, "SOX_L": 11.6, "PROJ_LIFE": 15, "GLOBALID": "{7AED8EC2-380E-484F-A8C3-D88F43CA26DE}"}, "geometry": {"type": "Point", "coordinates": [-74.11074249097935, 40.86135928162687]}}, {"type": "Feature", "properties": {"OBJECTID": 2046, "PROJ_ID": "DEP-EV-15", "PROJ_NAME": "Toms River Township", "PROG_NAME": "NJDEP Medium and Heavy Duty Electric Vehicle", "CITY": "TOMS RIVER TWP", "STATE": "NJ", "ZIP": "08753", "REC_ENT": "Toms River Township", "SECTOR": "Local Government", "FUND_AG": "DEP", "PROJ_DES": "1 electric garbage truck", "LAT": 39.952682, "LONG_": -74.197125, "INITIATIVE": "Catalyze Clean, Equitable Transportation", "PROJ_COST": 562000, "RGGI_AMT": 562000, "CAL_YEAR": 2021, "STATUS": "Awarded", "ECON_AID": "Grant", "CO2E_AVOID": 120.7, "MMBTU_AVOID": 1536.0, "GAS_SAVED": 0.0, "ADD_ELEC": 0.0, "R80X50": "Yes", "EJ": "Yes", "COST_EFF": 310.39, "NOX": 997.2, "PM10": -5.6, "PM2_5": 40.6, "VOC": 62.5, "CO": 299.4, "SOX": -50.5, "RGGI_PCT": 100, "CO2E_AVOIDL": 1810.6, "NOX_L": 14957.7, "PM10_L": -83.5, "PM2_5_L": 608.9, "VOC_L": 937.6, "CO_L": 4491.4, "SOX_L": -757.7, "PROJ_LIFE": 15, "GLOBALID": "{D6D7C8B7-22A8-4892-942D-8542BDFE4BE6}"}, "geometry": {"type": "Point", "coordinates": [-74.19712646465122, 39.95269009940808]}}, {"type": "Feature", "properties": {"OBJECTID": 2047, "PROJ_ID": "PROD-00288797", "PROJ_NAME": "Supreme Green Team L.L.C. ", "PROG_NAME": "NJZIP", "CITY": "EAST BRUNSWICK TWP", "STATE": "NJ", "ZIP": "08816", "REC_ENT": "Supreme Green Team L.L.C.", "SECTOR": "Commercial/Industrial", "FUND_AG": "EDA", "PROJ_DES": "3 electric Utility Cargo Vans ", "LAT": 40.45681, "LONG_": -74.40185, "INITIATIVE": "Catalyze Clean, Equitable Transportation", "PROJ_COST": 332700, "RGGI_AMT": 293250, "CAL_YEAR": 2021, "STATUS": "Completed", "ECON_AID": "Grant", "CO2E_AVOID": 112.9, "MMBTU_AVOID": 1010.1, "GAS_SAVED": 0.0, "ADD_ELEC": 0.0, "R80X50": "Yes", "EJ": "Yes", "COST_EFF": 173.2, "NOX": 51.4, "PM10": 5.7, "PM2_5": 4.5, "VOC": 121.1, "CO": 301.5, "SOX": 15.9, "RGGI_PCT": 88, "CO2E_AVOIDL": 1693.1, "NOX_L": 771.6, "PM10_L": 86.2, "PM2_5_L": 67.6, "VOC_L": 1815.8, "CO_L": 4523.2, "SOX_L": 238.9, "PROJ_LIFE": 15, "GLOBALID": "{E24FC8B8-2466-490F-B111-8731D814617E}"}, "geometry": {"type": "Point", "coordinates": [-74.40185412953782, 40.45681819421275]}}, {"type": "Feature", "properties": {"OBJECTID": 2048, "PROJ_ID": "PROD-00314125", "PROJ_NAME": "Enat Deliveries LLC", "PROG_NAME": "NJZIP", "CITY": "RIDGEFIELD PARK VILLAGE", "STATE": "NJ", "ZIP": "07660", "REC_ENT": "Enat Deliveries LLC", "SECTOR": "Commercial/Industrial", "FUND_AG": "EDA", "PROJ_DES": "1 electric SUV", "LAT": 40.85620703, "LONG_": -74.01813273, "INITIATIVE": "Catalyze Clean, Equitable Transportation", "PROJ_COST": 92000, "RGGI_AMT": 28600, "CAL_YEAR": 2024, "STATUS": "Selected", "ECON_AID": "Grant", "CO2E_AVOID": 13.52102121, "MMBTU_AVOID": 1780.253019, "GAS_SAVED": null, "ADD_ELEC": 0.0, "R80X50": "Yes", "EJ": "Yes", "COST_EFF": 141.0149897, "NOX": 9.60051073, "PM10": 1.13280071, "PM2_5": 0.77876289, "VOC": 17.53763856, "CO": 121.1157114, "SOX": 2.12968283, "RGGI_PCT": 31, "CO2E_AVOIDL": 202.8153181, "NOX_L": 144.007661, "PM10_L": 16.99201063, "PM2_5_L": 11.68144341, "VOC_L": 263.0645785, "CO_L": 1816.735671, "SOX_L": 31.94524239, "PROJ_LIFE": 15, "GLOBALID": "{F6CA0199-9E80-4BFC-A90C-516FF376F161}"}, "geometry": {"type": "Point", "coordinates": [-74.01813419110393, 40.85621531398189]}}, {"type": "Feature", "properties": {"OBJECTID": 2049, "PROJ_ID": "NCS-2022-REC-00059", "PROJ_NAME": "Readington Township Meadow Afforestation", "PROG_NAME": "Natural Climate Solutions", "CITY": "READINGTON TWP", "STATE": "NJ", "ZIP": null, "REC_ENT": "Readington Township Environmental Commission", "SECTOR": "Local Government", "FUND_AG": "DEP", "PROJ_DES": "restoring 11 acres to forest and planting 8,800 new trees", "LAT": 40.5798959, "LONG_": -74.819143, "INITIATIVE": "Enhance Forests and Urban Forests", "PROJ_COST": 333000, "RGGI_AMT": 250000, "CAL_YEAR": 2023, "STATUS": "Awarded", "ECON_AID": "Grant", "CO2E_AVOID": 0.0, "MMBTU_AVOID": null, "GAS_SAVED": 677.8222585, "ADD_ELEC": 0.0, "R80X50": "Yes", "EJ": "No", "COST_EFF": 368.8282538, "NOX": 0.0, "PM10": 0.0, "PM2_5": 0.0, "VOC": 0.0, "CO": 0.0, "SOX": 0.0, "RGGI_PCT": 75, "CO2E_AVOIDL": null, "NOX_L": 0.0, "PM10_L": 0.0, "PM2_5_L": 0.0, "VOC_L": 0.0, "CO_L": 0.0, "SOX_L": 0.0, "PROJ_LIFE": 27, "GLOBALID": "{C269BA52-931C-418F-853C-09E0068F3392}"}, "geometry": {"type": "Point", "coordinates": [-74.81914470011152, 40.579904101391925]}}, {"type": "Feature", "properties": {"OBJECTID": 2050, "PROJ_ID": "DEP-ADMIN-EV-PF01", "PROJ_NAME": "Allaire State Park", "PROG_NAME": "DEP State Offices - Lead By Example", "CITY": "WALL TWP", "STATE": "NJ", "ZIP": "07727", "REC_ENT": "Allaire State Park", "SECTOR": "State Government", "FUND_AG": "DEP", "PROJ_DES": "2 electric medium duty pick-up trucks and 2 chargers", "LAT": 40.16191068, "LONG_": -74.13220461, "INITIATIVE": "Catalyze Clean, Equitable Transportation", "PROJ_COST": 204000, "RGGI_AMT": 204000, "CAL_YEAR": 2024, "STATUS": "Awarded", "ECON_AID": "Other", "CO2E_AVOID": 7.12351243, "MMBTU_AVOID": 932.7863064, "GAS_SAVED": null, "ADD_ELEC": 0.0, "R80X50": "Yes", "EJ": "No", "COST_EFF": 1909.17053, "NOX": 4.20890905, "PM10": 0.52749042, "PM2_5": 0.33504744, "VOC": 7.19229809, "CO": 27.97228523, "SOX": 1.11662201, "RGGI_PCT": 100, "CO2E_AVOIDL": 106.8526864, "NOX_L": 63.13363571, "PM10_L": 7.91235631, "PM2_5_L": 5.02571165, "VOC_L": 107.8844713, "CO_L": 419.5842784, "SOX_L": 16.74933009, "PROJ_LIFE": 15, "GLOBALID": "{64318421-DCB8-4284-9ED2-6E734C54F5F5}"}, "geometry": {"type": "Point", "coordinates": [-74.13220606597905, 40.16191882340292]}}, {"type": "Feature", "properties": {"OBJECTID": 2051, "PROJ_ID": "PROD-00258544", "PROJ_NAME": "S Aly Corp", "PROG_NAME": "NJZIP", "CITY": "BELLMAWR BORO", "STATE": "NJ", "ZIP": "08031", "REC_ENT": "S Aly Corp", "SECTOR": "Commercial/Industrial", "FUND_AG": "EDA", "PROJ_DES": "5 electric delivery step vans, 2 electric speciality dump trucks, and 1 electric regional haul freight truck", "LAT": 39.86550852, "LONG_": -75.07930535, "INITIATIVE": "Catalyze Clean, Equitable Transportation", "PROJ_COST": 775000, "RGGI_AMT": 500000, "CAL_YEAR": 2021, "STATUS": "Completed", "ECON_AID": "Grant", "CO2E_AVOID": 52.1, "MMBTU_AVOID": 499.2, "GAS_SAVED": 0.0, "ADD_ELEC": 0.0, "R80X50": "Yes", "EJ": "Yes", "COST_EFF": 639.93, "NOX": 34.2, "PM10": 1.0, "PM2_5": 2.5, "VOC": 83.0, "CO": 434.4, "SOX": 10.9, "RGGI_PCT": 65, "CO2E_AVOIDL": 781.3, "NOX_L": 512.4, "PM10_L": 15.0, "PM2_5_L": 36.8, "VOC_L": 1245.2, "CO_L": 6516.3, "SOX_L": 164.2, "PROJ_LIFE": 15, "GLOBALID": "{D8F63DB8-0130-4439-99F0-C1BA650C6C4E}"}, "geometry": {"type": "Point", "coordinates": [-75.07930197735628, 39.865514633172324]}}, {"type": "Feature", "properties": {"OBJECTID": 2052, "PROJ_ID": "BPU-24MHD003", "PROJ_NAME": "Community Fast Chargers - Essex Generating Station", "PROG_NAME": "Medium- and Heavy-Duty EV Charging Program", "CITY": "NEWARK CITY", "STATE": "NJ", "ZIP": "07201", "REC_ENT": "Zeem Solutions", "SECTOR": "Commercial/Industrial", "FUND_AG": "BPU", "PROJ_DES": "6 dual-port, networked DCFC Community Chargers  (150 kW or greater)", "LAT": 40.73837144, "LONG_": -74.1205846, "INITIATIVE": "Catalyze Clean, Equitable Transportation", "PROJ_COST": 14720000, "RGGI_AMT": 1350000, "CAL_YEAR": 2023, "STATUS": "Awarded", "ECON_AID": "Grant", "CO2E_AVOID": 32.99446549, "MMBTU_AVOID": 5692.396743, "GAS_SAVED": null, "ADD_ELEC": 0.0, "R80X50": "Yes", "EJ": "Yes", "COST_EFF": 2727.730201, "NOX": 102.9807844, "PM10": 0.64426388, "PM2_5": 0.78132446, "VOC": 5.79833309, "CO": 60.6388868, "SOX": -4.94957713, "RGGI_PCT": 9, "CO2E_AVOIDL": 494.9169824, "NOX_L": 1544.711767, "PM10_L": 9.66395816, "PM2_5_L": 11.71986685, "VOC_L": 86.97499633, "CO_L": 909.5833021, "SOX_L": -74.24365698, "PROJ_LIFE": 15, "GLOBALID": "{DFB160F1-3125-4703-BD6F-7920A4D10346}"}, "geometry": {"type": "Point", "coordinates": [-74.12058608671053, 40.73837969736854]}}, {"type": "Feature", "properties": {"OBJECTID": 2053, "PROJ_ID": "PROD-00311232", "PROJ_NAME": "US Property Management LLC", "PROG_NAME": "NJZIP", "CITY": "WATCHUNG BORO", "STATE": "NJ", "ZIP": "07069", "REC_ENT": "US Property Management LLC", "SECTOR": "Commercial/Industrial", "FUND_AG": "EDA", "PROJ_DES": "4 electric Utility cargo vans", "LAT": 40.6461117, "LONG_": -74.439071, "INITIATIVE": "Catalyze Clean, Equitable Transportation", "PROJ_COST": 568796, "RGGI_AMT": 361400, "CAL_YEAR": 2024, "STATUS": "Selected", "ECON_AID": "Grant", "CO2E_AVOID": 68.9, "MMBTU_AVOID": 9701.0, "GAS_SAVED": null, "ADD_ELEC": 0.0, "R80X50": "Yes", "EJ": "Yes", "COST_EFF": 349.6179, "NOX": 33.1, "PM10": 4.4, "PM2_5": 2.7, "VOC": 68.6, "CO": 222.7, "SOX": 6.7, "RGGI_PCT": 64, "CO2E_AVOIDL": 1033.7, "NOX_L": 496.7, "PM10_L": 65.5, "PM2_5_L": 39.9, "VOC_L": 1029.1, "CO_L": 3339.8, "SOX_L": 100.8, "PROJ_LIFE": 15, "GLOBALID": "{C092E7A9-6BA2-4E13-8EFC-985D273BFA82}"}, "geometry": {"type": "Point", "coordinates": [-74.43907258284686, 40.64611992803182]}}, {"type": "Feature", "properties": {"OBJECTID": 2054, "PROJ_ID": "PROD-00258416", "PROJ_NAME": "Hamlett Management LLC - All Evs", "PROG_NAME": "NJZIP", "CITY": "NEWARK CITY", "STATE": "NJ", "ZIP": "07040", "REC_ENT": "Hamlett Management LLC", "SECTOR": "Commercial/Industrial", "FUND_AG": "EDA", "PROJ_DES": "1 electric Utility Cargo Van", "LAT": 40.72034043, "LONG_": -74.27246216, "INITIATIVE": "Catalyze Clean, Equitable Transportation", "PROJ_COST": 132750, "RGGI_AMT": 114250, "CAL_YEAR": 2021, "STATUS": "Completed", "ECON_AID": "Grant", "CO2E_AVOID": 18.4, "MMBTU_AVOID": 164.6, "GAS_SAVED": 0.0, "ADD_ELEC": 0.0, "R80X50": "Yes", "EJ": "Yes", "COST_EFF": 414.0751846, "NOX": 8.4, "PM10": 0.9, "PM2_5": 0.7, "VOC": 19.7, "CO": 49.1, "SOX": 2.6, "RGGI_PCT": 86, "CO2E_AVOIDL": 275.9, "NOX_L": 125.7, "PM10_L": 14.1, "PM2_5_L": 11.0, "VOC_L": 295.9, "CO_L": 737.1, "SOX_L": 38.9, "PROJ_LIFE": 15, "GLOBALID": "{9A8B414C-51E0-4CCF-B7A5-F655E614D2BB}"}, "geometry": {"type": "Point", "coordinates": [-74.2724662742485, 40.72034868369081]}}, {"type": "Feature", "properties": {"OBJECTID": 2055, "PROJ_ID": "PROD-00310890", "PROJ_NAME": "Lineage Logistics Services, LLC", "PROG_NAME": "NJZIP", "CITY": "WOODBRIDGE TWP", "STATE": "NJ", "ZIP": "07095", "REC_ENT": "Lineage Logistics Services, LLC", "SECTOR": "Commercial/Industrial", "FUND_AG": "EDA", "PROJ_DES": "8 electric Regional Haul Freight Trucks that will be driven in Elizabeth, Avenel, Newark, Kearny, Perth Amboy, and Logan Township", "LAT": 40.58111649, "LONG_": -74.2740268, "INITIATIVE": "Catalyze Clean, Equitable Transportation", "PROJ_COST": 2270360, "RGGI_AMT": 1400000, "CAL_YEAR": 2023, "STATUS": "Completed", "ECON_AID": "Grant", "CO2E_AVOID": 89.02597599, "MMBTU_AVOID": 12208.43717, "GAS_SAVED": 0.0, "ADD_ELEC": 0.0, "R80X50": "Yes", "EJ": "Yes", "COST_EFF": 1048.0, "NOX": 297.6, "PM10": 3.73333333, "PM2_5": 3.2, "VOC": 3.2, "CO": 164.2666667, "SOX": 2.13333333, "RGGI_PCT": 62, "CO2E_AVOIDL": 1335.38964, "NOX_L": 4464.0, "PM10_L": 56.0, "PM2_5_L": 48.0, "VOC_L": 48.0, "CO_L": 2464.0, "SOX_L": 32.0, "PROJ_LIFE": 15, "GLOBALID": "{AA41F36E-1A34-4295-AB50-37BA44FA1232}"}, "geometry": {"type": "Point", "coordinates": [-74.27402832633885, 40.58112471118439]}}, {"type": "Feature", "properties": {"OBJECTID": 2056, "PROJ_ID": "PROD-00304839", "PROJ_NAME": "Daniela's Event Design & Party Rental LLC", "PROG_NAME": "NJZIP", "CITY": "FRANKLIN TWP", "STATE": "NJ", "ZIP": "08873", "REC_ENT": "Daniela's Event Design & Party Rental LLC", "SECTOR": "Commercial/Industrial", "FUND_AG": "EDA", "PROJ_DES": "1 Utility Cargo Van", "LAT": 40.48293135, "LONG_": -74.48158103, "INITIATIVE": "Catalyze Clean, Equitable Transportation", "PROJ_COST": 110900, "RGGI_AMT": 101750, "CAL_YEAR": 2022, "STATUS": "Completed", "ECON_AID": "Grant", "CO2E_AVOID": 16.7, "MMBTU_AVOID": 149.6, "GAS_SAVED": 0.0, "ADD_ELEC": 0.0, "R80X50": "Yes", "EJ": "Yes", "COST_EFF": 405.65, "NOX": 7.62, "PM10": 0.85, "PM2_5": 0.67, "VOC": 17.93, "CO": 44.67, "SOX": 2.36, "RGGI_PCT": 92, "CO2E_AVOIDL": 250.8, "NOX_L": 114.31, "PM10_L": 12.78, "PM2_5_L": 10.01, "VOC_L": 269.01, "CO_L": 670.1, "SOX_L": 35.39, "PROJ_LIFE": 15, "GLOBALID": "{40556486-1B10-42C1-9C5E-2FF2F5DC9264}"}, "geometry": {"type": "Point", "coordinates": [-74.48158261666747, 40.48293954447632]}}, {"type": "Feature", "properties": {"OBJECTID": 2057, "PROJ_ID": "PROD-00305718", "PROJ_NAME": "Dafer Tax & Accounting Services", "PROG_NAME": "NJZIP", "CITY": "FRANKLIN TWP", "STATE": "NJ", "ZIP": "08873", "REC_ENT": "Dafer Tax & Accounting Services", "SECTOR": "Commercial/Industrial", "FUND_AG": "EDA", "PROJ_DES": "1 Utility Cargo Van", "LAT": 40.48293135, "LONG_": -74.48158103, "INITIATIVE": "Catalyze Clean, Equitable Transportation", "PROJ_COST": 110900, "RGGI_AMT": 101750, "CAL_YEAR": 2022, "STATUS": "Completed", "ECON_AID": "Grant", "CO2E_AVOID": 16.7, "MMBTU_AVOID": 149.6, "GAS_SAVED": 0.0, "ADD_ELEC": 0.0, "R80X50": "Yes", "EJ": "Yes", "COST_EFF": 405.65, "NOX": 7.62, "PM10": 0.85, "PM2_5": 0.67, "VOC": 17.93, "CO": 44.67, "SOX": 2.36, "RGGI_PCT": 92, "CO2E_AVOIDL": 250.8, "NOX_L": 114.31, "PM10_L": 12.78, "PM2_5_L": 10.01, "VOC_L": 269.01, "CO_L": 670.1, "SOX_L": 35.39, "PROJ_LIFE": 15, "GLOBALID": "{A389E940-3F99-4768-A3F9-0FC9F418583D}"}, "geometry": {"type": "Point", "coordinates": [-74.48158261666747, 40.48293954447632]}}, {"type": "Feature", "properties": {"OBJECTID": 2058, "PROJ_ID": "PROD-00305594", "PROJ_NAME": "Geoponica Greens LLC", "PROG_NAME": "NJZIP", "CITY": "CHESILHURST BORO", "STATE": "NJ", "ZIP": "08089", "REC_ENT": "Geoponica Greens LLC", "SECTOR": "Commercial/Industrial", "FUND_AG": "EDA", "PROJ_DES": "1 electric Delivery Straight Truck", "LAT": 39.730193, "LONG_": -74.871827, "INITIATIVE": "Catalyze Clean, Equitable Transportation", "PROJ_COST": 99500, "RGGI_AMT": 97750, "CAL_YEAR": 2022, "STATUS": "Completed", "ECON_AID": "Grant", "CO2E_AVOID": 31.9, "MMBTU_AVOID": 293.1, "GAS_SAVED": 0.0, "ADD_ELEC": 0.0, "R80X50": "Yes", "EJ": "Yes", "COST_EFF": 204.3988988, "NOX": 58.6, "PM10": 0.5, "PM2_5": 0.7, "VOC": 0.7, "CO": 42.4, "SOX": 0.2, "RGGI_PCT": 98, "CO2E_AVOIDL": 478.2, "NOX_L": 879.7, "PM10_L": 6.9, "PM2_5_L": 10.2, "VOC_L": 10.2, "CO_L": 636.7, "SOX_L": 2.6, "PROJ_LIFE": 15, "GLOBALID": "{7F4AEE6B-455C-4072-91D8-2A0D85517AF6}"}, "geometry": {"type": "Point", "coordinates": [-74.87182866527523, 39.73020103143229]}}, {"type": "Feature", "properties": {"OBJECTID": 2059, "PROJ_ID": "PROD-00304846", "PROJ_NAME": "Salus Per Aquam LLC", "PROG_NAME": "NJZIP", "CITY": "RANDOLPH TWP", "STATE": "NJ", "ZIP": "07869", "REC_ENT": "Salus Per Aquam LLC", "SECTOR": "Commercial/Industrial", "FUND_AG": "EDA", "PROJ_DES": "2 Utility Cargo Vans", "LAT": 40.876058, "LONG_": -74.53928, "INITIATIVE": "Catalyze Clean, Equitable Transportation", "PROJ_COST": 443600, "RGGI_AMT": 103750, "CAL_YEAR": 2022, "STATUS": "Completed", "ECON_AID": "Grant", "CO2E_AVOID": 43.0, "MMBTU_AVOID": 6063.1, "GAS_SAVED": 0.0, "ADD_ELEC": 0.0, "R80X50": "Yes", "EJ": "Yes", "COST_EFF": 161.0, "NOX": 20.7, "PM10": 2.7, "PM2_5": 1.7, "VOC": 42.9, "CO": 139.1, "SOX": 4.0, "RGGI_PCT": 23, "CO2E_AVOIDL": 645.2, "NOX_L": 309.9, "PM10_L": 40.5, "PM2_5_L": 24.8, "VOC_L": 643.2, "CO_L": 2087.0, "SOX_L": 59.8, "PROJ_LIFE": 15, "GLOBALID": "{0A49398D-A622-4979-BC27-908804381D91}"}, "geometry": {"type": "Point", "coordinates": [-74.53928162903185, 40.87606626937814]}}, {"type": "Feature", "properties": {"OBJECTID": 2060, "PROJ_ID": "EVLVL-2022-AHNJ-00822", "PROJ_NAME": "Borough of Atlantic Highlands West Ave Public Chargers", "PROG_NAME": "It Pay$ to Plug In", "CITY": "ATLANTIC HIGHLANDS BORO", "STATE": "NJ", "ZIP": "07716", "REC_ENT": "Borough of Atlantic Highlands", "SECTOR": "Local Government", "FUND_AG": "DEP", "PROJ_DES": "6 single-port, level 2, public EV charging stations", "LAT": 40.41191967, "LONG_": -74.03989793, "INITIATIVE": "Catalyze Clean, Equitable Transportation", "PROJ_COST": 24000, "RGGI_AMT": 1057, "CAL_YEAR": 2023, "STATUS": "Awarded", "ECON_AID": "Grant", "CO2E_AVOID": 21.30347727, "MMBTU_AVOID": 3477.664677, "GAS_SAVED": null, "ADD_ELEC": 0.0, "R80X50": "Yes", "EJ": "No", "COST_EFF": 3.30878691, "NOX": 14.97230697, "PM10": 1.82870016, "PM2_5": 1.22650292, "VOC": 34.15294385, "CO": 162.5281762, "SOX": 3.38754282, "RGGI_PCT": 4, "CO2E_AVOIDL": 319.5521591, "NOX_L": 224.5846045, "PM10_L": 27.43050241, "PM2_5_L": 18.3975438, "VOC_L": 512.2941577, "CO_L": 2437.922644, "SOX_L": 50.81314227, "PROJ_LIFE": 15, "GLOBALID": "{A3CFD97F-151C-44FF-B645-4AFDBA10F5AA}"}, "geometry": {"type": "Point", "coordinates": [-74.03989937118193, 40.411927866007694]}}, {"type": "Feature", "properties": {"OBJECTID": 2061, "PROJ_ID": "PROD-00303962", "PROJ_NAME": "CHE NEWSPAPERS LLC", "PROG_NAME": "NJZIP", "CITY": "NEW BRUNSWICK CITY", "STATE": "NJ", "ZIP": "08901", "REC_ENT": "CHE NEWSPAPERS LLC", "SECTOR": "Commercial/Industrial", "FUND_AG": "EDA", "PROJ_DES": "1 electric Delivery Straight Truck", "LAT": 40.488152, "LONG_": -74.449686, "INITIATIVE": "Catalyze Clean, Equitable Transportation", "PROJ_COST": 110900, "RGGI_AMT": 97750, "CAL_YEAR": 2022, "STATUS": "Completed", "ECON_AID": "Grant", "CO2E_AVOID": 9.6, "MMBTU_AVOID": 87.9, "GAS_SAVED": 0.0, "ADD_ELEC": 0.0, "R80X50": "Yes", "EJ": "Yes", "COST_EFF": 681.33, "NOX": 17.6, "PM10": 0.1, "PM2_5": 0.2, "VOC": 0.2, "CO": 12.7, "SOX": 0.1, "RGGI_PCT": 88, "CO2E_AVOIDL": 143.5, "NOX_L": 263.9, "PM10_L": 2.1, "PM2_5_L": 3.1, "VOC_L": 3.1, "CO_L": 191.0, "SOX_L": 0.8, "PROJ_LIFE": 15, "GLOBALID": "{2C1D5798-DA84-4BB1-9C85-31E7BFE4D6E6}"}, "geometry": {"type": "Point", "coordinates": [-74.44968367437757, 40.488161684368755]}}, {"type": "Feature", "properties": {"OBJECTID": 2062, "PROJ_ID": "PROD-00310876", "PROJ_NAME": "SIgns By Rama Inc", "PROG_NAME": "NJZIP", "CITY": "FREEHOLD TWP", "STATE": "NJ", "ZIP": "07728", "REC_ENT": "SIgns By Rama Inc", "SECTOR": "Commercial/Industrial", "FUND_AG": "EDA", "PROJ_DES": "1 electric Utility Cargo Van", "LAT": 40.25941926, "LONG_": -74.27354143, "INITIATIVE": "Catalyze Clean, Equitable Transportation", "PROJ_COST": 109950, "RGGI_AMT": 90350, "CAL_YEAR": 2023, "STATUS": "Selected", "ECON_AID": "Grant", "CO2E_AVOID": 21.53073876, "MMBTU_AVOID": 3031.579409, "GAS_SAVED": 0.0, "ADD_ELEC": 0.0, "R80X50": "Yes", "EJ": "Yes", "COST_EFF": 280.0, "NOX": 10.33333333, "PM10": 1.33333333, "PM2_5": 0.8, "VOC": 21.46666667, "CO": 69.6, "SOX": 2.0, "RGGI_PCT": 82, "CO2E_AVOIDL": 322.9610814, "NOX_L": 155.0, "PM10_L": 20.0, "PM2_5_L": 12.0, "VOC_L": 322.0, "CO_L": 1044.0, "SOX_L": 30.0, "PROJ_LIFE": 15, "GLOBALID": "{70CC888B-1197-4215-9C80-FA38B1770846}"}, "geometry": {"type": "Point", "coordinates": [-74.27354293665603, 40.259427417744234]}}, {"type": "Feature", "properties": {"OBJECTID": 2063, "PROJ_ID": "DEP-T4S-40", "PROJ_NAME": "Fair Lawn Borough School District", "PROG_NAME": "Trees for Schools ", "CITY": "FAIR LAWN BORO", "STATE": "NJ", "ZIP": "07410", "REC_ENT": "Fair Lawn Borough School District", "SECTOR": "Local Government", "FUND_AG": "DEP", "PROJ_DES": "Planting 71 trees", "LAT": 40.9370006, "LONG_": -74.1181234, "INITIATIVE": "Enhance Forests and Urban Forests", "PROJ_COST": 145228, "RGGI_AMT": 145228, "CAL_YEAR": 2025, "STATUS": "Selected", "ECON_AID": "Grant", "CO2E_AVOID": null, "MMBTU_AVOID": null, "GAS_SAVED": null, "ADD_ELEC": 84.9179, "R80X50": "Yes", "EJ": "Yes", "COST_EFF": 1710.211863, "NOX": null, "PM10": null, "PM2_5": null, "VOC": null, "CO": null, "SOX": null, "RGGI_PCT": 100, "CO2E_AVOIDL": null, "NOX_L": null, "PM10_L": null, "PM2_5_L": null, "VOC_L": null, "CO_L": null, "SOX_L": null, "PROJ_LIFE": null, "GLOBALID": "{E0529620-1732-44B1-AAA8-65F9AE190B43}"}, "geometry": {"type": "Point", "coordinates": [-74.11812486668761, 40.93700893882814]}}, {"type": "Feature", "properties": {"OBJECTID": 2064, "PROJ_ID": "PROD-00321589", "PROJ_NAME": "PSM101 LLC (DBA: Center Point)", "PROG_NAME": "NJ Cool", "CITY": "SOUTH PLAINFIELD BORO", "STATE": "NJ", "ZIP": "07080", "REC_ENT": "PSM101 LLC (DBA: Center Point)", "SECTOR": "Commercial/Industrial", "FUND_AG": "EDA", "PROJ_DES": "Install 3 hybrid heat pumps with demand controlled ventilation, enthalpy economizer, programmable thermostat and other energy efficiency measures", "LAT": 40.55940228, "LONG_": -74.4102514, "INITIATIVE": "Accelerate Healthy Homes and Building Decarb", "PROJ_COST": 553700, "RGGI_AMT": 263350, "CAL_YEAR": 2025, "STATUS": "Selected", "ECON_AID": "Grant", "CO2E_AVOID": 36.9, "MMBTU_AVOID": 13527.15429, "GAS_SAVED": null, "ADD_ELEC": null, "R80X50": "Yes", "EJ": "Yes", "COST_EFF": 476.1345146, "NOX": 21.6, "PM10": 5.1, "PM2_5": 5.1, "VOC": 3.7, "CO": 27.0, "SOX": 0.4, "RGGI_PCT": 48, "CO2E_AVOIDL": 553.1, "NOX_L": 324.7, "PM10_L": 77.1, "PM2_5_L": 77.1, "VOC_L": 55.8, "CO_L": 405.9, "SOX_L": 6.1, "PROJ_LIFE": 15, "GLOBALID": "{793B20A2-F660-431E-B336-C27AA2CE6966}"}, "geometry": {"type": "Point", "coordinates": [-74.41025293709914, 40.55941053491289]}}, {"type": "Feature", "properties": {"OBJECTID": 2065, "PROJ_ID": "PROD-00321623", "PROJ_NAME": "Paramus Route 17 Holdings LLC", "PROG_NAME": "NJ Cool", "CITY": "PARAMUS BORO", "STATE": "NJ", "ZIP": "07652", "REC_ENT": "Paramus Route 17 Holdings LLC", "SECTOR": "Commercial/Industrial", "FUND_AG": "EDA", "PROJ_DES": "Replace two 50-ton rooftop units (RTUs) and three 60-ton RTUs, and install a 350kW solar system. ", "LAT": 40.91517089, "LONG_": -74.0724353, "INITIATIVE": "Accelerate Healthy Homes and Building Decarb", "PROJ_COST": 2128827, "RGGI_AMT": 1000000, "CAL_YEAR": 2025, "STATUS": "Selected", "ECON_AID": "Grant", "CO2E_AVOID": 13.9, "MMBTU_AVOID": -23007.93516, "GAS_SAVED": null, "ADD_ELEC": null, "R80X50": "Yes", "EJ": "Yes", "COST_EFF": 4775.549188, "NOX": 0.0, "PM10": 0.0, "PM2_5": 0.0, "VOC": 0.0, "CO": 0.0, "SOX": 0.0, "RGGI_PCT": 47, "CO2E_AVOIDL": 209.4, "NOX_L": 0.0, "PM10_L": 0.0, "PM2_5_L": 0.0, "VOC_L": 0.0, "CO_L": 0.0, "SOX_L": 0.0, "PROJ_LIFE": 15, "GLOBALID": "{79827767-A381-4BF6-BFF9-4A00F71DBE89}"}, "geometry": {"type": "Point", "coordinates": [-74.07243675055217, 40.91517922623331]}}, {"type": "Feature", "properties": {"OBJECTID": 2066, "PROJ_ID": "DEP-T4S-46", "PROJ_NAME": "Hunterdon County Polytec", "PROG_NAME": "Trees for Schools ", "CITY": "CLINTON TWP", "STATE": "NJ", "ZIP": "08801", "REC_ENT": "Hunterdon County Polytec", "SECTOR": "Local Government", "FUND_AG": "DEP", "PROJ_DES": "Planting 15 trees", "LAT": 40.5220903, "LONG_": -74.8490736, "INITIATIVE": "Enhance Forests and Urban Forests", "PROJ_COST": 20000, "RGGI_AMT": 20000, "CAL_YEAR": 2025, "STATUS": "Selected", "ECON_AID": "Grant", "CO2E_AVOID": null, "MMBTU_AVOID": null, "GAS_SAVED": null, "ADD_ELEC": 16.9827, "R80X50": "Yes", "EJ": "Yes", "COST_EFF": 1177.66904, "NOX": null, "PM10": null, "PM2_5": null, "VOC": null, "CO": null, "SOX": null, "RGGI_PCT": 100, "CO2E_AVOIDL": null, "NOX_L": null, "PM10_L": null, "PM2_5_L": null, "VOC_L": null, "CO_L": null, "SOX_L": null, "PROJ_LIFE": null, "GLOBALID": "{E7CBEF64-C20B-4BC4-98AB-3B731339BE20}"}, "geometry": {"type": "Point", "coordinates": [-74.84907527475106, 40.522098531836285]}}, {"type": "Feature", "properties": {"OBJECTID": 2067, "PROJ_ID": "DEP-T4S-51", "PROJ_NAME": "Metuchen Borough School District", "PROG_NAME": "Trees for Schools ", "CITY": "METUCHEN BORO", "STATE": "NJ", "ZIP": "08840", "REC_ENT": "Metuchen Borough School District", "SECTOR": "Local Government", "FUND_AG": "DEP", "PROJ_DES": "Planting 52 trees", "LAT": 40.5461171, "LONG_": -74.3646122, "INITIATIVE": "Enhance Forests and Urban Forests", "PROJ_COST": 167880, "RGGI_AMT": 167880, "CAL_YEAR": 2025, "STATUS": "Selected", "ECON_AID": "Grant", "CO2E_AVOID": null, "MMBTU_AVOID": null, "GAS_SAVED": null, "ADD_ELEC": 37.8462, "R80X50": "Yes", "EJ": "Yes", "COST_EFF": 4435.848249, "NOX": null, "PM10": null, "PM2_5": null, "VOC": null, "CO": null, "SOX": null, "RGGI_PCT": 100, "CO2E_AVOIDL": null, "NOX_L": null, "PM10_L": null, "PM2_5_L": null, "VOC_L": null, "CO_L": null, "SOX_L": null, "PROJ_LIFE": null, "GLOBALID": "{1127D754-607C-4D40-A134-93DCB8B44AF3}"}, "geometry": {"type": "Point", "coordinates": [-74.36461372187394, 40.546125353725046]}}, {"type": "Feature", "properties": {"OBJECTID": 2068, "PROJ_ID": "DEP-T4S-42", "PROJ_NAME": "Hackensack City School District", "PROG_NAME": "Trees for Schools ", "CITY": "HACKENSACK CITY", "STATE": "NJ", "ZIP": "07601", "REC_ENT": "Hackensack City School District", "SECTOR": "Local Government", "FUND_AG": "DEP", "PROJ_DES": "Planting 204 trees", "LAT": 40.8876273, "LONG_": -74.04763779, "INITIATIVE": "Enhance Forests and Urban Forests", "PROJ_COST": 204256, "RGGI_AMT": 204256, "CAL_YEAR": 2025, "STATUS": "Selected", "ECON_AID": "Grant", "CO2E_AVOID": null, "MMBTU_AVOID": null, "GAS_SAVED": null, "ADD_ELEC": 249.318, "R80X50": "Yes", "EJ": "Yes", "COST_EFF": 819.2589384, "NOX": null, "PM10": null, "PM2_5": null, "VOC": null, "CO": null, "SOX": null, "RGGI_PCT": 100, "CO2E_AVOIDL": null, "NOX_L": null, "PM10_L": null, "PM2_5_L": null, "VOC_L": null, "CO_L": null, "SOX_L": null, "PROJ_LIFE": null, "GLOBALID": "{C64FB548-D93A-43B9-943E-B3215942489F}"}, "geometry": {"type": "Point", "coordinates": [-74.04763923101731, 40.88763563166041]}}, {"type": "Feature", "properties": {"OBJECTID": 2069, "PROJ_ID": "PROD-00314474", "PROJ_NAME": "EXPRESS DELI FOOD MARKET", "PROG_NAME": "NJZIP", "CITY": "BLOOMFIELD TWP", "STATE": "NJ", "ZIP": "07003", "REC_ENT": "EXPRESS DELI FOOD MARKET", "SECTOR": "Commercial/Industrial", "FUND_AG": "EDA", "PROJ_DES": "1 electric utility cargo van", "LAT": 40.78282357, "LONG_": -74.19119903, "INITIATIVE": "Catalyze Clean, Equitable Transportation", "PROJ_COST": 109900, "RGGI_AMT": 87750, "CAL_YEAR": 2025, "STATUS": "Selected", "ECON_AID": "Grant", "CO2E_AVOID": 45.88520436, "MMBTU_AVOID": 6063.110992, "GAS_SAVED": null, "ADD_ELEC": null, "R80X50": "Yes", "EJ": "Yes", "COST_EFF": 127.4920768, "NOX": 26.15730003, "PM10": 3.42494497, "PM2_5": 2.02027287, "VOC": 44.6501649, "CO": 143.2281787, "SOX": 6.51850115, "RGGI_PCT": 80, "CO2E_AVOIDL": 688.2780654, "NOX_L": 392.3595004, "PM10_L": 51.37417451, "PM2_5_L": 30.30409304, "VOC_L": 669.7524735, "CO_L": 2148.42268, "SOX_L": 97.77751731, "PROJ_LIFE": 15, "GLOBALID": "{009C553F-C582-4B06-B9BD-9366E0014714}"}, "geometry": {"type": "Point", "coordinates": [-74.19120051073462, 40.782831876157324]}}, {"type": "Feature", "properties": {"OBJECTID": 2070, "PROJ_ID": "DEP-EV-145", "PROJ_NAME": "Borough of Oakland - Community EV Charging", "PROG_NAME": "NJDEP Supplemental Local Gov't Electrification Grants", "CITY": "OAKLAND BORO", "STATE": "NJ", "ZIP": "07436", "REC_ENT": "Borough of Oakland", "SECTOR": "Local Government", "FUND_AG": "DEP", "PROJ_DES": "supporting the purchase and installation of DCFC and Level 2 chargers open exclusively to the public", "LAT": 41.02406478, "LONG_": -74.2457086, "INITIATIVE": "Catalyze Clean, Equitable Transportation", "PROJ_COST": 1000000, "RGGI_AMT": 1000000, "CAL_YEAR": 2025, "STATUS": "Selected", "ECON_AID": "Grant", "CO2E_AVOID": null, "MMBTU_AVOID": null, "GAS_SAVED": null, "ADD_ELEC": null, "R80X50": "Yes", "EJ": "No", "COST_EFF": null, "NOX": null, "PM10": null, "PM2_5": null, "VOC": null, "CO": null, "SOX": null, "RGGI_PCT": 100, "CO2E_AVOIDL": null, "NOX_L": null, "PM10_L": null, "PM2_5_L": null, "VOC_L": null, "CO_L": null, "SOX_L": null, "PROJ_LIFE": 15, "GLOBALID": "{FFD1C48A-11EB-4685-915F-7ADA859B36CC}"}, "geometry": {"type": "Point", "coordinates": [-74.24571011290872, 41.02407313109539]}}, {"type": "Feature", "properties": {"OBJECTID": 2071, "PROJ_ID": "DEP-T4S-47", "PROJ_NAME": "Kean University", "PROG_NAME": "Trees for Schools ", "CITY": "UNION TWP", "STATE": "NJ", "ZIP": "07083", "REC_ENT": "Kean University", "SECTOR": "Local Government", "FUND_AG": "DEP", "PROJ_DES": "Planting 149 trees", "LAT": 40.6801659, "LONG_": -74.23311, "INITIATIVE": "Enhance Forests and Urban Forests", "PROJ_COST": 235343, "RGGI_AMT": 235343, "CAL_YEAR": 2025, "STATUS": "Selected", "ECON_AID": "Grant", "CO2E_AVOID": null, "MMBTU_AVOID": null, "GAS_SAVED": null, "ADD_ELEC": 128.4789, "R80X50": "Yes", "EJ": "Yes", "COST_EFF": 1831.762258, "NOX": null, "PM10": null, "PM2_5": null, "VOC": null, "CO": null, "SOX": null, "RGGI_PCT": 100, "CO2E_AVOIDL": null, "NOX_L": null, "PM10_L": null, "PM2_5_L": null, "VOC_L": null, "CO_L": null, "SOX_L": null, "PROJ_LIFE": null, "GLOBALID": "{C5F94E1A-0CBD-4CE0-8A08-18095F9699AE}"}, "geometry": {"type": "Point", "coordinates": [-74.23311148769604, 40.68017418476855]}}, {"type": "Feature", "properties": {"OBJECTID": 2072, "PROJ_ID": "DEP-EV-149", "PROJ_NAME": "Borough of North Plainfield - Community EV Charging", "PROG_NAME": "NJDEP Supplemental Local Gov't Electrification Grants", "CITY": "NORTH PLAINFIELD BORO", "STATE": "NJ", "ZIP": "07060", "REC_ENT": "Borough of North Plainfield", "SECTOR": "Local Government", "FUND_AG": "DEP", "PROJ_DES": "supporting the purchase and installation of DCFC and Level 2 chargers open exclusively to the public", "LAT": 40.62093412, "LONG_": -74.42845085, "INITIATIVE": "Catalyze Clean, Equitable Transportation", "PROJ_COST": 1000000, "RGGI_AMT": 1000000, "CAL_YEAR": 2025, "STATUS": "Selected", "ECON_AID": "Grant", "CO2E_AVOID": null, "MMBTU_AVOID": null, "GAS_SAVED": null, "ADD_ELEC": null, "R80X50": "Yes", "EJ": "Yes", "COST_EFF": null, "NOX": null, "PM10": null, "PM2_5": null, "VOC": null, "CO": null, "SOX": null, "RGGI_PCT": 100, "CO2E_AVOIDL": null, "NOX_L": null, "PM10_L": null, "PM2_5_L": null, "VOC_L": null, "CO_L": null, "SOX_L": null, "PROJ_LIFE": 15, "GLOBALID": "{357A0839-9B43-4DE3-A157-7923F7E58ECC}"}, "geometry": {"type": "Point", "coordinates": [-74.42845239655439, 40.62094238606237]}}, {"type": "Feature", "properties": {"OBJECTID": 2073, "PROJ_ID": "DEP-ADMIN-EV-PF-19", "PROJ_NAME": "Jenny Jump State Forest     ", "PROG_NAME": "DEP State Offices - Lead By Example", "CITY": "HOPE TWP", "STATE": "NJ", "ZIP": "07844", "REC_ENT": "Jenny Jump State Forest     ", "SECTOR": "State Government", "FUND_AG": "DEP", "PROJ_DES": "1 electric Medium Duty Pick up and 1 charger", "LAT": 40.91295796, "LONG_": -74.92287158, "INITIATIVE": "Catalyze Clean, Equitable Transportation", "PROJ_COST": 102000, "RGGI_AMT": 102000, "CAL_YEAR": 2025, "STATUS": "Awarded", "ECON_AID": "Other", "CO2E_AVOID": 7.12351243, "MMBTU_AVOID": 932.7863064, "GAS_SAVED": null, "ADD_ELEC": null, "R80X50": "Yes", "EJ": "No", "COST_EFF": 954.585265, "NOX": 4.20890905, "PM10": 0.52749042, "PM2_5": 0.33504744, "VOC": 7.19229809, "CO": 27.97228523, "SOX": 1.11662201, "RGGI_PCT": 100, "CO2E_AVOIDL": 106.8526864, "NOX_L": 63.13363571, "PM10_L": 7.91235631, "PM2_5_L": 5.02571165, "VOC_L": 107.8844713, "CO_L": 419.5842784, "SOX_L": 16.74933009, "PROJ_LIFE": 15, "GLOBALID": "{3B7B99E1-AD86-49DF-B5DD-C75946684594}"}, "geometry": {"type": "Point", "coordinates": [-74.9228733027845, 40.9129662652279]}}, {"type": "Feature", "properties": {"OBJECTID": 2074, "PROJ_ID": "EDA-HFCV-DEMO-01", "PROJ_NAME": "Rutgers FCEV Demonstration at Port Newark & Port Elizabeth Marine Terminals", "PROG_NAME": "EDA Hydrogen Demonstration Project MOU", "CITY": "ELIZABETH CITY", "STATE": "NJ", "ZIP": "07201", "REC_ENT": "Rutgers University", "SECTOR": "Commercial/Industrial", "FUND_AG": "EDA", "PROJ_DES": "6 class 8 HFCV trucks, temporary fuel facilities, and green hydrogen fuel, operating out of Port Newark & Elizabeth Marine Terminals. Funds via MOU.", "LAT": 40.68585357, "LONG_": -74.16218589, "INITIATIVE": "Catalyze Clean, Equitable Transportation", "PROJ_COST": 13000000, "RGGI_AMT": 13000000, "CAL_YEAR": 2025, "STATUS": "Selected", "ECON_AID": "Other", "CO2E_AVOID": 525.0, "MMBTU_AVOID": null, "GAS_SAVED": null, "ADD_ELEC": null, "R80X50": "Yes", "EJ": "Yes", "COST_EFF": 16640.0, "NOX": 3975.0, "PM10": 130.0, "PM2_5": 117.5, "VOC": 192.5, "CO": 1675.0, "SOX": 4.0, "RGGI_PCT": 100, "CO2E_AVOIDL": 781.25, "NOX_L": 4968.75, "PM10_L": 162.5, "PM2_5_L": 146.875, "VOC_L": 240.625, "CO_L": 2093.75, "SOX_L": 5.0, "PROJ_LIFE": 1, "GLOBALID": "{2C1774E8-E2B7-412F-8031-8909AC1FC8FF}"}, "geometry": {"type": "Point", "coordinates": [-74.16218735547075, 40.68586185811449]}}, {"type": "Feature", "properties": {"OBJECTID": 2075, "PROJ_ID": "DEP-T4S-44", "PROJ_NAME": "Henry Hudson Regional School District", "PROG_NAME": "Trees for Schools ", "CITY": "HIGHLANDS BORO", "STATE": "NJ", "ZIP": "07732", "REC_ENT": "Henry Hudson Regional School District", "SECTOR": "Local Government", "FUND_AG": "DEP", "PROJ_DES": "Planting 65 trees", "LAT": 40.4078696, "LONG_": -73.9976946, "INITIATIVE": "Enhance Forests and Urban Forests", "PROJ_COST": 95205, "RGGI_AMT": 95205, "CAL_YEAR": 2025, "STATUS": "Selected", "ECON_AID": "Grant", "CO2E_AVOID": null, "MMBTU_AVOID": null, "GAS_SAVED": null, "ADD_ELEC": 75.8668, "R80X50": "Yes", "EJ": "No", "COST_EFF": 1254.89674, "NOX": null, "PM10": null, "PM2_5": null, "VOC": null, "CO": null, "SOX": null, "RGGI_PCT": 100, "CO2E_AVOIDL": null, "NOX_L": null, "PM10_L": null, "PM2_5_L": null, "VOC_L": null, "CO_L": null, "SOX_L": null, "PROJ_LIFE": null, "GLOBALID": "{C01C6364-CDCF-4BD2-B0E4-37173BC8FA17}"}, "geometry": {"type": "Point", "coordinates": [-73.99769599615253, 40.40787783944985]}}, {"type": "Feature", "properties": {"OBJECTID": 2076, "PROJ_ID": "PROD-00320771", "PROJ_NAME": "Shri Nilkanthvarni Food LLC", "PROG_NAME": "NJ Cool", "CITY": "WOODBRIDGE TWP", "STATE": "NJ", "ZIP": "07064", "REC_ENT": "Shri Nilkanthvarni Food LLC", "SECTOR": "Commercial/Industrial", "FUND_AG": "EDA", "PROJ_DES": "Install 1 hybrid heat pump and a 25kW-DC on site solar system, along with other energy efficiency measures", "LAT": 40.56957432, "LONG_": -74.24390919, "INITIATIVE": "Accelerate Healthy Homes and Building Decarb", "PROJ_COST": 478500, "RGGI_AMT": 235750, "CAL_YEAR": 2025, "STATUS": "Selected", "ECON_AID": "Grant", "CO2E_AVOID": 3.5, "MMBTU_AVOID": 2900.2386, "GAS_SAVED": null, "ADD_ELEC": null, "R80X50": "Yes", "EJ": "Yes", "COST_EFF": 4464.962121, "NOX": 2.1, "PM10": 0.5, "PM2_5": 0.5, "VOC": 0.3, "CO": 2.6, "SOX": 0.1, "RGGI_PCT": 49, "CO2E_AVOIDL": 52.8, "NOX_L": 31.0, "PM10_L": 7.4, "PM2_5_L": 7.4, "VOC_L": 5.3, "CO_L": 38.8, "SOX_L": 0.6, "PROJ_LIFE": 15, "GLOBALID": "{5C5A9429-3EDB-438B-96EC-00E13BC3AC7E}"}, "geometry": {"type": "Point", "coordinates": [-74.2439106746646, 40.56958258273263]}}, {"type": "Feature", "properties": {"OBJECTID": 2077, "PROJ_ID": "DEP-T4S-64", "PROJ_NAME": "Randolph Township School District", "PROG_NAME": "Trees for Schools ", "CITY": "RANDOLPH TWP", "STATE": "NJ", "ZIP": "07869", "REC_ENT": "Randolph Township School District", "SECTOR": "Local Government", "FUND_AG": "DEP", "PROJ_DES": "Planting 15 trees", "LAT": 40.8482888, "LONG_": -74.5814773, "INITIATIVE": "Enhance Forests and Urban Forests", "PROJ_COST": 67716, "RGGI_AMT": 67716, "CAL_YEAR": 2025, "STATUS": "Selected", "ECON_AID": "Grant", "CO2E_AVOID": null, "MMBTU_AVOID": null, "GAS_SAVED": null, "ADD_ELEC": 6.8617, "R80X50": "Yes", "EJ": "No", "COST_EFF": 9868.691432, "NOX": null, "PM10": null, "PM2_5": null, "VOC": null, "CO": null, "SOX": null, "RGGI_PCT": 100, "CO2E_AVOIDL": null, "NOX_L": null, "PM10_L": null, "PM2_5_L": null, "VOC_L": null, "CO_L": null, "SOX_L": null, "PROJ_LIFE": null, "GLOBALID": "{3083F8A5-1051-4A83-A836-C186417676D4}"}, "geometry": {"type": "Point", "coordinates": [-74.58147890955539, 40.84829710506254]}}, {"type": "Feature", "properties": {"OBJECTID": 2078, "PROJ_ID": "DEP-T4S-58", "PROJ_NAME": "Paul Robeson Charter School", "PROG_NAME": "Trees for Schools ", "CITY": "TRENTON CITY", "STATE": "NJ", "ZIP": "08638", "REC_ENT": "Paul Robeson Charter School", "SECTOR": "Local Government", "FUND_AG": "DEP", "PROJ_DES": "Planting 71 trees", "LAT": 40.2381046, "LONG_": -74.74976339, "INITIATIVE": "Enhance Forests and Urban Forests", "PROJ_COST": 212151, "RGGI_AMT": 212151, "CAL_YEAR": 2025, "STATUS": "Selected", "ECON_AID": "Grant", "CO2E_AVOID": null, "MMBTU_AVOID": null, "GAS_SAVED": null, "ADD_ELEC": 107.9231, "R80X50": "Yes", "EJ": "Yes", "COST_EFF": 1965.759508, "NOX": null, "PM10": null, "PM2_5": null, "VOC": null, "CO": null, "SOX": null, "RGGI_PCT": 100, "CO2E_AVOIDL": null, "NOX_L": null, "PM10_L": null, "PM2_5_L": null, "VOC_L": null, "CO_L": null, "SOX_L": null, "PROJ_LIFE": null, "GLOBALID": "{B659A5FA-4644-4E4D-944E-C62F42579132}"}, "geometry": {"type": "Point", "coordinates": [-74.74976501605497, 40.238112779658685]}}, {"type": "Feature", "properties": {"OBJECTID": 2079, "PROJ_ID": "PROD-00319437", "PROJ_NAME": "256 HM LLC", "PROG_NAME": "NJ Cool", "CITY": "NEWARK CITY", "STATE": "NJ", "ZIP": "07105", "REC_ENT": "256 HM LLC", "SECTOR": "Commercial/Industrial", "FUND_AG": "EDA", "PROJ_DES": "Replace 13 existing RTU with new Rooftop Package Heat and Cool units using low GWP refrigerants.", "LAT": 40.71900517, "LONG_": -74.16144436, "INITIATIVE": "Accelerate Healthy Homes and Building Decarb", "PROJ_COST": 271860, "RGGI_AMT": 135930, "CAL_YEAR": 2025, "STATUS": "Selected", "ECON_AID": "Grant", "CO2E_AVOID": 136.3, "MMBTU_AVOID": 37564.62749, "GAS_SAVED": null, "ADD_ELEC": null, "R80X50": "Yes", "EJ": "Yes", "COST_EFF": 66.49870359, "NOX": 77.1, "PM10": 18.3, "PM2_5": 18.3, "VOC": 18.3, "CO": 96.4, "SOX": 1.4, "RGGI_PCT": 50, "CO2E_AVOIDL": 2044.1, "NOX_L": 1157.0, "PM10_L": 274.8, "PM2_5_L": 274.8, "VOC_L": 198.9, "CO_L": 1446.2, "SOX_L": 21.7, "PROJ_LIFE": 15, "GLOBALID": "{C8199416-E509-41A5-8053-DA3030C1DE0D}"}, "geometry": {"type": "Point", "coordinates": [-74.1614458271722, 40.71901346474301]}}, {"type": "Feature", "properties": {"OBJECTID": 2080, "PROJ_ID": "DEP-ADMIN-EV-FW12", "PROJ_NAME": "Lebanon Fish Lab", "PROG_NAME": "DEP State Offices - Lead By Example", "CITY": "LEBANON TWP", "STATE": "NJ", "ZIP": "08833", "REC_ENT": "Lebanon Fish Lab", "SECTOR": "State Government", "FUND_AG": "DEP", "PROJ_DES": "2 electric Medium Duty Pick up and 1 charger", "LAT": 40.6247137, "LONG_": -74.85503823, "INITIATIVE": "Catalyze Clean, Equitable Transportation", "PROJ_COST": 102000, "RGGI_AMT": 102000, "CAL_YEAR": 2025, "STATUS": "Awarded", "ECON_AID": "Other", "CO2E_AVOID": 7.12348743, "MMBTU_AVOID": 932.7863064, "GAS_SAVED": null, "ADD_ELEC": null, "R80X50": "Yes", "EJ": "No", "COST_EFF": 954.5886157, "NOX": 4.2088675, "PM10": 0.52748749, "PM2_5": 0.33504475, "VOC": 7.19228847, "CO": 27.97225178, "SOX": 1.11661123, "RGGI_PCT": 100, "CO2E_AVOIDL": 106.8523114, "NOX_L": 63.13301247, "PM10_L": 7.9123123, "PM2_5_L": 5.02567117, "VOC_L": 107.884327, "CO_L": 419.5837768, "SOX_L": 16.74916837, "PROJ_LIFE": 15, "GLOBALID": "{047460A9-788B-4B9E-B436-A7ECAD84018F}"}, "geometry": {"type": "Point", "coordinates": [-74.85503991323105, 40.62472195171961]}}, {"type": "Feature", "properties": {"OBJECTID": 2081, "PROJ_ID": "DEP-T4S-25", "PROJ_NAME": "Camden County College", "PROG_NAME": "Trees for Schools", "CITY": "CAMDEN CITY", "STATE": "NJ", "ZIP": "08012", "REC_ENT": "Camden County College", "SECTOR": "Local Government", "FUND_AG": "DEP", "PROJ_DES": "Planting 76 Trees", "LAT": 39.9467, "LONG_": -75.11803, "INITIATIVE": "Enhance Forests and Urban Forests", "PROJ_COST": 167550, "RGGI_AMT": 167550, "CAL_YEAR": 2023, "STATUS": "Awarded", "ECON_AID": "Grant", "CO2E_AVOID": 0.0, "MMBTU_AVOID": null, "GAS_SAVED": 45.2, "ADD_ELEC": 0.0, "R80X50": "Yes", "EJ": "Yes", "COST_EFF": 2283.0, "NOX": 0.0, "PM10": 0.0, "PM2_5": 0.0, "VOC": 0.0, "CO": 0.0, "SOX": 0.0, "RGGI_PCT": 100, "CO2E_AVOIDL": null, "NOX_L": 0.0, "PM10_L": 0.0, "PM2_5_L": 0.0, "VOC_L": 0.0, "CO_L": 0.0, "SOX_L": 0.0, "PROJ_LIFE": 27, "GLOBALID": "{BCA17F84-94EE-4FE1-80CC-4811277053ED}"}, "geometry": {"type": "Point", "coordinates": [-75.1180317560511, 39.94670806573624]}}, {"type": "Feature", "properties": {"OBJECTID": 2082, "PROJ_ID": "DEP-T4S-06", "PROJ_NAME": "Philip's Academy Charter School", "PROG_NAME": "Trees for Schools", "CITY": "NEWARK CITY", "STATE": "NJ", "ZIP": "07103", "REC_ENT": "Philip's Academy Charter School", "SECTOR": "Local Government", "FUND_AG": "DEP", "PROJ_DES": "Planting 41 Trees", "LAT": 40.7465, "LONG_": -74.18631, "INITIATIVE": "Enhance Forests and Urban Forests", "PROJ_COST": 149682, "RGGI_AMT": 149682, "CAL_YEAR": 2023, "STATUS": "Awarded", "ECON_AID": "Grant", "CO2E_AVOID": 0.0, "MMBTU_AVOID": null, "GAS_SAVED": 31.0, "ADD_ELEC": 0.0, "R80X50": "Yes", "EJ": "Yes", "COST_EFF": 4564.0, "NOX": 0.0, "PM10": 0.0, "PM2_5": 0.0, "VOC": 0.0, "CO": 0.0, "SOX": 0.0, "RGGI_PCT": 100, "CO2E_AVOIDL": null, "NOX_L": 0.0, "PM10_L": 0.0, "PM2_5_L": 0.0, "VOC_L": 0.0, "CO_L": 0.0, "SOX_L": 0.0, "PROJ_LIFE": 27, "GLOBALID": "{61B7BC66-CFC7-42A4-9B5D-75431E5E17F7}"}, "geometry": {"type": "Point", "coordinates": [-74.18631150824592, 40.74650825657488]}}, {"type": "Feature", "properties": {"OBJECTID": 2083, "PROJ_ID": "DEP-T4S-34", "PROJ_NAME": "Audubon Public School District", "PROG_NAME": "Trees for Schools", "CITY": "AUDUBON PARK BORO", "STATE": "NJ", "ZIP": "08106", "REC_ENT": "Audubon Public School District", "SECTOR": "Local Government", "FUND_AG": "DEP", "PROJ_DES": "Planting 114 Trees", "LAT": 39.8942, "LONG_": -75.0642, "INITIATIVE": "Enhance Forests and Urban Forests", "PROJ_COST": 106100, "RGGI_AMT": 106100, "CAL_YEAR": 2023, "STATUS": "Awarded", "ECON_AID": "Grant", "CO2E_AVOID": 0.0, "MMBTU_AVOID": null, "GAS_SAVED": 56.0, "ADD_ELEC": 0.0, "R80X50": "Yes", "EJ": "No", "COST_EFF": 1387.0, "NOX": 0.0, "PM10": 0.0, "PM2_5": 0.0, "VOC": 0.0, "CO": 0.0, "SOX": 0.0, "RGGI_PCT": 100, "CO2E_AVOIDL": null, "NOX_L": 0.0, "PM10_L": 0.0, "PM2_5_L": 0.0, "VOC_L": 0.0, "CO_L": 0.0, "SOX_L": 0.0, "PROJ_LIFE": 27, "GLOBALID": "{FBECE75D-B074-4AB8-B158-4595F451D605}"}, "geometry": {"type": "Point", "coordinates": [-75.0642017358033, 39.89420805713453]}}, {"type": "Feature", "properties": {"OBJECTID": 2084, "PROJ_ID": "DEP-T4S-16", "PROJ_NAME": "Hudson County Community College", "PROG_NAME": "Trees for Schools", "CITY": "JERSEY CITY", "STATE": "NJ", "ZIP": "07306", "REC_ENT": "Hudson County Community College", "SECTOR": "Local Government", "FUND_AG": "DEP", "PROJ_DES": "Planting 42 Trees", "LAT": 40.72893964, "LONG_": -74.065648, "INITIATIVE": "Enhance Forests and Urban Forests", "PROJ_COST": 217400, "RGGI_AMT": 217400, "CAL_YEAR": 2023, "STATUS": "Awarded", "ECON_AID": "Grant", "CO2E_AVOID": 0.0, "MMBTU_AVOID": null, "GAS_SAVED": 17.7, "ADD_ELEC": 0.0, "R80X50": "Yes", "EJ": "Yes", "COST_EFF": 1548.0, "NOX": 0.0, "PM10": 0.0, "PM2_5": 0.0, "VOC": 0.0, "CO": 0.0, "SOX": 0.0, "RGGI_PCT": 100, "CO2E_AVOIDL": null, "NOX_L": 0.0, "PM10_L": 0.0, "PM2_5_L": 0.0, "VOC_L": 0.0, "CO_L": 0.0, "SOX_L": 0.0, "PROJ_LIFE": 27, "GLOBALID": "{9B6A0F3B-E078-4B30-B28C-F8BA6B64F1A6}"}, "geometry": {"type": "Point", "coordinates": [-74.0656494685291, 40.72894789749561]}}, {"type": "Feature", "properties": {"OBJECTID": 2085, "PROJ_ID": "DEP-T4S-11", "PROJ_NAME": "Garfield Public School District", "PROG_NAME": "Trees for Schools", "CITY": "GARFIELD CITY", "STATE": "NJ", "ZIP": "07026", "REC_ENT": "Garfield Public School District", "SECTOR": "Local Government", "FUND_AG": "DEP", "PROJ_DES": "Planting 107 Trees", "LAT": 40.88416362, "LONG_": -74.12116834, "INITIATIVE": "Enhance Forests and Urban Forests", "PROJ_COST": 86042, "RGGI_AMT": 86042, "CAL_YEAR": 2023, "STATUS": "Awarded", "ECON_AID": "Grant", "CO2E_AVOID": 0.0, "MMBTU_AVOID": null, "GAS_SAVED": 77.3, "ADD_ELEC": 0.0, "R80X50": "Yes", "EJ": "Yes", "COST_EFF": 781.0, "NOX": 0.0, "PM10": 0.0, "PM2_5": 0.0, "VOC": 0.0, "CO": 0.0, "SOX": 0.0, "RGGI_PCT": 100, "CO2E_AVOIDL": null, "NOX_L": 0.0, "PM10_L": 0.0, "PM2_5_L": 0.0, "VOC_L": 0.0, "CO_L": 0.0, "SOX_L": 0.0, "PROJ_LIFE": 27, "GLOBALID": "{C2EB6663-D8A2-4E3F-9C14-722849C93EF3}"}, "geometry": {"type": "Point", "coordinates": [-74.12116983592387, 40.88417190587844]}}, {"type": "Feature", "properties": {"OBJECTID": 2086, "PROJ_ID": "DEP-T4S-10", "PROJ_NAME": "Edison Township Board of Education", "PROG_NAME": "Trees for Schools", "CITY": "EDISON TWP", "STATE": "NJ", "ZIP": "08837", "REC_ENT": "Edison Township Board of Education", "SECTOR": "Local Government", "FUND_AG": "DEP", "PROJ_DES": "Planting 40 Trees", "LAT": 40.52197, "LONG_": -74.38261, "INITIATIVE": "Enhance Forests and Urban Forests", "PROJ_COST": 54021, "RGGI_AMT": 54021, "CAL_YEAR": 2023, "STATUS": "Awarded", "ECON_AID": "Grant", "CO2E_AVOID": 0.0, "MMBTU_AVOID": null, "GAS_SAVED": 7.4, "ADD_ELEC": 0.0, "R80X50": "Yes", "EJ": "Yes", "COST_EFF": 902.0, "NOX": 0.0, "PM10": 0.0, "PM2_5": 0.0, "VOC": 0.0, "CO": 0.0, "SOX": 0.0, "RGGI_PCT": 100, "CO2E_AVOIDL": null, "NOX_L": 0.0, "PM10_L": 0.0, "PM2_5_L": 0.0, "VOC_L": 0.0, "CO_L": 0.0, "SOX_L": 0.0, "PROJ_LIFE": 27, "GLOBALID": "{1116F441-D2ED-41B3-A6A1-2164B7489C90}"}, "geometry": {"type": "Point", "coordinates": [-74.38261155717402, 40.52197820565015]}}, {"type": "Feature", "properties": {"OBJECTID": 2087, "PROJ_ID": "DEP-T4S-03", "PROJ_NAME": "Paterson Public Schools", "PROG_NAME": "Trees for Schools", "CITY": "PATERSON CITY", "STATE": "NJ", "ZIP": "07503", "REC_ENT": "Paterson Public Schools", "SECTOR": "Local Government", "FUND_AG": "DEP", "PROJ_DES": "Planting 158 Trees", "LAT": 40.92351, "LONG_": -74.17239, "INITIATIVE": "Enhance Forests and Urban Forests", "PROJ_COST": 250000, "RGGI_AMT": 250000, "CAL_YEAR": 2023, "STATUS": "Awarded", "ECON_AID": "Grant", "CO2E_AVOID": 0.0, "MMBTU_AVOID": null, "GAS_SAVED": 110.9, "ADD_ELEC": 0.0, "R80X50": "Yes", "EJ": "Yes", "COST_EFF": 1879.0, "NOX": 0.0, "PM10": 0.0, "PM2_5": 0.0, "VOC": 0.0, "CO": 0.0, "SOX": 0.0, "RGGI_PCT": 100, "CO2E_AVOIDL": null, "NOX_L": 0.0, "PM10_L": 0.0, "PM2_5_L": 0.0, "VOC_L": 0.0, "CO_L": 0.0, "SOX_L": 0.0, "PROJ_LIFE": 27, "GLOBALID": "{648596B8-A0A9-4F42-8DD6-42799FA9C397}"}, "geometry": {"type": "Point", "coordinates": [-74.1723915147862, 40.92351829168289]}}, {"type": "Feature", "properties": {"OBJECTID": 2088, "PROJ_ID": "PROD-00311195", "PROJ_NAME": "FFH Logistics Inc", "PROG_NAME": "NJZIP", "CITY": "MONROE TWP", "STATE": "NJ", "ZIP": "08831", "REC_ENT": "FFH Logistics Inc", "SECTOR": "Commercial/Industrial", "FUND_AG": "EDA", "PROJ_DES": "1 electric Delivery Step Van", "LAT": 40.31930139, "LONG_": -74.47590647, "INITIATIVE": "Catalyze Clean, Equitable Transportation", "PROJ_COST": 165652, "RGGI_AMT": 121500, "CAL_YEAR": 2023, "STATUS": "Completed", "ECON_AID": "Grant", "CO2E_AVOID": 30.54219964, "MMBTU_AVOID": 4502.887701, "GAS_SAVED": 0.0, "ADD_ELEC": 0.0, "R80X50": "Yes", "EJ": "Yes", "COST_EFF": 265.0, "NOX": 23.93333333, "PM10": 1.06666667, "PM2_5": 1.46666667, "VOC": 43.66666667, "CO": 281.4666667, "SOX": 3.8, "RGGI_PCT": 73, "CO2E_AVOIDL": 458.1329946, "NOX_L": 359.0, "PM10_L": 16.0, "PM2_5_L": 22.0, "VOC_L": 655.0, "CO_L": 4222.0, "SOX_L": 57.0, "PROJ_LIFE": 15, "GLOBALID": "{F1D1F76C-C953-4E65-B5E9-5F7CA01FB02B}"}, "geometry": {"type": "Point", "coordinates": [-74.47590804460539, 40.31930955236329]}}, {"type": "Feature", "properties": {"OBJECTID": 2089, "PROJ_ID": "DEP-T4S-22", "PROJ_NAME": "Rutgers University - Newark", "PROG_NAME": "Trees for Schools", "CITY": "NEWARK CITY", "STATE": "NJ", "ZIP": "08854", "REC_ENT": "Rutgers University - Newark", "SECTOR": "Local Government", "FUND_AG": "DEP", "PROJ_DES": "Planting 49 Trees", "LAT": 40.74115, "LONG_": -74.175307, "INITIATIVE": "Enhance Forests and Urban Forests", "PROJ_COST": 100291, "RGGI_AMT": 100291, "CAL_YEAR": 2023, "STATUS": "Awarded", "ECON_AID": "Grant", "CO2E_AVOID": 0.0, "MMBTU_AVOID": null, "GAS_SAVED": 32.3, "ADD_ELEC": 0.0, "R80X50": "Yes", "EJ": "Yes", "COST_EFF": 2232.0, "NOX": 0.0, "PM10": 0.0, "PM2_5": 0.0, "VOC": 0.0, "CO": 0.0, "SOX": 0.0, "RGGI_PCT": 100, "CO2E_AVOIDL": null, "NOX_L": 0.0, "PM10_L": 0.0, "PM2_5_L": 0.0, "VOC_L": 0.0, "CO_L": 0.0, "SOX_L": 0.0, "PROJ_LIFE": 27, "GLOBALID": "{CA62D7F8-85B7-4D09-AAC1-AE3B700532CE}"}, "geometry": {"type": "Point", "coordinates": [-74.1753085043498, 40.741158256018366]}}, {"type": "Feature", "properties": {"OBJECTID": 2090, "PROJ_ID": "DEP-T4S-09", "PROJ_NAME": "East Orange Public Schools", "PROG_NAME": "Trees for Schools", "CITY": "EAST ORANGE CITY", "STATE": "NJ", "ZIP": "07017", "REC_ENT": "East Orange Public Schools", "SECTOR": "Local Government", "FUND_AG": "DEP", "PROJ_DES": "Planting 99 Trees", "LAT": 40.759527, "LONG_": -74.201484, "INITIATIVE": "Enhance Forests and Urban Forests", "PROJ_COST": 227477, "RGGI_AMT": 227477, "CAL_YEAR": 2023, "STATUS": "Awarded", "ECON_AID": "Grant", "CO2E_AVOID": 0.0, "MMBTU_AVOID": null, "GAS_SAVED": 71.7, "ADD_ELEC": 0.0, "R80X50": "Yes", "EJ": "Yes", "COST_EFF": 2879.0, "NOX": 0.0, "PM10": 0.0, "PM2_5": 0.0, "VOC": 0.0, "CO": 0.0, "SOX": 0.0, "RGGI_PCT": 100, "CO2E_AVOIDL": null, "NOX_L": 0.0, "PM10_L": 0.0, "PM2_5_L": 0.0, "VOC_L": 0.0, "CO_L": 0.0, "SOX_L": 0.0, "PROJ_LIFE": 27, "GLOBALID": "{74BE2D3F-981A-4C35-B4F6-3D4DC1EE38E3}"}, "geometry": {"type": "Point", "coordinates": [-74.20148551405124, 40.759535258536204]}}, {"type": "Feature", "properties": {"OBJECTID": 2091, "PROJ_ID": "PROD-00311106", "PROJ_NAME": "VIGNAGA FOODS LLC", "PROG_NAME": "NJZIP", "CITY": "JERSEY CITY", "STATE": "NJ", "ZIP": "07306", "REC_ENT": "VIGNAGA FOODS LLC", "SECTOR": "Commercial/Industrial", "FUND_AG": "EDA", "PROJ_DES": "1 electric Regional Haul Freight Truck and 1 electric Utility Cargo Van", "LAT": 40.73547201, "LONG_": -74.06372267, "INITIATIVE": "Catalyze Clean, Equitable Transportation", "PROJ_COST": 430389, "RGGI_AMT": 215450, "CAL_YEAR": 2023, "STATUS": "Awarded", "ECON_AID": "Grant", "CO2E_AVOID": 30.78964146, "MMBTU_AVOID": 4265.126504, "GAS_SAVED": 0.0, "ADD_ELEC": 0.0, "R80X50": "Yes", "EJ": "Yes", "COST_EFF": 466.0, "NOX": 78.45232327, "PM10": 1.41074247, "PM2_5": 1.090049, "VOC": 9.33542956, "CO": 68.75808055, "SOX": 1.14416836, "RGGI_PCT": 50, "CO2E_AVOIDL": 461.8446219, "NOX_L": 1176.784849, "PM10_L": 21.16113711, "PM2_5_L": 16.35073495, "VOC_L": 140.0314435, "CO_L": 1031.371208, "SOX_L": 17.16252532, "PROJ_LIFE": 15, "GLOBALID": "{0C933051-FCA3-4E7F-B146-BFE2272F84D1}"}, "geometry": {"type": "Point", "coordinates": [-74.06372413843286, 40.73548026869608]}}, {"type": "Feature", "properties": {"OBJECTID": 2092, "PROJ_ID": "DEP-T4S-15", "PROJ_NAME": "Bergen Community College", "PROG_NAME": "Trees for Schools", "CITY": "PARAMUS BORO", "STATE": "NJ", "ZIP": "07652", "REC_ENT": "Bergen Community College", "SECTOR": "Local Government", "FUND_AG": "DEP", "PROJ_DES": "Planting 125 Trees", "LAT": 40.9511, "LONG_": -74.08859, "INITIATIVE": "Enhance Forests and Urban Forests", "PROJ_COST": 250000, "RGGI_AMT": 250000, "CAL_YEAR": 2023, "STATUS": "Awarded", "ECON_AID": "Grant", "CO2E_AVOID": 0.0, "MMBTU_AVOID": null, "GAS_SAVED": 87.4, "ADD_ELEC": 0.0, "R80X50": "Yes", "EJ": "Yes", "COST_EFF": 1622.0, "NOX": 0.0, "PM10": 0.0, "PM2_5": 0.0, "VOC": 0.0, "CO": 0.0, "SOX": 0.0, "RGGI_PCT": 100, "CO2E_AVOIDL": null, "NOX_L": 0.0, "PM10_L": 0.0, "PM2_5_L": 0.0, "VOC_L": 0.0, "CO_L": 0.0, "SOX_L": 0.0, "PROJ_LIFE": 27, "GLOBALID": "{15B4BDD6-97F9-43A1-B910-7D1EBC265438}"}, "geometry": {"type": "Point", "coordinates": [-74.08859148935373, 40.95110830001198]}}, {"type": "Feature", "properties": {"OBJECTID": 2093, "PROJ_ID": "DEP-T4S-23", "PROJ_NAME": "Rutgers University - New Brunswick", "PROG_NAME": "Trees for Schools", "CITY": "NEW BRUNSWICK CITY", "STATE": "NJ", "ZIP": "08854", "REC_ENT": "Rutgers University - New Brunswick", "SECTOR": "Local Government", "FUND_AG": "DEP", "PROJ_DES": "Planting 91 Trees", "LAT": 40.2955, "LONG_": -74.2646, "INITIATIVE": "Enhance Forests and Urban Forests", "PROJ_COST": 161706, "RGGI_AMT": 161706, "CAL_YEAR": 2023, "STATUS": "Awarded", "ECON_AID": "Grant", "CO2E_AVOID": 0.0, "MMBTU_AVOID": null, "GAS_SAVED": 35.5, "ADD_ELEC": 0.0, "R80X50": "Yes", "EJ": "Yes", "COST_EFF": 2081.0, "NOX": 0.0, "PM10": 0.0, "PM2_5": 0.0, "VOC": 0.0, "CO": 0.0, "SOX": 0.0, "RGGI_PCT": 100, "CO2E_AVOIDL": null, "NOX_L": 0.0, "PM10_L": 0.0, "PM2_5_L": 0.0, "VOC_L": 0.0, "CO_L": 0.0, "SOX_L": 0.0, "PROJ_LIFE": 27, "GLOBALID": "{75AD8B83-B785-44F5-8BB2-ADA1A8B965C3}"}, "geometry": {"type": "Point", "coordinates": [-74.26460150582209, 40.29550816516482]}}, {"type": "Feature", "properties": {"OBJECTID": 2094, "PROJ_ID": "DEP-T4S-33", "PROJ_NAME": "Bergenfield Public Schools", "PROG_NAME": "Trees for Schools", "CITY": "BERGENFIELD BORO", "STATE": "NJ", "ZIP": "07621", "REC_ENT": "Bergenfield Public Schools", "SECTOR": "Local Government", "FUND_AG": "DEP", "PROJ_DES": "Planting 11 Trees", "LAT": 40.91753, "LONG_": -74.00784, "INITIATIVE": "Enhance Forests and Urban Forests", "PROJ_COST": 12346, "RGGI_AMT": 12346, "CAL_YEAR": 2023, "STATUS": "Awarded", "ECON_AID": "Grant", "CO2E_AVOID": 0.0, "MMBTU_AVOID": null, "GAS_SAVED": 8.1, "ADD_ELEC": 0.0, "R80X50": "Yes", "EJ": "Yes", "COST_EFF": 879.0, "NOX": 0.0, "PM10": 0.0, "PM2_5": 0.0, "VOC": 0.0, "CO": 0.0, "SOX": 0.0, "RGGI_PCT": 100, "CO2E_AVOIDL": null, "NOX_L": 0.0, "PM10_L": 0.0, "PM2_5_L": 0.0, "VOC_L": 0.0, "CO_L": 0.0, "SOX_L": 0.0, "PROJ_LIFE": 27, "GLOBALID": "{BA64DA8E-844C-409A-82F0-B293A830D371}"}, "geometry": {"type": "Point", "coordinates": [-74.00784146152048, 40.91753829640182]}}, {"type": "Feature", "properties": {"OBJECTID": 2095, "PROJ_ID": "PROD-00311093", "PROJ_NAME": "Commuter Foods Corp", "PROG_NAME": "NJZIP", "CITY": "NEWARK CITY", "STATE": "NJ", "ZIP": "07108", "REC_ENT": "Commuter Foods Corp", "SECTOR": "Commercial/Industrial", "FUND_AG": "EDA", "PROJ_DES": "1 electric Light Duty Pickup Truck and 1 electric SUV", "LAT": 40.7152, "LONG_": -74.19164892, "INITIATIVE": "Catalyze Clean, Equitable Transportation", "PROJ_COST": 182500, "RGGI_AMT": 50000, "CAL_YEAR": 2023, "STATUS": "Completed", "ECON_AID": "Grant", "CO2E_AVOID": 10.91748017, "MMBTU_AVOID": 1544.431161, "GAS_SAVED": 0.0, "ADD_ELEC": 0.0, "R80X50": "Yes", "EJ": "No", "COST_EFF": 305.0, "NOX": 6.60549259, "PM10": 0.80007545, "PM2_5": 0.54030763, "VOC": 14.0860559, "CO": 90.38911446, "SOX": 1.04043685, "RGGI_PCT": 27, "CO2E_AVOIDL": 163.7622026, "NOX_L": 99.0823889, "PM10_L": 12.00113168, "PM2_5_L": 8.10461448, "VOC_L": 211.2908385, "CO_L": 1355.836717, "SOX_L": 15.60655281, "PROJ_LIFE": 15, "GLOBALID": "{F9680605-649C-42C8-9776-7AA201C61B4A}"}, "geometry": {"type": "Point", "coordinates": [-74.19165042812281, 40.715208250295994]}}, {"type": "Feature", "properties": {"OBJECTID": 2096, "PROJ_ID": "PROD-00310869", "PROJ_NAME": "Performance Team Logistics LLC", "PROG_NAME": "NJZIP", "CITY": "KEARNY TOWN", "STATE": "NJ", "ZIP": "07032", "REC_ENT": "Performance Team Logistics LLC", "SECTOR": "Commercial/Industrial", "FUND_AG": "EDA", "PROJ_DES": "6 electric Regional Haul Freight Trucks", "LAT": 40.76842125, "LONG_": -74.14584426, "INITIATIVE": "Catalyze Clean, Equitable Transportation", "PROJ_COST": 2116488, "RGGI_AMT": 700000, "CAL_YEAR": 2023, "STATUS": "Completed", "ECON_AID": "Grant", "CO2E_AVOID": 133.1760864, "MMBTU_AVOID": 18322.9207, "GAS_SAVED": 0.0, "ADD_ELEC": 0.0, "R80X50": "Yes", "EJ": "Yes", "COST_EFF": 526.0, "NOX": 446.0, "PM10": 5.2, "PM2_5": 4.0, "VOC": 4.0, "CO": 245.6, "SOX": 2.0, "RGGI_PCT": 33, "CO2E_AVOIDL": 1997.641295, "NOX_L": 6690.0, "PM10_L": 78.0, "PM2_5_L": 60.0, "VOC_L": 60.0, "CO_L": 3684.0, "SOX_L": 30.0, "PROJ_LIFE": 15, "GLOBALID": "{355A82C4-E800-4811-BF72-BBD1F6A0B514}"}, "geometry": {"type": "Point", "coordinates": [-74.14584575677544, 40.7684295124121]}}, {"type": "Feature", "properties": {"OBJECTID": 2097, "PROJ_ID": "DEP-T4S-13", "PROJ_NAME": "Galloway Township Public Schools", "PROG_NAME": "Trees for Schools", "CITY": "GALLOWAY TWP", "STATE": "NJ", "ZIP": "08205", "REC_ENT": "Galloway Township Public Schools", "SECTOR": "Local Government", "FUND_AG": "DEP", "PROJ_DES": "Planting 122 Trees", "LAT": 39.4869583, "LONG_": -74.51713, "INITIATIVE": "Enhance Forests and Urban Forests", "PROJ_COST": 110893, "RGGI_AMT": 110893, "CAL_YEAR": 2023, "STATUS": "Awarded", "ECON_AID": "Grant", "CO2E_AVOID": 0.0, "MMBTU_AVOID": null, "GAS_SAVED": 97.0, "ADD_ELEC": 0.0, "R80X50": "Yes", "EJ": "Yes", "COST_EFF": 682.0, "NOX": 0.0, "PM10": 0.0, "PM2_5": 0.0, "VOC": 0.0, "CO": 0.0, "SOX": 0.0, "RGGI_PCT": 100, "CO2E_AVOIDL": null, "NOX_L": 0.0, "PM10_L": 0.0, "PM2_5_L": 0.0, "VOC_L": 0.0, "CO_L": 0.0, "SOX_L": 0.0, "PROJ_LIFE": 27, "GLOBALID": "{23A07E3A-1870-43F8-B285-03D91E202290}"}, "geometry": {"type": "Point", "coordinates": [-74.51713153864598, 39.48696629490564]}}, {"type": "Feature", "properties": {"OBJECTID": 2098, "PROJ_ID": "PROD-00311241", "PROJ_NAME": "United Parcel Service, Inc. (OHIO)", "PROG_NAME": "NJZIP", "CITY": "LAWNSIDE BORO", "STATE": "NJ", "ZIP": "08045", "REC_ENT": "United Parcel Service, Inc. (OHIO)", "SECTOR": "Commercial/Industrial", "FUND_AG": "EDA", "PROJ_DES": "4 electric Regional Haul Freight Trucks", "LAT": 39.86781433, "LONG_": -75.02691552, "INITIATIVE": "Catalyze Clean, Equitable Transportation", "PROJ_COST": 1391728, "RGGI_AMT": 700000, "CAL_YEAR": 2023, "STATUS": "Completed", "ECON_AID": "Grant", "CO2E_AVOID": 119.9431672, "MMBTU_AVOID": 16501.83828, "GAS_SAVED": 0.0, "ADD_ELEC": 0.0, "R80X50": "Yes", "EJ": "Yes", "COST_EFF": 389.0, "NOX": 401.7757668, "PM10": 4.7102144, "PM2_5": 4.10684092, "VOC": 4.10684092, "CO": 221.2771454, "SOX": 1.8715975, "RGGI_PCT": 50, "CO2E_AVOIDL": 1799.147508, "NOX_L": 6026.636501, "PM10_L": 70.65321597, "PM2_5_L": 61.60261384, "VOC_L": 61.60261384, "CO_L": 3319.15718, "SOX_L": 28.07396251, "PROJ_LIFE": 15, "GLOBALID": "{4F8CC9C8-3704-4D43-AF67-65C7403A83DB}"}, "geometry": {"type": "Point", "coordinates": [-75.02691724258864, 39.86782238322559]}}, {"type": "Feature", "properties": {"OBJECTID": 2099, "PROJ_ID": "DEP-T4S-31", "PROJ_NAME": "Manasquan Public School District", "PROG_NAME": "Trees for Schools", "CITY": "MANASQUAN BORO", "STATE": "NJ", "ZIP": "08736", "REC_ENT": "Manasquan Public School District", "SECTOR": "Local Government", "FUND_AG": "DEP", "PROJ_DES": "Planting 178 Trees", "LAT": 40.12766276, "LONG_": -74.04804124, "INITIATIVE": "Enhance Forests and Urban Forests", "PROJ_COST": 99690, "RGGI_AMT": 99690, "CAL_YEAR": 2023, "STATUS": "Awarded", "ECON_AID": "Grant", "CO2E_AVOID": 0.0, "MMBTU_AVOID": null, "GAS_SAVED": 157.6, "ADD_ELEC": 0.0, "R80X50": "Yes", "EJ": "No", "COST_EFF": 514.0, "NOX": 0.0, "PM10": 0.0, "PM2_5": 0.0, "VOC": 0.0, "CO": 0.0, "SOX": 0.0, "RGGI_PCT": 100, "CO2E_AVOIDL": null, "NOX_L": 0.0, "PM10_L": 0.0, "PM2_5_L": 0.0, "VOC_L": 0.0, "CO_L": 0.0, "SOX_L": 0.0, "PROJ_LIFE": 27, "GLOBALID": "{2BEE6F55-3E1B-4373-B03D-5E0DAEF1AC0E}"}, "geometry": {"type": "Point", "coordinates": [-74.04804266686635, 40.12767089933465]}}, {"type": "Feature", "properties": {"OBJECTID": 2100, "PROJ_ID": "PROD-00311142", "PROJ_NAME": "INFINITE IP CORPORATION", "PROG_NAME": "NJZIP", "CITY": "PRINCETON", "STATE": "NJ", "ZIP": "08550", "REC_ENT": "INFINITE IP CORPORATION", "SECTOR": "Commercial/Industrial", "FUND_AG": "EDA", "PROJ_DES": "1 electric SUV", "LAT": 40.31002945, "LONG_": -74.60898397, "INITIATIVE": "Catalyze Clean, Equitable Transportation", "PROJ_COST": 92000, "RGGI_AMT": 26600, "CAL_YEAR": 2023, "STATUS": "Completed", "ECON_AID": "Grant", "CO2E_AVOID": 3.14612226, "MMBTU_AVOID": 445.0632548, "GAS_SAVED": 0.0, "ADD_ELEC": 0.0, "R80X50": "Yes", "EJ": "No", "COST_EFF": 564.0, "NOX": 2.00677663, "PM10": 0.24071537, "PM2_5": 0.16525995, "VOC": 4.31649694, "CO": 30.02986756, "SOX": 0.29982574, "RGGI_PCT": 29, "CO2E_AVOIDL": 47.19183396, "NOX_L": 30.1016494, "PM10_L": 3.61073061, "PM2_5_L": 2.47889928, "VOC_L": 64.74745415, "CO_L": 450.4480134, "SOX_L": 4.49738607, "PROJ_LIFE": 15, "GLOBALID": "{98799582-0EAF-444B-A389-75519826E17E}"}, "geometry": {"type": "Point", "coordinates": [-74.60898558651165, 40.31003760575575]}}, {"type": "Feature", "properties": {"OBJECTID": 2101, "PROJ_ID": "DEP-T4S-19", "PROJ_NAME": "Rutgers Gardens", "PROG_NAME": "Trees for Schools", "CITY": "NORTH BRUNSWICK TWP", "STATE": "NJ", "ZIP": "08901", "REC_ENT": "Rutgers Gardens", "SECTOR": "Local Government", "FUND_AG": "DEP", "PROJ_DES": "Planting 102 Trees", "LAT": 40.4734129, "LONG_": -74.4225065, "INITIATIVE": "Enhance Forests and Urban Forests", "PROJ_COST": 249385, "RGGI_AMT": 249385, "CAL_YEAR": 2023, "STATUS": "Awarded", "ECON_AID": "Grant", "CO2E_AVOID": 0.0, "MMBTU_AVOID": null, "GAS_SAVED": 35.5, "ADD_ELEC": 0.0, "R80X50": "Yes", "EJ": "Yes", "COST_EFF": 4727.0, "NOX": 0.0, "PM10": 0.0, "PM2_5": 0.0, "VOC": 0.0, "CO": 0.0, "SOX": 0.0, "RGGI_PCT": 100, "CO2E_AVOIDL": null, "NOX_L": 0.0, "PM10_L": 0.0, "PM2_5_L": 0.0, "VOC_L": 0.0, "CO_L": 0.0, "SOX_L": 0.0, "PROJ_LIFE": 27, "GLOBALID": "{B53F44AE-EF9B-4358-9396-73DEC2B060A3}"}, "geometry": {"type": "Point", "coordinates": [-74.42250806700781, 40.47342109468297]}}, {"type": "Feature", "properties": {"OBJECTID": 2102, "PROJ_ID": "PROD-00311133", "PROJ_NAME": "QUALITYZONE CORP", "PROG_NAME": "NJZIP", "CITY": "DEPTFORD TWP", "STATE": "NJ", "ZIP": "08096", "REC_ENT": "QUALITYZONE CORP", "SECTOR": "Commercial/Industrial", "FUND_AG": "EDA", "PROJ_DES": "1 electric SUV", "LAT": 39.84195299, "LONG_": -75.11098818, "INITIATIVE": "Catalyze Clean, Equitable Transportation", "PROJ_COST": 92000, "RGGI_AMT": 28600, "CAL_YEAR": 2023, "STATUS": "Completed", "ECON_AID": "Grant", "CO2E_AVOID": 1.10114279, "MMBTU_AVOID": 155.7721392, "GAS_SAVED": 0.0, "ADD_ELEC": 0.0, "R80X50": "Yes", "EJ": "Yes", "COST_EFF": 1732.0, "NOX": 0.70237182, "PM10": 0.08425038, "PM2_5": 0.05784098, "VOC": 1.51077393, "CO": 10.51045364, "SOX": 0.10493901, "RGGI_PCT": 31, "CO2E_AVOIDL": 16.51714189, "NOX_L": 10.53557729, "PM10_L": 1.26375571, "PM2_5_L": 0.86761475, "VOC_L": 22.66160895, "CO_L": 157.6568047, "SOX_L": 1.57408512, "PROJ_LIFE": 15, "GLOBALID": "{F7D3DF5D-35CE-49C3-BE0E-AF96EAE30B10}"}, "geometry": {"type": "Point", "coordinates": [-75.11098992778336, 39.84196103516542]}}, {"type": "Feature", "properties": {"OBJECTID": 2103, "PROJ_ID": "DEP-T4S-18", "PROJ_NAME": "Cherry Hill Public Schools", "PROG_NAME": "Trees for Schools", "CITY": "CHERRY HILL TWP", "STATE": "NJ", "ZIP": "08034", "REC_ENT": "Cherry Hill Public Schools", "SECTOR": "Local Government", "FUND_AG": "DEP", "PROJ_DES": "Planting 431 Trees", "LAT": 39.92289206, "LONG_": -75.01370125, "INITIATIVE": "Enhance Forests and Urban Forests", "PROJ_COST": 250000, "RGGI_AMT": 250000, "CAL_YEAR": 2023, "STATUS": "Awarded", "ECON_AID": "Grant", "CO2E_AVOID": 0.0, "MMBTU_AVOID": null, "GAS_SAVED": 320.9, "ADD_ELEC": 0.0, "R80X50": "Yes", "EJ": "Yes", "COST_EFF": 391.0, "NOX": 0.0, "PM10": 0.0, "PM2_5": 0.0, "VOC": 0.0, "CO": 0.0, "SOX": 0.0, "RGGI_PCT": 100, "CO2E_AVOIDL": null, "NOX_L": 0.0, "PM10_L": 0.0, "PM2_5_L": 0.0, "VOC_L": 0.0, "CO_L": 0.0, "SOX_L": 0.0, "PROJ_LIFE": 27, "GLOBALID": "{50BAC624-AD3A-45FF-A087-648154E3CB32}"}, "geometry": {"type": "Point", "coordinates": [-75.01370297171333, 39.92290012480096]}}, {"type": "Feature", "properties": {"OBJECTID": 2104, "PROJ_ID": "PROD-00311102", "PROJ_NAME": "Klive International Corp", "PROG_NAME": "NJZIP", "CITY": "WYCKOFF TWP", "STATE": "NJ", "ZIP": "07481", "REC_ENT": "Klive International Corp", "SECTOR": "Commercial/Industrial", "FUND_AG": "EDA", "PROJ_DES": "1 electric SUV", "LAT": 41.01174969, "LONG_": -74.16310233, "INITIATIVE": "Catalyze Clean, Equitable Transportation", "PROJ_COST": 92000, "RGGI_AMT": 25000, "CAL_YEAR": 2023, "STATUS": "Completed", "ECON_AID": "Grant", "CO2E_AVOID": 6.29224453, "MMBTU_AVOID": 890.1265095, "GAS_SAVED": 0.0, "ADD_ELEC": 0.0, "R80X50": "Yes", "EJ": "No", "COST_EFF": 265.0, "NOX": 4.01355325, "PM10": 0.48143075, "PM2_5": 0.3305199, "VOC": 8.63299389, "CO": 60.05973511, "SOX": 0.59965148, "RGGI_PCT": 27, "CO2E_AVOIDL": 94.38366792, "NOX_L": 60.20329881, "PM10_L": 7.22146122, "PM2_5_L": 4.95779856, "VOC_L": 129.4949083, "CO_L": 900.8960267, "SOX_L": 8.99477214, "PROJ_LIFE": 15, "GLOBALID": "{BA3738F7-0EE0-4DF3-8524-C0F3526BC695}"}, "geometry": {"type": "Point", "coordinates": [-74.16310384705527, 41.01175799924186]}}, {"type": "Feature", "properties": {"OBJECTID": 2105, "PROJ_ID": "DEP-T4S-08", "PROJ_NAME": "Bloomfield Township School District", "PROG_NAME": "Trees for Schools", "CITY": "BLOOMFIELD TWP", "STATE": "NJ", "ZIP": "07003", "REC_ENT": "Bloomfield Township School District", "SECTOR": "Local Government", "FUND_AG": "DEP", "PROJ_DES": "Planting 126 Trees", "LAT": 40.7867, "LONG_": -74.119316, "INITIATIVE": "Enhance Forests and Urban Forests", "PROJ_COST": 250000, "RGGI_AMT": 250000, "CAL_YEAR": 2023, "STATUS": "Awarded", "ECON_AID": "Grant", "CO2E_AVOID": 0.0, "MMBTU_AVOID": null, "GAS_SAVED": 115.0, "ADD_ELEC": 0.0, "R80X50": "Yes", "EJ": "Yes", "COST_EFF": 1883.0, "NOX": 0.0, "PM10": 0.0, "PM2_5": 0.0, "VOC": 0.0, "CO": 0.0, "SOX": 0.0, "RGGI_PCT": 100, "CO2E_AVOIDL": null, "NOX_L": 0.0, "PM10_L": 0.0, "PM2_5_L": 0.0, "VOC_L": 0.0, "CO_L": 0.0, "SOX_L": 0.0, "PROJ_LIFE": 27, "GLOBALID": "{397B524D-35F6-4284-BEA4-0703C426BDAB}"}, "geometry": {"type": "Point", "coordinates": [-74.11931748937846, 40.78670826696577]}}, {"type": "Feature", "properties": {"OBJECTID": 2106, "PROJ_ID": "DEP-T4S-01", "PROJ_NAME": "Belleville Board of Education", "PROG_NAME": "Trees for Schools", "CITY": "BELLEVILLE TWP", "STATE": "NJ", "ZIP": "07109", "REC_ENT": "Belleville Board of Education", "SECTOR": "Local Government", "FUND_AG": "DEP", "PROJ_DES": "Planting 144 Trees", "LAT": 40.79514, "LONG_": -74.15586, "INITIATIVE": "Enhance Forests and Urban Forests", "PROJ_COST": 249639, "RGGI_AMT": 249639, "CAL_YEAR": 2023, "STATUS": "Awarded", "ECON_AID": "Grant", "CO2E_AVOID": 0.0, "MMBTU_AVOID": null, "GAS_SAVED": 135.1, "ADD_ELEC": 0.0, "R80X50": "Yes", "EJ": "Yes", "COST_EFF": 972.0, "NOX": 0.0, "PM10": 0.0, "PM2_5": 0.0, "VOC": 0.0, "CO": 0.0, "SOX": 0.0, "RGGI_PCT": 100, "CO2E_AVOIDL": null, "NOX_L": 0.0, "PM10_L": 0.0, "PM2_5_L": 0.0, "VOC_L": 0.0, "CO_L": 0.0, "SOX_L": 0.0, "PROJ_LIFE": 27, "GLOBALID": "{3F58C0B9-53C5-4CBD-9F5A-5CDC021949BD}"}, "geometry": {"type": "Point", "coordinates": [-74.15586150138103, 40.7951482672019]}}, {"type": "Feature", "properties": {"OBJECTID": 2107, "PROJ_ID": "DEP-T4S-05", "PROJ_NAME": "Carlstadt-East Rutherford Regional School District", "PROG_NAME": "Trees for Schools", "CITY": "CARLSTADT BORO", "STATE": "NJ", "ZIP": "07073", "REC_ENT": "Carlstadt-East Rutherford Regional School District", "SECTOR": "Local Government", "FUND_AG": "DEP", "PROJ_DES": "Planting 35 Trees", "LAT": 40.83172361, "LONG_": -74.0937901, "INITIATIVE": "Enhance Forests and Urban Forests", "PROJ_COST": 37675, "RGGI_AMT": 37675, "CAL_YEAR": 2023, "STATUS": "Awarded", "ECON_AID": "Grant", "CO2E_AVOID": 0.0, "MMBTU_AVOID": null, "GAS_SAVED": 27.4, "ADD_ELEC": 0.0, "R80X50": "Yes", "EJ": "Yes", "COST_EFF": 858.0, "NOX": 0.0, "PM10": 0.0, "PM2_5": 0.0, "VOC": 0.0, "CO": 0.0, "SOX": 0.0, "RGGI_PCT": 100, "CO2E_AVOIDL": null, "NOX_L": 0.0, "PM10_L": 0.0, "PM2_5_L": 0.0, "VOC_L": 0.0, "CO_L": 0.0, "SOX_L": 0.0, "PROJ_LIFE": 27, "GLOBALID": "{9D045499-A743-4F0A-8A29-CA15007FF474}"}, "geometry": {"type": "Point", "coordinates": [-74.09379158383422, 40.83173188663041]}}, {"type": "Feature", "properties": {"OBJECTID": 2108, "PROJ_ID": "PROD-00311094", "PROJ_NAME": "Samra Private Wealth Management, LLC", "PROG_NAME": "NJZIP", "CITY": "PRINCETON", "STATE": "NJ", "ZIP": "08540", "REC_ENT": "Samra Private Wealth Management, LLC", "SECTOR": "Commercial/Industrial", "FUND_AG": "EDA", "PROJ_DES": "1 electric SUV", "LAT": 40.32520768, "LONG_": -74.64827173, "INITIATIVE": "Catalyze Clean, Equitable Transportation", "PROJ_COST": 84200, "RGGI_AMT": 25800, "CAL_YEAR": 2023, "STATUS": "Completed", "ECON_AID": "Grant", "CO2E_AVOID": 5.66302008, "MMBTU_AVOID": 801.1138586, "GAS_SAVED": 0.0, "ADD_ELEC": 0.0, "R80X50": "Yes", "EJ": "No", "COST_EFF": 304.0, "NOX": 3.61219793, "PM10": 0.43328767, "PM2_5": 0.29746791, "VOC": 7.7696945, "CO": 54.0537616, "SOX": 0.53968633, "RGGI_PCT": 31, "CO2E_AVOIDL": 84.94530112, "NOX_L": 54.18296893, "PM10_L": 6.4993151, "PM2_5_L": 4.4620187, "VOC_L": 116.5454175, "CO_L": 810.806424, "SOX_L": 8.09529493, "PROJ_LIFE": 15, "GLOBALID": "{5669F588-B1A7-4A5A-9C65-5A487EC6E28E}"}, "geometry": {"type": "Point", "coordinates": [-74.64827336017133, 40.325215837353845]}}, {"type": "Feature", "properties": {"OBJECTID": 2109, "PROJ_ID": "DEP-T4S-20", "PROJ_NAME": "Somerville Board of Education", "PROG_NAME": "Trees for Schools", "CITY": "SOMERVILLE BORO", "STATE": "NJ", "ZIP": "08876", "REC_ENT": "Somerville Board of Education", "SECTOR": "Local Government", "FUND_AG": "DEP", "PROJ_DES": "Planting 124 Trees", "LAT": 40.57747798, "LONG_": -74.61195245, "INITIATIVE": "Enhance Forests and Urban Forests", "PROJ_COST": 119946, "RGGI_AMT": 119946, "CAL_YEAR": 2023, "STATUS": "Awarded", "ECON_AID": "Grant", "CO2E_AVOID": 0.0, "MMBTU_AVOID": null, "GAS_SAVED": 44.4, "ADD_ELEC": 0.0, "R80X50": "Yes", "EJ": "Yes", "COST_EFF": 1437.0, "NOX": 0.0, "PM10": 0.0, "PM2_5": 0.0, "VOC": 0.0, "CO": 0.0, "SOX": 0.0, "RGGI_PCT": 100, "CO2E_AVOIDL": null, "NOX_L": 0.0, "PM10_L": 0.0, "PM2_5_L": 0.0, "VOC_L": 0.0, "CO_L": 0.0, "SOX_L": 0.0, "PROJ_LIFE": 27, "GLOBALID": "{B43E50E1-AE8F-4EC0-969D-67F95FF16378}"}, "geometry": {"type": "Point", "coordinates": [-74.61195408376632, 40.57748618843888]}}, {"type": "Feature", "properties": {"OBJECTID": 2110, "PROJ_ID": "DEP-T4S-21", "PROJ_NAME": "South Orange Maplewood School District", "PROG_NAME": "Trees for Schools", "CITY": "SOUTH ORANGE VILLAGE TWP", "STATE": "NJ", "ZIP": "07040", "REC_ENT": "South Orange Maplewood School District", "SECTOR": "Local Government", "FUND_AG": "DEP", "PROJ_DES": "Planting 30 Trees", "LAT": 40.721561, "LONG_": -74.2540531, "INITIATIVE": "Enhance Forests and Urban Forests", "PROJ_COST": 25342, "RGGI_AMT": 25342, "CAL_YEAR": 2023, "STATUS": "Awarded", "ECON_AID": "Grant", "CO2E_AVOID": 0.0, "MMBTU_AVOID": null, "GAS_SAVED": 10.8, "ADD_ELEC": 0.0, "R80X50": "Yes", "EJ": "Yes", "COST_EFF": 1398.0, "NOX": 0.0, "PM10": 0.0, "PM2_5": 0.0, "VOC": 0.0, "CO": 0.0, "SOX": 0.0, "RGGI_PCT": 100, "CO2E_AVOIDL": null, "NOX_L": 0.0, "PM10_L": 0.0, "PM2_5_L": 0.0, "VOC_L": 0.0, "CO_L": 0.0, "SOX_L": 0.0, "PROJ_LIFE": 27, "GLOBALID": "{75B421B7-CC69-4B36-9603-6BBB6AD940B3}"}, "geometry": {"type": "Point", "coordinates": [-74.25405462846713, 40.7215692493574]}}, {"type": "Feature", "properties": {"OBJECTID": 2111, "PROJ_ID": "PROD-00311125", "PROJ_NAME": "LZT Services", "PROG_NAME": "NJZIP", "CITY": "TINTON FALLS BORO", "STATE": "NJ", "ZIP": "07724", "REC_ENT": "LZT Services", "SECTOR": "Commercial/Industrial", "FUND_AG": "EDA", "PROJ_DES": "1 electric Light Duty Pickup Truck and 1 electric SUV", "LAT": 40.28594837, "LONG_": -74.10439542, "INITIATIVE": "Catalyze Clean, Equitable Transportation", "PROJ_COST": 168600, "RGGI_AMT": 55600, "CAL_YEAR": 2023, "STATUS": "Completed", "ECON_AID": "Grant", "CO2E_AVOID": 10.91748017, "MMBTU_AVOID": 1544.431161, "GAS_SAVED": 0.0, "ADD_ELEC": 0.0, "R80X50": "Yes", "EJ": "Yes", "COST_EFF": 340.0, "NOX": 6.60549259, "PM10": 0.80007545, "PM2_5": 0.54030763, "VOC": 14.0860559, "CO": 90.38911446, "SOX": 1.04043685, "RGGI_PCT": 33, "CO2E_AVOIDL": 163.7622026, "NOX_L": 99.0823889, "PM10_L": 12.00113168, "PM2_5_L": 8.10461448, "VOC_L": 211.2908385, "CO_L": 1355.836717, "SOX_L": 15.60655281, "PROJ_LIFE": 15, "GLOBALID": "{33C0EE0A-73F0-41DF-ABB4-F6E9ABF95EE3}"}, "geometry": {"type": "Point", "coordinates": [-74.10439687433252, 40.285956538804065]}}, {"type": "Feature", "properties": {"OBJECTID": 2112, "PROJ_ID": "DEP-T4S-24", "PROJ_NAME": "Collingswood BOE", "PROG_NAME": "Trees for Schools", "CITY": "COLLINGSWOOD BORO", "STATE": "NJ", "ZIP": "08107", "REC_ENT": "Collingswood BOE", "SECTOR": "Local Government", "FUND_AG": "DEP", "PROJ_DES": "Planting 48 Trees", "LAT": 39.91179592, "LONG_": -75.08932543, "INITIATIVE": "Enhance Forests and Urban Forests", "PROJ_COST": 71225, "RGGI_AMT": 71225, "CAL_YEAR": 2023, "STATUS": "Awarded", "ECON_AID": "Grant", "CO2E_AVOID": 0.0, "MMBTU_AVOID": null, "GAS_SAVED": 28.7, "ADD_ELEC": 0.0, "R80X50": "Yes", "EJ": "Yes", "COST_EFF": 1602.0, "NOX": 0.0, "PM10": 0.0, "PM2_5": 0.0, "VOC": 0.0, "CO": 0.0, "SOX": 0.0, "RGGI_PCT": 100, "CO2E_AVOIDL": null, "NOX_L": 0.0, "PM10_L": 0.0, "PM2_5_L": 0.0, "VOC_L": 0.0, "CO_L": 0.0, "SOX_L": 0.0, "PROJ_LIFE": 27, "GLOBALID": "{ED849E5D-04AD-4E28-9A05-0F987DA0822E}"}, "geometry": {"type": "Point", "coordinates": [-75.08932717486911, 39.91180397983568]}}, {"type": "Feature", "properties": {"OBJECTID": 2113, "PROJ_ID": "DEP-T4S-28", "PROJ_NAME": "Dunellen Public Schools", "PROG_NAME": "Trees for Schools", "CITY": "DUNELLEN BORO", "STATE": "NJ", "ZIP": "08812", "REC_ENT": "Dunellen Public Schools", "SECTOR": "Local Government", "FUND_AG": "DEP", "PROJ_DES": "Planting 61 Trees", "LAT": 40.3526, "LONG_": -74.2728, "INITIATIVE": "Enhance Forests and Urban Forests", "PROJ_COST": 68164, "RGGI_AMT": 68164, "CAL_YEAR": 2023, "STATUS": "Awarded", "ECON_AID": "Grant", "CO2E_AVOID": 0.0, "MMBTU_AVOID": null, "GAS_SAVED": 16.8, "ADD_ELEC": 0.0, "R80X50": "Yes", "EJ": "Yes", "COST_EFF": 1650.0, "NOX": 0.0, "PM10": 0.0, "PM2_5": 0.0, "VOC": 0.0, "CO": 0.0, "SOX": 0.0, "RGGI_PCT": 100, "CO2E_AVOIDL": null, "NOX_L": 0.0, "PM10_L": 0.0, "PM2_5_L": 0.0, "VOC_L": 0.0, "CO_L": 0.0, "SOX_L": 0.0, "PROJ_LIFE": 27, "GLOBALID": "{F0B56631-1252-47C1-9AAC-5420654B2D5E}"}, "geometry": {"type": "Point", "coordinates": [-74.27280151201794, 40.35260817618257]}}, {"type": "Feature", "properties": {"OBJECTID": 2114, "PROJ_ID": "PROD-00311129", "PROJ_NAME": "Sand Bar Joes LLC", "PROG_NAME": "NJZIP", "CITY": "NORTH WILDWOOD CITY", "STATE": "NJ", "ZIP": "08260", "REC_ENT": "Sand Bar Joes LLC", "SECTOR": "Commercial/Industrial", "FUND_AG": "EDA", "PROJ_DES": "1 electric Light Duty Pickup Truck", "LAT": 38.9938, "LONG_": -74.79846963, "INITIATIVE": "Catalyze Clean, Equitable Transportation", "PROJ_COST": 87000, "RGGI_AMT": 27000, "CAL_YEAR": 2023, "STATUS": "Completed", "ECON_AID": "Grant", "CO2E_AVOID": 7.02473635, "MMBTU_AVOID": 993.7477824, "GAS_SAVED": 0.0, "ADD_ELEC": 0.0, "R80X50": "Yes", "EJ": "Yes", "COST_EFF": 256.0, "NOX": 4.07470467, "PM10": 0.49753604, "PM2_5": 0.33140673, "VOC": 8.62615189, "CO": 51.39022154, "SOX": 0.66945801, "RGGI_PCT": 31, "CO2E_AVOIDL": 105.3710452, "NOX_L": 61.1205701, "PM10_L": 7.46304053, "PM2_5_L": 4.97110097, "VOC_L": 129.3922783, "CO_L": 770.8533232, "SOX_L": 10.04187019, "PROJ_LIFE": 15, "GLOBALID": "{3CF10945-703C-4CF4-9CE3-77D27F6E345C}"}, "geometry": {"type": "Point", "coordinates": [-74.79847122947835, 38.993807885309025]}}, {"type": "Feature", "properties": {"OBJECTID": 2115, "PROJ_ID": "DEP-T4S-30", "PROJ_NAME": "River Edge Public Schools", "PROG_NAME": "Trees for Schools", "CITY": "RIVER EDGE BORO", "STATE": "NJ", "ZIP": "07661", "REC_ENT": "River Edge Public Schools", "SECTOR": "Local Government", "FUND_AG": "DEP", "PROJ_DES": "Planting 68 Trees", "LAT": 40.9206, "LONG_": -74.0363, "INITIATIVE": "Enhance Forests and Urban Forests", "PROJ_COST": 137558, "RGGI_AMT": 137558, "CAL_YEAR": 2023, "STATUS": "Awarded", "ECON_AID": "Grant", "CO2E_AVOID": 0.0, "MMBTU_AVOID": null, "GAS_SAVED": 48.5, "ADD_ELEC": 0.0, "R80X50": "Yes", "EJ": "Yes", "COST_EFF": 1187.0, "NOX": 0.0, "PM10": 0.0, "PM2_5": 0.0, "VOC": 0.0, "CO": 0.0, "SOX": 0.0, "RGGI_PCT": 100, "CO2E_AVOIDL": null, "NOX_L": 0.0, "PM10_L": 0.0, "PM2_5_L": 0.0, "VOC_L": 0.0, "CO_L": 0.0, "SOX_L": 0.0, "PROJ_LIFE": 27, "GLOBALID": "{55ED547A-5DB0-4101-B21A-34A6FD2E8B10}"}, "geometry": {"type": "Point", "coordinates": [-74.03630147092711, 40.920608295997035]}}, {"type": "Feature", "properties": {"OBJECTID": 2116, "PROJ_ID": "PROD-00311108", "PROJ_NAME": "Costco Wholesale Corporation", "PROG_NAME": "NJZIP", "CITY": "MONROE TWP", "STATE": "NJ", "ZIP": "08831", "REC_ENT": "Costco Wholesale Corporation", "SECTOR": "Commercial/Industrial", "FUND_AG": "EDA", "PROJ_DES": "8 electric Regional Haul Freight Truck", "LAT": 40.33606903, "LONG_": -74.434, "INITIATIVE": "Catalyze Clean, Equitable Transportation", "PROJ_COST": 2783600, "RGGI_AMT": 1400000, "CAL_YEAR": 2024, "STATUS": "Completed", "ECON_AID": "Grant", "CO2E_AVOID": 177.4963628, "MMBTU_AVOID": 24420.03445, "GAS_SAVED": 0.0, "ADD_ELEC": 0.0, "R80X50": "Yes", "EJ": "Yes", "COST_EFF": 526.0, "NOX": 594.5627329, "PM10": 6.97035057, "PM2_5": 6.07745605, "VOC": 6.07745605, "CO": 327.4541552, "SOX": 2.76965964, "RGGI_PCT": 50, "CO2E_AVOIDL": 2662.445443, "NOX_L": 8918.440993, "PM10_L": 104.5552586, "PM2_5_L": 91.16184068, "VOC_L": 91.16184068, "CO_L": 4911.812327, "SOX_L": 41.54489457, "PROJ_LIFE": 15, "GLOBALID": "{48F63042-9759-42BF-81B9-F510D87595AD}"}, "geometry": {"type": "Point", "coordinates": [-74.43400156241401, 40.33607719733745]}}, {"type": "Feature", "properties": {"OBJECTID": 2117, "PROJ_ID": "PROD-00310861", "PROJ_NAME": "Penske Truck Leasing Co., L.P.", "PROG_NAME": "NJZIP", "CITY": "NEWARK CITY", "STATE": "NJ", "ZIP": "07112", "REC_ENT": "Penske Truck Leasing Co., L.P.", "SECTOR": "Commercial/Industrial", "FUND_AG": "EDA", "PROJ_DES": "3 electric Regional Haul Freight Trucks", "LAT": 40.73515957, "LONG_": -74.17622361, "INITIATIVE": "Catalyze Clean, Equitable Transportation", "PROJ_COST": 882279, "RGGI_AMT": 525000, "CAL_YEAR": 2023, "STATUS": "Awarded", "ECON_AID": "Grant", "CO2E_AVOID": 33.384741, "MMBTU_AVOID": 4578.163939, "GAS_SAVED": 0.0, "ADD_ELEC": 0.0, "R80X50": "Yes", "EJ": "Yes", "COST_EFF": 1048.0, "NOX": 111.6, "PM10": 1.4, "PM2_5": 1.2, "VOC": 1.2, "CO": 61.6, "SOX": 0.8, "RGGI_PCT": 60, "CO2E_AVOIDL": 500.7711149, "NOX_L": 1674.0, "PM10_L": 21.0, "PM2_5_L": 18.0, "VOC_L": 18.0, "CO_L": 924.0, "SOX_L": 12.0, "PROJ_LIFE": 15, "GLOBALID": "{23A373A3-F1A0-4699-ADB8-A0A18BF630EF}"}, "geometry": {"type": "Point", "coordinates": [-74.17622511423927, 40.73516782470452]}}, {"type": "Feature", "properties": {"OBJECTID": 2118, "PROJ_ID": "EVLVL-2022-Township of Ewing-00912", "PROJ_NAME": "Ewing Township Municipal Building Chargers", "PROG_NAME": "It Pay$ to Plug In", "CITY": "EWING TWP", "STATE": "NJ", "ZIP": "08628", "REC_ENT": "Township of Ewing", "SECTOR": "Local Government", "FUND_AG": "DEP", "PROJ_DES": "3 Dual-port, level 2, public EV charging stations", "LAT": 40.27643667, "LONG_": -74.80276365, "INITIATIVE": "Catalyze Clean, Equitable Transportation", "PROJ_COST": 24000, "RGGI_AMT": 24000, "CAL_YEAR": 2023, "STATUS": "Completed", "ECON_AID": "Grant", "CO2E_AVOID": 21.3, "MMBTU_AVOID": 3477.7, "GAS_SAVED": null, "ADD_ELEC": 0.0, "R80X50": "Yes", "EJ": "Yes", "COST_EFF": 75.11, "NOX": 15.0, "PM10": 1.8, "PM2_5": 1.2, "VOC": 34.2, "CO": 162.5, "SOX": 3.4, "RGGI_PCT": 100, "CO2E_AVOIDL": 319.6, "NOX_L": 224.6, "PM10_L": 27.4, "PM2_5_L": 18.4, "VOC_L": 512.3, "CO_L": 2437.9, "SOX_L": 50.8, "PROJ_LIFE": 15, "GLOBALID": "{74FC0AED-B528-4C75-AD85-37FBAF34947A}"}, "geometry": {"type": "Point", "coordinates": [-74.8027653261504, 40.27644481230354]}}, {"type": "Feature", "properties": {"OBJECTID": 2119, "PROJ_ID": "EVLVL-2022-Borough of Cliffside Park-00845", "PROJ_NAME": "Cliffside Park Municipal Garage Charger", "PROG_NAME": "It Pay$ to Plug In", "CITY": "CLIFFSIDE PARK BORO", "STATE": "NJ", "ZIP": "07010", "REC_ENT": "Borough of Cliffside Park", "SECTOR": "Local Government", "FUND_AG": "DEP", "PROJ_DES": "1 single-port and 2 dual-port, level 2, public charging stations in the municipal garage of a mixed-use residential building", "LAT": 40.82863217, "LONG_": -73.98729488, "INITIATIVE": "Catalyze Clean, Equitable Transportation", "PROJ_COST": 20000, "RGGI_AMT": 20000, "CAL_YEAR": 2023, "STATUS": "Awarded", "ECON_AID": "Grant", "CO2E_AVOID": 17.75289773, "MMBTU_AVOID": 2898.053897, "GAS_SAVED": null, "ADD_ELEC": 0.0, "R80X50": "Yes", "EJ": "Yes", "COST_EFF": 75.10510981, "NOX": 12.47692247, "PM10": 1.5239168, "PM2_5": 1.02208577, "VOC": 28.46078654, "CO": 135.4401469, "SOX": 2.82295235, "RGGI_PCT": 100, "CO2E_AVOIDL": 266.2934659, "NOX_L": 187.1538371, "PM10_L": 22.85875201, "PM2_5_L": 15.3312865, "VOC_L": 426.9117981, "CO_L": 2031.602203, "SOX_L": 42.34428522, "PROJ_LIFE": 15, "GLOBALID": "{9DA63AF7-24A4-43F4-8726-EF9A97F3D4E7}"}, "geometry": {"type": "Point", "coordinates": [-73.98729632971511, 40.82864044970907]}}, {"type": "Feature", "properties": {"OBJECTID": 2120, "PROJ_ID": "EVLVL-2022-UnionCi-00809", "PROJ_NAME": "Washington Park Chargers", "PROG_NAME": "It Pay$ to Plug In", "CITY": "UNION CITY", "STATE": "NJ", "ZIP": "07087", "REC_ENT": "City of Union City", "SECTOR": "Local Government", "FUND_AG": "DEP", "PROJ_DES": "4 single-port, level 2, public EV charging stations", "LAT": 40.75280927, "LONG_": -74.04031386, "INITIATIVE": "Catalyze Clean, Equitable Transportation", "PROJ_COST": 16000, "RGGI_AMT": 16000, "CAL_YEAR": 2023, "STATUS": "Completed", "ECON_AID": "Grant", "CO2E_AVOID": 14.2, "MMBTU_AVOID": 2318.4, "GAS_SAVED": null, "ADD_ELEC": 0.0, "R80X50": "Yes", "EJ": "Yes", "COST_EFF": 75.11, "NOX": 10.0, "PM10": 1.2, "PM2_5": 0.8, "VOC": 22.8, "CO": 108.4, "SOX": 2.3, "RGGI_PCT": 100, "CO2E_AVOIDL": 213.0, "NOX_L": 149.7, "PM10_L": 18.3, "PM2_5_L": 12.3, "VOC_L": 341.5, "CO_L": 1625.3, "SOX_L": 33.9, "PROJ_LIFE": 15, "GLOBALID": "{0FE34F3A-0B2C-4DDE-9C91-B1A7DEA7ACB1}"}, "geometry": {"type": "Point", "coordinates": [-74.04031532206957, 40.75281753300076]}}, {"type": "Feature", "properties": {"OBJECTID": 2121, "PROJ_ID": "PROD-00315355", "PROJ_NAME": "Enat Deliveries LLC", "PROG_NAME": "NJZIP", "CITY": "RIDGEFIELD PARK VILLAGE", "STATE": "NJ", "ZIP": "07660", "REC_ENT": "Enat Deliveries LLC", "SECTOR": "Commercial/Industrial", "FUND_AG": "EDA", "PROJ_DES": "3 electric Delivery Step Vans", "LAT": 40.85624761, "LONG_": -74.01825075, "INITIATIVE": "Catalyze Clean, Equitable Transportation", "PROJ_COST": 329700, "RGGI_AMT": 109900, "CAL_YEAR": 2024, "STATUS": "Awarded", "ECON_AID": "Grant", "CO2E_AVOID": 236.7203007, "MMBTU_AVOID": 34856.91005, "GAS_SAVED": null, "ADD_ELEC": 0.0, "R80X50": "Yes", "EJ": "Yes", "COST_EFF": 30.95073235, "NOX": 185.2378383, "PM10": 8.48114269, "PM2_5": 11.79936758, "VOC": 338.0492456, "CO": 2178.716879, "SOX": 29.46601627, "RGGI_PCT": 33, "CO2E_AVOIDL": 3550.80451, "NOX_L": 2778.567574, "PM10_L": 127.2171403, "PM2_5_L": 176.9905137, "VOC_L": 5070.738685, "CO_L": 32680.75319, "SOX_L": 441.990244, "PROJ_LIFE": 15, "GLOBALID": "{2B6E0F88-D3F5-46CC-A1D3-05C5FF15F726}"}, "geometry": {"type": "Point", "coordinates": [-74.0182522111718, 40.856255894144596]}}, {"type": "Feature", "properties": {"OBJECTID": 2122, "PROJ_ID": "BPU-24MHD001.1", "PROJ_NAME": "ENAT DC Community Fast Chargers - Seacaucus", "PROG_NAME": "Medium- and Heavy-Duty EV Charging Program", "CITY": "SECAUCUS TOWN", "STATE": "NJ", "ZIP": "07094", "REC_ENT": "ENAT Transportation & Logistics, LLC", "SECTOR": "Commercial/Industrial", "FUND_AG": "BPU", "PROJ_DES": "3 dual-port, networked DC fast Community Charging stations (150 kW or greater)", "LAT": 40.78622912, "LONG_": -74.07434576, "INITIATIVE": "Catalyze Clean, Equitable Transportation", "PROJ_COST": 675000, "RGGI_AMT": 675000, "CAL_YEAR": 2023, "STATUS": "Awarded", "ECON_AID": "Grant", "CO2E_AVOID": 32.99446549, "MMBTU_AVOID": 5692.396743, "GAS_SAVED": null, "ADD_ELEC": 0.0, "R80X50": "Yes", "EJ": "Yes", "COST_EFF": 1363.865101, "NOX": 102.9807844, "PM10": 0.64426388, "PM2_5": 0.78132446, "VOC": 5.79833309, "CO": 60.6388868, "SOX": -4.94957713, "RGGI_PCT": 100, "CO2E_AVOIDL": 494.9169824, "NOX_L": 1544.711767, "PM10_L": 9.66395816, "PM2_5_L": 11.71986685, "VOC_L": 86.97499633, "CO_L": 909.5833021, "SOX_L": -74.24365698, "PROJ_LIFE": 15, "GLOBALID": "{DE995175-B504-4E4C-A537-A883F410AF2F}"}, "geometry": {"type": "Point", "coordinates": [-74.0743472349597, 40.786237388326896]}}, {"type": "Feature", "properties": {"OBJECTID": 2123, "PROJ_ID": "DEP-EV-96", "PROJ_NAME": "Borough of Prospect Park", "PROG_NAME": "NJDEP Medium and Heavy Duty Electric Vehicle", "CITY": "PROSPECT PARK BORO", "STATE": "NJ", "ZIP": "07508", "REC_ENT": "Prospect Park", "SECTOR": "Local Government", "FUND_AG": "DEP", "PROJ_DES": "1 class 2b and 1 class 3 electric vehicle", "LAT": 40.93493069, "LONG_": -74.17354562, "INITIATIVE": "Catalyze Clean, Equitable Transportation", "PROJ_COST": 54000, "RGGI_AMT": 54000, "CAL_YEAR": 2023, "STATUS": "Selected", "ECON_AID": "Grant", "CO2E_AVOID": 15.15993648, "MMBTU_AVOID": null, "GAS_SAVED": null, "ADD_ELEC": 0.0, "R80X50": "Yes", "EJ": "Yes", "COST_EFF": 237.0, "NOX": 30.30501637, "PM10": 0.53276869, "PM2_5": 2.19070111, "VOC": 4.54605227, "CO": 20.98429311, "SOX": 0.0, "RGGI_PCT": 100, "CO2E_AVOIDL": 227.3990472, "NOX_L": 454.5752455, "PM10_L": 7.99153039, "PM2_5_L": 32.86051661, "VOC_L": 68.190784, "CO_L": 314.7643967, "SOX_L": 0.0, "PROJ_LIFE": 15, "GLOBALID": "{10F343DD-D99D-46D8-98E3-486DDF18EB27}"}, "geometry": {"type": "Point", "coordinates": [-74.17354713587616, 40.93493898377695]}}, {"type": "Feature", "properties": {"OBJECTID": 2124, "PROJ_ID": "DEP-EV-100", "PROJ_NAME": "City of Pleasantville", "PROG_NAME": "NJDEP Medium and Heavy Duty Electric Vehicle", "CITY": "PLEASANTVILLE CITY", "STATE": "NJ", "ZIP": "08232", "REC_ENT": "City of Pleasantville", "SECTOR": "Local Government", "FUND_AG": "DEP", "PROJ_DES": "1 electric refuse hauler", "LAT": 39.39326407, "LONG_": -74.52297126, "INITIATIVE": "Catalyze Clean, Equitable Transportation", "PROJ_COST": 335000, "RGGI_AMT": 335000, "CAL_YEAR": 2023, "STATUS": "Selected", "ECON_AID": "Grant", "CO2E_AVOID": 4.08348457, "MMBTU_AVOID": null, "GAS_SAVED": null, "ADD_ELEC": 0.0, "R80X50": "Yes", "EJ": "Yes", "COST_EFF": 5469.185185, "NOX": 96.02771097, "PM10": 1.48687492, "PM2_5": 3.33789742, "VOC": 4.997023, "CO": 37.84689675, "SOX": 0.0, "RGGI_PCT": 100, "CO2E_AVOIDL": 61.2522686, "NOX_L": 1440.415665, "PM10_L": 22.30312382, "PM2_5_L": 50.06846127, "VOC_L": 74.955345, "CO_L": 567.7034513, "SOX_L": 0.0, "PROJ_LIFE": 15, "GLOBALID": "{B9DEE329-D4F6-4162-9B2B-60A3FCAA5137}"}, "geometry": {"type": "Point", "coordinates": [-74.52297279505937, 39.393272045763666]}}, {"type": "Feature", "properties": {"OBJECTID": 2125, "PROJ_ID": "DEP-EV-104", "PROJ_NAME": "City of Jersey City", "PROG_NAME": "NJDEP Medium and Heavy Duty Electric Vehicle", "CITY": "JERSEY CITY", "STATE": "NJ", "ZIP": "07305", "REC_ENT": "City of Jersey City", "SECTOR": "Local Government", "FUND_AG": "DEP", "PROJ_DES": "2 electric garbage trucks, 2 electric transit buses, 4 class 8 electric trucks", "LAT": 40.68883462, "LONG_": -74.09049195, "INITIATIVE": "Catalyze Clean, Equitable Transportation", "PROJ_COST": 2364000, "RGGI_AMT": 2364000, "CAL_YEAR": 2023, "STATUS": "Selected", "ECON_AID": "Grant", "CO2E_AVOID": 131.9373866, "MMBTU_AVOID": null, "GAS_SAVED": null, "ADD_ELEC": 0.0, "R80X50": "Yes", "EJ": "Yes", "COST_EFF": 1194.506001, "NOX": 744.3071148, "PM10": 6.16028991, "PM2_5": 28.1848445, "VOC": 39.91891571, "CO": 273.8317198, "SOX": 0.0, "RGGI_PCT": 100, "CO2E_AVOIDL": 1979.060799, "NOX_L": 11164.60672, "PM10_L": 92.4043486, "PM2_5_L": 422.7726676, "VOC_L": 598.7837356, "CO_L": 4107.475798, "SOX_L": 0.0, "PROJ_LIFE": 15, "GLOBALID": "{7CF929F6-5A1E-41F8-82DB-B7629540E6B5}"}, "geometry": {"type": "Point", "coordinates": [-74.09049342416203, 40.688842868630225]}}, {"type": "Feature", "properties": {"OBJECTID": 2126, "PROJ_ID": "BPU-24MHD001.2", "PROJ_NAME": "ENAT DC Community Fast Chargers - Lyndhurst", "PROG_NAME": "Medium- and Heavy-Duty EV Charging Program", "CITY": "LYNDHURST TWP", "STATE": "NJ", "ZIP": "07071", "REC_ENT": "ENAT Transportation & Logistics, LLC", "SECTOR": "Commercial/Industrial", "FUND_AG": "BPU", "PROJ_DES": "3 dual-port, networked DC fast Community Charging stations  (150 kW or greater)", "LAT": 40.80637007, "LONG_": -74.10463446, "INITIATIVE": "Catalyze Clean, Equitable Transportation", "PROJ_COST": 675000, "RGGI_AMT": 675000, "CAL_YEAR": 2023, "STATUS": "Awarded", "ECON_AID": "Grant", "CO2E_AVOID": 32.99446549, "MMBTU_AVOID": 5692.396743, "GAS_SAVED": null, "ADD_ELEC": 0.0, "R80X50": "Yes", "EJ": "Yes", "COST_EFF": 1363.865101, "NOX": 102.9807844, "PM10": 0.64426388, "PM2_5": 0.78132446, "VOC": 5.79833309, "CO": 60.6388868, "SOX": -4.94957713, "RGGI_PCT": 100, "CO2E_AVOIDL": 494.9169824, "NOX_L": 1544.711767, "PM10_L": 9.66395816, "PM2_5_L": 11.71986685, "VOC_L": 86.97499633, "CO_L": 909.5833021, "SOX_L": -74.24365698, "PROJ_LIFE": 15, "GLOBALID": "{27D9FE3E-1354-44C7-B61F-53EE9319FE84}"}, "geometry": {"type": "Point", "coordinates": [-74.10463594589889, 40.806378341120386]}}, {"type": "Feature", "properties": {"OBJECTID": 2127, "PROJ_ID": "DEP-EV-101", "PROJ_NAME": "City of Wildwood", "PROG_NAME": "NJDEP Medium and Heavy Duty Electric Vehicle", "CITY": "WILDWOOD CITY", "STATE": "NJ", "ZIP": "08260", "REC_ENT": "City of Wildwood", "SECTOR": "Local Government", "FUND_AG": "DEP", "PROJ_DES": "1 electric refuse hauler", "LAT": 38.98668465, "LONG_": -74.82206873, "INITIATIVE": "Catalyze Clean, Equitable Transportation", "PROJ_COST": 411000, "RGGI_AMT": 411000, "CAL_YEAR": 2023, "STATUS": "Selected", "ECON_AID": "Grant", "CO2E_AVOID": 9.69827586, "MMBTU_AVOID": null, "GAS_SAVED": null, "ADD_ELEC": 0.0, "R80X50": "Yes", "EJ": "Yes", "COST_EFF": 2825.244444, "NOX": 1436.909542, "PM10": 3.53132794, "PM2_5": 55.37710171, "VOC": 50.46909002, "CO": 359.9582135, "SOX": 0.0, "RGGI_PCT": 100, "CO2E_AVOIDL": 145.4741379, "NOX_L": 21553.64313, "PM10_L": 52.96991907, "PM2_5_L": 830.6565256, "VOC_L": 757.0363503, "CO_L": 5399.373203, "SOX_L": 0.0, "PROJ_LIFE": 15, "GLOBALID": "{7093C6CD-6720-4AED-8902-CCE461037210}"}, "geometry": {"type": "Point", "coordinates": [-74.82207033620071, 38.98669253316878]}}, {"type": "Feature", "properties": {"OBJECTID": 2128, "PROJ_ID": "DEP-EV-113", "PROJ_NAME": "Township of North Bergen", "PROG_NAME": "NJDEP Medium and Heavy Duty Electric Vehicle", "CITY": "LYNDHURST TWP", "STATE": "NJ", "ZIP": "07071", "REC_ENT": "Township of North Bergen", "SECTOR": "Local Government", "FUND_AG": "DEP", "PROJ_DES": "2 class 8 electric garbage trucks", "LAT": 40.81382319, "LONG_": -74.12703192, "INITIATIVE": "Catalyze Clean, Equitable Transportation", "PROJ_COST": 670000, "RGGI_AMT": 670000, "CAL_YEAR": 2023, "STATUS": "Selected", "ECON_AID": "Grant", "CO2E_AVOID": 292.5, "MMBTU_AVOID": 38461.5, "GAS_SAVED": null, "ADD_ELEC": 0.0, "R80X50": "Yes", "EJ": "Yes", "COST_EFF": 153.0, "NOX": 306.1, "PM10": 6.2, "PM2_5": 4.8, "VOC": 4.8, "CO": 205.9, "SOX": 23.6, "RGGI_PCT": 100, "CO2E_AVOIDL": 4386.8, "NOX_L": 4591.1, "PM10_L": 93.2, "PM2_5_L": 71.8, "VOC_L": 71.8, "CO_L": 3089.1, "SOX_L": 353.3, "PROJ_LIFE": 15, "GLOBALID": "{FA32BC7A-03A5-4505-84E1-92914328CCAD}"}, "geometry": {"type": "Point", "coordinates": [-74.12703341350746, 40.81383146200349]}}, {"type": "Feature", "properties": {"OBJECTID": 2129, "PROJ_ID": "DEP-EV-95", "PROJ_NAME": "Borough of Palisades Park", "PROG_NAME": "NJDEP Medium and Heavy Duty Electric Vehicle", "CITY": "PALISADES PARK BORO", "STATE": "NJ", "ZIP": "07650", "REC_ENT": "Palisades Park", "SECTOR": "Local Government", "FUND_AG": "DEP", "PROJ_DES": "1 class 8 electric truck", "LAT": 40.84822317, "LONG_": -73.99827853, "INITIATIVE": "Catalyze Clean, Equitable Transportation", "PROJ_COST": 335000, "RGGI_AMT": 335000, "CAL_YEAR": 2023, "STATUS": "Selected", "ECON_AID": "Grant", "CO2E_AVOID": 10.20871143, "MMBTU_AVOID": null, "GAS_SAVED": null, "ADD_ELEC": 0.0, "R80X50": "Yes", "EJ": "Yes", "COST_EFF": 2187.674074, "NOX": 1417.801903, "PM10": 2.60203111, "PM2_5": 60.19323706, "VOC": 49.92651581, "CO": 348.8663481, "SOX": 0.0, "RGGI_PCT": 100, "CO2E_AVOIDL": 153.1306715, "NOX_L": 21267.02855, "PM10_L": 39.03046668, "PM2_5_L": 902.8985559, "VOC_L": 748.8977372, "CO_L": 5232.995222, "SOX_L": 0.0, "PROJ_LIFE": 15, "GLOBALID": "{8338C620-0144-4FA5-AD98-E8BD01307676}"}, "geometry": {"type": "Point", "coordinates": [-73.9982799842977, 40.84823145327394]}}, {"type": "Feature", "properties": {"OBJECTID": 2130, "PROJ_ID": "BPU-24MHD005", "PROJ_NAME": "International Motor Freight Private Fleet Chargers", "PROG_NAME": "Medium- and Heavy-Duty EV Charging Program", "CITY": "NEWARK CITY", "STATE": "NJ", "ZIP": "07114", "REC_ENT": "International Motor Freight", "SECTOR": "Commercial/Industrial", "FUND_AG": "BPU", "PROJ_DES": "6 dual-port, networked DCFC Fleet DCFC Chargers  (150 kW or greater)", "LAT": 40.69791027, "LONG_": -74.13034114, "INITIATIVE": "Catalyze Clean, Equitable Transportation", "PROJ_COST": 1050000, "RGGI_AMT": 1050000, "CAL_YEAR": 2023, "STATUS": "Selected", "ECON_AID": "Grant", "CO2E_AVOID": 0.0, "MMBTU_AVOID": 0.0, "GAS_SAVED": null, "ADD_ELEC": 0.0, "R80X50": "Yes", "EJ": "Yes", "COST_EFF": 0.0, "NOX": 0.0, "PM10": 0.0, "PM2_5": 0.0, "VOC": 0.0, "CO": 0.0, "SOX": 0.0, "RGGI_PCT": 100, "CO2E_AVOIDL": 0.0, "NOX_L": 0.0, "PM10_L": 0.0, "PM2_5_L": 0.0, "VOC_L": 0.0, "CO_L": 0.0, "SOX_L": 0.0, "PROJ_LIFE": 15, "GLOBALID": "{812A3252-67BC-45F9-91CB-5737EED6C37D}"}, "geometry": {"type": "Point", "coordinates": [-74.1303426272688, 40.69791851904624]}}, {"type": "Feature", "properties": {"OBJECTID": 2131, "PROJ_ID": "DEP-EV-105", "PROJ_NAME": "Mount Holly Township", "PROG_NAME": "NJDEP Medium and Heavy Duty Electric Vehicle", "CITY": "MOUNT HOLLY TWP", "STATE": "NJ", "ZIP": "08060", "REC_ENT": "Mount Holly Township", "SECTOR": "Local Government", "FUND_AG": "DEP", "PROJ_DES": "1 electric Bucket Truck", "LAT": 39.99324468, "LONG_": -74.78948466, "INITIATIVE": "Catalyze Clean, Equitable Transportation", "PROJ_COST": 253000, "RGGI_AMT": 253000, "CAL_YEAR": 2023, "STATUS": "Selected", "ECON_AID": "Grant", "CO2E_AVOID": 9.69827586, "MMBTU_AVOID": null, "GAS_SAVED": null, "ADD_ELEC": 0.0, "R80X50": "Yes", "EJ": "Yes", "COST_EFF": 1739.140741, "NOX": 1411.023545, "PM10": 5.57578095, "PM2_5": 44.44652626, "VOC": 89.22728652, "CO": 303.0131548, "SOX": 0.0, "RGGI_PCT": 100, "CO2E_AVOIDL": 145.4741379, "NOX_L": 21165.35318, "PM10_L": 83.63671432, "PM2_5_L": 666.697894, "VOC_L": 1338.409298, "CO_L": 4545.197321, "SOX_L": 0.0, "PROJ_LIFE": 15, "GLOBALID": "{D474DD47-CF04-4D15-8DDA-8981BD542A48}"}, "geometry": {"type": "Point", "coordinates": [-74.78948631486341, 39.99325276659551]}}, {"type": "Feature", "properties": {"OBJECTID": 2132, "PROJ_ID": "DEP-EV-91", "PROJ_NAME": "Borough of Carteret", "PROG_NAME": "NJDEP Medium and Heavy Duty Electric Vehicle", "CITY": "CARTERET BORO", "STATE": "NJ", "ZIP": "07008", "REC_ENT": "Borough of Carteret", "SECTOR": "Local Government", "FUND_AG": "DEP", "PROJ_DES": "2 class 8 electric garbage trucks", "LAT": 40.57894275, "LONG_": -74.21994062, "INITIATIVE": "Catalyze Clean, Equitable Transportation", "PROJ_COST": 670000, "RGGI_AMT": 670000, "CAL_YEAR": 2023, "STATUS": "Selected", "ECON_AID": "Grant", "CO2E_AVOID": 11.13770417, "MMBTU_AVOID": null, "GAS_SAVED": null, "ADD_ELEC": 0.0, "R80X50": "Yes", "EJ": "Yes", "COST_EFF": 4010.401602, "NOX": 202.5888338, "PM10": 1.76269022, "PM2_5": 7.56360784, "VOC": 9.22963341, "CO": 60.85279576, "SOX": 0.0, "RGGI_PCT": 100, "CO2E_AVOIDL": 167.0655626, "NOX_L": 3038.832507, "PM10_L": 26.44035329, "PM2_5_L": 113.4541175, "VOC_L": 138.4445012, "CO_L": 912.7919364, "SOX_L": 0.0, "PROJ_LIFE": 15, "GLOBALID": "{1282D652-03E2-4431-A77A-AEC76915C38D}"}, "geometry": {"type": "Point", "coordinates": [-74.21994212883443, 40.57895097262666]}}, {"type": "Feature", "properties": {"OBJECTID": 2133, "PROJ_ID": "DEP-EV-114", "PROJ_NAME": "Township of Lyndhurst", "PROG_NAME": "NJDEP Medium and Heavy Duty Electric Vehicle", "CITY": "NORTH BERGEN TWP", "STATE": "NJ", "ZIP": "07047", "REC_ENT": "Township of Lyndhurst", "SECTOR": "Local Government", "FUND_AG": "DEP", "PROJ_DES": "1 class 8 electric garbage truck, 1 class 8 electric truck", "LAT": 40.77948317, "LONG_": -74.02731071, "INITIATIVE": "Catalyze Clean, Equitable Transportation", "PROJ_COST": 231000, "RGGI_AMT": 231000, "CAL_YEAR": 2023, "STATUS": "Selected", "ECON_AID": "Grant", "CO2E_AVOID": 102.0871143, "MMBTU_AVOID": null, "GAS_SAVED": null, "ADD_ELEC": 0.0, "R80X50": "Yes", "EJ": "Yes", "COST_EFF": 150.8515556, "NOX": 1185.179459, "PM10": 17.39643658, "PM2_5": 42.97093311, "VOC": 56.7758412, "CO": 404.0226515, "SOX": 0.0, "RGGI_PCT": 100, "CO2E_AVOIDL": 1531.306715, "NOX_L": 17777.69188, "PM10_L": 260.9465487, "PM2_5_L": 644.5639966, "VOC_L": 851.6376179, "CO_L": 6060.339772, "SOX_L": 0.0, "PROJ_LIFE": 15, "GLOBALID": "{7F7D760F-CDF9-4D5A-B74D-7C0C99C4FE8E}"}, "geometry": {"type": "Point", "coordinates": [-74.0273121694908, 40.77949143883844]}}, {"type": "Feature", "properties": {"OBJECTID": 2134, "PROJ_ID": "DEP-EV-103", "PROJ_NAME": "County of Hudson", "PROG_NAME": "NJDEP Medium and Heavy Duty Electric Vehicle", "CITY": "JERSEY CITY", "STATE": "NJ", "ZIP": "07306", "REC_ENT": "County of Hudson", "SECTOR": "Local Government", "FUND_AG": "DEP", "PROJ_DES": "2 electric Transit Buses", "LAT": 40.7278134, "LONG_": -74.06679333, "INITIATIVE": "Catalyze Clean, Equitable Transportation", "PROJ_COST": 54000, "RGGI_AMT": 54000, "CAL_YEAR": 2023, "STATUS": "Selected", "ECON_AID": "Grant", "CO2E_AVOID": 12.63838475, "MMBTU_AVOID": null, "GAS_SAVED": null, "ADD_ELEC": 0.0, "R80X50": "Yes", "EJ": "Yes", "COST_EFF": 284.8465267, "NOX": 284.1925212, "PM10": 7.96589212, "PM2_5": 2.87126324, "VOC": 12.65131878, "CO": 161.2596614, "SOX": 0.0, "RGGI_PCT": 100, "CO2E_AVOIDL": 189.5757713, "NOX_L": 4262.887818, "PM10_L": 119.4883818, "PM2_5_L": 43.0689486, "VOC_L": 189.7697817, "CO_L": 2418.894921, "SOX_L": 0.0, "PROJ_LIFE": 15, "GLOBALID": "{701029A2-10E0-481C-9F47-51C0E5F63143}"}, "geometry": {"type": "Point", "coordinates": [-74.06679479904935, 40.72782165715107]}}, {"type": "Feature", "properties": {"OBJECTID": 2135, "PROJ_ID": "DEP-EV-106", "PROJ_NAME": "Paterson", "PROG_NAME": "NJDEP Medium and Heavy Duty Electric Vehicle", "CITY": "PATERSON CITY", "STATE": "NJ", "ZIP": "07514", "REC_ENT": "Paterson", "SECTOR": "Local Government", "FUND_AG": "DEP", "PROJ_DES": "2 electric Refuse Haulers, 1 class 8, and 1 class 5 electric vehicles", "LAT": 40.9165343, "LONG_": -74.13729831, "INITIATIVE": "Catalyze Clean, Equitable Transportation", "PROJ_COST": 904000, "RGGI_AMT": 904000, "CAL_YEAR": 2023, "STATUS": "Selected", "ECON_AID": "Grant", "CO2E_AVOID": 13.27132486, "MMBTU_AVOID": null, "GAS_SAVED": null, "ADD_ELEC": 0.0, "R80X50": "Yes", "EJ": "Yes", "COST_EFF": 4541.119088, "NOX": 1329.026944, "PM10": 17.57932219, "PM2_5": 46.56806915, "VOC": 58.67226304, "CO": 828.7910649, "SOX": 0.0, "RGGI_PCT": 100, "CO2E_AVOIDL": 199.069873, "NOX_L": 19935.40416, "PM10_L": 263.6898329, "PM2_5_L": 698.5210373, "VOC_L": 880.0839456, "CO_L": 12431.86597, "SOX_L": 0.0, "PROJ_LIFE": 15, "GLOBALID": "{66C43DB4-A1E9-4581-B1ED-69491B42B06A}"}, "geometry": {"type": "Point", "coordinates": [-74.1372998128678, 40.916542591495656]}}, {"type": "Feature", "properties": {"OBJECTID": 2136, "PROJ_ID": "DEP-EV-92", "PROJ_NAME": "Borough of Fairview", "PROG_NAME": "NJDEP Medium and Heavy Duty Electric Vehicle", "CITY": "FAIRVIEW BORO", "STATE": "NJ", "ZIP": "07022", "REC_ENT": "Borough of Fairview", "SECTOR": "Local Government", "FUND_AG": "DEP", "PROJ_DES": "1 class 3 electric passenger vehicles", "LAT": 40.81642565, "LONG_": -74.00032753, "INITIATIVE": "Catalyze Clean, Equitable Transportation", "PROJ_COST": 27000, "RGGI_AMT": 27000, "CAL_YEAR": 2023, "STATUS": "Selected", "ECON_AID": "Grant", "CO2E_AVOID": 42.0, "MMBTU_AVOID": 5717.7, "GAS_SAVED": null, "ADD_ELEC": 0.0, "R80X50": "Yes", "EJ": "Yes", "COST_EFF": 43.0, "NOX": 38.9, "PM10": 2.3, "PM2_5": 1.8, "VOC": 92.7, "CO": 1315.2, "SOX": 6.2, "RGGI_PCT": 100, "CO2E_AVOIDL": 630.7, "NOX_L": 582.9, "PM10_L": 34.6, "PM2_5_L": 27.1, "VOC_L": 1390.3, "CO_L": 19728.4, "SOX_L": 92.3, "PROJ_LIFE": 15, "GLOBALID": "{518E688C-8E61-44CE-9F6F-312898136D7E}"}, "geometry": {"type": "Point", "coordinates": [-74.00032898316205, 40.816433926799014]}}, {"type": "Feature", "properties": {"OBJECTID": 2137, "PROJ_ID": "BPU-24MHD004", "PROJ_NAME": "Chen's Mobile Community Fast Chargers", "PROG_NAME": "Medium- and Heavy-Duty EV Charging Program", "CITY": "BELLEVILLE TWP", "STATE": "NJ", "ZIP": "07109", "REC_ENT": "Chen's Mobile", "SECTOR": "Commercial/Industrial", "FUND_AG": "BPU", "PROJ_DES": "2 dual-port, networked DCFC Community Chargers  (150 kW or greater)", "LAT": 40.78451083, "LONG_": -74.1539589, "INITIATIVE": "Catalyze Clean, Equitable Transportation", "PROJ_COST": 450000, "RGGI_AMT": 450000, "CAL_YEAR": 2023, "STATUS": "Selected", "ECON_AID": "Grant", "CO2E_AVOID": 21.99631033, "MMBTU_AVOID": 3794.931162, "GAS_SAVED": null, "ADD_ELEC": 0.0, "R80X50": "Yes", "EJ": "Yes", "COST_EFF": 1363.865101, "NOX": 68.6538563, "PM10": 0.42950925, "PM2_5": 0.52088297, "VOC": 3.86555539, "CO": 40.42592454, "SOX": -3.29971809, "RGGI_PCT": 100, "CO2E_AVOIDL": 329.9446549, "NOX_L": 1029.807844, "PM10_L": 6.44263877, "PM2_5_L": 7.81324457, "VOC_L": 57.98333088, "CO_L": 606.388868, "SOX_L": -49.49577132, "PROJ_LIFE": 15, "GLOBALID": "{4978C717-60F4-436C-AAEF-E8E167515C20}"}, "geometry": {"type": "Point", "coordinates": [-74.15396040034416, 40.784519095254005]}}, {"type": "Feature", "properties": {"OBJECTID": 2138, "PROJ_ID": "PROD-00316993", "PROJ_NAME": "Edison 27 Investors LLC", "PROG_NAME": "NJ Cool", "CITY": "EDISON TWP", "STATE": "NJ", "ZIP": "08817", "REC_ENT": "Edison 27 Investors LLC", "SECTOR": "Commercial/Industrial", "FUND_AG": "EDA", "PROJ_DES": "Replace 1 natural gas HVAC unit with electric unit, and upgrade efficiency of 5 electric HVAC units and overall system controls.", "LAT": 40.52920132, "LONG_": -74.38448265, "INITIATIVE": "Accelerate Healthy Homes and Building Decarb", "PROJ_COST": 3400000, "RGGI_AMT": 1000000, "CAL_YEAR": 2024, "STATUS": "Completed", "ECON_AID": "Grant", "CO2E_AVOID": 256.84, "MMBTU_AVOID": 57760.98747, "GAS_SAVED": null, "ADD_ELEC": 266.48, "R80X50": "Yes", "EJ": "Yes", "COST_EFF": 259.5649691, "NOX": 146.74, "PM10": 34.85, "PM2_5": 34.85, "VOC": 25.22, "CO": 183.43, "SOX": 2.75, "RGGI_PCT": 29, "CO2E_AVOIDL": 3852.6, "NOX_L": 2201.16, "PM10_L": 522.77, "PM2_5_L": 522.77, "VOC_L": 378.32, "CO_L": 2751.45, "SOX_L": 41.27, "PROJ_LIFE": 15, "GLOBALID": "{C7EBBF99-D4F3-4F89-A3CE-4E5B874A28C1}"}, "geometry": {"type": "Point", "coordinates": [-74.38448417693363, 40.52920956987719]}}, {"type": "Feature", "properties": {"OBJECTID": 2139, "PROJ_ID": "PROD-00317538", "PROJ_NAME": "153 Halsey Newark LLC - 1", "PROG_NAME": "NJ Cool", "CITY": "NEWARK CITY", "STATE": "NJ", "ZIP": "07102", "REC_ENT": "153 Halsey Newark LLC", "SECTOR": "Commercial/Industrial", "FUND_AG": "EDA", "PROJ_DES": "Replace existing natural gas boiler with electric VRF system, lighting efficiency upgrades", "LAT": 40.73743192, "LONG_": -74.17326312, "INITIATIVE": "Accelerate Healthy Homes and Building Decarb", "PROJ_COST": 2901745, "RGGI_AMT": 1000000, "CAL_YEAR": 2024, "STATUS": "Awarded", "ECON_AID": "Grant", "CO2E_AVOID": 120.844, "MMBTU_AVOID": 3188.418, "GAS_SAVED": null, "ADD_ELEC": -46.88376, "R80X50": "Yes", "EJ": "Yes", "COST_EFF": 551.6754383, "NOX": 16.21, "PM10": 3.85, "PM2_5": 3.85, "VOC": 2.79, "CO": 20.27, "SOX": 0.3, "RGGI_PCT": 34, "CO2E_AVOIDL": 1812.66, "NOX_L": 243.15, "PM10_L": 57.73, "PM2_5_L": 57.73, "VOC_L": 41.79, "CO_L": 304.11, "SOX_L": 4.54, "PROJ_LIFE": 15, "GLOBALID": "{C30F9246-4EB5-4643-9A13-2D49F2E2C3C1}"}, "geometry": {"type": "Point", "coordinates": [-74.17326459224675, 40.7374402179003]}}, {"type": "Feature", "properties": {"OBJECTID": 2140, "PROJ_ID": "PROD-00317934", "PROJ_NAME": "Samp Spirits II Inc.", "PROG_NAME": "NJ Cool", "CITY": "EDISON TWP", "STATE": "NJ", "ZIP": "08817", "REC_ENT": "Samp Spirits II Inc.", "SECTOR": "Commercial/Industrial", "FUND_AG": "EDA", "PROJ_DES": "Install 20kW solar PV system, replace natural gas unit with hybrid air-source heat pump, upgrade lighting to LED and thermal roof insulation.", "LAT": 40.5029833, "LONG_": -74.38626009, "INITIATIVE": "Accelerate Healthy Homes and Building Decarb", "PROJ_COST": 504680, "RGGI_AMT": 217340, "CAL_YEAR": 2025, "STATUS": "Awarded", "ECON_AID": "Grant", "CO2E_AVOID": 3.926, "MMBTU_AVOID": 2730.035955, "GAS_SAVED": null, "ADD_ELEC": -31.334, "R80X50": "Yes", "EJ": "Yes", "COST_EFF": 3690.609611, "NOX": 2.31, "PM10": 0.55, "PM2_5": 0.55, "VOC": 0.4, "CO": 2.88, "SOX": 0.04, "RGGI_PCT": 43, "CO2E_AVOIDL": 58.89, "NOX_L": 34.58, "PM10_L": 8.21, "PM2_5_L": 8.21, "VOC_L": 5.94, "CO_L": 43.23, "SOX_L": 0.65, "PROJ_LIFE": 15, "GLOBALID": "{A8AFFEA2-1C03-4761-9AA6-EA1C9BD864ED}"}, "geometry": {"type": "Point", "coordinates": [-74.38626161621733, 40.502991544612826]}}, {"type": "Feature", "properties": {"OBJECTID": 2141, "PROJ_ID": "PROD-00317009", "PROJ_NAME": "Samarpan at Edison LLC", "PROG_NAME": "NJ Cool", "CITY": "EDISON TWP", "STATE": "NJ", "ZIP": "08824", "REC_ENT": "Samarpan at Edison LLC", "SECTOR": "Commercial/Industrial", "FUND_AG": "EDA", "PROJ_DES": "Replace 2 natural gas HVAC units with 2 hybrid air-source heat pumps, upgrade lighting to LED.", "LAT": 40.42939874, "LONG_": -74.5190842, "INITIATIVE": "Accelerate Healthy Homes and Building Decarb", "PROJ_COST": 325440, "RGGI_AMT": 135220, "CAL_YEAR": 2024, "STATUS": "Completed", "ECON_AID": "Grant", "CO2E_AVOID": 1.56466667, "MMBTU_AVOID": 3093.08037, "GAS_SAVED": null, "ADD_ELEC": -51.674, "R80X50": "Yes", "EJ": "Yes", "COST_EFF": 5761.397529, "NOX": 0.91, "PM10": 0.22, "PM2_5": 0.22, "VOC": 0.16, "CO": 0.11, "SOX": 0.17, "RGGI_PCT": 42, "CO2E_AVOIDL": 23.47, "NOX_L": 13.73, "PM10_L": 3.26, "PM2_5_L": 3.26, "VOC_L": 2.36, "CO_L": 17.17, "SOX_L": 0.26, "PROJ_LIFE": 15, "GLOBALID": "{2EFD1B81-0531-4323-98AF-A638EA6C44B3}"}, "geometry": {"type": "Point", "coordinates": [-74.51908576386313, 40.42940696545118]}}, {"type": "Feature", "properties": {"OBJECTID": 2142, "PROJ_ID": "PROD-00317537", "PROJ_NAME": "153 Halsey Newark LLC -2", "PROG_NAME": "NJ Cool", "CITY": "NEWARK CITY", "STATE": "NJ", "ZIP": "07102", "REC_ENT": "153 Halsey Newark LLC", "SECTOR": "Commercial/Industrial", "FUND_AG": "EDA", "PROJ_DES": "Replace existing natural gas boiler with electric VRF system, lighting efficiency upgrades", "LAT": 40.73744975, "LONG_": -74.17327084, "INITIATIVE": "Accelerate Healthy Homes and Building Decarb", "PROJ_COST": 11690704, "RGGI_AMT": 1000000, "CAL_YEAR": 2024, "STATUS": "Awarded", "ECON_AID": "Grant", "CO2E_AVOID": 1193.1, "MMBTU_AVOID": 14256.13835, "GAS_SAVED": null, "ADD_ELEC": -243.88773, "R80X50": "Yes", "EJ": "Yes", "COST_EFF": 55.87684743, "NOX": 36.44, "PM10": 8.65, "PM2_5": 8.65, "VOC": 6.26, "CO": 45.54, "SOX": 0.68, "RGGI_PCT": 9, "CO2E_AVOIDL": 17896.5, "NOX_L": 546.6, "PM10_L": 129.75, "PM2_5_L": 129.75, "VOC_L": 93.9, "CO_L": 683.4, "SOX_L": 10.2, "PROJ_LIFE": 15, "GLOBALID": "{4FBDBDDD-7ECC-4447-980D-472E1D2EC5B4}"}, "geometry": {"type": "Point", "coordinates": [-74.17327231197334, 40.737458048018816]}}, {"type": "Feature", "properties": {"OBJECTID": 2143, "PROJ_ID": "DEP-EV-142", "PROJ_NAME": "Student Transportation of America, Inc.", "PROG_NAME": "NJDEP Medium and Heavy Duty Electric Vehicle", "CITY": "TRENTON", "STATE": "NJ", "ZIP": "08610", "REC_ENT": "Student Transportation of America, Inc.", "SECTOR": "Local Government", "FUND_AG": "DEP", "PROJ_DES": "3 electric school buses", "LAT": 40.20603766, "LONG_": -74.70949916000001, "INITIATIVE": "Catalyze Clean, Equitable Transportation", "PROJ_COST": 591000, "RGGI_AMT": 591000, "CAL_YEAR": 2025, "STATUS": "Selected", "ECON_AID": "Grant", "CO2E_AVOID": 68.97346892, "MMBTU_AVOID": 8837.051288, "GAS_SAVED": null, "ADD_ELEC": 0.0, "R80X50": "Yes", "EJ": "Yes", "COST_EFF": 571.2341371, "NOX": 116.3003619, "PM10": 2.09611184, "PM2_5": 1.68060858, "VOC": 1.68060858, "CO": 79.18258841, "SOX": 5.22946218, "RGGI_PCT": 100, "CO2E_AVOIDL": 1034.602034, "NOX_L": 1744.505428, "PM10_L": 31.44167755, "PM2_5_L": 25.20912873, "VOC_L": 25.20912873, "CO_L": 1187.738826, "SOX_L": 78.44193266, "PROJ_LIFE": 15, "GLOBALID": "{ED8F85FC-EF1F-46DC-953B-DC8494E4DE9E}"}, "geometry": {"type": "Point", "coordinates": [-74.7095007710751, 40.2060458347009]}}, {"type": "Feature", "properties": {"OBJECTID": 2144, "PROJ_ID": "PROD-00314484", "PROJ_NAME": "SAMITC COMMERCIAL EQUIPMENT LLC", "PROG_NAME": "NJZIP", "CITY": "PATERSON CITY", "STATE": "NJ", "ZIP": "07503", "REC_ENT": "SAMITC COMMERCIAL EQUIPMENT LLC", "SECTOR": "Commercial/Industrial", "FUND_AG": "EDA", "PROJ_DES": "1 electric utility cargo van", "LAT": 40.90041172, "LONG_": -74.16260383, "INITIATIVE": "Catalyze Clean, Equitable Transportation", "PROJ_COST": 109900, "RGGI_AMT": 87750, "CAL_YEAR": 2025, "STATUS": "Selected", "ECON_AID": "Grant", "CO2E_AVOID": 45.88520436, "MMBTU_AVOID": 6063.110992, "GAS_SAVED": null, "ADD_ELEC": 0.0, "R80X50": "Yes", "EJ": "Yes", "COST_EFF": 127.4920768, "NOX": 26.15730003, "PM10": 3.42494497, "PM2_5": 2.02027287, "VOC": 44.6501649, "CO": 143.2281787, "SOX": 6.51850115, "RGGI_PCT": 80, "CO2E_AVOIDL": 688.2780654, "NOX_L": 392.3595004, "PM10_L": 51.37417451, "PM2_5_L": 30.30409304, "VOC_L": 669.7524735, "CO_L": 2148.42268, "SOX_L": 97.77751731, "PROJ_LIFE": 15, "GLOBALID": "{F4EB56BF-0E47-4066-9837-B17794827180}"}, "geometry": {"type": "Point", "coordinates": [-74.16260530858514, 40.90042005003536]}}, {"type": "Feature", "properties": {"OBJECTID": 2145, "PROJ_ID": "DEP-EV-132", "PROJ_NAME": "Eden Transportation", "PROG_NAME": "NJDEP Medium and Heavy Duty Electric Vehicle", "CITY": "CITY OF ORANGE TWP", "STATE": "NJ", "ZIP": "07050", "REC_ENT": "Eden Transportation", "SECTOR": "Commercial/Industrial", "FUND_AG": "EDA", "PROJ_DES": "2 electric school buses", "LAT": 40.77000722, "LONG_": -74.22326105, "INITIATIVE": "Catalyze Clean, Equitable Transportation", "PROJ_COST": 620000, "RGGI_AMT": 620000, "CAL_YEAR": 2024, "STATUS": "Selected", "ECON_AID": "Grant", "CO2E_AVOID": 45.98231261, "MMBTU_AVOID": 5891.367525, "GAS_SAVED": null, "ADD_ELEC": 0.0, "R80X50": "Yes", "EJ": "Yes", "COST_EFF": 898.8963578, "NOX": 77.5335746, "PM10": 1.39740789, "PM2_5": 1.12040572, "VOC": 1.12040572, "CO": 52.78839228, "SOX": 3.48630812, "RGGI_PCT": 100, "CO2E_AVOIDL": 689.7346892, "NOX_L": 1163.003619, "PM10_L": 20.96111836, "PM2_5_L": 16.80608582, "VOC_L": 16.80608582, "CO_L": 791.8258841, "SOX_L": 52.29462177, "PROJ_LIFE": 15, "GLOBALID": "{887558A9-1B22-4EE4-9752-F07B7522E2E4}"}, "geometry": {"type": "Point", "coordinates": [-74.22326254016363, 40.77001552253134]}}, {"type": "Feature", "properties": {"OBJECTID": 2146, "PROJ_ID": "DEP-EV-126", "PROJ_NAME": "Delanco Twp Public Schools", "PROG_NAME": "NJDEP Medium and Heavy Duty Electric Vehicle", "CITY": "DELANCO TWP", "STATE": "NJ", "ZIP": "08075", "REC_ENT": "Delanco Twp Public Schools", "SECTOR": "Institutional", "FUND_AG": "EDA", "PROJ_DES": "2 electric school buses", "LAT": 40.05270475, "LONG_": -74.94727369, "INITIATIVE": "Catalyze Clean, Equitable Transportation", "PROJ_COST": 620000, "RGGI_AMT": 620000, "CAL_YEAR": 2024, "STATUS": "Selected", "ECON_AID": "Grant", "CO2E_AVOID": 45.98231261, "MMBTU_AVOID": 5891.367525, "GAS_SAVED": null, "ADD_ELEC": 0.0, "R80X50": "Yes", "EJ": "Yes", "COST_EFF": 898.8963578, "NOX": 77.5335746, "PM10": 1.39740789, "PM2_5": 1.12040572, "VOC": 1.12040572, "CO": 52.78839228, "SOX": 3.48630812, "RGGI_PCT": 100, "CO2E_AVOIDL": 689.7346892, "NOX_L": 1163.003619, "PM10_L": 20.96111836, "PM2_5_L": 16.80608582, "VOC_L": 16.80608582, "CO_L": 791.8258841, "SOX_L": 52.29462177, "PROJ_LIFE": 15, "GLOBALID": "{4EA59B5D-7009-4B09-90F5-C9B3B5BDDB8A}"}, "geometry": {"type": "Point", "coordinates": [-74.94727536745945, 40.05271288608174]}}, {"type": "Feature", "properties": {"OBJECTID": 2147, "PROJ_ID": "DEP-EV-137", "PROJ_NAME": "Borough of Audubon", "PROG_NAME": "NJDEP Medium and Heavy Duty Electric Vehicle", "CITY": "AUDUBON BORO", "STATE": "NJ", "ZIP": "08106", "REC_ENT": "Borough of Audubon", "SECTOR": "Local Government", "FUND_AG": "DEP", "PROJ_DES": "1 electric regional haul freight truck and 1 electric dump truck", "LAT": 39.89094352, "LONG_": -75.06918765, "INITIATIVE": "Catalyze Clean, Equitable Transportation", "PROJ_COST": 465000, "RGGI_AMT": 465000, "CAL_YEAR": 2025, "STATUS": "Selected", "ECON_AID": "Grant", "CO2E_AVOID": 180.1165427, "MMBTU_AVOID": 23300.7392, "GAS_SAVED": null, "ADD_ELEC": 0.0, "R80X50": "Yes", "EJ": "Yes", "COST_EFF": 172.1107875, "NOX": 963.9202557, "PM10": 4.57562011, "PM2_5": 35.54741771, "VOC": 59.6828513, "CO": 515.9082054, "SOX": 15.41921697, "RGGI_PCT": 100, "CO2E_AVOIDL": 2701.74814, "NOX_L": 14458.80384, "PM10_L": 68.63430169, "PM2_5_L": 533.2112657, "VOC_L": 895.2427696, "CO_L": 7738.623081, "SOX_L": 231.2882545, "PROJ_LIFE": 15, "GLOBALID": "{96FCB3A5-6F79-49FC-9821-9D069B3FAD36}"}, "geometry": {"type": "Point", "coordinates": [-75.06918935643733, 39.89095161957818]}}, {"type": "Feature", "properties": {"OBJECTID": 2148, "PROJ_ID": "DEP-EV-129", "PROJ_NAME": "Township of Teaneck", "PROG_NAME": "NJDEP Medium and Heavy Duty Electric Vehicle", "CITY": "TEANECK TWP", "STATE": "NJ", "ZIP": "07666", "REC_ENT": "Township of Teaneck", "SECTOR": "Local Government", "FUND_AG": "DEP", "PROJ_DES": "1 electric Refuse Truck", "LAT": 40.91166511, "LONG_": -74.02555825, "INITIATIVE": "Catalyze Clean, Equitable Transportation", "PROJ_COST": 597512, "RGGI_AMT": 597512, "CAL_YEAR": 2024, "STATUS": "Selected", "ECON_AID": "Grant", "CO2E_AVOID": 146.2268659, "MMBTU_AVOID": 19230.73767, "GAS_SAVED": null, "ADD_ELEC": 0.0, "R80X50": "Yes", "EJ": "No", "COST_EFF": 272.4133929, "NOX": 153.0364935, "PM10": 3.10725425, "PM2_5": 2.39208169, "VOC": 2.39208169, "CO": 102.9686587, "SOX": 11.77503055, "RGGI_PCT": 100, "CO2E_AVOIDL": 2193.402988, "NOX_L": 2295.547402, "PM10_L": 46.6088138, "PM2_5_L": 35.88122536, "VOC_L": 35.88122536, "CO_L": 1544.529881, "SOX_L": 176.6254582, "PROJ_LIFE": 15, "GLOBALID": "{71DD7F09-6E35-4CEA-9AA5-18A1E2849DAB}"}, "geometry": {"type": "Point", "coordinates": [-74.02555968547327, 40.911673447132536]}}, {"type": "Feature", "properties": {"OBJECTID": 2149, "PROJ_ID": "DEP-EV-143", "PROJ_NAME": "Wright Enterprise Logistics", "PROG_NAME": "NJDEP Medium and Heavy Duty Electric Vehicle", "CITY": "HAMILTON TWP", "STATE": "NJ", "ZIP": "08330", "REC_ENT": "Wright Enterprise Logistics", "SECTOR": "Commercial/Industrial", "FUND_AG": "EDA", "PROJ_DES": "2 electric dump trucks", "LAT": 39.43442872, "LONG_": -74.83823019, "INITIATIVE": "Catalyze Clean, Equitable Transportation", "PROJ_COST": 112000, "RGGI_AMT": 112000, "CAL_YEAR": 2025, "STATUS": "Selected", "ECON_AID": "Grant", "CO2E_AVOID": 40.95915915, "MMBTU_AVOID": 5431.249732, "GAS_SAVED": null, "ADD_ELEC": 0.0, "R80X50": "Yes", "EJ": "Yes", "COST_EFF": 182.2954089, "NOX": 37.32180119, "PM10": 0.87875393, "PM2_5": 0.68930114, "VOC": 0.68930114, "CO": 41.5750108, "SOX": 3.36017013, "RGGI_PCT": 100, "CO2E_AVOIDL": 614.3873873, "NOX_L": 559.8270178, "PM10_L": 13.18130888, "PM2_5_L": 10.3395171, "VOC_L": 10.3395171, "CO_L": 623.6251621, "SOX_L": 50.40255189, "PROJ_LIFE": 15, "GLOBALID": "{B80A9113-C56D-4E92-8B85-24B479528D8F}"}, "geometry": {"type": "Point", "coordinates": [-74.8382317964004, 39.43443673631666]}}, {"type": "Feature", "properties": {"OBJECTID": 2150, "PROJ_ID": "DEP-EV-135", "PROJ_NAME": "Atlantic County Utilities Authority", "PROG_NAME": "NJDEP Medium and Heavy Duty Electric Vehicle", "CITY": "EGG HARBOR TWP", "STATE": "NJ", "ZIP": "08234", "REC_ENT": "Atlantic County Utilities Authority", "SECTOR": "Local Government", "FUND_AG": "DEP", "PROJ_DES": "1 electric regional haul freight truck", "LAT": 39.41639098, "LONG_": -74.53933865, "INITIATIVE": "Catalyze Clean, Equitable Transportation", "PROJ_COST": 355000, "RGGI_AMT": 355000, "CAL_YEAR": 2025, "STATUS": "Selected", "ECON_AID": "Grant", "CO2E_AVOID": 155.328797, "MMBTU_AVOID": 19841.27799, "GAS_SAVED": null, "ADD_ELEC": 0.0, "R80X50": "Yes", "EJ": "No", "COST_EFF": 152.3649646, "NOX": 307.5440965, "PM10": 3.13191163, "PM2_5": 2.53459136, "VOC": 2.53459136, "CO": 230.2703198, "SOX": 11.69372278, "RGGI_PCT": 100, "CO2E_AVOIDL": 2329.931955, "NOX_L": 4613.161447, "PM10_L": 46.9786744, "PM2_5_L": 38.01887044, "VOC_L": 38.01887044, "CO_L": 3454.054797, "SOX_L": 175.4058416, "PROJ_LIFE": 15, "GLOBALID": "{216FA9AF-1CD8-419C-9113-7484F59CFFC2}"}, "geometry": {"type": "Point", "coordinates": [-74.539340161071, 39.41639900308458]}}, {"type": "Feature", "properties": {"OBJECTID": 2151, "PROJ_ID": "DEP-EV-136", "PROJ_NAME": "US Foods, Inc", "PROG_NAME": "NJDEP Medium and Heavy Duty Electric Vehicle", "CITY": "PERTH AMBOY CITY", "STATE": "NJ", "ZIP": "08861", "REC_ENT": "US Foods, Inc", "SECTOR": "Commercial/Industrial", "FUND_AG": "EDA", "PROJ_DES": "42 electric Regional Haul Freight Trucks", "LAT": 40.53389796, "LONG_": -74.27337489, "INITIATIVE": "Catalyze Clean, Equitable Transportation", "PROJ_COST": 14310000, "RGGI_AMT": 14310000, "CAL_YEAR": 2025, "STATUS": "Selected", "ECON_AID": "Grant", "CO2E_AVOID": 6523.809475, "MMBTU_AVOID": 833333.6755, "GAS_SAVED": null, "ADD_ELEC": 0.0, "R80X50": "Yes", "EJ": "Yes", "COST_EFF": 146.2335777, "NOX": 12916.85205, "PM10": 131.5402883, "PM2_5": 106.4528372, "VOC": 106.4528372, "CO": 9671.353431, "SOX": 491.1363566, "RGGI_PCT": 100, "CO2E_AVOIDL": 97857.14212, "NOX_L": 193752.7808, "PM10_L": 1973.104325, "PM2_5_L": 1596.792558, "VOC_L": 1596.792558, "CO_L": 145070.3015, "SOX_L": 7367.045348, "PROJ_LIFE": 15, "GLOBALID": "{235922D3-64C0-474B-9244-A85E7CF08083}"}, "geometry": {"type": "Point", "coordinates": [-74.2733763817987, 40.533906214591106]}}, {"type": "Feature", "properties": {"OBJECTID": 2152, "PROJ_ID": "DEP-EV-03", "PROJ_NAME": "Belleville Board of Education", "PROG_NAME": "NJDEP Medium and Heavy Duty Electric Vehicle", "CITY": "BELLEVILLE TWP", "STATE": "NJ", "ZIP": "07109", "REC_ENT": "Belleville Board of Education", "SECTOR": "Residential", "FUND_AG": "BPU", "PROJ_DES": "2 electric school buses", "LAT": 40.802924, "LONG_": -74.162325, "INITIATIVE": "Catalyze Clean, Equitable Transportation", "PROJ_COST": 940852, "RGGI_AMT": 940852, "CAL_YEAR": 2021, "STATUS": "Awarded", "ECON_AID": "Grant", "CO2E_AVOID": 51.3, "MMBTU_AVOID": 279105.0, "GAS_SAVED": 0.0, "ADD_ELEC": 0.0, "R80X50": "Yes", "EJ": "Yes", "COST_EFF": 1222.0, "NOX": 632.8, "PM10": -2.5, "PM2_5": 49.8, "VOC": 90.6, "CO": 359.5, "SOX": -26.3, "RGGI_PCT": 100, "CO2E_AVOIDL": 769.9, "NOX_L": 9492.7, "PM10_L": -37.8, "PM2_5_L": 746.6, "VOC_L": 1358.4, "CO_L": 5393.1, "SOX_L": -395.2, "PROJ_LIFE": 15, "GLOBALID": "{0B3A1531-A4FF-4D35-AD5E-207B97AFC1BC}"}, "geometry": {"type": "Point", "coordinates": [-74.16232650395152, 40.8029322690731]}}, {"type": "Feature", "properties": {"OBJECTID": 2153, "PROJ_ID": "DEP-EV-06", "PROJ_NAME": "Belair Transport", "PROG_NAME": "NJDEP Medium and Heavy Duty Electric Vehicle", "CITY": "CITY OF ORANGE TWP", "STATE": "NJ", "ZIP": "07050", "REC_ENT": "Belair Transport", "SECTOR": "Residential", "FUND_AG": "BPU", "PROJ_DES": "7 electric school buses", "LAT": 40.762698, "LONG_": -74.251511, "INITIATIVE": "Catalyze Clean, Equitable Transportation", "PROJ_COST": 2517500, "RGGI_AMT": 2517500, "CAL_YEAR": 2021, "STATUS": "Completed", "ECON_AID": "Grant", "CO2E_AVOID": 116.9, "MMBTU_AVOID": 18634.0, "GAS_SAVED": 0.0, "ADD_ELEC": 0.0, "R80X50": "Yes", "EJ": "Yes", "COST_EFF": 1435.48, "NOX": 1569.8, "PM10": -5.7, "PM2_5": 106.7, "VOC": 322.9, "CO": 856.6, "SOX": -60.0, "RGGI_PCT": 100, "CO2E_AVOIDL": 1753.8, "NOX_L": 23546.3, "PM10_L": -86.1, "PM2_5_L": 1600.5, "VOC_L": 4843.7, "CO_L": 12848.9, "SOX_L": -900.3, "PROJ_LIFE": 15, "GLOBALID": "{DC9D4674-73A6-4B52-A983-172F00395D50}"}, "geometry": {"type": "Point", "coordinates": [-74.25151253072232, 40.762706257164815]}}, {"type": "Feature", "properties": {"OBJECTID": 2154, "PROJ_ID": "PROD-00314443", "PROJ_NAME": "BUD & BEAUTY LLC", "PROG_NAME": "NJZIP", "CITY": "NEW BRUNSWICK CITY", "STATE": "NJ", "ZIP": "08901", "REC_ENT": "BUD & BEAUTY LLC", "SECTOR": "Commercial/Industrial", "FUND_AG": "EDA", "PROJ_DES": "1 electric Shuttle or Paratransit Bus", "LAT": 40.4856, "LONG_": -74.421, "INITIATIVE": "Catalyze Clean, Equitable Transportation", "PROJ_COST": 110900, "RGGI_AMT": 92950, "CAL_YEAR": 2024, "STATUS": "Selected", "ECON_AID": "Grant", "CO2E_AVOID": 15.9, "MMBTU_AVOID": 2287.1, "GAS_SAVED": null, "ADD_ELEC": 0.0, "R80X50": "Yes", "EJ": "Yes", "COST_EFF": 388.587, "NOX": 13.8, "PM10": 0.5, "PM2_5": 0.9, "VOC": 35.6, "CO": 338.7, "SOX": 1.8, "RGGI_PCT": 84, "CO2E_AVOIDL": 239.2, "NOX_L": 207.4, "PM10_L": 6.8, "PM2_5_L": 13.0, "VOC_L": 534.0, "CO_L": 5080.2, "SOX_L": 26.3, "PROJ_LIFE": 15, "GLOBALID": "{069D22C8-ACD2-42BE-B821-E637721DE5FD}"}, "geometry": {"type": "Point", "coordinates": [-74.42100156726154, 40.485608197147464]}}, {"type": "Feature", "properties": {"OBJECTID": 2155, "PROJ_ID": "DEP-ADMIN-EV-1", "PROJ_NAME": "DEP Trenton Offices Staff EV Shuttles", "PROG_NAME": "DEP State Offices - Lead By Example", "CITY": "TRENTON CITY", "STATE": "NJ", "ZIP": "08608", "REC_ENT": "\u00a0Model 1 Commercial Vehicles Inc", "SECTOR": "State Government", "FUND_AG": "DEP", "PROJ_DES": "2 electric shuttle vans", "LAT": 40.2209, "LONG_": -74.75724902, "INITIATIVE": "Catalyze Clean, Equitable Transportation", "PROJ_COST": 191240, "RGGI_AMT": 191240, "CAL_YEAR": 2023, "STATUS": "Completed", "ECON_AID": "Other", "CO2E_AVOID": 1.45268078, "MMBTU_AVOID": 291.0293276, "GAS_SAVED": null, "ADD_ELEC": 0.0, "R80X50": "Yes", "EJ": "Yes", "COST_EFF": 8776.417701, "NOX": 0.81008307, "PM10": 0.10460276, "PM2_5": 0.06491396, "VOC": 1.44228689, "CO": 5.21500945, "SOX": 0.22107816, "RGGI_PCT": 100, "CO2E_AVOIDL": 21.79021174, "NOX_L": 12.15124607, "PM10_L": 1.56904145, "PM2_5_L": 0.97370941, "VOC_L": 21.63430327, "CO_L": 78.22514175, "SOX_L": 3.31617232, "PROJ_LIFE": 15, "GLOBALID": "{603F0B5A-1ED3-4A66-B2E2-FEC119F6B8CB}"}, "geometry": {"type": "Point", "coordinates": [-74.75725067819849, 40.22090813302633]}}, {"type": "Feature", "properties": {"OBJECTID": 2156, "PROJ_ID": "PROD-00308724", "PROJ_NAME": "Ordonez Property Management LLC", "PROG_NAME": "NJZIP", "CITY": "HIGHTSTOWN BORO", "STATE": "NJ", "ZIP": "08520", "REC_ENT": "Ordonez Property Management LLC", "SECTOR": "Commercial/Industrial", "FUND_AG": "EDA", "PROJ_DES": "2 electric Delivery Straight Trucks", "LAT": 40.26860049, "LONG_": -74.52419909, "INITIATIVE": "Catalyze Clean, Equitable Transportation", "PROJ_COST": 199000, "RGGI_AMT": 195500, "CAL_YEAR": 2022, "STATUS": "Completed", "ECON_AID": "Grant", "CO2E_AVOID": 143.5, "MMBTU_AVOID": 1319.2, "GAS_SAVED": 0.0, "ADD_ELEC": 0.0, "R80X50": "Yes", "EJ": "Yes", "COST_EFF": 90.84395501, "NOX": 263.9137097, "PM10": 2.07337092, "PM2_5": 3.05650558, "VOC": 3.05650558, "CO": 191.0145873, "SOX": 0.77276966, "RGGI_PCT": 98, "CO2E_AVOIDL": 2152.0, "NOX_L": 3958.705645, "PM10_L": 31.10056383, "PM2_5_L": 45.84758374, "VOC_L": 45.84758374, "CO_L": 2865.21881, "SOX_L": 11.5915449, "PROJ_LIFE": 15, "GLOBALID": "{CD3A6362-2179-4A30-BEBB-156C31B30399}"}, "geometry": {"type": "Point", "coordinates": [-74.52420067722717, 40.268608640762274]}}, {"type": "Feature", "properties": {"OBJECTID": 2157, "PROJ_ID": "PROD-00311235", "PROJ_NAME": "Advanced Eyecare of Carteret Inc", "PROG_NAME": "NJZIP", "CITY": "CARTERET BORO", "STATE": "NJ", "ZIP": "07008", "REC_ENT": "Advanced Eyecare of Carteret Inc", "SECTOR": "Commercial/Industrial", "FUND_AG": "EDA", "PROJ_DES": "1 electric Light Duty Pickup Truck and 1 electric SUV that will be driven in North Bergen", "LAT": 40.57590365, "LONG_": -74.22108743, "INITIATIVE": "Catalyze Clean, Equitable Transportation", "PROJ_COST": 185750, "RGGI_AMT": 57200, "CAL_YEAR": 2023, "STATUS": "Selected", "ECON_AID": "Grant", "CO2E_AVOID": 7.27832012, "MMBTU_AVOID": 1029.620774, "GAS_SAVED": 0.0, "ADD_ELEC": 0.0, "R80X50": "Yes", "EJ": "Yes", "COST_EFF": 524.0, "NOX": 4.40366173, "PM10": 0.53338363, "PM2_5": 0.36020509, "VOC": 9.39070394, "CO": 60.25940964, "SOX": 0.69362457, "RGGI_PCT": 31, "CO2E_AVOIDL": 109.1748017, "NOX_L": 66.05492593, "PM10_L": 8.00075445, "PM2_5_L": 5.40307632, "VOC_L": 140.860559, "CO_L": 903.8911446, "SOX_L": 10.40436854, "PROJ_LIFE": 15, "GLOBALID": "{1E32B609-EBC2-4BFB-B846-F3160AF7996A}"}, "geometry": {"type": "Point", "coordinates": [-74.2210889390155, 40.57591187188315]}}, {"type": "Feature", "properties": {"OBJECTID": 2158, "PROJ_ID": "DEP-EV-37", "PROJ_NAME": "Township of Neptune", "PROG_NAME": "NJDEP Medium and Heavy Duty Electric Vehicle", "CITY": "NEPTUNE TWP", "STATE": "NJ", "ZIP": "07753", "REC_ENT": "Township of Neptune", "SECTOR": "Local Government", "FUND_AG": "DEP", "PROJ_DES": "1 electric rear loader", "LAT": 40.20985, "LONG_": -74.036916, "INITIATIVE": "Catalyze Clean, Equitable Transportation", "PROJ_COST": 638229, "RGGI_AMT": 346135, "CAL_YEAR": 2022, "STATUS": "Awarded", "ECON_AID": "Grant", "CO2E_AVOID": 51.6, "MMBTU_AVOID": 4597.0, "GAS_SAVED": 0.0, "ADD_ELEC": 0.0, "R80X50": "Yes", "EJ": "Yes", "COST_EFF": 447.0, "NOX": 274.0, "PM10": 0.0, "PM2_5": 12.0, "VOC": 46.0, "CO": 88.0, "SOX": -22.0, "RGGI_PCT": 54, "CO2E_AVOIDL": 773.7, "NOX_L": 4110.0, "PM10_L": 0.0, "PM2_5_L": 180.0, "VOC_L": 690.0, "CO_L": 1320.0, "SOX_L": -330.0, "PROJ_LIFE": 15, "GLOBALID": "{03297A04-7CB6-4BF3-8AE2-EDBE27CE6669}"}, "geometry": {"type": "Point", "coordinates": [-74.03691122807724, 40.20985574842683]}}, {"type": "Feature", "properties": {"OBJECTID": 2159, "PROJ_ID": "PROD-00306490", "PROJ_NAME": "OK Media Marketing", "PROG_NAME": "NJZIP", "CITY": "ROBBINSVILLE TWP", "STATE": "NJ", "ZIP": "08691", "REC_ENT": "OK Media Marketing", "SECTOR": "Commercial/Industrial", "FUND_AG": "EDA", "PROJ_DES": "1 Delivery Straight Truck", "LAT": 40.22844389, "LONG_": -74.62650292, "INITIATIVE": "Catalyze Clean, Equitable Transportation", "PROJ_COST": 99500, "RGGI_AMT": 97750, "CAL_YEAR": 2022, "STATUS": "Completed", "ECON_AID": "Grant", "CO2E_AVOID": 71.7, "MMBTU_AVOID": 659.6, "GAS_SAVED": 0.0, "ADD_ELEC": 0.0, "R80X50": "Yes", "EJ": "Yes", "COST_EFF": 90.84, "NOX": 132.0, "PM10": 1.0, "PM2_5": 1.5, "VOC": 1.5, "CO": 95.5, "SOX": 0.4, "RGGI_PCT": 98, "CO2E_AVOIDL": 1076.0, "NOX_L": 1979.4, "PM10_L": 15.6, "PM2_5_L": 22.9, "VOC_L": 22.9, "CO_L": 1432.6, "SOX_L": 5.8, "PROJ_LIFE": 15, "GLOBALID": "{146CA0B2-B964-425C-92AE-08DD7FBBDCD7}"}, "geometry": {"type": "Point", "coordinates": [-74.62650453713601, 40.228452029176886]}}, {"type": "Feature", "properties": {"OBJECTID": 2160, "PROJ_ID": "EDA-GEO-1", "PROJ_NAME": "Bayfront Redevelopment Project: District Energy Feasibility Study", "PROG_NAME": "EDA Geothermal Feasibility Study", "CITY": "JERSEY CITY", "STATE": "NJ", "ZIP": "07305", "REC_ENT": "Salas O\u2019Brien", "SECTOR": "Commercial/Industrial", "FUND_AG": "EDA", "PROJ_DES": "Conducting a study that compares different options for heating and cooling the district in the Bayfront Redevelopment", "LAT": 40.71496677, "LONG_": -74.10108546, "INITIATIVE": "Accelerate Healthy Homes and Building Decarb", "PROJ_COST": 60000, "RGGI_AMT": 60000, "CAL_YEAR": 2023, "STATUS": "Completed", "ECON_AID": "Grant", "CO2E_AVOID": 0.0, "MMBTU_AVOID": 0.0, "GAS_SAVED": null, "ADD_ELEC": 0.0, "R80X50": "Yes", "EJ": "Yes", "COST_EFF": 0.0, "NOX": 0.0, "PM10": 0.0, "PM2_5": 0.0, "VOC": 0.0, "CO": 0.0, "SOX": 0.0, "RGGI_PCT": 100, "CO2E_AVOIDL": 0.0, "NOX_L": 0.0, "PM10_L": 0.0, "PM2_5_L": 0.0, "VOC_L": 0.0, "CO_L": 0.0, "SOX_L": 0.0, "PROJ_LIFE": 0, "GLOBALID": "{8DFB49D6-9C58-411B-8ED1-0DA54213129E}"}, "geometry": {"type": "Point", "coordinates": [-74.10108693910676, 40.71497502352558]}}, {"type": "Feature", "properties": {"OBJECTID": 2161, "PROJ_ID": "DEP-EV-24", "PROJ_NAME": "First Student", "PROG_NAME": "NJDEP Medium and Heavy Duty Electric Vehicle", "CITY": "EAST ORANGE CITY", "STATE": "NJ", "ZIP": "07018", "REC_ENT": "First Student", "SECTOR": "Residential", "FUND_AG": "BPU", "PROJ_DES": "6 electric buses", "LAT": 40.758105, "LONG_": -74.207878, "INITIATIVE": "Catalyze Clean, Equitable Transportation", "PROJ_COST": 2346923, "RGGI_AMT": 1696062, "CAL_YEAR": 2021, "STATUS": "Awarded", "ECON_AID": "Grant", "CO2E_AVOID": 84.3, "MMBTU_AVOID": 117030.0, "GAS_SAVED": 0.0, "ADD_ELEC": 0.0, "R80X50": "Yes", "EJ": "Yes", "COST_EFF": 1341.0, "NOX": 1200.0, "PM10": -20.0, "PM2_5": 80.0, "VOC": 180.0, "CO": 640.0, "SOX": 100.0, "RGGI_PCT": 72, "CO2E_AVOIDL": 1264.6, "NOX_L": 18000.0, "PM10_L": -300.0, "PM2_5_L": 1200.0, "VOC_L": 2700.0, "CO_L": 9600.0, "SOX_L": 1500.0, "PROJ_LIFE": 15, "GLOBALID": "{873FE364-A926-4A91-93B5-21575B84FBF2}"}, "geometry": {"type": "Point", "coordinates": [-74.20787639787864, 40.7581096759541]}}, {"type": "Feature", "properties": {"OBJECTID": 2162, "PROJ_ID": "DEP-EV-23A", "PROJ_NAME": "Leonia Board of Education - A", "PROG_NAME": "NJDEP Medium and Heavy Duty Electric Vehicle", "CITY": "LEONIA BORO", "STATE": "NJ", "ZIP": "07605", "REC_ENT": "Leonia Board of Education", "SECTOR": "Local Government", "FUND_AG": "DEP", "PROJ_DES": "7 electric school buses", "LAT": 40.870759, "LONG_": -73.98975, "INITIATIVE": "Catalyze Clean, Equitable Transportation", "PROJ_COST": 1624890, "RGGI_AMT": 1361626, "CAL_YEAR": 2021, "STATUS": "Awarded", "ECON_AID": "Grant", "CO2E_AVOID": 131.6, "MMBTU_AVOID": 103710.0, "GAS_SAVED": 0.0, "ADD_ELEC": 0.0, "R80X50": "Yes", "EJ": "Yes", "COST_EFF": 690.0, "NOX": 540.0, "PM10": 0.0, "PM2_5": 0.0, "VOC": 60.0, "CO": 200.0, "SOX": -80.0, "RGGI_PCT": 84, "CO2E_AVOIDL": 1973.5, "NOX_L": 8100.0, "PM10_L": 0.0, "PM2_5_L": null, "VOC_L": 900.0, "CO_L": 3000.0, "SOX_L": -1200.0, "PROJ_LIFE": 15, "GLOBALID": "{AFB064B8-F68A-4A38-A62E-6D19F17BC4E9}"}, "geometry": {"type": "Point", "coordinates": [-73.98975144375102, 40.870768479295464]}}, {"type": "Feature", "properties": {"OBJECTID": 2163, "PROJ_ID": "DEP-EV-28", "PROJ_NAME": "Holcomb Transportation, LLC", "PROG_NAME": "NJDEP Medium and Heavy Duty Electric Vehicle", "CITY": "BELLMAWR BORO", "STATE": "NJ", "ZIP": "08031", "REC_ENT": "Holcomb Transportation, LLC", "SECTOR": "Residential", "FUND_AG": "BPU", "PROJ_DES": "6 electric school buses ", "LAT": 39.861224, "LONG_": -75.08406, "INITIATIVE": "Catalyze Clean, Equitable Transportation", "PROJ_COST": 2324493, "RGGI_AMT": 1723544, "CAL_YEAR": 2021, "STATUS": "Awarded", "ECON_AID": "Grant", "CO2E_AVOID": 201.3, "MMBTU_AVOID": 158685.0, "GAS_SAVED": 0.0, "ADD_ELEC": 0.0, "R80X50": "Yes", "EJ": "Yes", "COST_EFF": 571.0, "NOX": 1400.0, "PM10": -20.0, "PM2_5": 80.0, "VOC": 200.0, "CO": 700.0, "SOX": -120.0, "RGGI_PCT": 74, "CO2E_AVOIDL": 3019.6, "NOX_L": 21000.0, "PM10_L": -300.0, "PM2_5_L": 1200.0, "VOC_L": 3000.0, "CO_L": 10500.0, "SOX_L": -1800.0, "PROJ_LIFE": 15, "GLOBALID": "{B27E4B5F-7A92-4720-8C8A-596E7CB2BF10}"}, "geometry": {"type": "Point", "coordinates": [-75.08405554572786, 39.86123088953315]}}, {"type": "Feature", "properties": {"OBJECTID": 2164, "PROJ_ID": "DEP-EV-21", "PROJ_NAME": "Yeshivah Masoras Avos", "PROG_NAME": "NJDEP Medium and Heavy Duty Electric Vehicle", "CITY": "LAKEWOOD TWP", "STATE": "NJ", "ZIP": "08701", "REC_ENT": "Masoras Avos Inc", "SECTOR": "Residential", "FUND_AG": "BPU", "PROJ_DES": "1 electric school bus", "LAT": 40.089953, "LONG_": -74.20737, "INITIATIVE": "Catalyze Clean, Equitable Transportation", "PROJ_COST": 427680, "RGGI_AMT": 252307, "CAL_YEAR": 2021, "STATUS": "Completed", "ECON_AID": "Grant", "CO2E_AVOID": 28.2, "MMBTU_AVOID": 44445.0, "GAS_SAVED": 0.0, "ADD_ELEC": 0.0, "R80X50": "Yes", "EJ": "Yes", "COST_EFF": 597.0, "NOX": 220.0, "PM10": 0.0, "PM2_5": 0.0, "VOC": 20.0, "CO": 80.0, "SOX": -40.0, "RGGI_PCT": 59, "CO2E_AVOIDL": 422.4, "NOX_L": 3300.0, "PM10_L": 0.0, "PM2_5_L": null, "VOC_L": 300.0, "CO_L": 1200.0, "SOX_L": -600.0, "PROJ_LIFE": 15, "GLOBALID": "{661D936A-EB32-4EF3-96C7-FF605BAEBBB5}"}, "geometry": {"type": "Point", "coordinates": [-74.20737147053993, 40.089962317862984]}}, {"type": "Feature", "properties": {"OBJECTID": 2165, "PROJ_ID": "DEP-EV-30", "PROJ_NAME": "GOTrenton! eMobility Pilot", "PROG_NAME": "NJDEP eMobility", "CITY": "TRENTON CITY", "STATE": "NJ", "ZIP": "08618", "REC_ENT": "Isles, Inc.", "SECTOR": "Residential", "FUND_AG": "BPU", "PROJ_DES": "2 DCF charging stations, 3 electric shuttle vans, and 5 light duty electric vehicles to support a local electric rideshare and shuttle", "LAT": 40.220332, "LONG_": -74.758982, "INITIATIVE": "Catalyze Clean, Equitable Transportation", "PROJ_COST": 912528, "RGGI_AMT": 883000, "CAL_YEAR": 2021, "STATUS": "Completed", "ECON_AID": "Grant", "CO2E_AVOID": 29.54536937, "MMBTU_AVOID": 3914.22811635, "GAS_SAVED": 0.0, "ADD_ELEC": 0.0, "R80X50": "Yes", "EJ": "Yes", "COST_EFF": 1992.0, "NOX": 19.3, "PM10": 2.4, "PM2_5": 1.5, "VOC": 34.1, "CO": 184.3, "SOX": 4.2, "RGGI_PCT": 97, "CO2E_AVOIDL": 443.2, "NOX_L": 288.9, "PM10_L": 35.6, "PM2_5_L": 22.2, "VOC_L": 511.3, "CO_L": 2764.8, "SOX_L": 63.0, "PROJ_LIFE": 15, "GLOBALID": "{A7DF7187-FBC2-4781-A6D2-39B68648B7A3}"}, "geometry": {"type": "Point", "coordinates": [-74.75899866762308, 40.22036297634989]}}, {"type": "Feature", "properties": {"OBJECTID": 2166, "PROJ_ID": "DEP-EV-31", "PROJ_NAME": "Woodbridge Electric Shuttle Connection", "PROG_NAME": "NJDEP eMobility", "CITY": "WOODBRIDGE TWP", "STATE": "NJ", "ZIP": "07067", "REC_ENT": "Township of Woodbridge ", "SECTOR": "Residential", "FUND_AG": "BPU", "PROJ_DES": "1 electric shuttle for the Senior Transportation of Woodbridge program, providing shuttle service for seniors and individuals with disabilities", "LAT": 40.57042, "LONG_": -74.293348, "INITIATIVE": "Catalyze Clean, Equitable Transportation", "PROJ_COST": 274750, "RGGI_AMT": 104000, "CAL_YEAR": 2021, "STATUS": "Completed", "ECON_AID": "Grant", "CO2E_AVOID": 5.2, "MMBTU_AVOID": 691.4, "GAS_SAVED": 0.0, "ADD_ELEC": 0.0, "R80X50": "Yes", "EJ": "Yes", "COST_EFF": 1325.0, "NOX": 3.2, "PM10": 0.4, "PM2_5": 0.3, "VOC": 5.6, "CO": 23.1, "SOX": 0.7, "RGGI_PCT": 38, "CO2E_AVOIDL": 78.5, "NOX_L": 48.1, "PM10_L": 6.4, "PM2_5_L": 3.8, "VOC_L": 84.4, "CO_L": 345.9, "SOX_L": 11.1, "PROJ_LIFE": 15, "GLOBALID": "{0B40B217-BD80-46DC-854C-EFD9CF480B69}"}, "geometry": {"type": "Point", "coordinates": [-74.31978013356515, 40.600451812079]}}, {"type": "Feature", "properties": {"OBJECTID": 2167, "PROJ_ID": "DEP-EV-29", "PROJ_NAME": "DCFC Hub (Newark Liberty International Airport)", "PROG_NAME": "NJDEP eMobility", "CITY": "NEWARK CITY", "STATE": "NJ", "ZIP": "07114", "REC_ENT": "Zapp Electric, Inc.", "SECTOR": "Residential", "FUND_AG": "BPU", "PROJ_DES": "16 Zapp Charging Stations that will be publicly accessible as well as convenient for Newark airport", "LAT": 40.730228, "LONG_": -74.176659, "INITIATIVE": "Catalyze Clean, Equitable Transportation", "PROJ_COST": 1510163, "RGGI_AMT": 1208130, "CAL_YEAR": 2021, "STATUS": "Awarded", "ECON_AID": "Grant", "CO2E_AVOID": 64.3, "MMBTU_AVOID": 10076.6, "GAS_SAVED": 0.0, "ADD_ELEC": 0.0, "R80X50": "Yes", "EJ": "Yes", "COST_EFF": 1253.0, "NOX": 19.7, "PM10": 4.0, "PM2_5": 2.8, "VOC": 90.2, "CO": 467.2, "SOX": -0.1, "RGGI_PCT": 80, "CO2E_AVOIDL": 964.0, "NOX_L": 296.1, "PM10_L": 60.5, "PM2_5_L": 42.0, "VOC_L": 1352.5, "CO_L": 7008.2, "SOX_L": -2.0, "PROJ_LIFE": 15, "GLOBALID": "{46B7C44E-D43C-44E8-A54D-1A14BCA861B7}"}, "geometry": {"type": "Point", "coordinates": [-74.17684076311001, 40.70595409670825]}}, {"type": "Feature", "properties": {"OBJECTID": 2168, "PROJ_ID": "DEP-EV-43", "PROJ_NAME": "Via Jersey City - Microtransit Electric Vehicles", "PROG_NAME": "NJDEP eMobility", "CITY": "JERSEY CITY", "STATE": "NJ", "ZIP": null, "REC_ENT": "City of Jersey City", "SECTOR": "Local Government", "FUND_AG": "DEP", "PROJ_DES": "4 electric light-duty vehicles, 4 level 2 chargers to build upon existing car sharing program", "LAT": 40.726542, "LONG_": -74.060346, "INITIATIVE": "Catalyze Clean, Equitable Transportation", "PROJ_COST": 600000, "RGGI_AMT": 600000, "CAL_YEAR": 2022, "STATUS": "Selected", "ECON_AID": "Grant", "CO2E_AVOID": 11.2, "MMBTU_AVOID": 1471.9, "GAS_SAVED": 0.0, "ADD_ELEC": 0.0, "R80X50": "Yes", "EJ": "Yes", "COST_EFF": 3572.0, "NOX": 7.9, "PM10": 0.9, "PM2_5": 0.6, "VOC": 13.8, "CO": 92.2, "SOX": 1.6, "RGGI_PCT": 100, "CO2E_AVOIDL": 168.0, "NOX_L": 118.3, "PM10_L": 13.4, "PM2_5_L": 8.9, "VOC_L": 207.0, "CO_L": 1383.6, "SOX_L": 24.4, "PROJ_LIFE": 15, "GLOBALID": "{B928C2D3-8484-412B-8BEA-B3852F8CB71B}"}, "geometry": {"type": "Point", "coordinates": [-74.06029752947505, 40.726523379472056]}}, {"type": "Feature", "properties": {"OBJECTID": 2169, "PROJ_ID": "DEP-EV-32", "PROJ_NAME": "DCFC Hub (Mt Laurel)", "PROG_NAME": "NJDEP eMobility", "CITY": "MOUNT LAUREL", "STATE": "NJ", "ZIP": "08054", "REC_ENT": "Zapp Electric, Inc.", "SECTOR": "Residential", "FUND_AG": "BPU", "PROJ_DES": "8 dual-port 160 kW DC fast charging stations installed to support all-electric rideshare fleet and public charging.", "LAT": 39.931559, "LONG_": -74.958558, "INITIATIVE": "Catalyze Clean, Equitable Transportation", "PROJ_COST": 1598000, "RGGI_AMT": 1080255, "CAL_YEAR": 2021, "STATUS": "Selected", "ECON_AID": "Grant", "CO2E_AVOID": 128.5, "MMBTU_AVOID": 20153.2, "GAS_SAVED": 0.0, "ADD_ELEC": 0.0, "R80X50": "Yes", "EJ": "Yes", "COST_EFF": 560.0, "NOX": 39.5, "PM10": 8.1, "PM2_5": 5.6, "VOC": 180.3, "CO": 934.4, "SOX": -0.3, "RGGI_PCT": 68, "CO2E_AVOIDL": 1928.1, "NOX_L": 592.2, "PM10_L": 121.0, "PM2_5_L": 84.1, "VOC_L": 2705.1, "CO_L": 14016.5, "SOX_L": -4.0, "PROJ_LIFE": 15, "GLOBALID": "{7DB4D9A9-F3F1-4AC2-8EB3-D2CF3E9A31FA}"}, "geometry": {"type": "Point", "coordinates": [-74.95879216756288, 39.93130135854517]}}, {"type": "Feature", "properties": {"OBJECTID": 2170, "PROJ_ID": "DEP-EV-33", "PROJ_NAME": "Paterson Fire Department", "PROG_NAME": "NJDEP Medium and Heavy Duty Electric Vehicle", "CITY": "PATERSON CITY", "STATE": "NJ", "ZIP": "07501", "REC_ENT": "Paterson Fire Department ", "SECTOR": "Local Government", "FUND_AG": "DEP", "PROJ_DES": "1 electric utility truck", "LAT": 40.911381, "LONG_": -74.187663, "INITIATIVE": "Catalyze Clean, Equitable Transportation", "PROJ_COST": 522067, "RGGI_AMT": 261034, "CAL_YEAR": 2022, "STATUS": "Completed", "ECON_AID": "Grant", "CO2E_AVOID": 4.0, "MMBTU_AVOID": 509.0, "GAS_SAVED": 0.0, "ADD_ELEC": 0.0, "R80X50": "Yes", "EJ": "Yes", "COST_EFF": 4377.0, "NOX": 101.1, "PM10": 0.1, "PM2_5": 6.0, "VOC": 6.0, "CO": 62.2, "SOX": 0.1, "RGGI_PCT": 50, "CO2E_AVOIDL": 59.6, "NOX_L": 1516.4, "PM10_L": 2.2, "PM2_5_L": 89.3, "VOC_L": 89.3, "CO_L": 933.4, "SOX_L": 2.2, "PROJ_LIFE": 15, "GLOBALID": "{EBD1D566-936C-4B1D-8BB9-DF4908AB4349}"}, "geometry": {"type": "Point", "coordinates": [-74.18765178726419, 40.911424995702575]}}, {"type": "Feature", "properties": {"OBJECTID": 2171, "PROJ_ID": "DEP-EV-42", "PROJ_NAME": "City of Burlington", "PROG_NAME": "NJDEP Medium and Heavy Duty Electric Vehicle", "CITY": "BURLINGTON CITY", "STATE": "NJ", "ZIP": "08016", "REC_ENT": "City of Burlington", "SECTOR": "Local Government", "FUND_AG": "DEP", "PROJ_DES": "1 electric truck", "LAT": 40.074226, "LONG_": -74.852386, "INITIATIVE": "Catalyze Clean, Equitable Transportation", "PROJ_COST": 602283, "RGGI_AMT": 461735, "CAL_YEAR": 2022, "STATUS": "Awarded", "ECON_AID": "Grant", "CO2E_AVOID": 8.1, "MMBTU_AVOID": 2775.0, "GAS_SAVED": 0.0, "ADD_ELEC": 0.0, "R80X50": "Yes", "EJ": "Yes", "COST_EFF": 3787.0, "NOX": 94.0, "PM10": 0.0, "PM2_5": 6.0, "VOC": 14.0, "CO": 520.0, "SOX": -4.0, "RGGI_PCT": 77, "CO2E_AVOIDL": 121.9, "NOX_L": 1410.0, "PM10_L": 0.0, "PM2_5_L": 90.0, "VOC_L": 210.0, "CO_L": 7800.0, "SOX_L": -60.0, "PROJ_LIFE": 15, "GLOBALID": "{5D423C69-B02A-4C88-B81E-323A6041964F}"}, "geometry": {"type": "Point", "coordinates": [-74.85238271654835, 40.07423411567656]}}, {"type": "Feature", "properties": {"OBJECTID": 2172, "PROJ_ID": "DEP-EV-46", "PROJ_NAME": "City of Hoboken", "PROG_NAME": "NJDEP Medium and Heavy Duty Electric Vehicle", "CITY": "HOBOKEN CITY", "STATE": "NJ", "ZIP": "07030", "REC_ENT": "City of Hoboken", "SECTOR": "Local Government", "FUND_AG": "DEP", "PROJ_DES": "1 electric garbage truck and 1 electric shuttle bus", "LAT": 40.73725034, "LONG_": -74.03147011, "INITIATIVE": "Catalyze Clean, Equitable Transportation", "PROJ_COST": 778184, "RGGI_AMT": 673964, "CAL_YEAR": 2022, "STATUS": "Awarded", "ECON_AID": "Grant", "CO2E_AVOID": 65.8, "MMBTU_AVOID": 94440.0, "GAS_SAVED": 0.0, "ADD_ELEC": 0.0, "R80X50": "Yes", "EJ": "Yes", "COST_EFF": 682.0, "NOX": 287.3, "PM10": -3.0, "PM2_5": 10.6, "VOC": 42.3, "CO": 127.7, "SOX": -29.9, "RGGI_PCT": 87, "CO2E_AVOIDL": 987.7, "NOX_L": 4310.1, "PM10_L": -45.2, "PM2_5_L": 159.5, "VOC_L": 633.8, "CO_L": 1915.6, "SOX_L": -448.6, "PROJ_LIFE": 15, "GLOBALID": "{53CDC710-24BC-4671-837E-DEDF1215EE65}"}, "geometry": {"type": "Point", "coordinates": [-74.0314780254144, 40.73725617724951]}}, {"type": "Feature", "properties": {"OBJECTID": 2173, "PROJ_ID": "NCS-2022-PDE-00095", "PROJ_NAME": "Living Shorelines Salt Marsh Carbon Sequestration at Matt\u2019s Landing", "PROG_NAME": "Natural Climate Solutions", "CITY": "MAURICE RIVER TWP", "STATE": "NJ", "ZIP": null, "REC_ENT": "Partnership for the Delaware Estuary, Inc.", "SECTOR": "Local Government", "FUND_AG": "DEP", "PROJ_DES": "establishing a Living Shoreline, and restoring 0.5 acres of tidal salt marsh vegetation", "LAT": 39.2361995, "LONG_": -75.0091813, "INITIATIVE": "Promote Blue Carbon in Coastal Habitats", "PROJ_COST": 850554, "RGGI_AMT": 766242, "CAL_YEAR": 2023, "STATUS": "Awarded", "ECON_AID": "Grant", "CO2E_AVOID": 0.0, "MMBTU_AVOID": null, "GAS_SAVED": 109.17, "ADD_ELEC": 0.0, "R80X50": "Yes", "EJ": "Yes", "COST_EFF": 7020.628378, "NOX": 0.0, "PM10": 0.0, "PM2_5": 0.0, "VOC": 0.0, "CO": 0.0, "SOX": 0.0, "RGGI_PCT": 90, "CO2E_AVOIDL": null, "NOX_L": 0.0, "PM10_L": 0.0, "PM2_5_L": 0.0, "VOC_L": 0.0, "CO_L": 0.0, "SOX_L": 0.0, "PROJ_LIFE": 27, "GLOBALID": "{D12397B4-FDA0-49C4-9EF0-3FAE437E6966}"}, "geometry": {"type": "Point", "coordinates": [-75.00918297980598, 39.23620742714323]}}, {"type": "Feature", "properties": {"OBJECTID": 2174, "PROJ_ID": "NCS-2022-Linden-00092", "PROJ_NAME": "City of Linden Urban Tree Restoration", "PROG_NAME": "Natural Climate Solutions", "CITY": "LINDEN CITY", "STATE": "NJ", "ZIP": null, "REC_ENT": "City of Linden", "SECTOR": "Local Government", "FUND_AG": "DEP", "PROJ_DES": "planting 863 new trees to enhance the urban forest canopy and water quality", "LAT": 40.6267534, "LONG_": -74.2417802, "INITIATIVE": "Enhance Forests and Urban Forests", "PROJ_COST": 375300, "RGGI_AMT": 355500, "CAL_YEAR": 2023, "STATUS": "Awarded", "ECON_AID": "Grant", "CO2E_AVOID": 0.0, "MMBTU_AVOID": null, "GAS_SAVED": 903.1923904, "ADD_ELEC": 0.0, "R80X50": "Yes", "EJ": "Yes", "COST_EFF": 393.6038476, "NOX": 0.0, "PM10": 0.0, "PM2_5": 0.0, "VOC": 0.0, "CO": 0.0, "SOX": 0.0, "RGGI_PCT": 95, "CO2E_AVOIDL": null, "NOX_L": 0.0, "PM10_L": 0.0, "PM2_5_L": 0.0, "VOC_L": 0.0, "CO_L": 0.0, "SOX_L": 0.0, "PROJ_LIFE": 27, "GLOBALID": "{8C6AF73F-88A7-4DA8-9308-1E1C16223922}"}, "geometry": {"type": "Point", "coordinates": [-74.24178171863468, 40.62676163133678]}}, {"type": "Feature", "properties": {"OBJECTID": 2175, "PROJ_ID": "DEP-EV-66", "PROJ_NAME": "Klarr Transportation", "PROG_NAME": "NJDEP Medium and Heavy Duty Electric Vehicle", "CITY": "LAKEWOOD TWP", "STATE": "NJ", "ZIP": "08701", "REC_ENT": "Klarr Transportation", "SECTOR": "Commercial/Industrial", "FUND_AG": "EDA", "PROJ_DES": "1 electric school bus", "LAT": 40.07380691, "LONG_": -74.17329983, "INITIATIVE": "Catalyze Clean, Equitable Transportation", "PROJ_COST": 404584, "RGGI_AMT": 300000, "CAL_YEAR": 2023, "STATUS": "Awarded", "ECON_AID": "Grant", "CO2E_AVOID": 110.01, "MMBTU_AVOID": null, "GAS_SAVED": null, "ADD_ELEC": 0.0, "R80X50": "Yes", "EJ": "Yes", "COST_EFF": 181.8, "NOX": 90.0, "PM10": 0.0, "PM2_5": 0.0, "VOC": 20.0, "CO": null, "SOX": null, "RGGI_PCT": 74, "CO2E_AVOIDL": 1650.14, "NOX_L": 1350.0, "PM10_L": null, "PM2_5_L": null, "VOC_L": 300.0, "CO_L": null, "SOX_L": null, "PROJ_LIFE": 15, "GLOBALID": "{430CF66E-175A-4024-93AE-EFD4DE92B470}"}, "geometry": {"type": "Point", "coordinates": [-74.17330129386055, 40.07381503446784]}}, {"type": "Feature", "properties": {"OBJECTID": 2176, "PROJ_ID": "DEP-EV-65", "PROJ_NAME": "Student Transportation of America, Inc.", "PROG_NAME": "NJDEP Medium and Heavy Duty Electric Vehicle", "CITY": "TRENTON", "STATE": "NJ", "ZIP": "08610", "REC_ENT": "Student Transportation of America, Inc.", "SECTOR": "Institutional", "FUND_AG": "EDA", "PROJ_DES": "7 electric school buses", "LAT": 40.2060049, "LONG_": -74.7095528, "INITIATIVE": "Catalyze Clean, Equitable Transportation", "PROJ_COST": 2423943, "RGGI_AMT": 2171445, "CAL_YEAR": 2023, "STATUS": "Awarded", "ECON_AID": "Grant", "CO2E_AVOID": 56.72, "MMBTU_AVOID": null, "GAS_SAVED": null, "ADD_ELEC": 0.0, "R80X50": "Yes", "EJ": "Yes", "COST_EFF": 2552.46, "NOX": 380.0, "PM10": 0.0, "PM2_5": 2.0, "VOC": 40.0, "CO": 140.0, "SOX": null, "RGGI_PCT": 90, "CO2E_AVOIDL": 850.73, "NOX_L": 5700.0, "PM10_L": null, "PM2_5_L": 30.0, "VOC_L": 600.0, "CO_L": 2100.0, "SOX_L": null, "PROJ_LIFE": 15, "GLOBALID": "{341FB92B-6EC0-402C-B45F-867E2E9916BC}"}, "geometry": {"type": "Point", "coordinates": [-74.7091117735359, 40.20597477480806]}}, {"type": "Feature", "properties": {"OBJECTID": 2177, "PROJ_ID": "DEP-EV-62", "PROJ_NAME": "Township of Maplewood", "PROG_NAME": "NJDEP Medium and Heavy Duty Electric Vehicle", "CITY": "MAPLEWOOD TWP", "STATE": "NJ", "ZIP": "07040", "REC_ENT": "Township of Maplewood", "SECTOR": "Institutional", "FUND_AG": "EDA", "PROJ_DES": "3 electric school buses", "LAT": 40.73034085, "LONG_": -74.2715332, "INITIATIVE": "Catalyze Clean, Equitable Transportation", "PROJ_COST": 1795308, "RGGI_AMT": 940000, "CAL_YEAR": 2023, "STATUS": "Awarded", "ECON_AID": "Grant", "CO2E_AVOID": 50.12, "MMBTU_AVOID": null, "GAS_SAVED": null, "ADD_ELEC": 0.0, "R80X50": "Yes", "EJ": "Yes", "COST_EFF": 1250.38, "NOX": 1620.0, "PM10": 0.0, "PM2_5": 40.0, "VOC": 100.0, "CO": 440.0, "SOX": null, "RGGI_PCT": 52, "CO2E_AVOIDL": 751.77, "NOX_L": 24300.0, "PM10_L": null, "PM2_5_L": 600.0, "VOC_L": 1500.0, "CO_L": 6600.0, "SOX_L": null, "PROJ_LIFE": 15, "GLOBALID": "{05EF9F41-B577-49D6-B584-9BF7B3F8CE15}"}, "geometry": {"type": "Point", "coordinates": [-74.2715347346831, 40.73034910047571]}}, {"type": "Feature", "properties": {"OBJECTID": 2178, "PROJ_ID": "DEP-EV-59", "PROJ_NAME": "East Windsor Regional School District", "PROG_NAME": "NJDEP Medium and Heavy Duty Electric Vehicle", "CITY": "HIGHTSTOWN BORO", "STATE": "NJ", "ZIP": "08520", "REC_ENT": "East Windsor Regional School District", "SECTOR": "Institutional", "FUND_AG": "EDA", "PROJ_DES": "4 electric school buses", "LAT": 40.26323182, "LONG_": -74.53588358, "INITIATIVE": "Catalyze Clean, Equitable Transportation", "PROJ_COST": 1882461, "RGGI_AMT": 1240000, "CAL_YEAR": 2023, "STATUS": "Awarded", "ECON_AID": "Grant", "CO2E_AVOID": 66.83, "MMBTU_AVOID": null, "GAS_SAVED": null, "ADD_ELEC": 0.0, "R80X50": "Yes", "EJ": "No", "COST_EFF": 1236.91, "NOX": 780.0, "PM10": 0.0, "PM2_5": 60.0, "VOC": 120.0, "CO": 460.0, "SOX": null, "RGGI_PCT": 66, "CO2E_AVOIDL": 1002.5, "NOX_L": 11700.0, "PM10_L": null, "PM2_5_L": 900.0, "VOC_L": 1800.0, "CO_L": 6900.0, "SOX_L": null, "PROJ_LIFE": 15, "GLOBALID": "{A31B88DF-ED5B-4DCA-A9EE-267CCE4945CA}"}, "geometry": {"type": "Point", "coordinates": [-74.53588517032671, 40.263239969263196]}}, {"type": "Feature", "properties": {"OBJECTID": 2179, "PROJ_ID": "PROD-00314508", "PROJ_NAME": "Wintia Memoir LLC", "PROG_NAME": "NJZIP", "CITY": "LEONIA BORO", "STATE": "NJ", "ZIP": "07605", "REC_ENT": "Wintia Memoir LLC", "SECTOR": "Commercial/Industrial", "FUND_AG": "EDA", "PROJ_DES": "1 electric Utility cargo van", "LAT": 40.85771014, "LONG_": -73.99706776, "INITIATIVE": "Catalyze Clean, Equitable Transportation", "PROJ_COST": 110900, "RGGI_AMT": 92950, "CAL_YEAR": 2024, "STATUS": "Selected", "ECON_AID": "Grant", "CO2E_AVOID": 12.9, "MMBTU_AVOID": 1818.9, "GAS_SAVED": null, "ADD_ELEC": 0.0, "R80X50": "Yes", "EJ": "Yes", "COST_EFF": 479.6182, "NOX": 6.2, "PM10": 0.8, "PM2_5": 0.5, "VOC": 12.9, "CO": 41.7, "SOX": 1.3, "RGGI_PCT": 84, "CO2E_AVOIDL": 193.8, "NOX_L": 93.1, "PM10_L": 12.3, "PM2_5_L": 7.5, "VOC_L": 193.0, "CO_L": 626.2, "SOX_L": 18.9, "PROJ_LIFE": 15, "GLOBALID": "{BFB5AF97-7E53-43FA-8FFE-D880D5914D77}"}, "geometry": {"type": "Point", "coordinates": [-73.9970692143967, 40.857718425082886]}}, {"type": "Feature", "properties": {"OBJECTID": 2180, "PROJ_ID": "PROD-00303928", "PROJ_NAME": "La Deliciosa LLC", "PROG_NAME": "NJZIP", "CITY": "PASSAIC CITY", "STATE": "NJ", "ZIP": "07056", "REC_ENT": "La Deliciosa LLC", "SECTOR": "Commercial/Industrial", "FUND_AG": "EDA", "PROJ_DES": "2 electric Delivery Straight Truck", "LAT": 40.86128, "LONG_": -74.11073, "INITIATIVE": "Catalyze Clean, Equitable Transportation", "PROJ_COST": 199000, "RGGI_AMT": 187500, "CAL_YEAR": 2022, "STATUS": "Completed", "ECON_AID": "Grant", "CO2E_AVOID": 326.4, "MMBTU_AVOID": 3103.7, "GAS_SAVED": 0.0, "ADD_ELEC": 0.0, "R80X50": "Yes", "EJ": "Yes", "COST_EFF": 38.0, "NOX": 523.9, "PM10": 5.5, "PM2_5": 4.7, "VOC": 4.7, "CO": 421.5, "SOX": 13.3, "RGGI_PCT": 94, "CO2E_AVOIDL": 4895.6, "NOX_L": 7859.2, "PM10_L": 82.4, "PM2_5_L": 71.0, "VOC_L": 71.0, "CO_L": 6321.9, "SOX_L": 198.9, "PROJ_LIFE": 15, "GLOBALID": "{1E6C38D0-EAC6-4BA7-ABC6-E22038C6608F}"}, "geometry": {"type": "Point", "coordinates": [-74.1107164658625, 40.86128155919038]}}, {"type": "Feature", "properties": {"OBJECTID": 2181, "PROJ_ID": "EVLVL-2022-Township-00370", "PROJ_NAME": "Weimann Sports Field Chargers", "PROG_NAME": "It Pay$ to Plug In", "CITY": "BEVERLY CITY", "STATE": "NJ", "ZIP": "08010", "REC_ENT": "Township of Edgewater Park", "SECTOR": "Local Government", "FUND_AG": "DEP", "PROJ_DES": "4 single-port, level 2, public EV charging stations", "LAT": 40.04775459, "LONG_": -74.91577206, "INITIATIVE": "Catalyze Clean, Equitable Transportation", "PROJ_COST": 16000, "RGGI_AMT": 16000, "CAL_YEAR": 2023, "STATUS": "Awarded", "ECON_AID": "Grant", "CO2E_AVOID": 14.20231818, "MMBTU_AVOID": 2318.443118, "GAS_SAVED": null, "ADD_ELEC": 0.0, "R80X50": "Yes", "EJ": "Yes", "COST_EFF": 75.10510981, "NOX": 9.98153798, "PM10": 1.21913344, "PM2_5": 0.81766861, "VOC": 22.76862923, "CO": 108.3521175, "SOX": 2.25836188, "RGGI_PCT": 100, "CO2E_AVOIDL": 213.0347727, "NOX_L": 149.7230697, "PM10_L": 18.28700161, "PM2_5_L": 12.2650292, "VOC_L": 341.5294385, "CO_L": 1625.281762, "SOX_L": 33.87542818, "PROJ_LIFE": 15, "GLOBALID": "{096325E9-17A2-49DD-91D4-578F48245B8C}"}, "geometry": {"type": "Point", "coordinates": [-74.9157737583015, 40.047762683050166]}}, {"type": "Feature", "properties": {"OBJECTID": 2182, "PROJ_ID": "EVLVL-2022-Environmental Resolutions-00368", "PROJ_NAME": "Edgewater Park Municipal Building Chargers", "PROG_NAME": "It Pay$ to Plug In", "CITY": "BEVERLY CITY", "STATE": "NJ", "ZIP": "08010", "REC_ENT": "\u00a0Township of Edgewater Park", "SECTOR": "Local Government", "FUND_AG": "DEP", "PROJ_DES": "4 single-port, level 2, public EV charging stations", "LAT": 40.0491, "LONG_": -74.917, "INITIATIVE": "Catalyze Clean, Equitable Transportation", "PROJ_COST": 16000, "RGGI_AMT": 16000, "CAL_YEAR": 2023, "STATUS": "Awarded", "ECON_AID": "Grant", "CO2E_AVOID": 14.20231818, "MMBTU_AVOID": 2318.443118, "GAS_SAVED": null, "ADD_ELEC": 0.0, "R80X50": "Yes", "EJ": "Yes", "COST_EFF": 75.10510981, "NOX": 9.98153798, "PM10": 1.21913344, "PM2_5": 0.81766861, "VOC": 22.76862923, "CO": 108.3521175, "SOX": 2.25836188, "RGGI_PCT": 100, "CO2E_AVOIDL": 213.0347727, "NOX_L": 149.7230697, "PM10_L": 18.28700161, "PM2_5_L": 12.2650292, "VOC_L": 341.5294385, "CO_L": 1625.281762, "SOX_L": 33.87542818, "PROJ_LIFE": 15, "GLOBALID": "{522D383E-E068-4B2F-991D-07F68E6422C1}"}, "geometry": {"type": "Point", "coordinates": [-74.91700169881206, 40.04910809313397]}}, {"type": "Feature", "properties": {"OBJECTID": 2183, "PROJ_ID": "PROD-00306306", "PROJ_NAME": "Chic Massage LLC", "PROG_NAME": "NJZIP", "CITY": "NORTH BERGEN TWP", "STATE": "NJ", "ZIP": "07047", "REC_ENT": "Chic Massage LLC", "SECTOR": "Commercial/Industrial", "FUND_AG": "EDA", "PROJ_DES": "1 Utility Cargo Van", "LAT": 40.76189718, "LONG_": -74.04312753, "INITIATIVE": "Catalyze Clean, Equitable Transportation", "PROJ_COST": 110900, "RGGI_AMT": 101750, "CAL_YEAR": 2022, "STATUS": "Completed", "ECON_AID": "Grant", "CO2E_AVOID": 10.0, "MMBTU_AVOID": 89.8, "GAS_SAVED": 0.0, "ADD_ELEC": 0.0, "R80X50": "Yes", "EJ": "Yes", "COST_EFF": 676.0, "NOX": 4.6, "PM10": 0.5, "PM2_5": 0.4, "VOC": 10.8, "CO": 26.8, "SOX": 1.4, "RGGI_PCT": 92, "CO2E_AVOIDL": 150.5, "NOX_L": 68.6, "PM10_L": 7.7, "PM2_5_L": 6.0, "VOC_L": 161.4, "CO_L": 402.1, "SOX_L": 21.2, "PROJ_LIFE": 15, "GLOBALID": "{10CED404-68C3-4ACA-8482-E81F181CD34D}"}, "geometry": {"type": "Point", "coordinates": [-74.04312899348766, 40.76190544459197]}}, {"type": "Feature", "properties": {"OBJECTID": 2184, "PROJ_ID": "PROD-00310874", "PROJ_NAME": "NEW GM EXPRESS INC", "PROG_NAME": "NJZIP", "CITY": "JERSEY CITY", "STATE": "NJ", "ZIP": "07307", "REC_ENT": "NEW GM EXPRESS INC", "SECTOR": "Commercial/Industrial", "FUND_AG": "EDA", "PROJ_DES": "2 electric Delivery Step Vans", "LAT": 40.75485609, "LONG_": -74.04575446, "INITIATIVE": "Catalyze Clean, Equitable Transportation", "PROJ_COST": 331303, "RGGI_AMT": 243000, "CAL_YEAR": 2023, "STATUS": "Selected", "ECON_AID": "Grant", "CO2E_AVOID": 71.97072787, "MMBTU_AVOID": 10603.68464, "GAS_SAVED": 0.0, "ADD_ELEC": 0.0, "R80X50": "Yes", "EJ": "Yes", "COST_EFF": 225.0, "NOX": 56.4, "PM10": 2.66666667, "PM2_5": 3.46666667, "VOC": 102.8, "CO": 662.6666667, "SOX": 8.93333333, "RGGI_PCT": 73, "CO2E_AVOIDL": 1079.560918, "NOX_L": 846.0, "PM10_L": 40.0, "PM2_5_L": 52.0, "VOC_L": 1542.0, "CO_L": 9940.0, "SOX_L": 134.0, "PROJ_LIFE": 15, "GLOBALID": "{FAAA9BA3-2F1F-44E2-B96C-0DA30F0BAAB2}"}, "geometry": {"type": "Point", "coordinates": [-74.04575592393532, 40.754864353284376]}}, {"type": "Feature", "properties": {"OBJECTID": 2185, "PROJ_ID": "DEP-EV-12A", "PROJ_NAME": "City of Trenton A", "PROG_NAME": "NJDEP Medium and Heavy Duty Electric Vehicle", "CITY": "TRENTON CITY", "STATE": "NJ", "ZIP": "08608", "REC_ENT": "City of Trenton", "SECTOR": "Local Government", "FUND_AG": "DEP", "PROJ_DES": "2 electric garbage trucks", "LAT": 40.220507, "LONG_": -74.758874, "INITIATIVE": "Catalyze Clean, Equitable Transportation", "PROJ_COST": 1200000, "RGGI_AMT": 1200000, "CAL_YEAR": 2021, "STATUS": "Awarded", "ECON_AID": "Grant", "CO2E_AVOID": 122.0, "MMBTU_AVOID": 4016.0, "GAS_SAVED": 0.0, "ADD_ELEC": 0.0, "R80X50": "Yes", "EJ": "Yes", "COST_EFF": 655.87, "NOX": 3890.7, "PM10": -5.6, "PM2_5": 209.4, "VOC": 106.1, "CO": 600.0, "SOX": -51.0, "RGGI_PCT": 100, "CO2E_AVOIDL": 1829.6, "NOX_L": 58360.1, "PM10_L": -84.4, "PM2_5_L": 3141.0, "VOC_L": 1591.7, "CO_L": 9000.3, "SOX_L": -765.7, "PROJ_LIFE": 15, "GLOBALID": "{7021B00D-4DC2-4008-A068-84C9004BB17E}"}, "geometry": {"type": "Point", "coordinates": [-74.75887565920404, 40.22051513334029]}}, {"type": "Feature", "properties": {"OBJECTID": 2186, "PROJ_ID": "PROD-00311244", "PROJ_NAME": "United Parcel Service, Inc. (OHIO)", "PROG_NAME": "NJZIP", "CITY": "SECAUCUS TOWN", "STATE": "NJ", "ZIP": "07094", "REC_ENT": "United Parcel Service, Inc. (OHIO)", "SECTOR": "Commercial/Industrial", "FUND_AG": "EDA", "PROJ_DES": "4 electric Regional Haul Freight Trucks", "LAT": 39.86781433, "LONG_": -75.02691552, "INITIATIVE": "Catalyze Clean, Equitable Transportation", "PROJ_COST": 1391728, "RGGI_AMT": 700000, "CAL_YEAR": 2023, "STATUS": "Completed", "ECON_AID": "Grant", "CO2E_AVOID": 119.9431672, "MMBTU_AVOID": 16501.83828, "GAS_SAVED": 0.0, "ADD_ELEC": 0.0, "R80X50": "Yes", "EJ": "Yes", "COST_EFF": 389.0, "NOX": 401.7757668, "PM10": 4.7102144, "PM2_5": 4.10684092, "VOC": 4.10684092, "CO": 221.2771454, "SOX": 1.8715975, "RGGI_PCT": 50, "CO2E_AVOIDL": 1799.147508, "NOX_L": 6026.636501, "PM10_L": 70.65321597, "PM2_5_L": 61.60261384, "VOC_L": 61.60261384, "CO_L": 3319.15718, "SOX_L": 28.07396251, "PROJ_LIFE": 15, "GLOBALID": "{E38A5F24-9A32-4641-9DCE-9D510FAC9E79}"}, "geometry": {"type": "Point", "coordinates": [-75.02691724258864, 39.86782238322559]}}, {"type": "Feature", "properties": {"OBJECTID": 2187, "PROJ_ID": "PROD-00311199", "PROJ_NAME": "Emily Painting LLC", "PROG_NAME": "NJZIP", "CITY": "GARFIELD CITY", "STATE": "NJ", "ZIP": "07026", "REC_ENT": "Emily Painting LLC", "SECTOR": "Commercial/Industrial", "FUND_AG": "EDA", "PROJ_DES": "2 electric Utility Cargo Vans", "LAT": 40.8714799, "LONG_": -74.1085309, "INITIATIVE": "Catalyze Clean, Equitable Transportation", "PROJ_COST": 219800, "RGGI_AMT": 180700, "CAL_YEAR": 2023, "STATUS": "Selected", "ECON_AID": "Grant", "CO2E_AVOID": 11.97496144, "MMBTU_AVOID": 1697.137006, "GAS_SAVED": 0.0, "ADD_ELEC": 0.0, "R80X50": "Yes", "EJ": "Yes", "COST_EFF": 1006.0, "NOX": 5.73333333, "PM10": 0.93333333, "PM2_5": 0.4, "VOC": 12.13333333, "CO": 38.93333333, "SOX": 1.06666667, "RGGI_PCT": 82, "CO2E_AVOIDL": 179.6244217, "NOX_L": 86.0, "PM10_L": 14.0, "PM2_5_L": 6.0, "VOC_L": 182.0, "CO_L": 584.0, "SOX_L": 16.0, "PROJ_LIFE": 15, "GLOBALID": "{3CF40070-9DFE-4351-8B90-63CA502D43EA}"}, "geometry": {"type": "Point", "coordinates": [-74.1085323911636, 40.87148818380146]}}, {"type": "Feature", "properties": {"OBJECTID": 2188, "PROJ_ID": "DEP-EV-16", "PROJ_NAME": "Jackson Twp School District - Refuse Trucks ", "PROG_NAME": "NJDEP Medium and Heavy Duty Electric Vehicle", "CITY": "JACKSON TWP", "STATE": "NJ", "ZIP": "08527", "REC_ENT": "Jackson Twp School District - Refuse Trucks ", "SECTOR": "Local Government", "FUND_AG": "DEP", "PROJ_DES": "2 electric garbage trucks", "LAT": 40.103876, "LONG_": -74.343122, "INITIATIVE": "Catalyze Clean, Equitable Transportation", "PROJ_COST": 1361086, "RGGI_AMT": 1361086, "CAL_YEAR": 2021, "STATUS": "Awarded", "ECON_AID": "Grant", "CO2E_AVOID": 241.4, "MMBTU_AVOID": 2423.0, "GAS_SAVED": 0.0, "ADD_ELEC": 0.0, "R80X50": "Yes", "EJ": "Yes", "COST_EFF": 375.0, "NOX": 1485.4, "PM10": -11.1, "PM2_5": 61.4, "VOC": 81.6, "CO": 298.3, "SOX": -101.0, "RGGI_PCT": 100, "CO2E_AVOIDL": 3621.2, "NOX_L": 22280.5, "PM10_L": -167.0, "PM2_5_L": 920.8, "VOC_L": 1224.3, "CO_L": 4473.9, "SOX_L": -1515.4, "PROJ_LIFE": 15, "GLOBALID": "{8F271DEB-270B-47C8-BE28-D6E850B10980}"}, "geometry": {"type": "Point", "coordinates": [-74.34312351985777, 40.103884124648054]}}, {"type": "Feature", "properties": {"OBJECTID": 2189, "PROJ_ID": "PROD-00311101", "PROJ_NAME": "Healthy Happy Children Medical Services PC", "PROG_NAME": "NJZIP", "CITY": "RIDGEWOOD VILLAGE", "STATE": "NJ", "ZIP": "07450", "REC_ENT": "Healthy Happy Children Medical Services PC", "SECTOR": "Commercial/Industrial", "FUND_AG": "EDA", "PROJ_DES": "1 electric SUV that will be driven in Passaic County", "LAT": 40.97580967, "LONG_": -74.14020266, "INITIATIVE": "Catalyze Clean, Equitable Transportation", "PROJ_COST": 93750, "RGGI_AMT": 28600, "CAL_YEAR": 2023, "STATUS": "Selected", "ECON_AID": "Grant", "CO2E_AVOID": 3.14612226, "MMBTU_AVOID": 445.0632548, "GAS_SAVED": 0.0, "ADD_ELEC": 0.0, "R80X50": "Yes", "EJ": "Yes", "COST_EFF": 606.0, "NOX": 2.00677663, "PM10": 0.24071537, "PM2_5": 0.16525995, "VOC": 4.31649694, "CO": 30.02986756, "SOX": 0.29982574, "RGGI_PCT": 31, "CO2E_AVOIDL": 47.19183396, "NOX_L": 30.1016494, "PM10_L": 3.61073061, "PM2_5_L": 2.47889928, "VOC_L": 64.74745415, "CO_L": 450.4480134, "SOX_L": 4.49738607, "PROJ_LIFE": 15, "GLOBALID": "{360FF1A9-CC11-4E41-BB63-7755B1FC31C4}"}, "geometry": {"type": "Point", "coordinates": [-74.14020416751202, 40.975817973030125]}}, {"type": "Feature", "properties": {"OBJECTID": 2190, "PROJ_ID": "PROD-00311098", "PROJ_NAME": "Texind Inc.", "PROG_NAME": "NJZIP", "CITY": "EAST HANOVER TWP", "STATE": "NJ", "ZIP": "07936", "REC_ENT": "Texind Inc.", "SECTOR": "Commercial/Industrial", "FUND_AG": "EDA", "PROJ_DES": "1 electric SUV", "LAT": 40.80353268, "LONG_": -74.39956509, "INITIATIVE": "Catalyze Clean, Equitable Transportation", "PROJ_COST": 78500, "RGGI_AMT": 27000, "CAL_YEAR": 2023, "STATUS": "Selected", "ECON_AID": "Grant", "CO2E_AVOID": 3.77534672, "MMBTU_AVOID": 534.0759057, "GAS_SAVED": 0.0, "ADD_ELEC": 0.0, "R80X50": "Yes", "EJ": "Yes", "COST_EFF": 477.0, "NOX": 2.40813195, "PM10": 0.28885845, "PM2_5": 0.19831194, "VOC": 5.17979633, "CO": 36.03584107, "SOX": 0.35979089, "RGGI_PCT": 34, "CO2E_AVOIDL": 56.63020075, "NOX_L": 36.12197928, "PM10_L": 4.33287673, "PM2_5_L": 2.97467914, "VOC_L": 77.69694498, "CO_L": 540.537616, "SOX_L": 5.39686328, "PROJ_LIFE": 15, "GLOBALID": "{28EC2519-99AF-4B10-8795-EC8C10B3C7EA}"}, "geometry": {"type": "Point", "coordinates": [-74.39956666984415, 40.80354094022956]}}, {"type": "Feature", "properties": {"OBJECTID": 2191, "PROJ_ID": "PROD-00304865", "PROJ_NAME": "D.I.A. Supermarket LLC", "PROG_NAME": "NJZIP", "CITY": "EAST ORANGE CITY", "STATE": "NJ", "ZIP": "07018", "REC_ENT": "D.I.A. Supermarket LLC", "SECTOR": "Commercial/Industrial", "FUND_AG": "EDA", "PROJ_DES": "1 electric Delivery Straight Truck", "LAT": 40.753355, "LONG_": -74.212902, "INITIATIVE": "Catalyze Clean, Equitable Transportation", "PROJ_COST": 99500, "RGGI_AMT": 97750, "CAL_YEAR": 2022, "STATUS": "Completed", "ECON_AID": "Grant", "CO2E_AVOID": 76.5, "MMBTU_AVOID": 703.6, "GAS_SAVED": 0.0, "ADD_ELEC": 0.0, "R80X50": "Yes", "EJ": "Yes", "COST_EFF": 85.16620782, "NOX": 140.8, "PM10": 1.1, "PM2_5": 1.6, "VOC": 1.6, "CO": 101.9, "SOX": 0.4, "RGGI_PCT": 98, "CO2E_AVOIDL": 1147.8, "NOX_L": 2111.3, "PM10_L": 16.6, "PM2_5_L": 24.5, "VOC_L": 24.5, "CO_L": 1528.1, "SOX_L": 6.2, "PROJ_LIFE": 15, "GLOBALID": "{52B09E58-7F88-4423-9E4E-05EE049CFC35}"}, "geometry": {"type": "Point", "coordinates": [-74.21290351734577, 40.75336325713775]}}, {"type": "Feature", "properties": {"OBJECTID": 2192, "PROJ_ID": "DEP-EV-74", "PROJ_NAME": "Borough of Highland Park", "PROG_NAME": "NJDEP Medium and Heavy Duty Electric Vehicle", "CITY": "HIGHLAND PARK BORO", "STATE": "NJ", "ZIP": "08904", "REC_ENT": "Borough of Highland Park", "SECTOR": "Residential", "FUND_AG": "BPU", "PROJ_DES": "1 electric truck", "LAT": 40.49747123, "LONG_": -74.42216208, "INITIATIVE": "Catalyze Clean, Equitable Transportation", "PROJ_COST": 334972, "RGGI_AMT": 177000, "CAL_YEAR": 2023, "STATUS": "Awarded", "ECON_AID": "Grant", "CO2E_AVOID": 5.92, "MMBTU_AVOID": null, "GAS_SAVED": null, "ADD_ELEC": 0.0, "R80X50": "Yes", "EJ": "Yes", "COST_EFF": 1994.42, "NOX": 1840.0, "PM10": 0.0, "PM2_5": 20.0, "VOC": 160.0, "CO": 840.0, "SOX": -40.0, "RGGI_PCT": 53, "CO2E_AVOIDL": 88.75, "NOX_L": 27600.0, "PM10_L": 0.0, "PM2_5_L": 300.0, "VOC_L": 2400.0, "CO_L": 12600.0, "SOX_L": -600.0, "PROJ_LIFE": 15, "GLOBALID": "{F67190E2-A430-4978-B6E9-0D72ABE97C7C}"}, "geometry": {"type": "Point", "coordinates": [-74.42216364836591, 40.49747942931237]}}, {"type": "Feature", "properties": {"OBJECTID": 2193, "PROJ_ID": "DEP-EV-86", "PROJ_NAME": "Community EV Carshare", "PROG_NAME": "NJDEP eMobility", "CITY": "TRENTON CITY", "STATE": "NJ", "ZIP": null, "REC_ENT": "Forth & Zipcar", "SECTOR": "Residential", "FUND_AG": "BPU", "PROJ_DES": "16 level 2 chargers and 16 electric light-duty vehicles for eight electric carsharing program.", "LAT": 40.22052127, "LONG_": -74.76327173, "INITIATIVE": "Catalyze Clean, Equitable Transportation", "PROJ_COST": 1792000, "RGGI_AMT": 1792000, "CAL_YEAR": 2023, "STATUS": "Selected", "ECON_AID": "Grant", "CO2E_AVOID": 44.8, "MMBTU_AVOID": 5887.7, "GAS_SAVED": null, "ADD_ELEC": 0.0, "R80X50": "Yes", "EJ": "Yes", "COST_EFF": 2667.0, "NOX": 31.5, "PM10": 3.6, "PM2_5": 2.4, "VOC": 55.2, "CO": 369.0, "SOX": 6.5, "RGGI_PCT": 100, "CO2E_AVOIDL": 671.9, "NOX_L": 473.1, "PM10_L": 53.6, "PM2_5_L": 35.8, "VOC_L": 827.9, "CO_L": 5534.3, "SOX_L": 97.5, "PROJ_LIFE": 15, "GLOBALID": "{F7FD742A-4728-4AB7-A484-EB5FC18FC037}"}, "geometry": {"type": "Point", "coordinates": [-74.76327339020429, 40.22052940258917]}}, {"type": "Feature", "properties": {"OBJECTID": 2194, "PROJ_ID": "DEP-EV-69", "PROJ_NAME": "Weehawken Board of Education", "PROG_NAME": "NJDEP Medium and Heavy Duty Electric Vehicle", "CITY": "WEEHAWKEN TWP", "STATE": "NJ", "ZIP": "07086", "REC_ENT": "Weehawken Board of Education", "SECTOR": "Institutional", "FUND_AG": "EDA", "PROJ_DES": "1 electric school bus", "LAT": 40.77421949, "LONG_": -74.01836623, "INITIATIVE": "Catalyze Clean, Equitable Transportation", "PROJ_COST": 510200, "RGGI_AMT": 320000, "CAL_YEAR": 2023, "STATUS": "Awarded", "ECON_AID": "Grant", "CO2E_AVOID": 7.8, "MMBTU_AVOID": null, "GAS_SAVED": null, "ADD_ELEC": 0.0, "R80X50": "Yes", "EJ": "Yes", "COST_EFF": 2733.64, "NOX": 40.0, "PM10": 0.0, "PM2_5": 0.0, "VOC": 4.0, "CO": 16.0, "SOX": null, "RGGI_PCT": 63, "CO2E_AVOIDL": 117.06, "NOX_L": 600.0, "PM10_L": null, "PM2_5_L": null, "VOC_L": 60.0, "CO_L": 240.0, "SOX_L": null, "PROJ_LIFE": 15, "GLOBALID": "{77C61CAD-6C27-499D-9592-81611F247A6F}"}, "geometry": {"type": "Point", "coordinates": [-74.01836768630841, 40.774227757998]}}, {"type": "Feature", "properties": {"OBJECTID": 2195, "PROJ_ID": "DEP-EV-79", "PROJ_NAME": "Lawrence Township", "PROG_NAME": "NJDEP Medium and Heavy Duty Electric Vehicle", "CITY": "LAWRENCE TWP", "STATE": "NJ", "ZIP": "08648", "REC_ENT": "Lawrence Township", "SECTOR": "Residential", "FUND_AG": "BPU", "PROJ_DES": "1 electric garbage truck", "LAT": 40.28303838, "LONG_": -74.73313118, "INITIATIVE": "Catalyze Clean, Equitable Transportation", "PROJ_COST": 978317, "RGGI_AMT": 355000, "CAL_YEAR": 2023, "STATUS": "Awarded", "ECON_AID": "Grant", "CO2E_AVOID": 5.35, "MMBTU_AVOID": null, "GAS_SAVED": null, "ADD_ELEC": 0.0, "R80X50": "Yes", "EJ": "Yes", "COST_EFF": 4420.45, "NOX": 100.0, "PM10": 0.0, "PM2_5": 0.0, "VOC": 0.0, "CO": null, "SOX": null, "RGGI_PCT": 36, "CO2E_AVOIDL": 80.31, "NOX_L": 1500.0, "PM10_L": null, "PM2_5_L": null, "VOC_L": null, "CO_L": null, "SOX_L": null, "PROJ_LIFE": 15, "GLOBALID": "{9AF89696-D147-480D-9A5F-C508CF0AC423}"}, "geometry": {"type": "Point", "coordinates": [-74.7331328344983, 40.283046526046526]}}, {"type": "Feature", "properties": {"OBJECTID": 2196, "PROJ_ID": "DEP-EV-70", "PROJ_NAME": "Best Choice Transportation - West Orange (Type C)", "PROG_NAME": "NJDEP Medium and Heavy Duty Electric Vehicle", "CITY": "WEST ORANGE TWP", "STATE": "NJ", "ZIP": "07052", "REC_ENT": "Best Choice Transportation - West Orange (Type C)", "SECTOR": "Local Government", "FUND_AG": "DEP", "PROJ_DES": "2 electric school bus", "LAT": 40.78287102, "LONG_": -74.23243057, "INITIATIVE": "Catalyze Clean, Equitable Transportation", "PROJ_COST": 1058076, "RGGI_AMT": 761708, "CAL_YEAR": 2023, "STATUS": "Awarded", "ECON_AID": "Grant", "CO2E_AVOID": 43.2, "MMBTU_AVOID": 5531.6, "GAS_SAVED": null, "ADD_ELEC": 0.0, "R80X50": "Yes", "EJ": "Yes", "COST_EFF": 1176.17, "NOX": 465.9, "PM10": 1.3, "PM2_5": 32.5, "VOC": 32.5, "CO": 235.0, "SOX": 3.3, "RGGI_PCT": 72, "CO2E_AVOIDL": 647.6, "NOX_L": 6989.0, "PM10_L": 19.7, "PM2_5_L": 487.2, "VOC_L": 487.2, "CO_L": 3524.3, "SOX_L": 49.1, "PROJ_LIFE": 15, "GLOBALID": "{28F2E743-4931-43EF-BE94-CDB758A6FB54}"}, "geometry": {"type": "Point", "coordinates": [-74.23243209510866, 40.7828792822356]}}, {"type": "Feature", "properties": {"OBJECTID": 2197, "PROJ_ID": "DEP-EV-71", "PROJ_NAME": "Bayhead", "PROG_NAME": "NJDEP Medium and Heavy Duty Electric Vehicle", "CITY": "BAY HEAD BORO", "STATE": "NJ", "ZIP": "08742", "REC_ENT": "Bayhead", "SECTOR": "Residential", "FUND_AG": "BPU", "PROJ_DES": "1 electric street sweeper (& decommissioning diesel sweeper)", "LAT": 40.06977515, "LONG_": -74.04624782, "INITIATIVE": "Catalyze Clean, Equitable Transportation", "PROJ_COST": 418160, "RGGI_AMT": 253000, "CAL_YEAR": 2023, "STATUS": "Completed", "ECON_AID": "Grant", "CO2E_AVOID": 45.0, "MMBTU_AVOID": 6285.8, "GAS_SAVED": null, "ADD_ELEC": 0.0, "R80X50": "Yes", "EJ": "No", "COST_EFF": 374.73, "NOX": 397.1, "PM10": 0.9, "PM2_5": 50.2, "VOC": 50.2, "CO": 228.2, "SOX": 3.7, "RGGI_PCT": 61, "CO2E_AVOIDL": 675.2, "NOX_L": 5956.1, "PM10_L": 13.7, "PM2_5_L": 753.2, "VOC_L": 753.2, "CO_L": 3422.4, "SOX_L": 56.1, "PROJ_LIFE": 15, "GLOBALID": "{51832A6B-7295-4F0B-AE72-45EF386C7643}"}, "geometry": {"type": "Point", "coordinates": [-74.04624924290563, 40.06978327807165]}}, {"type": "Feature", "properties": {"OBJECTID": 2198, "PROJ_ID": "DEP-EV-78", "PROJ_NAME": "Hamilton Township", "PROG_NAME": "NJDEP Medium and Heavy Duty Electric Vehicle", "CITY": "HAMILTON TWP", "STATE": "NJ", "ZIP": "08609", "REC_ENT": "Hamilton Township", "SECTOR": "Residential", "FUND_AG": "BPU", "PROJ_DES": "1 electric dump truck", "LAT": 40.23095068, "LONG_": -74.72378058, "INITIATIVE": "Catalyze Clean, Equitable Transportation", "PROJ_COST": 282181, "RGGI_AMT": 117000, "CAL_YEAR": 2023, "STATUS": "Awarded", "ECON_AID": "Grant", "CO2E_AVOID": 20.5, "MMBTU_AVOID": 2715.6, "GAS_SAVED": null, "ADD_ELEC": 0.0, "R80X50": "Yes", "EJ": "Yes", "COST_EFF": 380.87, "NOX": 18.7, "PM10": 0.4, "PM2_5": 0.3, "VOC": 0.3, "CO": 20.8, "SOX": 1.7, "RGGI_PCT": 41, "CO2E_AVOIDL": 307.2, "NOX_L": 279.9, "PM10_L": 6.6, "PM2_5_L": 5.2, "VOC_L": 5.2, "CO_L": 311.8, "SOX_L": 25.2, "PROJ_LIFE": 15, "GLOBALID": "{CB1F3C60-983E-4B78-B513-02B99AE04497}"}, "geometry": {"type": "Point", "coordinates": [-74.72378222814861, 40.23095881613523]}}, {"type": "Feature", "properties": {"OBJECTID": 2199, "PROJ_ID": "DEP-EV-58", "PROJ_NAME": "Seman - Tov Bus Company", "PROG_NAME": "NJDEP Medium and Heavy Duty Electric Vehicle", "CITY": "NEPTUNE TWP", "STATE": "NJ", "ZIP": "07753", "REC_ENT": "Seman - Tov Bus Company", "SECTOR": "Commercial/Industrial", "FUND_AG": "EDA", "PROJ_DES": "3 electric school buses", "LAT": 40.20518836, "LONG_": -74.01916226, "INITIATIVE": "Catalyze Clean, Equitable Transportation", "PROJ_COST": 11850240, "RGGI_AMT": 1185024, "CAL_YEAR": 2023, "STATUS": "Selected", "ECON_AID": "Grant", "CO2E_AVOID": 69.8, "MMBTU_AVOID": 8837.1, "GAS_SAVED": null, "ADD_ELEC": 0.0, "R80X50": "Yes", "EJ": "Yes", "COST_EFF": 1131.99, "NOX": 117.5, "PM10": 2.2, "PM2_5": 1.8, "VOC": 1.8, "CO": 80.0, "SOX": 5.5, "RGGI_PCT": 10, "CO2E_AVOIDL": 1046.8, "NOX_L": 1762.0, "PM10_L": 32.7, "PM2_5_L": 26.4, "VOC_L": 26.4, "CO_L": 1200.7, "SOX_L": 82.8, "PROJ_LIFE": 15, "GLOBALID": "{8A93C283-CF21-4AF9-AFE6-06B7F43D1825}"}, "geometry": {"type": "Point", "coordinates": [-74.01916368246285, 40.205196515861715]}}, {"type": "Feature", "properties": {"OBJECTID": 2200, "PROJ_ID": "DEP-EV-87", "PROJ_NAME": "Public + Amenity EV Carshare", "PROG_NAME": "NJDEP eMobility", "CITY": "TRENTON CITY", "STATE": "NJ", "ZIP": null, "REC_ENT": "Los Angeles Cleantech Incubator & Blink/Envoy", "SECTOR": "Residential", "FUND_AG": "BPU", "PROJ_DES": "30-34 level 2 chargers and 30-34 electric light-duty vehicles for public electric carsharing services statewide.", "LAT": 40.22036562, "LONG_": -74.76263873, "INITIATIVE": "Catalyze Clean, Equitable Transportation", "PROJ_COST": 8500000, "RGGI_AMT": 8500000, "CAL_YEAR": 2023, "STATUS": "Selected", "ECON_AID": "Grant", "CO2E_AVOID": 0.0, "MMBTU_AVOID": null, "GAS_SAVED": null, "ADD_ELEC": 0.0, "R80X50": "Yes", "EJ": "Yes", "COST_EFF": 0.0, "NOX": null, "PM10": null, "PM2_5": null, "VOC": null, "CO": null, "SOX": null, "RGGI_PCT": 100, "CO2E_AVOIDL": null, "NOX_L": null, "PM10_L": null, "PM2_5_L": null, "VOC_L": null, "CO_L": null, "SOX_L": null, "PROJ_LIFE": 15, "GLOBALID": "{4BF864AD-27BF-48D2-B5E8-4BB2BC9F0EC6}"}, "geometry": {"type": "Point", "coordinates": [-74.7626403899899, 40.22037375272231]}}, {"type": "Feature", "properties": {"OBJECTID": 2201, "PROJ_ID": "DEP-EV-82", "PROJ_NAME": "Municipality of Princeton", "PROG_NAME": "NJDEP Medium and Heavy Duty Electric Vehicle", "CITY": "PRINCETON", "STATE": "NJ", "ZIP": "08540", "REC_ENT": "Municipality of Princeton", "SECTOR": "Residential", "FUND_AG": "BPU", "PROJ_DES": "2 electric  shuttle buses", "LAT": 40.36056442, "LONG_": -74.66501295, "INITIATIVE": "Catalyze Clean, Equitable Transportation", "PROJ_COST": 480060, "RGGI_AMT": 354000, "CAL_YEAR": 2023, "STATUS": "Awarded", "ECON_AID": "Grant", "CO2E_AVOID": 84.9, "MMBTU_AVOID": 11435.3, "GAS_SAVED": null, "ADD_ELEC": 0.0, "R80X50": "Yes", "EJ": "Yes", "COST_EFF": 278.069, "NOX": 77.9, "PM10": 3.2, "PM2_5": 5.0, "VOC": 179.5, "CO": 1698.9, "SOX": 13.6, "RGGI_PCT": 74, "CO2E_AVOIDL": 1273.1, "NOX_L": 1168.1, "PM10_L": 47.4, "PM2_5_L": 74.7, "VOC_L": 2693.0, "CO_L": 25483.7, "SOX_L": 204.63, "PROJ_LIFE": 15, "GLOBALID": "{B73E2309-3105-410C-B978-30E034084E77}"}, "geometry": {"type": "Point", "coordinates": [-74.66501458762464, 40.36057258392006]}}, {"type": "Feature", "properties": {"OBJECTID": 2202, "PROJ_ID": "DEP-EV-77", "PROJ_NAME": "Collingswood", "PROG_NAME": "NJDEP Medium and Heavy Duty Electric Vehicle", "CITY": "COLLINGSWOOD BORO", "STATE": "NJ", "ZIP": "08108", "REC_ENT": "Collingswood", "SECTOR": "Residential", "FUND_AG": "BPU", "PROJ_DES": "Purchase one (1) Class 2B Electric Truck", "LAT": 39.92213008, "LONG_": -75.087297, "INITIATIVE": "Catalyze Clean, Equitable Transportation", "PROJ_COST": 80090, "RGGI_AMT": 56000, "CAL_YEAR": 2023, "STATUS": "Awarded", "ECON_AID": "Grant", "CO2E_AVOID": 3.3, "MMBTU_AVOID": 407.2, "GAS_SAVED": null, "ADD_ELEC": 0.0, "R80X50": "Yes", "EJ": "Yes", "COST_EFF": 1117.01, "NOX": 78.2, "PM10": 0.0, "PM2_5": 7.2, "VOC": 7.2, "CO": 13.9, "SOX": 0.2, "RGGI_PCT": 70, "CO2E_AVOIDL": 50.1, "NOX_L": 1172.6, "PM10_L": -0.6, "PM2_5_L": 108.5, "VOC_L": 108.5, "CO_L": 208.8, "SOX_L": 3.4, "PROJ_LIFE": 15, "GLOBALID": "{4ED7F59F-DE1D-4014-8BB7-31CBF3D88EAA}"}, "geometry": {"type": "Point", "coordinates": [-75.08729874479424, 39.92213814197792]}}, {"type": "Feature", "properties": {"OBJECTID": 2203, "PROJ_ID": "PROD-00301861", "PROJ_NAME": "APM Terminals Elizabeth LLC", "PROG_NAME": "NJZIP", "CITY": "ELIZABETH CITY", "STATE": "NJ", "ZIP": "07201", "REC_ENT": "APM Terminals Elizabeth LLC", "SECTOR": "Commercial/Industrial", "FUND_AG": "EDA", "PROJ_DES": "2 electric Shuttle/Paratransit Bus", "LAT": 40.66930818, "LONG_": -74.15921576, "INITIATIVE": "Catalyze Clean, Equitable Transportation", "PROJ_COST": 471900, "RGGI_AMT": 75000, "CAL_YEAR": 2023, "STATUS": "Completed", "ECON_AID": "Grant", "CO2E_AVOID": 210.3025589, "MMBTU_AVOID": 1959.45, "GAS_SAVED": null, "ADD_ELEC": 0.0, "R80X50": "Yes", "EJ": "Yes", "COST_EFF": 47.55053886, "NOX": 163.9527773, "PM10": 3.37525343, "PM2_5": 10.67230787, "VOC": 497.1772537, "CO": 4106.002019, "SOX": 38.11378258, "RGGI_PCT": 16, "CO2E_AVOIDL": 3154.538384, "NOX_L": 2459.291659, "PM10_L": 50.62880138, "PM2_5_L": 160.084618, "VOC_L": 7457.658805, "CO_L": 61590.03028, "SOX_L": 571.7067387, "PROJ_LIFE": 15, "GLOBALID": "{92338AC4-4B1D-48A3-8432-4DFBB7074DEA}"}, "geometry": {"type": "Point", "coordinates": [-74.15921725501596, 40.669316422419385]}}, {"type": "Feature", "properties": {"OBJECTID": 2204, "PROJ_ID": "DEP-EV-89", "PROJ_NAME": "County of Passaic", "PROG_NAME": "NJDEP Medium and Heavy Duty Electric Vehicle", "CITY": "PATERSON CITY", "STATE": "NJ", "ZIP": "07505", "REC_ENT": "County of Passaic", "SECTOR": "Residential", "FUND_AG": "BPU", "PROJ_DES": "1 electric shuttle bus", "LAT": 40.9136325, "LONG_": -74.17026075, "INITIATIVE": "Catalyze Clean, Equitable Transportation", "PROJ_COST": 271870, "RGGI_AMT": 271870, "CAL_YEAR": 2022, "STATUS": "Awarded", "ECON_AID": "Grant", "CO2E_AVOID": 21.8, "MMBTU_AVOID": null, "GAS_SAVED": null, "ADD_ELEC": 0.0, "R80X50": "Yes", "EJ": "Yes", "COST_EFF": 832.45, "NOX": 900.6, "PM10": -4.0, "PM2_5": 32.6, "VOC": 92.0, "CO": 380.0, "SOX": -40.0, "RGGI_PCT": 100, "CO2E_AVOIDL": 326.6, "NOX_L": 13509.0, "PM10_L": -60.0, "PM2_5_L": 489.0, "VOC_L": 1380.0, "CO_L": 5700.0, "SOX_L": -600.0, "PROJ_LIFE": 15, "GLOBALID": "{ABBB21BB-EA5B-4822-A103-5B40660EBC73}"}, "geometry": {"type": "Point", "coordinates": [-74.1704134267896, 40.913560804160916]}}, {"type": "Feature", "properties": {"OBJECTID": 2205, "PROJ_ID": "PROD-00310871", "PROJ_NAME": "DHL Supply Chain", "PROG_NAME": "NJZIP", "CITY": "FRANKLIN TWP", "STATE": "NJ", "ZIP": "08873", "REC_ENT": "Exel Inc.", "SECTOR": "Commercial/Industrial", "FUND_AG": "EDA", "PROJ_DES": "1 electric Regional Haul Freight Truck", "LAT": 40.50748411, "LONG_": -74.49104389, "INITIATIVE": "Catalyze Clean, Equitable Transportation", "PROJ_COST": 294261, "RGGI_AMT": 175000, "CAL_YEAR": 2023, "STATUS": "Completed", "ECON_AID": "Grant", "CO2E_AVOID": 95.86017116, "MMBTU_AVOID": 13187.02827, "GAS_SAVED": 0.0, "ADD_ELEC": 0.0, "R80X50": "Yes", "EJ": "Yes", "COST_EFF": 122.0, "NOX": 321.0666667, "PM10": 3.8, "PM2_5": 3.26666667, "VOC": 3.26666667, "CO": 176.8666667, "SOX": 1.53333333, "RGGI_PCT": 59, "CO2E_AVOIDL": 1437.902567, "NOX_L": 4816.0, "PM10_L": 57.0, "PM2_5_L": 49.0, "VOC_L": 49.0, "CO_L": 2653.0, "SOX_L": 23.0, "PROJ_LIFE": 15, "GLOBALID": "{B3B020C0-DAB0-46E8-BD0A-550202877290}"}, "geometry": {"type": "Point", "coordinates": [-74.49104548091903, 40.50749230886888]}}, {"type": "Feature", "properties": {"OBJECTID": 2206, "PROJ_ID": "PROD-00311147", "PROJ_NAME": "Traveling Treats Limited Liability Company", "PROG_NAME": "NJZIP", "CITY": "LAKEWOOD TWP", "STATE": "NJ", "ZIP": "08701", "REC_ENT": "Traveling Treats Limited Liability Company", "SECTOR": "Commercial/Industrial", "FUND_AG": "EDA", "PROJ_DES": "2 electric Delivery Step Vans", "LAT": 40.08956748, "LONG_": -74.23853495, "INITIATIVE": "Catalyze Clean, Equitable Transportation", "PROJ_COST": 319303, "RGGI_AMT": 243000, "CAL_YEAR": 2023, "STATUS": "Completed", "ECON_AID": "Grant", "CO2E_AVOID": 19.72669172, "MMBTU_AVOID": 2904.742504, "GAS_SAVED": 0.0, "ADD_ELEC": 0.0, "R80X50": "Yes", "EJ": "Yes", "COST_EFF": 821.0, "NOX": 15.43648652, "PM10": 0.70676189, "PM2_5": 0.98328063, "VOC": 28.17077047, "CO": 181.5597399, "SOX": 2.45550136, "RGGI_PCT": 76, "CO2E_AVOIDL": 295.9003758, "NOX_L": 231.5472979, "PM10_L": 10.60142836, "PM2_5_L": 14.74920947, "VOC_L": 422.561557, "CO_L": 2723.396099, "SOX_L": 36.83252033, "PROJ_LIFE": 15, "GLOBALID": "{7FE17EEC-16C1-44DF-A179-A2ABAD1C82A8}"}, "geometry": {"type": "Point", "coordinates": [-74.23853643528359, 40.08957560516573]}}, {"type": "Feature", "properties": {"OBJECTID": 2207, "PROJ_ID": "EVLVL-2022-Township of Monroe-00759A", "PROJ_NAME": "Monroe Township Senior Center Chargers", "PROG_NAME": "It Pay$ to Plug In", "CITY": "MONROE TWP", "STATE": "NJ", "ZIP": "08831", "REC_ENT": "Township of Monroe", "SECTOR": "Local Government", "FUND_AG": "DEP", "PROJ_DES": "1 Dual-port, level 2, public EV charging station", "LAT": 40.28775528, "LONG_": -74.47408361, "INITIATIVE": "Catalyze Clean, Equitable Transportation", "PROJ_COST": 8000, "RGGI_AMT": 8000, "CAL_YEAR": 2023, "STATUS": "Completed", "ECON_AID": "Grant", "CO2E_AVOID": 7.10115909, "MMBTU_AVOID": 1159.221559, "GAS_SAVED": null, "ADD_ELEC": 0.0, "R80X50": "Yes", "EJ": null, "COST_EFF": 75.10510981, "NOX": 4.99076899, "PM10": 0.60956672, "PM2_5": 0.40883431, "VOC": 11.38431462, "CO": 54.17605875, "SOX": 1.12918094, "RGGI_PCT": 100, "CO2E_AVOIDL": 106.5173864, "NOX_L": 74.86153485, "PM10_L": 9.14350081, "PM2_5_L": 6.1325146, "VOC_L": 170.7647192, "CO_L": 812.6408812, "SOX_L": 16.93771409, "PROJ_LIFE": 15, "GLOBALID": "{B8D2BD13-50F7-4C45-B4FA-7505584D54B0}"}, "geometry": {"type": "Point", "coordinates": [-74.47408518244947, 40.28776343630099]}}, {"type": "Feature", "properties": {"OBJECTID": 2208, "PROJ_ID": "PROD-00314488", "PROJ_NAME": "Sarcona Management Inc", "PROG_NAME": "NJZIP", "CITY": "NEWARK CITY", "STATE": "NJ", "ZIP": "07105", "REC_ENT": "Sarcona Management Inc", "SECTOR": "Commercial/Industrial", "FUND_AG": "EDA", "PROJ_DES": "1 electric Delivery Straight Truck", "LAT": 40.73185164, "LONG_": -74.12162953, "INITIATIVE": "Catalyze Clean, Equitable Transportation", "PROJ_COST": 475000, "RGGI_AMT": 175000, "CAL_YEAR": 2024, "STATUS": "Completed", "ECON_AID": "Grant", "CO2E_AVOID": 139.2241551, "MMBTU_AVOID": 10086.902, "GAS_SAVED": null, "ADD_ELEC": 0.0, "R80X50": "Yes", "EJ": "Yes", "COST_EFF": 227.4509524, "NOX": 113.2805135, "PM10": 1.23355602, "PM2_5": 1.02660336, "VOC": 1.02660336, "CO": 91.40641104, "SOX": 3.11931774, "RGGI_PCT": 37, "CO2E_AVOIDL": 2088.362326, "NOX_L": 1699.207703, "PM10_L": 18.5033403, "PM2_5_L": 15.39905038, "VOC_L": 15.39905038, "CO_L": 1371.096166, "SOX_L": 46.78976607, "PROJ_LIFE": 15, "GLOBALID": "{D70BB750-4E07-49A4-82CC-A2E259290667}"}, "geometry": {"type": "Point", "coordinates": [-74.12163101661515, 40.731859895999285]}}, {"type": "Feature", "properties": {"OBJECTID": 2209, "PROJ_ID": "EVLVL-2022-Township of Monroe-00759C", "PROJ_NAME": "Monroe Community Center Chargers", "PROG_NAME": "It Pay$ to Plug In", "CITY": "MONROE TWP", "STATE": "NJ", "ZIP": "08833", "REC_ENT": "Township of Monroe", "SECTOR": "Local Government", "FUND_AG": "DEP", "PROJ_DES": "1 Dual-port, level 2, public EV charging station", "LAT": 40.36964504, "LONG_": -74.37926737, "INITIATIVE": "Catalyze Clean, Equitable Transportation", "PROJ_COST": 8000, "RGGI_AMT": 8000, "CAL_YEAR": 2023, "STATUS": "Completed", "ECON_AID": "Grant", "CO2E_AVOID": 7.10115909, "MMBTU_AVOID": 1159.221559, "GAS_SAVED": null, "ADD_ELEC": 0.0, "R80X50": "Yes", "EJ": null, "COST_EFF": 75.10510981, "NOX": 4.99076899, "PM10": 0.60956672, "PM2_5": 0.40883431, "VOC": 11.38431462, "CO": 54.17605875, "SOX": 1.12918094, "RGGI_PCT": 100, "CO2E_AVOIDL": 106.5173864, "NOX_L": 74.86153485, "PM10_L": 9.14350081, "PM2_5_L": 6.1325146, "VOC_L": 170.7647192, "CO_L": 812.6408812, "SOX_L": 16.93771409, "PROJ_LIFE": 15, "GLOBALID": "{C2B09153-18C9-4C71-ADB0-9EBCAC3FDCEA}"}, "geometry": {"type": "Point", "coordinates": [-74.37926891707596, 40.369653215774036]}}, {"type": "Feature", "properties": {"OBJECTID": 2210, "PROJ_ID": "EVLVL-2022-Township of Monroe-00759B", "PROJ_NAME": "Monroe Township Library Chargers", "PROG_NAME": "It Pay$ to Plug In", "CITY": "MONROE TWP", "STATE": "NJ", "ZIP": "08832", "REC_ENT": "Township of Monroe", "SECTOR": "Local Government", "FUND_AG": "DEP", "PROJ_DES": "1 Dual-port, level 2, public EV charging station", "LAT": 40.327205, "LONG_": -74.443, "INITIATIVE": "Catalyze Clean, Equitable Transportation", "PROJ_COST": 8000, "RGGI_AMT": 8000, "CAL_YEAR": 2023, "STATUS": "Completed", "ECON_AID": "Grant", "CO2E_AVOID": 7.10115909, "MMBTU_AVOID": 1159.221559, "GAS_SAVED": null, "ADD_ELEC": 0.0, "R80X50": "Yes", "EJ": null, "COST_EFF": 75.10510981, "NOX": 4.99076899, "PM10": 0.60956672, "PM2_5": 0.40883431, "VOC": 11.38431462, "CO": 54.17605875, "SOX": 1.12918094, "RGGI_PCT": 100, "CO2E_AVOIDL": 106.5173864, "NOX_L": 74.86153485, "PM10_L": 9.14350081, "PM2_5_L": 6.1325146, "VOC_L": 170.7647192, "CO_L": 812.6408812, "SOX_L": 16.93771409, "PROJ_LIFE": 15, "GLOBALID": "{A4B49CFF-4C6B-4453-9E9A-9471783968D8}"}, "geometry": {"type": "Point", "coordinates": [-74.44300156469504, 40.327213165099806]}}, {"type": "Feature", "properties": {"OBJECTID": 2211, "PROJ_ID": "EVLVL-2022-AHNJ-00799", "PROJ_NAME": "Atlantic Highlands Municipal Building Public Chargers", "PROG_NAME": "It Pay$ to Plug In", "CITY": "ATLANTIC HIGHLANDS BORO", "STATE": "NJ", "ZIP": "07716", "REC_ENT": "Borough of Atlantic Highlands", "SECTOR": "Local Government", "FUND_AG": "DEP", "PROJ_DES": "6 single-port, level 2, public EV charging stations", "LAT": 40.41268121, "LONG_": -74.03789204, "INITIATIVE": "Catalyze Clean, Equitable Transportation", "PROJ_COST": 24000, "RGGI_AMT": 24000, "CAL_YEAR": 2023, "STATUS": "Completed", "ECON_AID": "Grant", "CO2E_AVOID": 21.30347727, "MMBTU_AVOID": 3477.664677, "GAS_SAVED": null, "ADD_ELEC": 0.0, "R80X50": "Yes", "EJ": "No", "COST_EFF": 75.10510981, "NOX": 14.97230697, "PM10": 1.82870016, "PM2_5": 1.22650292, "VOC": 34.15294385, "CO": 162.5281762, "SOX": 3.38754282, "RGGI_PCT": 100, "CO2E_AVOIDL": 319.5521591, "NOX_L": 224.5846045, "PM10_L": 27.43050241, "PM2_5_L": 18.3975438, "VOC_L": 512.2941577, "CO_L": 2437.922644, "SOX_L": 50.81314227, "PROJ_LIFE": 15, "GLOBALID": "{00041339-A246-4E55-AF18-2EC75FCCEC70}"}, "geometry": {"type": "Point", "coordinates": [-74.03789348084015, 40.41268940613078]}}, {"type": "Feature", "properties": {"OBJECTID": 2212, "PROJ_ID": "PROD-00303927", "PROJ_NAME": "Gerson Bakery & Cafe LLC", "PROG_NAME": "NJZIP", "CITY": "PASSAIC CITY", "STATE": "NJ", "ZIP": "07055", "REC_ENT": "Gerson Bakery & Cafe LLC", "SECTOR": "Commercial/Industrial", "FUND_AG": "EDA", "PROJ_DES": "1 electric Delivery Straight Truck", "LAT": 40.864239, "LONG_": -74.12751, "INITIATIVE": "Catalyze Clean, Equitable Transportation", "PROJ_COST": 99500, "RGGI_AMT": 93750, "CAL_YEAR": 2022, "STATUS": "Completed", "ECON_AID": "Grant", "CO2E_AVOID": 63.8, "MMBTU_AVOID": 586.3, "GAS_SAVED": 0.0, "ADD_ELEC": 0.0, "R80X50": "Yes", "EJ": "Yes", "COST_EFF": 98.01738257, "NOX": 117.3, "PM10": 0.9, "PM2_5": 1.4, "VOC": 1.4, "CO": 84.9, "SOX": 0.3, "RGGI_PCT": 94, "CO2E_AVOIDL": 956.5, "NOX_L": 1759.4, "PM10_L": 13.8, "PM2_5_L": 20.4, "VOC_L": 20.4, "CO_L": 1273.4, "SOX_L": 5.2, "PROJ_LIFE": 15, "GLOBALID": "{D0D04207-3AFC-4021-8A97-5A22103C3F59}"}, "geometry": {"type": "Point", "coordinates": [-74.12750521942714, 40.864247261387916]}}, {"type": "Feature", "properties": {"OBJECTID": 2213, "PROJ_ID": "NCS-2022-Littoral Society-00055", "PROJ_NAME": "Restoring Marsh at the Mouth of the Maurice River", "PROG_NAME": "Natural Climate Solutions", "CITY": "MAURICE RIVER TWP", "STATE": "NJ", "ZIP": null, "REC_ENT": "American Littoral Society", "SECTOR": "Local Government", "FUND_AG": "DEP", "PROJ_DES": "establishing a Living Shoreline, and restoring 19.5 acres of tidal salt marsh vegetation", "LAT": 39.2272345, "LONG_": -75.0174441, "INITIATIVE": "Promote Blue Carbon in Coastal Habitats", "PROJ_COST": 13088720, "RGGI_AMT": 4999946, "CAL_YEAR": 2023, "STATUS": "Awarded", "ECON_AID": "Grant", "CO2E_AVOID": 0.0, "MMBTU_AVOID": null, "GAS_SAVED": 13331.21, "ADD_ELEC": 0.0, "R80X50": "Yes", "EJ": "Yes", "COST_EFF": 375.0556776, "NOX": 0.0, "PM10": 0.0, "PM2_5": 0.0, "VOC": 0.0, "CO": 0.0, "SOX": 0.0, "RGGI_PCT": 38, "CO2E_AVOIDL": null, "NOX_L": 0.0, "PM10_L": 0.0, "PM2_5_L": 0.0, "VOC_L": 0.0, "CO_L": 0.0, "SOX_L": 0.0, "PROJ_LIFE": 27, "GLOBALID": "{743C3438-25CE-4098-88F0-8DC3091DFAD8}"}, "geometry": {"type": "Point", "coordinates": [-75.01744578162186, 39.22724242520147]}}, {"type": "Feature", "properties": {"OBJECTID": 2214, "PROJ_ID": "NCS-2022-New Jersey Conservation F-00031", "PROJ_NAME": "Throwin\u2019 Shade: Greening the Capital City", "PROG_NAME": "Natural Climate Solutions", "CITY": "TRENTON CITY", "STATE": "NJ", "ZIP": null, "REC_ENT": "New Jersey Conservation Foundation", "SECTOR": "Local Government", "FUND_AG": "DEP", "PROJ_DES": "planting 1,000 new trees to enhance the urban forest canopy and water quality", "LAT": 40.2221313, "LONG_": -74.7704106, "INITIATIVE": "Enhance Forests and Urban Forests", "PROJ_COST": 1458358, "RGGI_AMT": 1336125, "CAL_YEAR": 2023, "STATUS": "Awarded", "ECON_AID": "Grant", "CO2E_AVOID": 0.0, "MMBTU_AVOID": null, "GAS_SAVED": 1181.0, "ADD_ELEC": 0.0, "R80X50": "Yes", "EJ": "Yes", "COST_EFF": 1131.35055, "NOX": 0.0, "PM10": 0.0, "PM2_5": 0.0, "VOC": 0.0, "CO": 0.0, "SOX": 0.0, "RGGI_PCT": 92, "CO2E_AVOIDL": null, "NOX_L": 0.0, "PM10_L": 0.0, "PM2_5_L": 0.0, "VOC_L": 0.0, "CO_L": 0.0, "SOX_L": 0.0, "PROJ_LIFE": 27, "GLOBALID": "{4DDA7FFE-2254-486B-8686-01938A318A7F}"}, "geometry": {"type": "Point", "coordinates": [-74.77041226266142, 40.22213943267207]}}, {"type": "Feature", "properties": {"OBJECTID": 2215, "PROJ_ID": "NCS-2022-BHEC-00073", "PROJ_NAME": "Berkeley Heights Tree Canopy Restoration", "PROG_NAME": "Natural Climate Solutions", "CITY": "BERKELEY HEIGHTS TWP", "STATE": "NJ", "ZIP": null, "REC_ENT": "Berkeley Heights Environmental Commission", "SECTOR": "Local Government", "FUND_AG": "DEP", "PROJ_DES": "planting 675 new trees to enhance the urban forest canopy and water quality", "LAT": 40.6783016, "LONG_": -74.4361683, "INITIATIVE": "Enhance Forests and Urban Forests", "PROJ_COST": 721325, "RGGI_AMT": 721325, "CAL_YEAR": 2023, "STATUS": "Awarded", "ECON_AID": "Grant", "CO2E_AVOID": 0.0, "MMBTU_AVOID": null, "GAS_SAVED": 355.3445554, "ADD_ELEC": 0.0, "R80X50": "Yes", "EJ": "No", "COST_EFF": 2029.931201, "NOX": 0.0, "PM10": 0.0, "PM2_5": 0.0, "VOC": 0.0, "CO": 0.0, "SOX": 0.0, "RGGI_PCT": 100, "CO2E_AVOIDL": null, "NOX_L": 0.0, "PM10_L": 0.0, "PM2_5_L": 0.0, "VOC_L": 0.0, "CO_L": 0.0, "SOX_L": 0.0, "PROJ_LIFE": 27, "GLOBALID": "{18112BF6-C487-434C-9396-35D2ADB9A576}"}, "geometry": {"type": "Point", "coordinates": [-74.4361698838304, 40.67830983454359]}}, {"type": "Feature", "properties": {"OBJECTID": 2216, "PROJ_ID": "NCS-2022-Township of Stafford-00022", "PROJ_NAME": "Stafford Township Popular Point Restoration Project", "PROG_NAME": "Natural Climate Solutions", "CITY": "STAFFORD TWP", "STATE": "NJ", "ZIP": null, "REC_ENT": "Township of Stafford", "SECTOR": "Local Government", "FUND_AG": "DEP", "PROJ_DES": "establishing a Living Shoreline, and restoring 33.1 acres of tidal salt marsh vegetation", "LAT": 39.6502648, "LONG_": -74.2232314, "INITIATIVE": "Promote Blue Carbon in Coastal Habitats", "PROJ_COST": 5598109, "RGGI_AMT": 4998109, "CAL_YEAR": 2023, "STATUS": "Awarded", "ECON_AID": "Grant", "CO2E_AVOID": 0.0, "MMBTU_AVOID": null, "GAS_SAVED": 3370.61693, "ADD_ELEC": 0.0, "R80X50": "Yes", "EJ": "No", "COST_EFF": 1482.84694, "NOX": 0.0, "PM10": 0.0, "PM2_5": 0.0, "VOC": 0.0, "CO": 0.0, "SOX": 0.0, "RGGI_PCT": 89, "CO2E_AVOIDL": null, "NOX_L": 0.0, "PM10_L": 0.0, "PM2_5_L": 0.0, "VOC_L": 0.0, "CO_L": 0.0, "SOX_L": 0.0, "PROJ_LIFE": 27, "GLOBALID": "{FDEF553D-10A0-42A1-82B2-2C38F347B8FA}"}, "geometry": {"type": "Point", "coordinates": [-74.22323285506269, 39.650272837924994]}}, {"type": "Feature", "properties": {"OBJECTID": 2217, "PROJ_ID": "NCS-2022-Atlantic-00070", "PROJ_NAME": "Atlantic Avenue Street Tree Initiative", "PROG_NAME": "Natural Climate Solutions", "CITY": "ATLANTIC CITY", "STATE": "NJ", "ZIP": null, "REC_ENT": "City of Atlantic City", "SECTOR": "Local Government", "FUND_AG": "DEP", "PROJ_DES": "planting 180 new trees to enhance the urban forest canopy and water quality", "LAT": 39.3635124, "LONG_": -74.4250168, "INITIATIVE": "Enhance Forests and Urban Forests", "PROJ_COST": 860000, "RGGI_AMT": 759000, "CAL_YEAR": 2023, "STATUS": "Awarded", "ECON_AID": "Grant", "CO2E_AVOID": 0.0, "MMBTU_AVOID": null, "GAS_SAVED": 108.5127042, "ADD_ELEC": 0.0, "R80X50": "Yes", "EJ": "Yes", "COST_EFF": 6994.572716, "NOX": 0.0, "PM10": 0.0, "PM2_5": 0.0, "VOC": 0.0, "CO": 0.0, "SOX": 0.0, "RGGI_PCT": 88, "CO2E_AVOIDL": null, "NOX_L": 0.0, "PM10_L": 0.0, "PM2_5_L": 0.0, "VOC_L": 0.0, "CO_L": 0.0, "SOX_L": 0.0, "PROJ_LIFE": 27, "GLOBALID": "{61798723-CD4B-4FA5-B1EB-4059C33E400E}"}, "geometry": {"type": "Point", "coordinates": [-74.42501830236212, 39.36352037328969]}}, {"type": "Feature", "properties": {"OBJECTID": 2218, "PROJ_ID": "DEP-ADMIN-EV-PFPolice02", "PROJ_NAME": "Park Police - Liberty State Park", "PROG_NAME": "DEP State Offices - Lead By Example", "CITY": "JERSEY CITY", "STATE": "NJ", "ZIP": "07305", "REC_ENT": "Park Police - Liberty State Park", "SECTOR": "State Government", "FUND_AG": "DEP", "PROJ_DES": "2 electric Medium Duty Pick up trucks and 2 chargers", "LAT": 40.69314, "LONG_": -74.05722, "INITIATIVE": "Catalyze Clean, Equitable Transportation", "PROJ_COST": 204000, "RGGI_AMT": 204000, "CAL_YEAR": 2024, "STATUS": "Awarded", "ECON_AID": "Other", "CO2E_AVOID": 7.1, "MMBTU_AVOID": 932.8, "GAS_SAVED": null, "ADD_ELEC": 0.0, "R80X50": "Yes", "EJ": "Yes", "COST_EFF": 1909.2, "NOX": 4.2, "PM10": 0.5, "PM2_5": 0.3, "VOC": 7.2, "CO": 28.0, "SOX": 1.1, "RGGI_PCT": 100, "CO2E_AVOIDL": 106.9, "NOX_L": 63.1, "PM10_L": 7.9, "PM2_5_L": 5.0, "VOC_L": 107.9, "CO_L": 419.6, "SOX_L": 16.7, "PROJ_LIFE": 15, "GLOBALID": "{AA79F6B2-3DBD-4541-AE94-38FC3A7F70B2}"}, "geometry": {"type": "Point", "coordinates": [-74.05722146376013, 40.69314825085142]}}, {"type": "Feature", "properties": {"OBJECTID": 2219, "PROJ_ID": "DEP-EV-90", "PROJ_NAME": "Bergen County Cooperative Library System", "PROG_NAME": "NJDEP Medium and Heavy Duty Electric Vehicle", "CITY": "FAIR LAWN BORO", "STATE": "NJ", "ZIP": "07601", "REC_ENT": "Bergen County Cooperative Library System", "SECTOR": "Local Government", "FUND_AG": "DEP", "PROJ_DES": "1 class 5 electric vehicle", "LAT": 40.94561994, "LONG_": -74.13253824, "INITIATIVE": "Catalyze Clean, Equitable Transportation", "PROJ_COST": 62495, "RGGI_AMT": 56000, "CAL_YEAR": 2023, "STATUS": "Awarded", "ECON_AID": "Grant", "CO2E_AVOID": 86.8, "MMBTU_AVOID": null, "GAS_SAVED": null, "ADD_ELEC": 0.0, "R80X50": "Yes", "EJ": "Yes", "COST_EFF": 43.0, "NOX": 103.8, "PM10": 3.7, "PM2_5": 1.1, "VOC": 3.4, "CO": 80.2, "SOX": null, "RGGI_PCT": 90, "CO2E_AVOIDL": 1301.6, "NOX_L": 1556.6, "PM10_L": 55.0, "PM2_5_L": 16.1, "VOC_L": 51.7, "CO_L": 1203.7, "SOX_L": null, "PROJ_LIFE": 15, "GLOBALID": "{CCE3D541-A96B-468F-96E8-CC040A83536C}"}, "geometry": {"type": "Point", "coordinates": [-74.13253974324327, 40.94562823750801]}}, {"type": "Feature", "properties": {"OBJECTID": 2220, "PROJ_ID": "DEP-EV-110", "PROJ_NAME": "The Borough of Red Bank", "PROG_NAME": "NJDEP Medium and Heavy Duty Electric Vehicle", "CITY": "RED BANK BORO", "STATE": "NJ", "ZIP": "07701", "REC_ENT": "Borough of Red Bank", "SECTOR": "Local Government", "FUND_AG": "DEP", "PROJ_DES": "6 electric Refuse Haulers", "LAT": 40.34968628, "LONG_": -74.06967132, "INITIATIVE": "Catalyze Clean, Equitable Transportation", "PROJ_COST": 3429689, "RGGI_AMT": 2466000, "CAL_YEAR": 2023, "STATUS": "Awarded", "ECON_AID": "Grant", "CO2E_AVOID": 19.7, "MMBTU_AVOID": null, "GAS_SAVED": null, "ADD_ELEC": 0.0, "R80X50": "Yes", "EJ": "Yes", "COST_EFF": 8344.0, "NOX": 289.6, "PM10": 3.3, "PM2_5": 19.2, "VOC": 36.6, "CO": 142.8, "SOX": null, "RGGI_PCT": 72, "CO2E_AVOIDL": 295.5, "NOX_L": 4344.1, "PM10_L": 49.6, "PM2_5_L": 288.2, "VOC_L": 548.7, "CO_L": 2142.0, "SOX_L": null, "PROJ_LIFE": 15, "GLOBALID": "{B7975C86-154D-4A70-9A17-CFE13B466F3B}"}, "geometry": {"type": "Point", "coordinates": [-74.06967276714892, 40.34969446259805]}}, {"type": "Feature", "properties": {"OBJECTID": 2221, "PROJ_ID": "DEP-ADMIN-EV-PF03", "PROJ_NAME": "Brendan T. Byrne State Forest", "PROG_NAME": "DEP State Offices - Lead By Example", "CITY": "PEMBERTON TWP", "STATE": "NJ", "ZIP": "08064", "REC_ENT": "Brendan T. Byrne State Forest", "SECTOR": "State Government", "FUND_AG": "DEP", "PROJ_DES": "1 electric medium duty pick-up truck and 1 charger", "LAT": 39.89505124, "LONG_": -74.57523592, "INITIATIVE": "Catalyze Clean, Equitable Transportation", "PROJ_COST": 102000, "RGGI_AMT": 102000, "CAL_YEAR": 2024, "STATUS": "Awarded", "ECON_AID": "Other", "CO2E_AVOID": 1.2, "MMBTU_AVOID": 142.7, "GAS_SAVED": null, "ADD_ELEC": 0.0, "R80X50": "Yes", "EJ": "No", "COST_EFF": 5846.2, "NOX": 1.7, "PM10": 0.1, "PM2_5": 0.0, "VOC": 0.0, "CO": 3.5, "SOX": 0.1, "RGGI_PCT": 100, "CO2E_AVOIDL": 17.4, "NOX_L": 25.9, "PM10_L": 0.8, "PM2_5_L": 0.4, "VOC_L": 0.4, "CO_L": 52.7, "SOX_L": 1.5, "PROJ_LIFE": 15, "GLOBALID": "{3393BC76-C2EE-4027-B512-9273AD6CB44A}"}, "geometry": {"type": "Point", "coordinates": [-74.57523750089017, 39.89505931468561]}}, {"type": "Feature", "properties": {"OBJECTID": 2222, "PROJ_ID": "BPU-24MHD002", "PROJ_NAME": "EV Edison DC Community Fast Chargers - Kearny", "PROG_NAME": "Medium- and Heavy-Duty EV Charging Program", "CITY": "KEARNY TOWN", "STATE": "NJ", "ZIP": "07032", "REC_ENT": "EV Edison Inc.", "SECTOR": "Commercial/Industrial", "FUND_AG": "BPU", "PROJ_DES": "12 dual-port, networked DCFC Community Chargers  (150 kW or greater)", "LAT": 40.72454634, "LONG_": -74.10945155, "INITIATIVE": "Catalyze Clean, Equitable Transportation", "PROJ_COST": 3211800, "RGGI_AMT": 2700000, "CAL_YEAR": 2023, "STATUS": "Completed", "ECON_AID": "Grant", "CO2E_AVOID": 131.977862, "MMBTU_AVOID": 22769.58697, "GAS_SAVED": null, "ADD_ELEC": 0.0, "R80X50": "Yes", "EJ": "Yes", "COST_EFF": 1363.865101, "NOX": 411.9231378, "PM10": 2.57705551, "PM2_5": 3.12529783, "VOC": 23.19333235, "CO": 242.5555472, "SOX": -19.79830853, "RGGI_PCT": 84, "CO2E_AVOIDL": 1979.66793, "NOX_L": 6178.847067, "PM10_L": 38.65583265, "PM2_5_L": 46.87946741, "VOC_L": 347.8999853, "CO_L": 3638.333208, "SOX_L": -296.9746279, "PROJ_LIFE": 15, "GLOBALID": "{3F2517B9-AA4B-4A13-A56E-BDF7B5F45CEB}"}, "geometry": {"type": "Point", "coordinates": [-74.1094530323847, 40.724554595052005]}}, {"type": "Feature", "properties": {"OBJECTID": 2223, "PROJ_ID": "DEP-ADMIN-EV-PF07", "PROJ_NAME": "Island Beach State Park", "PROG_NAME": "DEP State Offices - Lead By Example", "CITY": "BERKELEY TWP", "STATE": "NJ", "ZIP": "08734", "REC_ENT": "Island Beach State Park", "SECTOR": "State Government", "FUND_AG": "DEP", "PROJ_DES": "1 electric medium duty pick-up truck and 1 charger", "LAT": 39.88808, "LONG_": -74.08376, "INITIATIVE": "Catalyze Clean, Equitable Transportation", "PROJ_COST": 102000, "RGGI_AMT": 102000, "CAL_YEAR": 2024, "STATUS": "Awarded", "ECON_AID": "Other", "CO2E_AVOID": 1.4, "MMBTU_AVOID": 237.7, "GAS_SAVED": null, "ADD_ELEC": 0.0, "R80X50": "Yes", "EJ": "Yes", "COST_EFF": 4772.9, "NOX": 0.8, "PM10": 0.1, "PM2_5": 0.1, "VOC": 1.4, "CO": 5.6, "SOX": 0.2, "RGGI_PCT": 100, "CO2E_AVOIDL": 21.4, "NOX_L": 12.6, "PM10_L": 1.6, "PM2_5_L": 1.0, "VOC_L": 21.6, "CO_L": 83.9, "SOX_L": 3.3, "PROJ_LIFE": 15, "GLOBALID": "{7387515D-A004-4555-AA60-900CC3364A03}"}, "geometry": {"type": "Point", "coordinates": [-74.08376142430413, 39.888088090567855]}}, {"type": "Feature", "properties": {"OBJECTID": 2224, "PROJ_ID": "DEP-EV-97", "PROJ_NAME": "City of Atlantic City", "PROG_NAME": "NJDEP Medium and Heavy Duty Electric Vehicle", "CITY": "LINWOOD", "STATE": "NJ", "ZIP": "08221", "REC_ENT": "Atlantic City", "SECTOR": "Local Government", "FUND_AG": "DEP", "PROJ_DES": "3 electric trash trucks, 4 class 3 electric trucks, and 2 class 7 electric shuttles", "LAT": 39.3571013, "LONG_": -74.57671006, "INITIATIVE": "Catalyze Clean, Equitable Transportation", "PROJ_COST": 2343000, "RGGI_AMT": 2343000, "CAL_YEAR": 2023, "STATUS": "Selected", "ECON_AID": "Grant", "CO2E_AVOID": 600.1, "MMBTU_AVOID": 78360.0, "GAS_SAVED": null, "ADD_ELEC": 0.0, "R80X50": "Yes", "EJ": "Yes", "COST_EFF": 260.0, "NOX": 583.7, "PM10": 18.6, "PM2_5": 13.2, "VOC": 105.5, "CO": 692.2, "SOX": 56.4, "RGGI_PCT": 100, "CO2E_AVOIDL": 9001.9, "NOX_L": 8755.5, "PM10_L": 279.5, "PM2_5_L": 197.7, "VOC_L": 1582.7, "CO_L": 10383.1, "SOX_L": 846.2, "PROJ_LIFE": 15, "GLOBALID": "{6B0DF015-9C1F-4964-8B3B-85F16C6EC106}"}, "geometry": {"type": "Point", "coordinates": [-74.57671161002945, 39.35710926660245]}}, {"type": "Feature", "properties": {"OBJECTID": 2225, "PROJ_ID": "DEP-EV-102", "PROJ_NAME": "County of Camden", "PROG_NAME": "NJDEP Medium and Heavy Duty Electric Vehicle", "CITY": "LINDENWOLD BORO", "STATE": "NJ", "ZIP": "08021", "REC_ENT": "County of Camden", "SECTOR": "Local Government", "FUND_AG": "DEP", "PROJ_DES": "1 class 7 electric truck", "LAT": 39.81449587, "LONG_": -74.96268049, "INITIATIVE": "Catalyze Clean, Equitable Transportation", "PROJ_COST": 426258, "RGGI_AMT": 221000, "CAL_YEAR": 2023, "STATUS": "Awarded", "ECON_AID": "Grant", "CO2E_AVOID": 40.8, "MMBTU_AVOID": null, "GAS_SAVED": null, "ADD_ELEC": 0.0, "R80X50": "Yes", "EJ": "Yes", "COST_EFF": 361.0, "NOX": 1746.2, "PM10": 10.4, "PM2_5": 53.1, "VOC": 107.4, "CO": 403.5, "SOX": null, "RGGI_PCT": 52, "CO2E_AVOIDL": 611.5, "NOX_L": 26193.7, "PM10_L": 156.1, "PM2_5_L": 796.8, "VOC_L": 1610.5, "CO_L": 6053.2, "SOX_L": null, "PROJ_LIFE": 15, "GLOBALID": "{F2D74D76-B679-4656-88D8-84C2C06616F0}"}, "geometry": {"type": "Point", "coordinates": [-74.96268218891409, 39.81450391501915]}}, {"type": "Feature", "properties": {"OBJECTID": 2226, "PROJ_ID": "DEP-EV-99", "PROJ_NAME": "City of Garfield", "PROG_NAME": "NJDEP Medium and Heavy Duty Electric Vehicle", "CITY": "GARFIELD CITY", "STATE": "NJ", "ZIP": "07026", "REC_ENT": "City of Garfield", "SECTOR": "Local Government", "FUND_AG": "DEP", "PROJ_DES": "1 class 6 electric shuttle", "LAT": 40.88177139, "LONG_": -74.11389456, "INITIATIVE": "Catalyze Clean, Equitable Transportation", "PROJ_COST": 304003, "RGGI_AMT": 193948, "CAL_YEAR": 2023, "STATUS": "Awarded", "ECON_AID": "Grant", "CO2E_AVOID": 62.6, "MMBTU_AVOID": null, "GAS_SAVED": null, "ADD_ELEC": 0.0, "R80X50": "Yes", "EJ": "Yes", "COST_EFF": 207.0, "NOX": 675.8, "PM10": 13.8, "PM2_5": 9.7, "VOC": 26.6, "CO": 383.0, "SOX": null, "RGGI_PCT": 64, "CO2E_AVOIDL": 938.8, "NOX_L": 10137.3, "PM10_L": 207.1, "PM2_5_L": 145.0, "VOC_L": 398.7, "CO_L": 5744.7, "SOX_L": null, "PROJ_LIFE": 15, "GLOBALID": "{A92A4A01-1CFF-4FAC-800B-80320E90D8E3}"}, "geometry": {"type": "Point", "coordinates": [-74.11389605334563, 40.88177967559536]}}, {"type": "Feature", "properties": {"OBJECTID": 2227, "PROJ_ID": "DEP-ADMIN-EV-FW01", "PROJ_NAME": "Assunpink WMA", "PROG_NAME": "DEP State Offices - Lead By Example", "CITY": "ALLENTOWN BORO", "STATE": "NJ", "ZIP": "08501", "REC_ENT": "Assunpink WMA", "SECTOR": "State Government", "FUND_AG": "DEP", "PROJ_DES": "2 electric medium duty pick-up trucks and 2 chargers", "LAT": 40.20053366, "LONG_": -74.50364409, "INITIATIVE": "Catalyze Clean, Equitable Transportation", "PROJ_COST": 204000, "RGGI_AMT": 204000, "CAL_YEAR": 2024, "STATUS": "Awarded", "ECON_AID": "Other", "CO2E_AVOID": 9.6, "MMBTU_AVOID": 1755.9, "GAS_SAVED": null, "ADD_ELEC": 0.0, "R80X50": "Yes", "EJ": "No", "COST_EFF": 1413.6, "NOX": 25.8, "PM10": 4.1, "PM2_5": 1.6, "VOC": 18.0, "CO": 57.1, "SOX": 6.1, "RGGI_PCT": 100, "CO2E_AVOIDL": 144.3, "NOX_L": 387.3, "PM10_L": 61.9, "PM2_5_L": 23.3, "VOC_L": 269.3, "CO_L": 856.5, "SOX_L": 90.8, "PROJ_LIFE": 15, "GLOBALID": "{0B719E1C-C1DA-445D-ABFF-BEFCB585EC99}"}, "geometry": {"type": "Point", "coordinates": [-74.50364566661105, 40.200541797957705]}}, {"type": "Feature", "properties": {"OBJECTID": 2228, "PROJ_ID": "DEP-EV-116", "PROJ_NAME": "DCFC Hub (Woodbridge)", "PROG_NAME": "NJDEP eMobility", "CITY": "WOODBRIDGE TWP", "STATE": "NJ", "ZIP": "07095", "REC_ENT": "Zapp Electric, Inc.", "SECTOR": "Residential", "FUND_AG": "BPU", "PROJ_DES": "8 dual-port 160 kW DC fast charging stations to support electric rideshare fleet and public charging. Part of $2.7M grant see Mt. Laurel (DEP-EV-32).", "LAT": 40.53753301, "LONG_": -74.29528535, "INITIATIVE": "Catalyze Clean, Equitable Transportation", "PROJ_COST": 1667000, "RGGI_AMT": 1080255, "CAL_YEAR": 2021, "STATUS": "Selected", "ECON_AID": "Grant", "CO2E_AVOID": 128.5, "MMBTU_AVOID": 20153.2, "GAS_SAVED": null, "ADD_ELEC": 0.0, "R80X50": "Yes", "EJ": "Yes", "COST_EFF": 560.0, "NOX": 39.5, "PM10": 8.1, "PM2_5": 5.6, "VOC": 180.3, "CO": 934.4, "SOX": -0.3, "RGGI_PCT": 65, "CO2E_AVOIDL": 1928.1, "NOX_L": 592.2, "PM10_L": 121.0, "PM2_5_L": 84.1, "VOC_L": 2705.1, "CO_L": 14016.5, "SOX_L": -4.0, "PROJ_LIFE": 15, "GLOBALID": "{160A101C-F5DB-4A08-B2BB-C90192727744}"}, "geometry": {"type": "Point", "coordinates": [-74.29540308743044, 40.53727776382442]}}, {"type": "Feature", "properties": {"OBJECTID": 2229, "PROJ_ID": "DEP-ADMIN-EV-FW09", "PROJ_NAME": "Pequest WMA", "PROG_NAME": "DEP State Offices - Lead By Example", "CITY": "OXFORD TWP", "STATE": "NJ", "ZIP": "07863", "REC_ENT": "Pequest WMA", "SECTOR": "State Government", "FUND_AG": "DEP", "PROJ_DES": "2 electric medium duty pick-up trucks and 2 chargers", "LAT": 40.83667, "LONG_": -74.94559, "INITIATIVE": "Catalyze Clean, Equitable Transportation", "PROJ_COST": 204000, "RGGI_AMT": 204000, "CAL_YEAR": 2024, "STATUS": "Awarded", "ECON_AID": "Other", "CO2E_AVOID": 9.9, "MMBTU_AVOID": 6608.3, "GAS_SAVED": null, "ADD_ELEC": 0.0, "R80X50": "Yes", "EJ": "No", "COST_EFF": 1376.0, "NOX": 97.5, "PM10": 6.3, "PM2_5": 7.6, "VOC": 314.8, "CO": 12487.8, "SOX": 1.5, "RGGI_PCT": 100, "CO2E_AVOIDL": 148.3, "NOX_L": 1462.6, "PM10_L": 94.6, "PM2_5_L": 113.9, "VOC_L": 4721.7, "CO_L": 187316.4, "SOX_L": 22.2, "PROJ_LIFE": 15, "GLOBALID": "{E3BFD1F7-B15A-47E7-A11A-18711BE5E1F5}"}, "geometry": {"type": "Point", "coordinates": [-74.94559175658581, 40.836678246904015]}}, {"type": "Feature", "properties": {"OBJECTID": 2230, "PROJ_ID": "DEP-EV-94", "PROJ_NAME": "Borough of Madison", "PROG_NAME": "NJDEP Medium and Heavy Duty Electric Vehicle", "CITY": "MADISON BORO", "STATE": "NJ", "ZIP": "07940", "REC_ENT": "Borough of Madison", "SECTOR": "Local Government", "FUND_AG": "DEP", "PROJ_DES": "1 electric passenger van", "LAT": 40.7570561, "LONG_": -74.41654893, "INITIATIVE": "Catalyze Clean, Equitable Transportation", "PROJ_COST": 329037, "RGGI_AMT": 177000, "CAL_YEAR": 2023, "STATUS": "Awarded", "ECON_AID": "Grant", "CO2E_AVOID": 19.0, "MMBTU_AVOID": 2508.9, "GAS_SAVED": null, "ADD_ELEC": 0.0, "R80X50": "Yes", "EJ": "Yes", "COST_EFF": 621.0, "NOX": 11.7, "PM10": 1.5, "PM2_5": 0.9, "VOC": 20.4, "CO": 83.7, "SOX": 2.7, "RGGI_PCT": 54, "CO2E_AVOIDL": 284.8, "NOX_L": 174.8, "PM10_L": 23.1, "PM2_5_L": 13.6, "VOC_L": 306.4, "CO_L": 1255.4, "SOX_L": 40.5, "PROJ_LIFE": 15, "GLOBALID": "{1B53B613-627A-4C17-AC9E-F6144770776D}"}, "geometry": {"type": "Point", "coordinates": [-74.41655051250994, 40.75706435065601]}}, {"type": "Feature", "properties": {"OBJECTID": 2231, "PROJ_ID": "DEP-EV-112", "PROJ_NAME": "Township of Bloomfield", "PROG_NAME": "NJDEP Medium and Heavy Duty Electric Vehicle", "CITY": "BLOOMFIELD TWP", "STATE": "NJ", "ZIP": "07003", "REC_ENT": "Township of Bloomfield", "SECTOR": "Local Government", "FUND_AG": "DEP", "PROJ_DES": "1 electric department of public works truck", "LAT": 40.78086558, "LONG_": -74.1891042, "INITIATIVE": "Catalyze Clean, Equitable Transportation", "PROJ_COST": 71180, "RGGI_AMT": 27000, "CAL_YEAR": 2023, "STATUS": "Completed", "ECON_AID": "Grant", "CO2E_AVOID": 14.5, "MMBTU_AVOID": 703.6, "GAS_SAVED": null, "ADD_ELEC": 0.0, "R80X50": "Yes", "EJ": "Yes", "COST_EFF": 123.865, "NOX": 8.6, "PM10": 1.1, "PM2_5": 0.7, "VOC": 14.7, "CO": 57.1, "SOX": 2.3, "RGGI_PCT": 38, "CO2E_AVOIDL": 218.0, "NOX_L": 128.8, "PM10_L": 16.1, "PM2_5_L": 10.3, "VOC_L": 220.1, "CO_L": 856.0, "SOX_L": 34.2, "PROJ_LIFE": 15, "GLOBALID": "{3ECF6812-B96B-4A92-9B68-D4EA21ACBEA0}"}, "geometry": {"type": "Point", "coordinates": [-74.18910571125085, 40.78087384331289]}}, {"type": "Feature", "properties": {"OBJECTID": 2232, "PROJ_ID": "DEP-ADMIN-EV-PF13", "PROJ_NAME": "Wawayanda State Park", "PROG_NAME": "DEP State Offices - Lead By Example", "CITY": "WEST MILFORD TWP", "STATE": "NJ", "ZIP": "07421", "REC_ENT": "Wawayanda State Park", "SECTOR": "State Government", "FUND_AG": "DEP", "PROJ_DES": "1 electric medium duty pick-up truck and 1 charger", "LAT": 41.190275, "LONG_": -74.42894, "INITIATIVE": "Catalyze Clean, Equitable Transportation", "PROJ_COST": 102000, "RGGI_AMT": 102000, "CAL_YEAR": 2024, "STATUS": "Awarded", "ECON_AID": "Other", "CO2E_AVOID": 7.1, "MMBTU_AVOID": 932.8, "GAS_SAVED": null, "ADD_ELEC": 0.0, "R80X50": "Yes", "EJ": "No", "COST_EFF": 954.6, "NOX": 4.2, "PM10": 0.5, "PM2_5": 0.3, "VOC": 7.2, "CO": 28.0, "SOX": 1.1, "RGGI_PCT": 100, "CO2E_AVOIDL": 106.9, "NOX_L": 63.1, "PM10_L": 7.9, "PM2_5_L": 5.0, "VOC_L": 107.9, "CO_L": 419.6, "SOX_L": 16.7, "PROJ_LIFE": 15, "GLOBALID": "{F645A775-1A79-42AE-872D-E6E1A06E923E}"}, "geometry": {"type": "Point", "coordinates": [-74.42894161356297, 41.19028333423396]}}, {"type": "Feature", "properties": {"OBJECTID": 2233, "PROJ_ID": "DEP-EV-115", "PROJ_NAME": "New Jersey City University 1&2", "PROG_NAME": "NJDEP Medium and Heavy Duty Electric Vehicle", "CITY": "JERSEY CITY", "STATE": "NJ", "ZIP": "07305", "REC_ENT": "New Jersey City University", "SECTOR": "Local Government", "FUND_AG": "DEP", "PROJ_DES": "1 electric box truck and 1 electric shuttle bus", "LAT": 40.70979929, "LONG_": -74.08761187, "INITIATIVE": "Catalyze Clean, Equitable Transportation", "PROJ_COST": 806514, "RGGI_AMT": 777450, "CAL_YEAR": 2022, "STATUS": "Awarded", "ECON_AID": "Grant", "CO2E_AVOID": 31.3, "MMBTU_AVOID": 4156.0, "GAS_SAVED": null, "ADD_ELEC": 0.0, "R80X50": "Yes", "EJ": "Yes", "COST_EFF": 1655.46, "NOX": 27.5, "PM10": 0.7, "PM2_5": 1.7, "VOC": 63.2, "CO": 580.4, "SOX": 5.0, "RGGI_PCT": 96, "CO2E_AVOIDL": 469.6, "NOX_L": 413.1, "PM10_L": 10.7, "PM2_5_L": 25.8, "VOC_L": 947.3, "CO_L": 8706.7, "SOX_L": 74.5, "PROJ_LIFE": 15, "GLOBALID": "{C01A16AC-4884-453D-AFB3-D21E075C74CF}"}, "geometry": {"type": "Point", "coordinates": [-74.08761334438651, 40.70980754306542]}}, {"type": "Feature", "properties": {"OBJECTID": 2234, "PROJ_ID": "DEP-ADMIN-EV-PF12", "PROJ_NAME": "Stokes State Forest", "PROG_NAME": "DEP State Offices - Lead By Example", "CITY": "BRANCHVILLE BORO", "STATE": "NJ", "ZIP": "07826", "REC_ENT": "Stokes State Forest", "SECTOR": "State Government", "FUND_AG": "DEP", "PROJ_DES": "1 electric medium duty pick-up truck and 1 charger", "LAT": 41.1855, "LONG_": -74.79584, "INITIATIVE": "Catalyze Clean, Equitable Transportation", "PROJ_COST": 102000, "RGGI_AMT": 102000, "CAL_YEAR": 2024, "STATUS": "Awarded", "ECON_AID": "Other", "CO2E_AVOID": 2.9, "MMBTU_AVOID": 356.7, "GAS_SAVED": null, "ADD_ELEC": 0.0, "R80X50": "Yes", "EJ": "No", "COST_EFF": 2338.5, "NOX": 4.3, "PM10": 0.1, "PM2_5": 0.1, "VOC": 0.1, "CO": 8.8, "SOX": 0.2, "RGGI_PCT": 100, "CO2E_AVOIDL": 43.6, "NOX_L": 64.7, "PM10_L": 2.1, "PM2_5_L": 1.0, "VOC_L": 1.0, "CO_L": 131.8, "SOX_L": 3.7, "PROJ_LIFE": 15, "GLOBALID": "{F2023758-45B2-4E3C-9D0A-8752C7E26AC8}"}, "geometry": {"type": "Point", "coordinates": [-74.79584173077326, 41.18550832002011]}}, {"type": "Feature", "properties": {"OBJECTID": 2235, "PROJ_ID": "DEP-ADMIN-EV-PF09", "PROJ_NAME": "Ringwood State Park", "PROG_NAME": "DEP State Offices - Lead By Example", "CITY": "RINGWOOD BORO", "STATE": "NJ", "ZIP": "07456", "REC_ENT": "Ringwood State Park", "SECTOR": "State Government", "FUND_AG": "DEP", "PROJ_DES": "2 electric medium duty pick-up trucks and 2 chargers", "LAT": 41.13905, "LONG_": -74.25523, "INITIATIVE": "Catalyze Clean, Equitable Transportation", "PROJ_COST": 204000, "RGGI_AMT": 204000, "CAL_YEAR": 2024, "STATUS": "Awarded", "ECON_AID": "Other", "CO2E_AVOID": 4.7, "MMBTU_AVOID": 609.1, "GAS_SAVED": null, "ADD_ELEC": 0.0, "R80X50": "Yes", "EJ": "Yes", "COST_EFF": 2878.4, "NOX": 3.8, "PM10": 0.3, "PM2_5": 0.2, "VOC": 3.6, "CO": 17.5, "SOX": 0.7, "RGGI_PCT": 100, "CO2E_AVOIDL": 70.9, "NOX_L": 57.4, "PM10_L": 4.8, "PM2_5_L": 2.9, "VOC_L": 54.3, "CO_L": 262.5, "SOX_L": 9.8, "PROJ_LIFE": 15, "GLOBALID": "{12B3087D-9C8E-46B1-8F27-259F74A6448F}"}, "geometry": {"type": "Point", "coordinates": [-74.255231554754, 41.13905833064303]}}, {"type": "Feature", "properties": {"OBJECTID": 2236, "PROJ_ID": "DEP-EV-23B", "PROJ_NAME": "Leonia Board of Education - B", "PROG_NAME": "NJDEP Medium and Heavy Duty Electric Vehicle", "CITY": "Leonia", "STATE": "NJ", "ZIP": "07605", "REC_ENT": "Leonia Board of Education", "SECTOR": "Residential", "FUND_AG": "BPU", "PROJ_DES": "See Leonia Board of Education - A", "LAT": 40.870759, "LONG_": -73.98975, "INITIATIVE": "Catalyze Clean, Equitable Transportation", "PROJ_COST": 874941, "RGGI_AMT": 733875, "CAL_YEAR": 2021, "STATUS": "Awarded", "ECON_AID": "Grant", "CO2E_AVOID": null, "MMBTU_AVOID": null, "GAS_SAVED": null, "ADD_ELEC": 0.0, "R80X50": "Yes", "EJ": "Yes", "COST_EFF": null, "NOX": null, "PM10": null, "PM2_5": null, "VOC": null, "CO": null, "SOX": null, "RGGI_PCT": 84, "CO2E_AVOIDL": null, "NOX_L": null, "PM10_L": null, "PM2_5_L": null, "VOC_L": null, "CO_L": null, "SOX_L": null, "PROJ_LIFE": 15, "GLOBALID": "{9ADC66A5-1DF6-488C-BB62-911FDC0C16EB}"}, "geometry": {"type": "Point", "coordinates": [-73.98975145289825, 40.87076728775774]}}, {"type": "Feature", "properties": {"OBJECTID": 2237, "PROJ_ID": "DEP-EV-117", "PROJ_NAME": "Hermann Forwarding Company", "PROG_NAME": "NJDEP Medium and Heavy Duty Electric Vehicle", "CITY": "SOUTH BRUNSWICK TWP", "STATE": "NJ", "ZIP": "08852", "REC_ENT": "Hermann Forwarding Company", "SECTOR": "Commercial/Industrial", "FUND_AG": "EDA", "PROJ_DES": "Purchase 15 electric class 8 trucks and install 4 DCFC's  with 4 ports on each charger.", "LAT": 40.40982037, "LONG_": -74.51033875, "INITIATIVE": "Catalyze Clean, Equitable Transportation", "PROJ_COST": 8348505, "RGGI_AMT": 5305000, "CAL_YEAR": 2024, "STATUS": "Awarded", "ECON_AID": "Grant", "CO2E_AVOID": 2329.9, "MMBTU_AVOID": 297619.2, "GAS_SAVED": null, "ADD_ELEC": 0.0, "R80X50": "Yes", "EJ": "Yes", "COST_EFF": 151.79, "NOX": 4613.17, "PM10": 46.98, "PM2_5": 38.02, "VOC": 38.02, "CO": 3454.06, "SOX": 175.41, "RGGI_PCT": 64, "CO2E_AVOIDL": 34949.1, "NOX_L": 69197.62, "PM10_L": 704.69, "PM2_5_L": 570.3, "VOC_L": 570.3, "CO_L": 51810.97, "SOX_L": 2631.14, "PROJ_LIFE": 15, "GLOBALID": "{0D0334A1-B971-474C-87F8-C2D962F97240}"}, "geometry": {"type": "Point", "coordinates": [-74.51034030998969, 40.40982859187833]}}, {"type": "Feature", "properties": {"OBJECTID": 2238, "PROJ_ID": "DEP-EV-125", "PROJ_NAME": "Christina Seix Academy", "PROG_NAME": "NJDEP Medium and Heavy Duty Electric Vehicle", "CITY": "TRENTON CITY", "STATE": "NJ", "ZIP": "08618", "REC_ENT": "Christina Seix Academy", "SECTOR": "Institutional", "FUND_AG": "EDA", "PROJ_DES": "2 electric school buses", "LAT": 40.24933572, "LONG_": -74.794431, "INITIATIVE": "Catalyze Clean, Equitable Transportation", "PROJ_COST": 649287, "RGGI_AMT": 354000, "CAL_YEAR": 2024, "STATUS": "Awarded", "ECON_AID": "Grant", "CO2E_AVOID": 46.0, "MMBTU_AVOID": 5891.4, "GAS_SAVED": null, "ADD_ELEC": 0.0, "R80X50": "Yes", "EJ": "Yes", "COST_EFF": 513.24, "NOX": 77.5, "PM10": 1.4, "PM2_5": 1.1, "VOC": 1.1, "CO": 52.8, "SOX": 3.5, "RGGI_PCT": 55, "CO2E_AVOIDL": 689.7, "NOX_L": 1163.0, "PM10_L": 21.0, "PM2_5_L": 16.8, "VOC_L": 16.8, "CO_L": 791.8, "SOX_L": 52.3, "PROJ_LIFE": 15, "GLOBALID": "{5B293982-6628-4F58-9464-3C1D2FB89717}"}, "geometry": {"type": "Point", "coordinates": [-74.79443264081951, 40.24934390026682]}}, {"type": "Feature", "properties": {"OBJECTID": 2239, "PROJ_ID": "DEP-EV-134", "PROJ_NAME": "Pennington Borough", "PROG_NAME": "NJDEP Medium and Heavy Duty Electric Vehicle", "CITY": "PENNINGTON BORO", "STATE": "NJ", "ZIP": "08534", "REC_ENT": "Pennington Borough", "SECTOR": "Local Government", "FUND_AG": "DEP", "PROJ_DES": "2 electric refuse trucks", "LAT": 40.33744426, "LONG_": -74.79439356, "INITIATIVE": "Catalyze Clean, Equitable Transportation", "PROJ_COST": 782000, "RGGI_AMT": 1183000, "CAL_YEAR": 2025, "STATUS": "Selected", "ECON_AID": "Grant", "CO2E_AVOID": 292.5, "MMBTU_AVOID": 38461.5, "GAS_SAVED": null, "ADD_ELEC": 0.0, "R80X50": "Yes", "EJ": "No", "COST_EFF": 269.67, "NOX": 306.1, "PM10": 6.2, "PM2_5": 4.8, "VOC": 4.8, "CO": 205.9, "SOX": 23.6, "RGGI_PCT": 151, "CO2E_AVOIDL": 4386.8, "NOX_L": 4591.1, "PM10_L": 93.2, "PM2_5_L": 71.8, "VOC_L": 71.8, "CO_L": 3089.1, "SOX_L": 353.3, "PROJ_LIFE": 15, "GLOBALID": "{13D336A0-716C-4E0A-BC23-B3D2B6208159}"}, "geometry": {"type": "Point", "coordinates": [-74.7943952061067, 40.33745245745881]}}, {"type": "Feature", "properties": {"OBJECTID": 2240, "PROJ_ID": "DEP-EV-128", "PROJ_NAME": "Lenape Valley Regional HS BOE", "PROG_NAME": "NJDEP Medium and Heavy Duty Electric Vehicle", "CITY": "STANHOPE BORO", "STATE": "NJ", "ZIP": "07874", "REC_ENT": "Lenape Valley Regional HS BOE", "SECTOR": "Institutional", "FUND_AG": "EDA", "PROJ_DES": "2 electric school buses", "LAT": 40.92085216, "LONG_": -74.6985826, "INITIATIVE": "Catalyze Clean, Equitable Transportation", "PROJ_COST": 858771, "RGGI_AMT": 540000, "CAL_YEAR": 2024, "STATUS": "Awarded", "ECON_AID": "Grant", "CO2E_AVOID": 46.0, "MMBTU_AVOID": 5891.4, "GAS_SAVED": null, "ADD_ELEC": 0.0, "R80X50": "Yes", "EJ": "Yes", "COST_EFF": 782.91, "NOX": 77.5, "PM10": 1.4, "PM2_5": 1.1, "VOC": 1.1, "CO": 52.8, "SOX": 3.5, "RGGI_PCT": 63, "CO2E_AVOIDL": 689.7, "NOX_L": 1163.0, "PM10_L": 21.0, "PM2_5_L": 16.8, "VOC_L": 16.8, "CO_L": 791.8, "SOX_L": 52.3, "PROJ_LIFE": 15, "GLOBALID": "{039B4677-462D-4BD7-98EF-6BFBFD5148A0}"}, "geometry": {"type": "Point", "coordinates": [-74.69858425146113, 40.92086047503899]}}, {"type": "Feature", "properties": {"OBJECTID": 2241, "PROJ_ID": "DEP-EV-119", "PROJ_NAME": "DCFC Hub (Pennsville)", "PROG_NAME": "NJDEP eMobility", "CITY": "PENNSVILLE TWP", "STATE": "NJ", "ZIP": "08070", "REC_ENT": "Zapp Electric, Inc.", "SECTOR": "Residential", "FUND_AG": "BPU", "PROJ_DES": "4 dual-port 160 kW DC fast charging stations to support electric rideshare fleet and public charging. Part of $2.7M grant see Mt. Laurel (DEP-EV-32).", "LAT": 39.67883009, "LONG_": -75.4946006, "INITIATIVE": "Catalyze Clean, Equitable Transportation", "PROJ_COST": 865000, "RGGI_AMT": 540128, "CAL_YEAR": 2021, "STATUS": "Selected", "ECON_AID": "Grant", "CO2E_AVOID": 64.3, "MMBTU_AVOID": 10076.6, "GAS_SAVED": null, "ADD_ELEC": 0.0, "R80X50": "Yes", "EJ": "Yes", "COST_EFF": 560.0, "NOX": 19.7, "PM10": 4.0, "PM2_5": 2.8, "VOC": 90.2, "CO": 467.2, "SOX": -0.1, "RGGI_PCT": 62, "CO2E_AVOIDL": 964.0, "NOX_L": 296.1, "PM10_L": 60.5, "PM2_5_L": 42.0, "VOC_L": 1352.5, "CO_L": 7008.2, "SOX_L": -2.0, "PROJ_LIFE": 15, "GLOBALID": "{D22CFB78-E794-42F4-B809-AFA086B90031}"}, "geometry": {"type": "Point", "coordinates": [-75.49460242853328, 39.67883813222995]}}, {"type": "Feature", "properties": {"OBJECTID": 2242, "PROJ_ID": "DEP-EV-141", "PROJ_NAME": "Morris County Municipal Utilities Authority", "PROG_NAME": "NJDEP Medium and Heavy Duty Electric Vehicle", "CITY": "WHARTON BORO", "STATE": "NJ", "ZIP": "07885", "REC_ENT": "Morris County Municipal Utilities Authority", "SECTOR": "Local Government", "FUND_AG": "DEP", "PROJ_DES": "1 electric refuse truck", "LAT": 40.91437201, "LONG_": -74.57648486, "INITIATIVE": "Catalyze Clean, Equitable Transportation", "PROJ_COST": 656000, "RGGI_AMT": 335000, "CAL_YEAR": 2025, "STATUS": "Selected", "ECON_AID": "Grant", "CO2E_AVOID": 146.2, "MMBTU_AVOID": 19230.7, "GAS_SAVED": null, "ADD_ELEC": 0.0, "R80X50": "Yes", "EJ": "Yes", "COST_EFF": 152.73, "NOX": 153.0, "PM10": 3.1, "PM2_5": 2.4, "VOC": 2.4, "CO": 103.0, "SOX": 11.8, "RGGI_PCT": 51, "CO2E_AVOIDL": 2193.4, "NOX_L": 2295.5, "PM10_L": 46.6, "PM2_5_L": 35.9, "VOC_L": 35.9, "CO_L": 1544.5, "SOX_L": 176.6, "PROJ_LIFE": 15, "GLOBALID": "{913D5936-0251-4773-A583-9C805D7C6EA0}"}, "geometry": {"type": "Point", "coordinates": [-74.57648647196548, 40.914380328050974]}}, {"type": "Feature", "properties": {"OBJECTID": 2243, "PROJ_ID": "PROD-00310901", "PROJ_NAME": "Future Truck Rental and Leasing LLC", "PROG_NAME": "NJZIP", "CITY": "EDISON TWP", "STATE": "NJ", "ZIP": "08817", "REC_ENT": "Future Truck Rental and Leasing LLC", "SECTOR": "Commercial/Industrial", "FUND_AG": "EDA", "PROJ_DES": "17 electric Regional Haul Freight Trucks", "LAT": 40.53480848, "LONG_": -74.39500752, "INITIATIVE": "Catalyze Clean, Equitable Transportation", "PROJ_COST": 5158735, "RGGI_AMT": 2975000, "CAL_YEAR": 2025, "STATUS": "Completed", "ECON_AID": "Grant", "CO2E_AVOID": 365.6200915, "MMBTU_AVOID": 46703.31588, "GAS_SAVED": null, "ADD_ELEC": 0.0, "R80X50": "Yes", "EJ": "No", "COST_EFF": 542.457425, "NOX": 723.9114886, "PM10": 7.37203814, "PM2_5": 5.96603813, "VOC": 5.96603813, "CO": 542.0209066, "SOX": 27.52522438, "RGGI_PCT": 58, "CO2E_AVOIDL": 5484.301372, "NOX_L": 10858.67233, "PM10_L": 110.5805721, "PM2_5_L": 89.49057195, "VOC_L": 89.49057195, "CO_L": 8130.313599, "SOX_L": 412.8783657, "PROJ_LIFE": 15, "GLOBALID": "{612D39C4-5533-4A2C-9305-203461A54D66}"}, "geometry": {"type": "Point", "coordinates": [-74.39500905083062, 40.534816730524255]}}, {"type": "Feature", "properties": {"OBJECTID": 2244, "PROJ_ID": "DEP-EV-122", "PROJ_NAME": "Michael A Loori Bus Co Inc_School Buses", "PROG_NAME": "NJDEP Medium and Heavy Duty Electric Vehicle", "CITY": "MIDDLETOWN TWP", "STATE": "NJ", "ZIP": "07748", "REC_ENT": "Michael A. Loori Bus Co., Inc.", "SECTOR": "Commercial/Industrial", "FUND_AG": "EDA", "PROJ_DES": "2 electric school buses", "LAT": 40.4342757, "LONG_": -74.12329709, "INITIATIVE": "Catalyze Clean, Equitable Transportation", "PROJ_COST": 819715, "RGGI_AMT": 702500, "CAL_YEAR": 2024, "STATUS": "Awarded", "ECON_AID": "Grant", "CO2E_AVOID": 46.0, "MMBTU_AVOID": 5891.4, "GAS_SAVED": null, "ADD_ELEC": 0.0, "R80X50": "Yes", "EJ": "Yes", "COST_EFF": 1018.51, "NOX": 77.5, "PM10": 1.4, "PM2_5": 1.1, "VOC": 1.1, "CO": 52.8, "SOX": 3.5, "RGGI_PCT": 86, "CO2E_AVOIDL": 689.7, "NOX_L": 1163.0, "PM10_L": 21.0, "PM2_5_L": 16.8, "VOC_L": 16.8, "CO_L": 791.8, "SOX_L": 52.3, "PROJ_LIFE": 15, "GLOBALID": "{3768E91C-BF17-4FF6-8B12-4093A87952C6}"}, "geometry": {"type": "Point", "coordinates": [-74.1232985280917, 40.43428394023475]}}, {"type": "Feature", "properties": {"OBJECTID": 2245, "PROJ_ID": "DEP-EV-124", "PROJ_NAME": "CITY OF GLOUCESTER CITY", "PROG_NAME": "NJDEP Medium and Heavy Duty Electric Vehicle", "CITY": "GLOUCESTER CITY", "STATE": "NJ", "ZIP": "08030", "REC_ENT": "Gloucester City Water Dept", "SECTOR": "Local Government", "FUND_AG": "DEP", "PROJ_DES": "1 electric Medium Duty Pickup Truck", "LAT": 39.89644146, "LONG_": -75.12065916, "INITIATIVE": "Catalyze Clean, Equitable Transportation", "PROJ_COST": 56272, "RGGI_AMT": 56000, "CAL_YEAR": 2025, "STATUS": "Awarded", "ECON_AID": "Grant", "CO2E_AVOID": 13.9, "MMBTU_AVOID": 1712.3, "GAS_SAVED": null, "ADD_ELEC": 0.0, "R80X50": "Yes", "EJ": "Yes", "COST_EFF": 268.71, "NOX": 22.0, "PM10": 0.7, "PM2_5": 0.4, "VOC": 0.4, "CO": 36.5, "SOX": 1.0, "RGGI_PCT": 100, "CO2E_AVOIDL": 208.4, "NOX_L": 329.7, "PM10_L": 10.2, "PM2_5_L": 6.0, "VOC_L": 6.0, "CO_L": 547.6, "SOX_L": 14.4, "PROJ_LIFE": 15, "GLOBALID": "{D1A5EB4B-8FE3-443A-B125-39F9ED82099F}"}, "geometry": {"type": "Point", "coordinates": [-75.12066088321389, 39.89644955872381]}}, {"type": "Feature", "properties": {"OBJECTID": 2246, "PROJ_ID": "DEP-EV-123", "PROJ_NAME": "Berlin Township", "PROG_NAME": "NJDEP Medium and Heavy Duty Electric Vehicle", "CITY": "BERLIN TWP", "STATE": "NJ", "ZIP": "08091", "REC_ENT": "Berlin Township", "SECTOR": "Local Government", "FUND_AG": "DEP", "PROJ_DES": "1 electric Refuse Truck", "LAT": 39.80355404, "LONG_": -74.931244, "INITIATIVE": "Catalyze Clean, Equitable Transportation", "PROJ_COST": 751184, "RGGI_AMT": 431000, "CAL_YEAR": 2024, "STATUS": "Awarded", "ECON_AID": "Grant", "CO2E_AVOID": 146.2, "MMBTU_AVOID": 19230.7, "GAS_SAVED": null, "ADD_ELEC": 0.0, "R80X50": "Yes", "EJ": "Yes", "COST_EFF": 196.5, "NOX": 153.0, "PM10": 3.1, "PM2_5": 2.4, "VOC": 2.4, "CO": 103.0, "SOX": 11.8, "RGGI_PCT": 57, "CO2E_AVOIDL": 2193.4, "NOX_L": 2295.5, "PM10_L": 46.6, "PM2_5_L": 35.9, "VOC_L": 35.9, "CO_L": 1544.5, "SOX_L": 176.6, "PROJ_LIFE": 15, "GLOBALID": "{61299AE8-C5E3-4B5E-9E8C-163A7E3A668D}"}, "geometry": {"type": "Point", "coordinates": [-74.9312456575686, 39.803562126930366]}}, {"type": "Feature", "properties": {"OBJECTID": 2247, "PROJ_ID": "DEP-EV-138", "PROJ_NAME": "NestQuest Direct NJ LLC", "PROG_NAME": "NJDEP Medium and Heavy Duty Electric Vehicle", "CITY": "MORRISTOWN TOWN", "STATE": "NJ", "ZIP": "07960", "REC_ENT": "NestQuest Direct NJ LLC", "SECTOR": "Commercial/Industrial", "FUND_AG": "EDA", "PROJ_DES": "2 electric refuse trucks", "LAT": 40.7964989, "LONG_": -74.48061242, "INITIATIVE": "Catalyze Clean, Equitable Transportation", "PROJ_COST": 976113, "RGGI_AMT": 1115000, "CAL_YEAR": 2025, "STATUS": "Awarded", "ECON_AID": "Grant", "CO2E_AVOID": 292.5, "MMBTU_AVOID": 38461.5, "GAS_SAVED": null, "ADD_ELEC": 0.0, "R80X50": "Yes", "EJ": "Yes", "COST_EFF": 254.17, "NOX": 306.1, "PM10": 6.2, "PM2_5": 4.8, "VOC": 4.8, "CO": 205.9, "SOX": 23.6, "RGGI_PCT": 114, "CO2E_AVOIDL": 4386.8, "NOX_L": 4591.1, "PM10_L": 93.2, "PM2_5_L": 71.8, "VOC_L": 71.8, "CO_L": 3089.1, "SOX_L": 353.3, "PROJ_LIFE": 15, "GLOBALID": "{8FC60C2B-4120-4AFD-9E02-BACED564A1F7}"}, "geometry": {"type": "Point", "coordinates": [-74.48061399427891, 40.796507198521034]}}, {"type": "Feature", "properties": {"OBJECTID": 2248, "PROJ_ID": "PROD-00320593", "PROJ_NAME": "Yamna LLC", "PROG_NAME": "NJ Cool", "CITY": "NEWARK CITY", "STATE": "NJ", "ZIP": "07112", "REC_ENT": "Yamna LLC", "SECTOR": "Commercial/Industrial", "FUND_AG": "EDA", "PROJ_DES": "Replace rooftop unit with hybrid air source heat pump system with energy recovery ventilation, enthalpy economizer, new ductwork and insulation", "LAT": 40.70801646, "LONG_": -74.20863844, "INITIATIVE": "Accelerate Healthy Homes and Building Decarb", "PROJ_COST": 161000, "RGGI_AMT": 78000, "CAL_YEAR": 2025, "STATUS": "Awarded", "ECON_AID": "Grant", "CO2E_AVOID": 12.664, "MMBTU_AVOID": 4063.3, "GAS_SAVED": null, "ADD_ELEC": -8.68, "R80X50": "Yes", "EJ": "Yes", "COST_EFF": 410.6127606, "NOX": 7.43, "PM10": 1.76, "PM2_5": 1.76, "VOC": 1.27, "CO": 9.29, "SOX": 0.13, "RGGI_PCT": 48, "CO2E_AVOIDL": 189.96, "NOX_L": 111.53, "PM10_L": 26.49, "PM2_5_L": 26.49, "VOC_L": 19.17, "CO_L": 139.42, "SOX_L": 2.09, "PROJ_LIFE": 15, "GLOBALID": "{E9B243F8-17C1-4A97-8CA9-59A1097B54CC}"}, "geometry": {"type": "Point", "coordinates": [-74.20863992160501, 40.70802475085422]}}, {"type": "Feature", "properties": {"OBJECTID": 2249, "PROJ_ID": "DEP-EV-140", "PROJ_NAME": "Hudson County Improvement Authority", "PROG_NAME": "NJDEP Medium and Heavy Duty Electric Vehicle", "CITY": "JERSEY CITY", "STATE": "NJ", "ZIP": "07306", "REC_ENT": "Hudson County Improvement Authority", "SECTOR": "Local Government", "FUND_AG": "DEP", "PROJ_DES": "1 electric shuttle or paratransit bus", "LAT": 40.72790344, "LONG_": -74.06669003, "INITIATIVE": "Catalyze Clean, Equitable Transportation", "PROJ_COST": 271870, "RGGI_AMT": 177000, "CAL_YEAR": 2025, "STATUS": "Awarded", "ECON_AID": "Grant", "CO2E_AVOID": 42.0, "MMBTU_AVOID": 5717.7, "GAS_SAVED": null, "ADD_ELEC": 0.0, "R80X50": "Yes", "EJ": "Yes", "COST_EFF": 280.66, "NOX": 38.9, "PM10": 2.3, "PM2_5": 1.8, "VOC": 92.7, "CO": 1315.2, "SOX": 6.2, "RGGI_PCT": 65, "CO2E_AVOIDL": 630.7, "NOX_L": 582.9, "PM10_L": 34.6, "PM2_5_L": 27.1, "VOC_L": 1390.3, "CO_L": 19728.4, "SOX_L": 92.3, "PROJ_LIFE": 15, "GLOBALID": "{8E1491CE-D85C-4A3A-AB10-1393BC432508}"}, "geometry": {"type": "Point", "coordinates": [-74.06669146750765, 40.7279117399446]}}, {"type": "Feature", "properties": {"OBJECTID": 2250, "PROJ_ID": "DEP-T4S-74", "PROJ_NAME": "William Paterson University", "PROG_NAME": "Trees for Schools ", "CITY": "WAYNE TWP", "STATE": "NJ", "ZIP": "07470", "REC_ENT": "William Paterson University", "SECTOR": "Local Government", "FUND_AG": "DEP", "PROJ_DES": "Planting 150 trees", "LAT": 40.9476318, "LONG_": -74.19677949, "INITIATIVE": "Enhance Forests and Urban Forests", "PROJ_COST": 249797, "RGGI_AMT": 249797, "CAL_YEAR": 2025, "STATUS": "Selected", "ECON_AID": "Grant", "CO2E_AVOID": null, "MMBTU_AVOID": null, "GAS_SAVED": null, "ADD_ELEC": 61.7695, "R80X50": "Yes", "EJ": "Yes", "COST_EFF": 4044.01525, "NOX": null, "PM10": null, "PM2_5": null, "VOC": null, "CO": null, "SOX": null, "RGGI_PCT": 100, "CO2E_AVOIDL": null, "NOX_L": null, "PM10_L": null, "PM2_5_L": null, "VOC_L": null, "CO_L": null, "SOX_L": null, "PROJ_LIFE": null, "GLOBALID": "{CCCD73C4-0676-4817-9D9E-79BD01F7E228}"}, "geometry": {"type": "Point", "coordinates": [-74.19678098236763, 40.94764013812196]}}, {"type": "Feature", "properties": {"OBJECTID": 2251, "PROJ_ID": "DEP-T4S-65", "PROJ_NAME": "Readington Township School District", "PROG_NAME": "Trees for Schools ", "CITY": "READINGTON TWP", "STATE": "NJ", "ZIP": "08889", "REC_ENT": "Readington Township School District", "SECTOR": "Local Government", "FUND_AG": "DEP", "PROJ_DES": "Planting 750 trees", "LAT": 40.6046371, "LONG_": -74.7571147, "INITIATIVE": "Enhance Forests and Urban Forests", "PROJ_COST": 39463, "RGGI_AMT": 39463, "CAL_YEAR": 2025, "STATUS": "Selected", "ECON_AID": "Grant", "CO2E_AVOID": null, "MMBTU_AVOID": null, "GAS_SAVED": null, "ADD_ELEC": 441.3163, "R80X50": "Yes", "EJ": "No", "COST_EFF": 89.42112494, "NOX": null, "PM10": null, "PM2_5": null, "VOC": null, "CO": null, "SOX": null, "RGGI_PCT": 100, "CO2E_AVOIDL": null, "NOX_L": null, "PM10_L": null, "PM2_5_L": null, "VOC_L": null, "CO_L": null, "SOX_L": null, "PROJ_LIFE": null, "GLOBALID": "{414E56E4-A460-4A64-A2B7-B83DEFCECF9A}"}, "geometry": {"type": "Point", "coordinates": [-74.75711635047978, 40.60464535131329]}}, {"type": "Feature", "properties": {"OBJECTID": 2252, "PROJ_ID": "DEP-T4S-53", "PROJ_NAME": "Newark City School District", "PROG_NAME": "Trees for Schools ", "CITY": "NEWARK CITY", "STATE": "NJ", "ZIP": "07102", "REC_ENT": "Newark City School District", "SECTOR": "Local Government", "FUND_AG": "DEP", "PROJ_DES": "Planting 189 trees", "LAT": 40.7338363, "LONG_": -74.1827119, "INITIATIVE": "Enhance Forests and Urban Forests", "PROJ_COST": 249998, "RGGI_AMT": 249998, "CAL_YEAR": 2025, "STATUS": "Selected", "ECON_AID": "Grant", "CO2E_AVOID": null, "MMBTU_AVOID": null, "GAS_SAVED": null, "ADD_ELEC": 513.9957, "R80X50": "Yes", "EJ": "Yes", "COST_EFF": 486.3805281, "NOX": null, "PM10": null, "PM2_5": null, "VOC": null, "CO": null, "SOX": null, "RGGI_PCT": 100, "CO2E_AVOIDL": null, "NOX_L": null, "PM10_L": null, "PM2_5_L": null, "VOC_L": null, "CO_L": null, "SOX_L": null, "PROJ_LIFE": null, "GLOBALID": "{05C9E795-EEC8-47FC-AE21-2D84369CF20E}"}, "geometry": {"type": "Point", "coordinates": [-74.18271337510613, 40.733844597046456]}}, {"type": "Feature", "properties": {"OBJECTID": 2253, "PROJ_ID": "DEP-T4S-66", "PROJ_NAME": "Ridgewood Board of Education", "PROG_NAME": "Trees for Schools ", "CITY": "RIDGEWOOD VILLAGE", "STATE": "NJ", "ZIP": "07450", "REC_ENT": "Ridgewood Board of Education", "SECTOR": "Local Government", "FUND_AG": "DEP", "PROJ_DES": "Planting 65 trees", "LAT": 40.9798937, "LONG_": -74.1144171, "INITIATIVE": "Enhance Forests and Urban Forests", "PROJ_COST": 72000, "RGGI_AMT": 72000, "CAL_YEAR": 2025, "STATUS": "Selected", "ECON_AID": "Grant", "CO2E_AVOID": null, "MMBTU_AVOID": null, "GAS_SAVED": null, "ADD_ELEC": 40.2337, "R80X50": "Yes", "EJ": "Yes", "COST_EFF": 1789.544586, "NOX": null, "PM10": null, "PM2_5": null, "VOC": null, "CO": null, "SOX": null, "RGGI_PCT": 100, "CO2E_AVOIDL": null, "NOX_L": null, "PM10_L": null, "PM2_5_L": null, "VOC_L": null, "CO_L": null, "SOX_L": null, "PROJ_LIFE": null, "GLOBALID": "{D9EB172B-F533-413A-8427-7A60E5331CF7}"}, "geometry": {"type": "Point", "coordinates": [-74.11441856786068, 40.97990204710686]}}, {"type": "Feature", "properties": {"OBJECTID": 2254, "PROJ_ID": "DEP-ADMIN-EV-PF-18", "PROJ_NAME": "Hopatcong State Park", "PROG_NAME": "DEP State Offices - Lead By Example", "CITY": "ROXBURY TWP", "STATE": "NJ", "ZIP": "07850", "REC_ENT": "Hopatcong State Park", "SECTOR": "State Government", "FUND_AG": "DEP", "PROJ_DES": "1 electric Medium Duty Pick up and 1 charger", "LAT": 40.91621856, "LONG_": -74.6650602, "INITIATIVE": "Catalyze Clean, Equitable Transportation", "PROJ_COST": 102000, "RGGI_AMT": 102000, "CAL_YEAR": 2025, "STATUS": "Awarded", "ECON_AID": "Other", "CO2E_AVOID": 3.56175622, "MMBTU_AVOID": 466.3931532, "GAS_SAVED": null, "ADD_ELEC": null, "R80X50": "Yes", "EJ": "Yes", "COST_EFF": 1909.17053, "NOX": 2.1, "PM10": 0.3, "PM2_5": 0.2, "VOC": 3.6, "CO": 14.0, "SOX": 0.6, "RGGI_PCT": 100, "CO2E_AVOIDL": 53.42634322, "NOX_L": 31.6, "PM10_L": 4.0, "PM2_5_L": 2.5, "VOC_L": 53.9, "CO_L": 209.8, "SOX_L": 8.4, "PROJ_LIFE": 15, "GLOBALID": "{6BDAAAA1-7C40-41FE-A300-9A24036FBB4D}"}, "geometry": {"type": "Point", "coordinates": [-74.66506184070835, 40.91622687526642]}}, {"type": "Feature", "properties": {"OBJECTID": 2255, "PROJ_ID": "DEP-T4S-71", "PROJ_NAME": "Upper Freehold Regional School District", "PROG_NAME": "Trees for Schools ", "CITY": "UPPER FREEHOLD TWP", "STATE": "NJ", "ZIP": "08501", "REC_ENT": "Upper Freehold Regional School District", "SECTOR": "Local Government", "FUND_AG": "DEP", "PROJ_DES": "Planting 140 trees", "LAT": 40.174405, "LONG_": -74.5228916, "INITIATIVE": "Enhance Forests and Urban Forests", "PROJ_COST": 117300, "RGGI_AMT": 117300, "CAL_YEAR": 2025, "STATUS": "Selected", "ECON_AID": "Grant", "CO2E_AVOID": null, "MMBTU_AVOID": null, "GAS_SAVED": null, "ADD_ELEC": 70.6261, "R80X50": "Yes", "EJ": "No", "COST_EFF": 1660.859088, "NOX": null, "PM10": null, "PM2_5": null, "VOC": null, "CO": null, "SOX": null, "RGGI_PCT": 100, "CO2E_AVOIDL": null, "NOX_L": null, "PM10_L": null, "PM2_5_L": null, "VOC_L": null, "CO_L": null, "SOX_L": null, "PROJ_LIFE": null, "GLOBALID": "{18F6B70F-E04E-442F-A200-D541C3BA01CF}"}, "geometry": {"type": "Point", "coordinates": [-74.52289314991556, 40.174413174922506]}}, {"type": "Feature", "properties": {"OBJECTID": 2256, "PROJ_ID": "DEP-T4S-70", "PROJ_NAME": "The College of New Jersey", "PROG_NAME": "Trees for Schools ", "CITY": "EWING TWP", "STATE": "NJ", "ZIP": "08638", "REC_ENT": "The College of New Jersey", "SECTOR": "Local Government", "FUND_AG": "DEP", "PROJ_DES": "Planting 325 trees", "LAT": 40.268479, "LONG_": -74.77763329, "INITIATIVE": "Enhance Forests and Urban Forests", "PROJ_COST": 250000, "RGGI_AMT": 250000, "CAL_YEAR": 2025, "STATUS": "Selected", "ECON_AID": "Grant", "CO2E_AVOID": null, "MMBTU_AVOID": null, "GAS_SAVED": null, "ADD_ELEC": 624.5432, "R80X50": "Yes", "EJ": "Yes", "COST_EFF": 400.2925658, "NOX": null, "PM10": null, "PM2_5": null, "VOC": null, "CO": null, "SOX": null, "RGGI_PCT": 100, "CO2E_AVOIDL": null, "NOX_L": null, "PM10_L": null, "PM2_5_L": null, "VOC_L": null, "CO_L": null, "SOX_L": null, "PROJ_LIFE": null, "GLOBALID": "{10313FA1-2E95-4480-9E6C-E25D232165A6}"}, "geometry": {"type": "Point", "coordinates": [-74.77763492654621, 40.2684871846211]}}, {"type": "Feature", "properties": {"OBJECTID": 2257, "PROJ_ID": "DEP-EV-148", "PROJ_NAME": "Atlantic County - Community EV Charging", "PROG_NAME": "NJDEP Supplemental Local Gov't Electrification Grants", "CITY": "ATLANTIC CITY", "STATE": "NJ", "ZIP": "08401", "REC_ENT": "Atlantic County", "SECTOR": "Local Government", "FUND_AG": "DEP", "PROJ_DES": "supporting the purchase and installation of DCFC and Level 2 chargers open exclusively to the public", "LAT": 39.36274608, "LONG_": -74.42807362, "INITIATIVE": "Catalyze Clean, Equitable Transportation", "PROJ_COST": 1000000, "RGGI_AMT": 1000000, "CAL_YEAR": 2025, "STATUS": "Selected", "ECON_AID": "Grant", "CO2E_AVOID": null, "MMBTU_AVOID": null, "GAS_SAVED": null, "ADD_ELEC": null, "R80X50": "Yes", "EJ": "Yes", "COST_EFF": null, "NOX": null, "PM10": null, "PM2_5": null, "VOC": null, "CO": null, "SOX": null, "RGGI_PCT": 100, "CO2E_AVOIDL": null, "NOX_L": null, "PM10_L": null, "PM2_5_L": null, "VOC_L": null, "CO_L": null, "SOX_L": null, "PROJ_LIFE": 15, "GLOBALID": "{6BBD017B-4ACC-41C1-8FEC-7E3F4B97FA21}"}, "geometry": {"type": "Point", "coordinates": [-74.42807509271789, 39.36275409604935]}}, {"type": "Feature", "properties": {"OBJECTID": 2258, "PROJ_ID": "DEP-EV-150", "PROJ_NAME": "GOTrenton! Electric Rideshare & Shuttle Program expansion", "PROG_NAME": "NJDEP eMobility", "CITY": "TRENTON CITY", "STATE": "NJ", "ZIP": "08618", "REC_ENT": "Isles, Inc.", "SECTOR": "Local Government", "FUND_AG": "DEP", "PROJ_DES": "6 light-duty electric vehicles added to existing rideshare and shuttle program and continued program operation.", "LAT": 40.224814, "LONG_": -74.759662, "INITIATIVE": "Catalyze Clean, Equitable Transportation", "PROJ_COST": 1500000, "RGGI_AMT": 1500000, "CAL_YEAR": 2025, "STATUS": "Selected", "ECON_AID": "Grant", "CO2E_AVOID": 16.79862392, "MMBTU_AVOID": 2207.869794, "GAS_SAVED": null, "ADD_ELEC": null, "R80X50": "Yes", "EJ": "Yes", "COST_EFF": 5952.868547, "NOX": 11.82828126, "PM10": 1.33907615, "PM2_5": 0.89411218, "VOC": 20.69747916, "CO": 138.3583041, "SOX": 2.43854334, "RGGI_PCT": 100, "CO2E_AVOIDL": 251.9793589, "NOX_L": 177.4242188, "PM10_L": 20.08614232, "PM2_5_L": 13.41168266, "VOC_L": 310.4621874, "CO_L": 2075.374562, "SOX_L": 36.57815014, "PROJ_LIFE": 15, "GLOBALID": "{A25DA9CC-A8A1-480B-9628-8A019B0949F7}"}, "geometry": {"type": "Point", "coordinates": [-74.75966362837937, 40.224822176533486]}}, {"type": "Feature", "properties": {"OBJECTID": 2259, "PROJ_ID": "DEP-T4S-43", "PROJ_NAME": "Hamilton Township School District", "PROG_NAME": "Trees for Schools ", "CITY": "HAMILTON TWP", "STATE": "NJ", "ZIP": "08619", "REC_ENT": "Hamilton Township School District", "SECTOR": "Local Government", "FUND_AG": "DEP", "PROJ_DES": "Planting 17 trees", "LAT": 40.2050783, "LONG_": -74.6751731, "INITIATIVE": "Enhance Forests and Urban Forests", "PROJ_COST": 23000, "RGGI_AMT": 23000, "CAL_YEAR": 2025, "STATUS": "Selected", "ECON_AID": "Grant", "CO2E_AVOID": null, "MMBTU_AVOID": null, "GAS_SAVED": null, "ADD_ELEC": 12.6044, "R80X50": "Yes", "EJ": "Yes", "COST_EFF": 1824.759608, "NOX": null, "PM10": null, "PM2_5": null, "VOC": null, "CO": null, "SOX": null, "RGGI_PCT": 100, "CO2E_AVOIDL": null, "NOX_L": null, "PM10_L": null, "PM2_5_L": null, "VOC_L": null, "CO_L": null, "SOX_L": null, "PROJ_LIFE": null, "GLOBALID": "{EA5235A4-4E8B-4485-9BF9-C55A6A96EDEF}"}, "geometry": {"type": "Point", "coordinates": [-74.67517470017951, 40.205086475780305]}}, {"type": "Feature", "properties": {"OBJECTID": 2260, "PROJ_ID": "DEP-T4S-67", "PROJ_NAME": "South River Borough School District", "PROG_NAME": "Trees for Schools ", "CITY": "SOUTH RIVER BORO", "STATE": "NJ", "ZIP": "08882", "REC_ENT": "South River Borough School District", "SECTOR": "Local Government", "FUND_AG": "DEP", "PROJ_DES": "Planting 20 trees", "LAT": 40.438436, "LONG_": -74.3763415, "INITIATIVE": "Enhance Forests and Urban Forests", "PROJ_COST": 54219, "RGGI_AMT": 54219, "CAL_YEAR": 2025, "STATUS": "Selected", "ECON_AID": "Grant", "CO2E_AVOID": null, "MMBTU_AVOID": null, "GAS_SAVED": null, "ADD_ELEC": 33.643, "R80X50": "Yes", "EJ": "No", "COST_EFF": 1611.598252, "NOX": null, "PM10": null, "PM2_5": null, "VOC": null, "CO": null, "SOX": null, "RGGI_PCT": 100, "CO2E_AVOIDL": null, "NOX_L": null, "PM10_L": null, "PM2_5_L": null, "VOC_L": null, "CO_L": null, "SOX_L": null, "PROJ_LIFE": null, "GLOBALID": "{39FA071D-74BB-455B-AE50-A56FA57840FE}"}, "geometry": {"type": "Point", "coordinates": [-74.37634301899523, 40.43844423215618]}}, {"type": "Feature", "properties": {"OBJECTID": 2261, "PROJ_ID": "DEP-T4S-59", "PROJ_NAME": "Paulsboro High School", "PROG_NAME": "Trees for Schools ", "CITY": "PAULSBORO BORO", "STATE": "NJ", "ZIP": "08066", "REC_ENT": "Paulsboro High School", "SECTOR": "Local Government", "FUND_AG": "DEP", "PROJ_DES": "Planting 12 trees", "LAT": 39.8368692, "LONG_": -75.2448026, "INITIATIVE": "Enhance Forests and Urban Forests", "PROJ_COST": 10000, "RGGI_AMT": 10000, "CAL_YEAR": 2025, "STATUS": "Selected", "ECON_AID": "Grant", "CO2E_AVOID": null, "MMBTU_AVOID": null, "GAS_SAVED": null, "ADD_ELEC": 11.2213, "R80X50": "Yes", "EJ": "Yes", "COST_EFF": 891.162343, "NOX": null, "PM10": null, "PM2_5": null, "VOC": null, "CO": null, "SOX": null, "RGGI_PCT": 100, "CO2E_AVOIDL": null, "NOX_L": null, "PM10_L": null, "PM2_5_L": null, "VOC_L": null, "CO_L": null, "SOX_L": null, "PROJ_LIFE": null, "GLOBALID": "{50AA265F-3F92-4609-BA7A-981856AF1A34}"}, "geometry": {"type": "Point", "coordinates": [-75.24480435891758, 39.83687728245869]}}, {"type": "Feature", "properties": {"OBJECTID": 2262, "PROJ_ID": "DEP-T4S-69", "PROJ_NAME": "Springfield Township School District", "PROG_NAME": "Trees for Schools ", "CITY": "SPRINGFIELD TWP", "STATE": "NJ", "ZIP": "08041", "REC_ENT": "Springfield Township School District", "SECTOR": "Local Government", "FUND_AG": "DEP", "PROJ_DES": "Planting 46 trees", "LAT": 40.699863, "LONG_": -74.32941989, "INITIATIVE": "Enhance Forests and Urban Forests", "PROJ_COST": 10364, "RGGI_AMT": 10364, "CAL_YEAR": 2025, "STATUS": "Selected", "ECON_AID": "Grant", "CO2E_AVOID": null, "MMBTU_AVOID": null, "GAS_SAVED": null, "ADD_ELEC": 41.452, "R80X50": "Yes", "EJ": "No", "COST_EFF": 250.0231593, "NOX": null, "PM10": null, "PM2_5": null, "VOC": null, "CO": null, "SOX": null, "RGGI_PCT": 100, "CO2E_AVOIDL": null, "NOX_L": null, "PM10_L": null, "PM2_5_L": null, "VOC_L": null, "CO_L": null, "SOX_L": null, "PROJ_LIFE": null, "GLOBALID": "{CAB05E96-B3AB-49B3-942E-6E0D6709015A}"}, "geometry": {"type": "Point", "coordinates": [-74.32942140978811, 40.699871285216176]}}, {"type": "Feature", "properties": {"OBJECTID": 2263, "PROJ_ID": "PROD-00321881", "PROJ_NAME": "Edison Plaza Realty LLC", "PROG_NAME": "NJ Cool", "CITY": "EDISON TWP", "STATE": "NJ", "ZIP": "08837", "REC_ENT": "Edison Plaza Realty LLC", "SECTOR": "Commercial/Industrial", "FUND_AG": "EDA", "PROJ_DES": "Replace existing high-GWP chiller system with low-GWP system with multi-chiller controller.  Replace 3 Air Handling Units with chilled water coils. ", "LAT": 40.54675979, "LONG_": -74.3313664, "INITIATIVE": "Accelerate Healthy Homes and Building Decarb", "PROJ_COST": 2120010, "RGGI_AMT": 1000000, "CAL_YEAR": 2025, "STATUS": "Selected", "ECON_AID": "Grant", "CO2E_AVOID": 30.2, "MMBTU_AVOID": 6894.23217, "GAS_SAVED": null, "ADD_ELEC": null, "R80X50": "Yes", "EJ": "Yes", "COST_EFF": 2206.044562, "NOX": 0.0, "PM10": 0.0, "PM2_5": 0.0, "VOC": 0.0, "CO": 0.0, "SOX": 0.0, "RGGI_PCT": 47, "CO2E_AVOIDL": 453.3, "NOX_L": 0.0, "PM10_L": 0.0, "PM2_5_L": 0.0, "VOC_L": 0.0, "CO_L": 0.0, "SOX_L": 0.0, "PROJ_LIFE": 15, "GLOBALID": "{79574B7D-835F-437E-BD29-D9D843F7DE59}"}, "geometry": {"type": "Point", "coordinates": [-74.33136791129937, 40.54676804507803]}}, {"type": "Feature", "properties": {"OBJECTID": 2264, "PROJ_ID": "DEP-T4S-60", "PROJ_NAME": "Pittsgrove Township School District", "PROG_NAME": "Trees for Schools ", "CITY": "PITTSGROVE TWP", "STATE": "NJ", "ZIP": "08318", "REC_ENT": "Pittsgrove Township School District", "SECTOR": "Local Government", "FUND_AG": "DEP", "PROJ_DES": "Planting 350 trees", "LAT": 39.5314846, "LONG_": -75.1311874, "INITIATIVE": "Enhance Forests and Urban Forests", "PROJ_COST": 59029, "RGGI_AMT": 59029, "CAL_YEAR": 2025, "STATUS": "Selected", "ECON_AID": "Grant", "CO2E_AVOID": null, "MMBTU_AVOID": null, "GAS_SAVED": null, "ADD_ELEC": 530.4131, "R80X50": "Yes", "EJ": "Yes", "COST_EFF": 111.2882016, "NOX": null, "PM10": null, "PM2_5": null, "VOC": null, "CO": null, "SOX": null, "RGGI_PCT": 100, "CO2E_AVOIDL": null, "NOX_L": null, "PM10_L": null, "PM2_5_L": null, "VOC_L": null, "CO_L": null, "SOX_L": null, "PROJ_LIFE": null, "GLOBALID": "{F6A6B797-4ACE-41ED-B7CA-A4F8C9F3DFA4}"}, "geometry": {"type": "Point", "coordinates": [-75.13118910475393, 39.531492625578736]}}, {"type": "Feature", "properties": {"OBJECTID": 2265, "PROJ_ID": "DEP-T4S-35", "PROJ_NAME": "Atlantic County Institute of Technology", "PROG_NAME": "Trees for Schools ", "CITY": "HAMILTON TWP", "STATE": "NJ", "ZIP": "08330", "REC_ENT": "Atlantic County Institute of Technology", "SECTOR": "Local Government", "FUND_AG": "DEP", "PROJ_DES": "Planting 97 trees", "LAT": 39.4419238, "LONG_": -74.6964179, "INITIATIVE": "Enhance Forests and Urban Forests", "PROJ_COST": 130845, "RGGI_AMT": 130845, "CAL_YEAR": 2025, "STATUS": "Selected", "ECON_AID": "Grant", "CO2E_AVOID": null, "MMBTU_AVOID": null, "GAS_SAVED": null, "ADD_ELEC": 53.2282, "R80X50": "Yes", "EJ": "Yes", "COST_EFF": 2458.189456, "NOX": null, "PM10": null, "PM2_5": null, "VOC": null, "CO": null, "SOX": null, "RGGI_PCT": 100, "CO2E_AVOIDL": null, "NOX_L": null, "PM10_L": null, "PM2_5_L": null, "VOC_L": null, "CO_L": null, "SOX_L": null, "PROJ_LIFE": null, "GLOBALID": "{DE74A326-5E65-4883-B0A3-10C59F82E0BC}"}, "geometry": {"type": "Point", "coordinates": [-74.69641946228465, 39.44193182280789]}}, {"type": "Feature", "properties": {"OBJECTID": 2266, "PROJ_ID": "DEP-ADMIN-EV-FW11", "PROJ_NAME": "Colliers Mills WMA", "PROG_NAME": "DEP State Offices - Lead By Example", "CITY": "PLUMSTED TWP", "STATE": "NJ", "ZIP": "08533", "REC_ENT": "Colliers Mills WMA", "SECTOR": "State Government", "FUND_AG": "DEP", "PROJ_DES": "1 electric Medium Duty Pick up and 1 charger", "LAT": 40.07021333, "LONG_": -74.44966845, "INITIATIVE": "Catalyze Clean, Equitable Transportation", "PROJ_COST": 102000, "RGGI_AMT": 102000, "CAL_YEAR": 2025, "STATUS": "Awarded", "ECON_AID": "Other", "CO2E_AVOID": 7.12348743, "MMBTU_AVOID": 932.7863064, "GAS_SAVED": null, "ADD_ELEC": null, "R80X50": "Yes", "EJ": "No", "COST_EFF": 954.5886157, "NOX": 4.2088675, "PM10": 0.52748749, "PM2_5": 0.33504475, "VOC": 7.19228847, "CO": 27.97225178, "SOX": 1.11661123, "RGGI_PCT": 100, "CO2E_AVOIDL": 106.8523114, "NOX_L": 63.13301247, "PM10_L": 7.9123123, "PM2_5_L": 5.02567117, "VOC_L": 107.884327, "CO_L": 419.5837768, "SOX_L": 16.74916837, "PROJ_LIFE": 15, "GLOBALID": "{F0CE0B86-90C5-4992-8CA6-2FC9354EEFE4}"}, "geometry": {"type": "Point", "coordinates": [-74.44966997045195, 40.07022148684809]}}, {"type": "Feature", "properties": {"OBJECTID": 2267, "PROJ_ID": "DEP-T4S-39", "PROJ_NAME": "Englewood Public School District", "PROG_NAME": "Trees for Schools ", "CITY": "ENGLEWOOD CITY", "STATE": "NJ", "ZIP": "07631", "REC_ENT": "Englewood Public School District", "SECTOR": "Local Government", "FUND_AG": "DEP", "PROJ_DES": "Planting 80 trees", "LAT": 40.9076004, "LONG_": -73.9827804, "INITIATIVE": "Enhance Forests and Urban Forests", "PROJ_COST": 79760, "RGGI_AMT": 79760, "CAL_YEAR": 2025, "STATUS": "Selected", "ECON_AID": "Grant", "CO2E_AVOID": null, "MMBTU_AVOID": null, "GAS_SAVED": null, "ADD_ELEC": 83.4439, "R80X50": "Yes", "EJ": "Yes", "COST_EFF": 955.8517759, "NOX": null, "PM10": null, "PM2_5": null, "VOC": null, "CO": null, "SOX": null, "RGGI_PCT": 100, "CO2E_AVOIDL": null, "NOX_L": null, "PM10_L": null, "PM2_5_L": null, "VOC_L": null, "CO_L": null, "SOX_L": null, "PROJ_LIFE": null, "GLOBALID": "{5767D78E-AF76-4274-BC74-1B9ADC8452CC}"}, "geometry": {"type": "Point", "coordinates": [-73.98278182128401, 40.90760873791243]}}, {"type": "Feature", "properties": {"OBJECTID": 2268, "PROJ_ID": "DEP-ADMIN-EV-PF-20", "PROJ_NAME": "Barnegat Lighthouse State Park", "PROG_NAME": "DEP State Offices - Lead By Example", "CITY": "BARNEGAT LIGHT BORO", "STATE": "NJ", "ZIP": "08006", "REC_ENT": "Barnegat Lighthouse State Park", "SECTOR": "State Government", "FUND_AG": "DEP", "PROJ_DES": "1 electric Medium Duty Pick up and 1 charger", "LAT": 39.76331237, "LONG_": -74.10601764, "INITIATIVE": "Catalyze Clean, Equitable Transportation", "PROJ_COST": 102000, "RGGI_AMT": 102000, "CAL_YEAR": 2025, "STATUS": "Awarded", "ECON_AID": "Other", "CO2E_AVOID": 3.56175622, "MMBTU_AVOID": 466.3931532, "GAS_SAVED": null, "ADD_ELEC": null, "R80X50": "Yes", "EJ": "No", "COST_EFF": 1909.17053, "NOX": 2.10445452, "PM10": 0.26374521, "PM2_5": 0.16752372, "VOC": 3.59614904, "CO": 13.98614261, "SOX": 0.558311, "RGGI_PCT": 100, "CO2E_AVOIDL": 53.42634322, "NOX_L": 31.56681786, "PM10_L": 3.95617815, "PM2_5_L": 2.51285583, "VOC_L": 53.94223565, "CO_L": 209.7921392, "SOX_L": 8.37466504, "PROJ_LIFE": 15, "GLOBALID": "{EF4C384D-8A84-4E73-93E9-64347F37C9D3}"}, "geometry": {"type": "Point", "coordinates": [-74.10601903330823, 39.76332047766165]}}, {"type": "Feature", "properties": {"OBJECTID": 2269, "PROJ_ID": "DEP-T4S-41", "PROJ_NAME": "Freehold Regional High School District", "PROG_NAME": "Trees for Schools ", "CITY": "FREEHOLD BORO", "STATE": "NJ", "ZIP": "07728", "REC_ENT": "Freehold Regional High School District", "SECTOR": "Local Government", "FUND_AG": "DEP", "PROJ_DES": "Planting 7 trees", "LAT": 40.2982721, "LONG_": -74.3566384, "INITIATIVE": "Enhance Forests and Urban Forests", "PROJ_COST": 50000, "RGGI_AMT": 50000, "CAL_YEAR": 2025, "STATUS": "Selected", "ECON_AID": "Grant", "CO2E_AVOID": null, "MMBTU_AVOID": null, "GAS_SAVED": null, "ADD_ELEC": 7.9253, "R80X50": "Yes", "EJ": "No", "COST_EFF": 6308.909442, "NOX": null, "PM10": null, "PM2_5": null, "VOC": null, "CO": null, "SOX": null, "RGGI_PCT": 100, "CO2E_AVOIDL": null, "NOX_L": null, "PM10_L": null, "PM2_5_L": null, "VOC_L": null, "CO_L": null, "SOX_L": null, "PROJ_LIFE": null, "GLOBALID": "{FEDC4329-51B7-4D30-9398-C74A67E2A2E1}"}, "geometry": {"type": "Point", "coordinates": [-74.35663990423305, 40.29828030520677]}}, {"type": "Feature", "properties": {"OBJECTID": 2270, "PROJ_ID": "DEP-T4S-55", "PROJ_NAME": "Ocean County College", "PROG_NAME": "Trees for Schools ", "CITY": "TOMS RIVER TWP", "STATE": "NJ", "ZIP": "08754", "REC_ENT": "Ocean County College", "SECTOR": "Local Government", "FUND_AG": "DEP", "PROJ_DES": "Planting 28 trees", "LAT": 40.0086614, "LONG_": -74.1645053, "INITIATIVE": "Enhance Forests and Urban Forests", "PROJ_COST": 19460, "RGGI_AMT": 19460, "CAL_YEAR": 2025, "STATUS": "Selected", "ECON_AID": "Grant", "CO2E_AVOID": null, "MMBTU_AVOID": null, "GAS_SAVED": null, "ADD_ELEC": 28.0594, "R80X50": "Yes", "EJ": "No", "COST_EFF": 693.5287283, "NOX": null, "PM10": null, "PM2_5": null, "VOC": null, "CO": null, "SOX": null, "RGGI_PCT": 100, "CO2E_AVOIDL": null, "NOX_L": null, "PM10_L": null, "PM2_5_L": null, "VOC_L": null, "CO_L": null, "SOX_L": null, "PROJ_LIFE": null, "GLOBALID": "{16E596F8-B347-47DE-ADD2-6BD711C9B6DC}"}, "geometry": {"type": "Point", "coordinates": [-74.1645067260474, 40.008669554482566]}}, {"type": "Feature", "properties": {"OBJECTID": 2271, "PROJ_ID": "DEP-EV-146", "PROJ_NAME": "City of Jersey City - Community EV Charging", "PROG_NAME": "NJDEP Supplemental Local Gov't Electrification Grants", "CITY": "JERSEY CITY", "STATE": "NJ", "ZIP": "07302", "REC_ENT": "City of Jersey City", "SECTOR": "Local Government", "FUND_AG": "DEP", "PROJ_DES": "supporting the purchase and installation of DCFC and Level 2 chargers open exclusively to the public", "LAT": 40.71811097, "LONG_": -74.04296516, "INITIATIVE": "Catalyze Clean, Equitable Transportation", "PROJ_COST": 1000000, "RGGI_AMT": 1000000, "CAL_YEAR": 2025, "STATUS": "Selected", "ECON_AID": "Grant", "CO2E_AVOID": null, "MMBTU_AVOID": null, "GAS_SAVED": null, "ADD_ELEC": null, "R80X50": "Yes", "EJ": "Yes", "COST_EFF": null, "NOX": null, "PM10": null, "PM2_5": null, "VOC": null, "CO": null, "SOX": null, "RGGI_PCT": 100, "CO2E_AVOIDL": null, "NOX_L": null, "PM10_L": null, "PM2_5_L": null, "VOC_L": null, "CO_L": null, "SOX_L": null, "PROJ_LIFE": 15, "GLOBALID": "{FDFEA606-561F-4D7A-9AC9-0007DB533824}"}, "geometry": {"type": "Point", "coordinates": [-74.04296658903942, 40.71811926867233]}}, {"type": "Feature", "properties": {"OBJECTID": 2272, "PROJ_ID": "DEP-T4S-49", "PROJ_NAME": "Madison Borough School District", "PROG_NAME": "Trees for Schools ", "CITY": "MADISON BORO", "STATE": "NJ", "ZIP": "07940", "REC_ENT": "Madison Borough School District", "SECTOR": "Local Government", "FUND_AG": "DEP", "PROJ_DES": "Planting 56 trees", "LAT": 40.7607015, "LONG_": -74.41152459, "INITIATIVE": "Enhance Forests and Urban Forests", "PROJ_COST": 91200, "RGGI_AMT": 91200, "CAL_YEAR": 2025, "STATUS": "Selected", "ECON_AID": "Grant", "CO2E_AVOID": null, "MMBTU_AVOID": null, "GAS_SAVED": null, "ADD_ELEC": 47.1868, "R80X50": "Yes", "EJ": "Yes", "COST_EFF": 1932.743903, "NOX": null, "PM10": null, "PM2_5": null, "VOC": null, "CO": null, "SOX": null, "RGGI_PCT": 100, "CO2E_AVOIDL": null, "NOX_L": null, "PM10_L": null, "PM2_5_L": null, "VOC_L": null, "CO_L": null, "SOX_L": null, "PROJ_LIFE": null, "GLOBALID": "{01FE8DA6-6DF6-4020-9CFA-FA74D5FECBB3}"}, "geometry": {"type": "Point", "coordinates": [-74.41152613968549, 40.76070979411943]}}, {"type": "Feature", "properties": {"OBJECTID": 2273, "PROJ_ID": "DEP-T4S-63", "PROJ_NAME": "Rancocas Valley Regional High School", "PROG_NAME": "Trees for Schools ", "CITY": "MOUNT HOLLY TWP", "STATE": "NJ", "ZIP": "08060", "REC_ENT": "Rancocas Valley Regional High School", "SECTOR": "Local Government", "FUND_AG": "DEP", "PROJ_DES": "Planting 249 trees", "LAT": 40.0026249, "LONG_": -74.782506, "INITIATIVE": "Enhance Forests and Urban Forests", "PROJ_COST": 104075, "RGGI_AMT": 104075, "CAL_YEAR": 2025, "STATUS": "Selected", "ECON_AID": "Grant", "CO2E_AVOID": null, "MMBTU_AVOID": null, "GAS_SAVED": null, "ADD_ELEC": 169.3195, "R80X50": "Yes", "EJ": "Yes", "COST_EFF": 614.6663556, "NOX": null, "PM10": null, "PM2_5": null, "VOC": null, "CO": null, "SOX": null, "RGGI_PCT": 100, "CO2E_AVOIDL": null, "NOX_L": null, "PM10_L": null, "PM2_5_L": null, "VOC_L": null, "CO_L": null, "SOX_L": null, "PROJ_LIFE": null, "GLOBALID": "{E86D2EF0-EFF0-43D7-B5CE-951BB61D5A03}"}, "geometry": {"type": "Point", "coordinates": [-74.78250762222399, 40.0026330318155]}}, {"type": "Feature", "properties": {"OBJECTID": 2274, "PROJ_ID": "DEP-EV-147", "PROJ_NAME": "City of Hoboken - Community EV Charging", "PROG_NAME": "NJDEP Supplemental Local Gov't Electrification Grants", "CITY": "HOBOKEN CITY", "STATE": "NJ", "ZIP": "07030", "REC_ENT": "City of Hoboken", "SECTOR": "Local Government", "FUND_AG": "DEP", "PROJ_DES": "supporting the purchase and installation of DCFC and Level 2 chargers open exclusively to the public", "LAT": 40.73738251, "LONG_": -74.03161158, "INITIATIVE": "Catalyze Clean, Equitable Transportation", "PROJ_COST": 1000000, "RGGI_AMT": 1000000, "CAL_YEAR": 2025, "STATUS": "Selected", "ECON_AID": "Grant", "CO2E_AVOID": null, "MMBTU_AVOID": null, "GAS_SAVED": null, "ADD_ELEC": null, "R80X50": "Yes", "EJ": "No", "COST_EFF": null, "NOX": null, "PM10": null, "PM2_5": null, "VOC": null, "CO": null, "SOX": null, "RGGI_PCT": 100, "CO2E_AVOIDL": null, "NOX_L": null, "PM10_L": null, "PM2_5_L": null, "VOC_L": null, "CO_L": null, "SOX_L": null, "PROJ_LIFE": 15, "GLOBALID": "{C7647C73-D66F-4191-B6E6-97EB06ACA042}"}, "geometry": {"type": "Point", "coordinates": [-74.03161300658569, 40.737390812817296]}}, {"type": "Feature", "properties": {"OBJECTID": 2275, "PROJ_ID": "DEP-T4S-73", "PROJ_NAME": "Wall Township School District", "PROG_NAME": "Trees for Schools ", "CITY": "WALL TWP", "STATE": "NJ", "ZIP": "07719", "REC_ENT": "Wall Township School District", "SECTOR": "Local Government", "FUND_AG": "DEP", "PROJ_DES": "Planting 70 trees", "LAT": 40.1642213, "LONG_": -74.0887576, "INITIATIVE": "Enhance Forests and Urban Forests", "PROJ_COST": 192005, "RGGI_AMT": 192005, "CAL_YEAR": 2025, "STATUS": "Selected", "ECON_AID": "Grant", "CO2E_AVOID": null, "MMBTU_AVOID": null, "GAS_SAVED": null, "ADD_ELEC": 85.4663, "R80X50": "Yes", "EJ": "No", "COST_EFF": 2246.558, "NOX": null, "PM10": null, "PM2_5": null, "VOC": null, "CO": null, "SOX": null, "RGGI_PCT": 100, "CO2E_AVOIDL": null, "NOX_L": null, "PM10_L": null, "PM2_5_L": null, "VOC_L": null, "CO_L": null, "SOX_L": null, "PROJ_LIFE": null, "GLOBALID": "{071E8E15-2D35-4186-A97F-13A20934B549}"}, "geometry": {"type": "Point", "coordinates": [-74.08875901105318, 40.16422948812532]}}, {"type": "Feature", "properties": {"OBJECTID": 2276, "PROJ_ID": "PROD-00321709", "PROJ_NAME": "VD AT RANDOLPH LLC (DBA Dunkin' Donuts)", "PROG_NAME": "NJ Cool", "CITY": "RANDOLPH TWP", "STATE": "NJ", "ZIP": "07869", "REC_ENT": "VD AT RANDOLPH LLC (DBA Dunkin' Donuts)", "SECTOR": "Commercial/Industrial", "FUND_AG": "EDA", "PROJ_DES": "Replace existing fossil fueled and high-GWP refrigerant systems with 3 hybrid heat pumps along with other energy efficiency measures", "LAT": 40.86460431, "LONG_": -74.55688119, "INITIATIVE": "Accelerate Healthy Homes and Building Decarb", "PROJ_COST": 553000, "RGGI_AMT": 261500, "CAL_YEAR": 2025, "STATUS": "Selected", "ECON_AID": "Grant", "CO2E_AVOID": 6.6, "MMBTU_AVOID": 4295.559855, "GAS_SAVED": null, "ADD_ELEC": null, "R80X50": "Yes", "EJ": "Yes", "COST_EFF": 2636.08871, "NOX": 3.9, "PM10": 0.9, "PM2_5": 0.9, "VOC": 0.7, "CO": 4.8, "SOX": 0.1, "RGGI_PCT": 47, "CO2E_AVOIDL": 99.2, "NOX_L": 58.3, "PM10_L": 13.8, "PM2_5_L": 13.8, "VOC_L": 10.0, "CO_L": 72.8, "SOX_L": 1.0, "PROJ_LIFE": 15, "GLOBALID": "{DCA7287C-F3C6-4EC6-9B3F-6ED4461D56A0}"}, "geometry": {"type": "Point", "coordinates": [-74.55688279288941, 40.86461261911713]}}, {"type": "Feature", "properties": {"OBJECTID": 2277, "PROJ_ID": "DEP-EV-02", "PROJ_NAME": "Kean University", "PROG_NAME": "NJDEP Medium and Heavy Duty Electric Vehicle", "CITY": "UNION TWP", "STATE": "NJ", "ZIP": "07083", "REC_ENT": "Kean University", "SECTOR": "Residential", "FUND_AG": "BPU", "PROJ_DES": "Purchase 2 electric buses and 3 electric trolleys\r\nPurchase 2 electric buses and 3 electric trolleys\r\n", "LAT": 40.679658, "LONG_": -74.234666, "INITIATIVE": "Catalyze Clean, Equitable Transportation", "PROJ_COST": 1950000, "RGGI_AMT": 1950000, "CAL_YEAR": 2021, "STATUS": "Awarded", "ECON_AID": "Grant", "CO2E_AVOID": 403.1, "MMBTU_AVOID": 51651.69, "GAS_SAVED": 0.0, "ADD_ELEC": 0.0, "R80X50": "Yes", "EJ": "Yes", "COST_EFF": 323.0, "NOX": 18.7, "PM10": 1.3, "PM2_5": 0.9, "VOC": 42.1, "CO": 539.4, "SOX": 55.5, "RGGI_PCT": 100, "CO2E_AVOIDL": 6046.3, "NOX_L": 279.9, "PM10_L": 19.3, "PM2_5_L": 14.2, "VOC_L": 631.0, "CO_L": 8091.1, "SOX_L": 832.1, "PROJ_LIFE": 15, "GLOBALID": "{F5D3BD40-7A36-40E7-BF0B-5986CB2A2126}"}, "geometry": {"type": "Point", "coordinates": [-74.2346675201693, 40.67966624188896]}}, {"type": "Feature", "properties": {"OBJECTID": 2278, "PROJ_ID": "NCS-2022-TNC-00089", "PROJ_NAME": "Restoring Salt Marsh Habitats at Lighthouse Center", "PROG_NAME": "Natural Climate Solutions", "CITY": "OCEAN TWP", "STATE": "NJ", "ZIP": null, "REC_ENT": "The Nature Conservancy", "SECTOR": "Local Government", "FUND_AG": "DEP", "PROJ_DES": "establishing a Living Shoreline and restoring 7.6 acres of tidal salt marsh vegetation. $928,056 to TNC and $834,922 to NJDOT for design &construction", "LAT": 39.7707341, "LONG_": -74.1923734, "INITIATIVE": "Promote Blue Carbon in Coastal Habitats", "PROJ_COST": 10251108, "RGGI_AMT": 1762978, "CAL_YEAR": 2023, "STATUS": "Awarded", "ECON_AID": "Grant", "CO2E_AVOID": 0.0, "MMBTU_AVOID": null, "GAS_SAVED": 1186.03, "ADD_ELEC": 0.0, "R80X50": "Yes", "EJ": "No", "COST_EFF": 1556.849321, "NOX": 0.0, "PM10": 0.0, "PM2_5": 0.0, "VOC": 0.0, "CO": 0.0, "SOX": 0.0, "RGGI_PCT": 17, "CO2E_AVOIDL": null, "NOX_L": 0.0, "PM10_L": 0.0, "PM2_5_L": 0.0, "VOC_L": 0.0, "CO_L": 0.0, "SOX_L": 0.0, "PROJ_LIFE": 27, "GLOBALID": "{82620F56-F265-47F2-A434-D12D5C97B9CD}"}, "geometry": {"type": "Point", "coordinates": [-74.1923748522011, 39.770742163241]}}, {"type": "Feature", "properties": {"OBJECTID": 2279, "PROJ_ID": "NCS-2022-The Trust for Public Land-00046", "PROJ_NAME": "Enhancing Camden\u2019s Canopy for Climate & Community", "PROG_NAME": "Natural Climate Solutions", "CITY": "CAMDEN CITY", "STATE": "NJ", "ZIP": null, "REC_ENT": "The Trust for Public Land", "SECTOR": "Local Government", "FUND_AG": "DEP", "PROJ_DES": "planting 1,015 new trees to enhance the urban forest canopy and water quality", "LAT": 39.9315062, "LONG_": -75.0977551, "INITIATIVE": "Enhance Forests and Urban Forests", "PROJ_COST": 1190113, "RGGI_AMT": 1035668, "CAL_YEAR": 2023, "STATUS": "Awarded", "ECON_AID": "Grant", "CO2E_AVOID": 0.0, "MMBTU_AVOID": null, "GAS_SAVED": 1494.027269, "ADD_ELEC": 0.0, "R80X50": "Yes", "EJ": "Yes", "COST_EFF": 693.2055537, "NOX": 0.0, "PM10": 0.0, "PM2_5": 0.0, "VOC": 0.0, "CO": 0.0, "SOX": 0.0, "RGGI_PCT": 87, "CO2E_AVOIDL": null, "NOX_L": 0.0, "PM10_L": 0.0, "PM2_5_L": 0.0, "VOC_L": 0.0, "CO_L": 0.0, "SOX_L": 0.0, "PROJ_LIFE": 27, "GLOBALID": "{50268A8D-548A-45DB-B9D3-FC43573BC722}"}, "geometry": {"type": "Point", "coordinates": [-75.0977568487282, 39.93151426334983]}}, {"type": "Feature", "properties": {"OBJECTID": 2280, "PROJ_ID": "NCS-2022-Brick-00076", "PROJ_NAME": "Forsythe Refuge Marsh Restoration", "PROG_NAME": "Natural Climate Solutions", "CITY": "BRICK TWP", "STATE": "NJ", "ZIP": null, "REC_ENT": "Township of Brick", "SECTOR": "Local Government", "FUND_AG": "DEP", "PROJ_DES": "establishing a Living Shoreline, and restoring 94.9 acres of tidal salt marsh vegetation", "LAT": 40.0402013, "LONG_": -74.0691639, "INITIATIVE": "Promote Blue Carbon in Coastal Habitats", "PROJ_COST": 4991896, "RGGI_AMT": 4991896, "CAL_YEAR": 2023, "STATUS": "Awarded", "ECON_AID": "Grant", "CO2E_AVOID": 0.0, "MMBTU_AVOID": null, "GAS_SAVED": 5861.268707, "ADD_ELEC": 0.0, "R80X50": "Yes", "EJ": "No", "COST_EFF": 852.5669407, "NOX": 0.0, "PM10": 0.0, "PM2_5": 0.0, "VOC": 0.0, "CO": 0.0, "SOX": 0.0, "RGGI_PCT": 100, "CO2E_AVOIDL": null, "NOX_L": 0.0, "PM10_L": 0.0, "PM2_5_L": 0.0, "VOC_L": 0.0, "CO_L": 0.0, "SOX_L": 0.0, "PROJ_LIFE": 27, "GLOBALID": "{8EDB8988-56C9-4B69-B393-9CAA2E1C2741}"}, "geometry": {"type": "Point", "coordinates": [-74.06916532870677, 40.0402094213745]}}, {"type": "Feature", "properties": {"OBJECTID": 2281, "PROJ_ID": "NCS-2022-Prince-00050", "PROJ_NAME": "Community Park North Forest Restoration", "PROG_NAME": "Natural Climate Solutions", "CITY": "PRINCETON", "STATE": "NJ", "ZIP": null, "REC_ENT": "Municipality of Princeton", "SECTOR": "Local Government", "FUND_AG": "DEP", "PROJ_DES": "restoring 45 acres of forest and planting 4,141 new trees", "LAT": 40.3615729, "LONG_": -74.6701313, "INITIATIVE": "Enhance Forests and Urban Forests", "PROJ_COST": 695980, "RGGI_AMT": 552000, "CAL_YEAR": 2023, "STATUS": "Awarded", "ECON_AID": "Grant", "CO2E_AVOID": 0.0, "MMBTU_AVOID": null, "GAS_SAVED": 3386.127184, "ADD_ELEC": 0.0, "R80X50": "Yes", "EJ": "Yes", "COST_EFF": 163.0180941, "NOX": 0.0, "PM10": 0.0, "PM2_5": 0.0, "VOC": 0.0, "CO": 0.0, "SOX": 0.0, "RGGI_PCT": 79, "CO2E_AVOIDL": null, "NOX_L": 0.0, "PM10_L": 0.0, "PM2_5_L": 0.0, "VOC_L": 0.0, "CO_L": 0.0, "SOX_L": 0.0, "PROJ_LIFE": 27, "GLOBALID": "{9EB643DE-28A5-40A8-A4E8-59BA5317FDB0}"}, "geometry": {"type": "Point", "coordinates": [-74.67013293903224, 40.36158106382052]}}, {"type": "Feature", "properties": {"OBJECTID": 2282, "PROJ_ID": "NCS-2022-Kearny-00074", "PROJ_NAME": "Kearny Urban Forest Canopy & Stormwater Mitigation", "PROG_NAME": "Natural Climate Solutions", "CITY": "KEARNY TOWN", "STATE": "NJ", "ZIP": null, "REC_ENT": "Town of Kearny", "SECTOR": "Local Government", "FUND_AG": "DEP", "PROJ_DES": "planting 300 new trees in street bioswales to enhance the urban forest canopy and water quality", "LAT": 40.76571, "LONG_": -74.1450644, "INITIATIVE": "Enhance Forests and Urban Forests", "PROJ_COST": 554063, "RGGI_AMT": 503694, "CAL_YEAR": 2023, "STATUS": "Awarded", "ECON_AID": "Grant", "CO2E_AVOID": 0.0, "MMBTU_AVOID": null, "GAS_SAVED": 418.1299909, "ADD_ELEC": 0.0, "R80X50": "Yes", "EJ": "Yes", "COST_EFF": 1204.634948, "NOX": 0.0, "PM10": 0.0, "PM2_5": 0.0, "VOC": 0.0, "CO": 0.0, "SOX": 0.0, "RGGI_PCT": 91, "CO2E_AVOIDL": null, "NOX_L": 0.0, "PM10_L": 0.0, "PM2_5_L": 0.0, "VOC_L": 0.0, "CO_L": 0.0, "SOX_L": 0.0, "PROJ_LIFE": 27, "GLOBALID": "{87AF9A86-B663-464C-BADC-ED4469860A70}"}, "geometry": {"type": "Point", "coordinates": [-74.14506589610215, 40.76571826197447]}}, {"type": "Feature", "properties": {"OBJECTID": 2283, "PROJ_ID": "DEP-EV-83", "PROJ_NAME": "Princeton University - TigerTransit", "PROG_NAME": "NJDEP Medium and Heavy Duty Electric Vehicle", "CITY": "PRINCETON", "STATE": "NJ", "ZIP": "08540", "REC_ENT": "Princeton University - TigerTransit", "SECTOR": "Residential", "FUND_AG": "BPU", "PROJ_DES": "10 electric vehicles", "LAT": 40.33673891, "LONG_": -74.65558341, "INITIATIVE": "Catalyze Clean, Equitable Transportation", "PROJ_COST": 5500000, "RGGI_AMT": 5500000, "CAL_YEAR": 2023, "STATUS": "Selected", "ECON_AID": "Grant", "CO2E_AVOID": 21.77858439, "MMBTU_AVOID": null, "GAS_SAVED": null, "ADD_ELEC": 0.0, "R80X50": "Yes", "EJ": "Yes", "COST_EFF": 16836.11111, "NOX": 920.0, "PM10": 0.0, "PM2_5": 0.0, "VOC": 80.0, "CO": 60.0, "SOX": 0.0, "RGGI_PCT": 100, "CO2E_AVOIDL": 326.68, "NOX_L": 13800.0, "PM10_L": 0.0, "PM2_5_L": 0.0, "VOC_L": 1200.0, "CO_L": 900.0, "SOX_L": 0.0, "PROJ_LIFE": 15, "GLOBALID": "{894B7166-4D9E-4F87-B6BD-6C3775E7F44F}"}, "geometry": {"type": "Point", "coordinates": [-74.65558504304867, 40.336747069415466]}}, {"type": "Feature", "properties": {"OBJECTID": 2284, "PROJ_ID": "DEP-T4S-45", "PROJ_NAME": "Hillsdale School District", "PROG_NAME": "Trees for Schools ", "CITY": "HILLSDALE BORO", "STATE": "NJ", "ZIP": "07642", "REC_ENT": "Hillsdale School District", "SECTOR": "Local Government", "FUND_AG": "DEP", "PROJ_DES": "Planting 88 trees", "LAT": 41.0099907, "LONG_": -74.0232707, "INITIATIVE": "Enhance Forests and Urban Forests", "PROJ_COST": 66050, "RGGI_AMT": 66050, "CAL_YEAR": 2025, "STATUS": "Selected", "ECON_AID": "Grant", "CO2E_AVOID": null, "MMBTU_AVOID": null, "GAS_SAVED": null, "ADD_ELEC": 61.9782, "R80X50": "Yes", "EJ": "No", "COST_EFF": 1065.697294, "NOX": null, "PM10": null, "PM2_5": null, "VOC": null, "CO": null, "SOX": null, "RGGI_PCT": 100, "CO2E_AVOIDL": null, "NOX_L": null, "PM10_L": null, "PM2_5_L": null, "VOC_L": null, "CO_L": null, "SOX_L": null, "PROJ_LIFE": null, "GLOBALID": "{A35CF79C-7123-4A96-83F3-9D10398DCB04}"}, "geometry": {"type": "Point", "coordinates": [-74.02327214075869, 41.00999905622293]}}, {"type": "Feature", "properties": {"OBJECTID": 2285, "PROJ_ID": "DEP-ADMIN-EV-PF-21", "PROJ_NAME": "Kittatinny State Park", "PROG_NAME": "DEP State Offices - Lead By Example", "CITY": "NEWTON TOWN", "STATE": "NJ", "ZIP": "07860", "REC_ENT": "Kittatinny State Park", "SECTOR": "State Government", "FUND_AG": "DEP", "PROJ_DES": "1 electric Medium Duty Pick up and 1 charger", "LAT": 41.01873124, "LONG_": -74.73635467, "INITIATIVE": "Catalyze Clean, Equitable Transportation", "PROJ_COST": 102000, "RGGI_AMT": 102000, "CAL_YEAR": 2025, "STATUS": "Awarded", "ECON_AID": "Other", "CO2E_AVOID": 7.12351243, "MMBTU_AVOID": 932.7863064, "GAS_SAVED": null, "ADD_ELEC": null, "R80X50": "Yes", "EJ": "No", "COST_EFF": 954.585265, "NOX": 4.20890905, "PM10": 0.52749042, "PM2_5": 0.33504744, "VOC": 7.19229809, "CO": 27.97228523, "SOX": 1.11662201, "RGGI_PCT": 100, "CO2E_AVOIDL": 106.8526864, "NOX_L": 63.13363571, "PM10_L": 7.91235631, "PM2_5_L": 5.02571165, "VOC_L": 107.8844713, "CO_L": 419.5842784, "SOX_L": 16.74933009, "PROJ_LIFE": 15, "GLOBALID": "{9142A421-D44E-4BC5-8638-65CB06C3DB92}"}, "geometry": {"type": "Point", "coordinates": [-74.73635633988833, 41.018739572698216]}}, {"type": "Feature", "properties": {"OBJECTID": 2286, "PROJ_ID": "DEP-T4S-72", "PROJ_NAME": "Verona High School", "PROG_NAME": "Trees for Schools ", "CITY": "VERNON TWP", "STATE": "NJ", "ZIP": "07866", "REC_ENT": "Verona High School", "SECTOR": "Local Government", "FUND_AG": "DEP", "PROJ_DES": "Planting 45 trees", "LAT": 40.84127839, "LONG_": -74.2480376, "INITIATIVE": "Enhance Forests and Urban Forests", "PROJ_COST": 51705, "RGGI_AMT": 51705, "CAL_YEAR": 2025, "STATUS": "Selected", "ECON_AID": "Grant", "CO2E_AVOID": null, "MMBTU_AVOID": null, "GAS_SAVED": null, "ADD_ELEC": 37.7576, "R80X50": "Yes", "EJ": "No", "COST_EFF": 1369.393182, "NOX": null, "PM10": null, "PM2_5": null, "VOC": null, "CO": null, "SOX": null, "RGGI_PCT": 100, "CO2E_AVOIDL": null, "NOX_L": null, "PM10_L": null, "PM2_5_L": null, "VOC_L": null, "CO_L": null, "SOX_L": null, "PROJ_LIFE": null, "GLOBALID": "{8D955C71-23D8-47A0-91F0-5860CDE1C3C5}"}, "geometry": {"type": "Point", "coordinates": [-74.24803910231782, 40.8412867055856]}}, {"type": "Feature", "properties": {"OBJECTID": 2287, "PROJ_ID": "DEP-T4S-38", "PROJ_NAME": "Elizabeth Public Schools", "PROG_NAME": "Trees for Schools ", "CITY": "ELIZABETH CITY", "STATE": "NJ", "ZIP": "07208", "REC_ENT": "Elizabeth Public Schools", "SECTOR": "Local Government", "FUND_AG": "DEP", "PROJ_DES": "Planting 120 trees", "LAT": 40.6733816, "LONG_": -74.21407169, "INITIATIVE": "Enhance Forests and Urban Forests", "PROJ_COST": 249872, "RGGI_AMT": 249872, "CAL_YEAR": 2025, "STATUS": "Selected", "ECON_AID": "Grant", "CO2E_AVOID": null, "MMBTU_AVOID": null, "GAS_SAVED": null, "ADD_ELEC": 79.4744, "R80X50": "Yes", "EJ": "Yes", "COST_EFF": 3144.056451, "NOX": null, "PM10": null, "PM2_5": null, "VOC": null, "CO": null, "SOX": null, "RGGI_PCT": 100, "CO2E_AVOIDL": null, "NOX_L": null, "PM10_L": null, "PM2_5_L": null, "VOC_L": null, "CO_L": null, "SOX_L": null, "PROJ_LIFE": null, "GLOBALID": "{A5CF52D0-C286-4899-93B3-C12C21B94070}"}, "geometry": {"type": "Point", "coordinates": [-74.21407317127641, 40.673389884098704]}}, {"type": "Feature", "properties": {"OBJECTID": 2288, "PROJ_ID": "PROD-00320595", "PROJ_NAME": "4 Leonard Realty LLC", "PROG_NAME": "NJ Cool", "CITY": "METUCHEN BORO", "STATE": "NJ", "ZIP": "08840", "REC_ENT": "4 Leonard Realty LLC", "SECTOR": "Commercial/Industrial", "FUND_AG": "EDA", "PROJ_DES": "Replace two RTUs with air source heat pumps, install economizers, energy recovery devices, upgrade blower motor, ductwork, grills, and insulation.", "LAT": 40.54663608, "LONG_": -74.37217789, "INITIATIVE": "Accelerate Healthy Homes and Building Decarb", "PROJ_COST": 344000, "RGGI_AMT": 164000, "CAL_YEAR": 2025, "STATUS": "Selected", "ECON_AID": "Grant", "CO2E_AVOID": 6.2, "MMBTU_AVOID": 3816.666765, "GAS_SAVED": null, "ADD_ELEC": null, "R80X50": "Yes", "EJ": "Yes", "COST_EFF": 1759.656652, "NOX": 3.6, "PM10": 0.9, "PM2_5": 0.9, "VOC": 0.6, "CO": 4.5, "SOX": 0.1, "RGGI_PCT": 48, "CO2E_AVOIDL": 93.2, "NOX_L": 54.7, "PM10_L": 13.0, "PM2_5_L": 13.0, "VOC_L": 9.4, "CO_L": 68.4, "SOX_L": 1.0, "PROJ_LIFE": 15, "GLOBALID": "{82A51980-4553-4A5C-B164-6EA20C0206FC}"}, "geometry": {"type": "Point", "coordinates": [-74.3721794142356, 40.54664433374069]}}, {"type": "Feature", "properties": {"OBJECTID": 2289, "PROJ_ID": "DEP-T4S-56", "PROJ_NAME": "Passaic County Technical Institute", "PROG_NAME": "Trees for Schools ", "CITY": "WAYNE TWP", "STATE": "NJ", "ZIP": "07470", "REC_ENT": "Passaic County Technical Institute", "SECTOR": "Local Government", "FUND_AG": "DEP", "PROJ_DES": "Planting 37 trees", "LAT": 40.9299639, "LONG_": -74.2034369, "INITIATIVE": "Enhance Forests and Urban Forests", "PROJ_COST": 31472, "RGGI_AMT": 31472, "CAL_YEAR": 2025, "STATUS": "Selected", "ECON_AID": "Grant", "CO2E_AVOID": null, "MMBTU_AVOID": null, "GAS_SAVED": null, "ADD_ELEC": 24.2085, "R80X50": "Yes", "EJ": "No", "COST_EFF": 1300.039242, "NOX": null, "PM10": null, "PM2_5": null, "VOC": null, "CO": null, "SOX": null, "RGGI_PCT": 100, "CO2E_AVOIDL": null, "NOX_L": null, "PM10_L": null, "PM2_5_L": null, "VOC_L": null, "CO_L": null, "SOX_L": null, "PROJ_LIFE": null, "GLOBALID": "{AD436142-B964-4655-8A60-AC4D66073CC4}"}, "geometry": {"type": "Point", "coordinates": [-74.20343839351176, 40.929972234476224]}}, {"type": "Feature", "properties": {"OBJECTID": 2290, "PROJ_ID": "EDA-NJTRANSIT-01", "PROJ_NAME": "NJ Transit", "PROG_NAME": "EDA funding transfer to NJ Transit ", "CITY": "CAMDEN CITY", "STATE": "NJ", "ZIP": "08103", "REC_ENT": "NJ Transit", "SECTOR": "State Government", "FUND_AG": "EDA", "PROJ_DES": "1-time interagency transfer of funds via MOU for purchase of eight New Flyer 40ft Electric Buses and installation of new electric vehicle chargers", "LAT": 39.94116306, "LONG_": -75.11136687, "INITIATIVE": "Catalyze Clean, Equitable Transportation", "PROJ_COST": 16537751, "RGGI_AMT": 16537751, "CAL_YEAR": 2025, "STATUS": "Selected", "ECON_AID": "Other", "CO2E_AVOID": 880.0, "MMBTU_AVOID": null, "GAS_SAVED": null, "ADD_ELEC": null, "R80X50": "Yes", "EJ": "Yes", "COST_EFF": 1566.074905, "NOX": null, "PM10": null, "PM2_5": null, "VOC": null, "CO": null, "SOX": null, "RGGI_PCT": 100, "CO2E_AVOIDL": 10560.0, "NOX_L": null, "PM10_L": null, "PM2_5_L": null, "VOC_L": null, "CO_L": null, "SOX_L": null, "PROJ_LIFE": 15, "GLOBALID": "{BC5B1EB5-92AB-4984-8249-53E5E8E8C524}"}, "geometry": {"type": "Point", "coordinates": [-75.11136859294868, 39.94117116814384]}}, {"type": "Feature", "properties": {"OBJECTID": 2291, "PROJ_ID": "PROD-00320731", "PROJ_NAME": "Nilkanth99 Food LLC", "PROG_NAME": "NJ Cool", "CITY": "UNION TWP", "STATE": "NJ", "ZIP": "07083", "REC_ENT": "Nilkanth99 Food LLC", "SECTOR": "Commercial/Industrial", "FUND_AG": "EDA", "PROJ_DES": "Replace existing HVAC systems with 3 hybrid heat pumps and install 30kW of on-site solar, along with other energy efficiency measures", "LAT": 40.71305421, "LONG_": -74.25557596, "INITIATIVE": "Accelerate Healthy Homes and Building Decarb", "PROJ_COST": 574000, "RGGI_AMT": 276500, "CAL_YEAR": 2025, "STATUS": "Awarded", "ECON_AID": "Grant", "CO2E_AVOID": 7.1, "MMBTU_AVOID": 3637.236915, "GAS_SAVED": null, "ADD_ELEC": null, "R80X50": "Yes", "EJ": "Yes", "COST_EFF": 2598.684211, "NOX": 4.2, "PM10": 1.0, "PM2_5": 1.0, "VOC": 0.7, "CO": 5.2, "SOX": 0.1, "RGGI_PCT": 48, "CO2E_AVOIDL": 106.4, "NOX_L": 62.4, "PM10_L": 14.8, "PM2_5_L": 14.8, "VOC_L": 10.7, "CO_L": 78.0, "SOX_L": 1.2, "PROJ_LIFE": 15, "GLOBALID": "{2EA9A0F5-FAB0-4ADF-AC07-97D9D6784D3F}"}, "geometry": {"type": "Point", "coordinates": [-74.25557745697144, 40.71306250015263]}}, {"type": "Feature", "properties": {"OBJECTID": 2292, "PROJ_ID": "DEP-ADMIN-EV-PF-22", "PROJ_NAME": "Double Trouble", "PROG_NAME": "DEP State Offices - Lead By Example", "CITY": "BERKELEY TWP", "STATE": "NJ", "ZIP": "08721", "REC_ENT": "Double Trouble State Park", "SECTOR": "State Government", "FUND_AG": "DEP", "PROJ_DES": "1 electric Medium Duty Pick up and 1 charger", "LAT": 39.89813682, "LONG_": -74.2206422, "INITIATIVE": "Catalyze Clean, Equitable Transportation", "PROJ_COST": 102000, "RGGI_AMT": 102000, "CAL_YEAR": 2025, "STATUS": "Awarded", "ECON_AID": "Other", "CO2E_AVOID": 4.47537922, "MMBTU_AVOID": 932.7863064, "GAS_SAVED": null, "ADD_ELEC": null, "R80X50": "Yes", "EJ": "No", "COST_EFF": 1519.424315, "NOX": 14.33879872, "PM10": 2.66063704, "PM2_5": 0.9935547, "VOC": 11.92614854, "CO": 32.20644028, "SOX": 3.87379418, "RGGI_PCT": 100, "CO2E_AVOIDL": 67.13068824, "NOX_L": 215.0819808, "PM10_L": 39.90955561, "PM2_5_L": 14.90332055, "VOC_L": 178.8922281, "CO_L": 483.0966042, "SOX_L": 58.10691273, "PROJ_LIFE": 15, "GLOBALID": "{C1B9243F-17F3-4841-92F1-67F6ACC0BB7A}"}, "geometry": {"type": "Point", "coordinates": [-74.22064363746122, 39.89814495059108]}}, {"type": "Feature", "properties": {"OBJECTID": 2293, "PROJ_ID": "DEP-T4S-57", "PROJ_NAME": "Passaic Valley Regional High School", "PROG_NAME": "Trees for Schools ", "CITY": "LITTLE FALLS TWP", "STATE": "NJ", "ZIP": "07424", "REC_ENT": "Passaic Valley Regional High School", "SECTOR": "Local Government", "FUND_AG": "DEP", "PROJ_DES": "Planting 147 trees", "LAT": 40.8787241, "LONG_": -74.2160854, "INITIATIVE": "Enhance Forests and Urban Forests", "PROJ_COST": 173568, "RGGI_AMT": 173568, "CAL_YEAR": 2025, "STATUS": "Selected", "ECON_AID": "Grant", "CO2E_AVOID": null, "MMBTU_AVOID": null, "GAS_SAVED": null, "ADD_ELEC": 247.2598, "R80X50": "Yes", "EJ": "No", "COST_EFF": 701.9661101, "NOX": null, "PM10": null, "PM2_5": null, "VOC": null, "CO": null, "SOX": null, "RGGI_PCT": 100, "CO2E_AVOIDL": null, "NOX_L": null, "PM10_L": null, "PM2_5_L": null, "VOC_L": null, "CO_L": null, "SOX_L": null, "PROJ_LIFE": null, "GLOBALID": "{2CBDA310-C264-45DC-B70C-F5572984F6C3}"}, "geometry": {"type": "Point", "coordinates": [-74.21608689428001, 40.87873242393336]}}, {"type": "Feature", "properties": {"OBJECTID": 2294, "PROJ_ID": "DEP-T4S-37", "PROJ_NAME": "Cranford Township School District", "PROG_NAME": "Trees for Schools ", "CITY": "CRANFORD TWP", "STATE": "NJ", "ZIP": "07016", "REC_ENT": "Cranford Township School District", "SECTOR": "Local Government", "FUND_AG": "DEP", "PROJ_DES": "Planting 24 trees", "LAT": 40.6569929, "LONG_": -74.3059545, "INITIATIVE": "Enhance Forests and Urban Forests", "PROJ_COST": 21243, "RGGI_AMT": 21243, "CAL_YEAR": 2025, "STATUS": "Selected", "ECON_AID": "Grant", "CO2E_AVOID": null, "MMBTU_AVOID": null, "GAS_SAVED": null, "ADD_ELEC": 27.1723, "R80X50": "Yes", "EJ": "No", "COST_EFF": 781.8038959, "NOX": null, "PM10": null, "PM2_5": null, "VOC": null, "CO": null, "SOX": null, "RGGI_PCT": 100, "CO2E_AVOIDL": null, "NOX_L": null, "PM10_L": null, "PM2_5_L": null, "VOC_L": null, "CO_L": null, "SOX_L": null, "PROJ_LIFE": null, "GLOBALID": "{560A3AA0-55B4-48CD-99DF-4FC2F8FC5E0A}"}, "geometry": {"type": "Point", "coordinates": [-74.30595600974567, 40.657001177658294]}}, {"type": "Feature", "properties": {"OBJECTID": 2295, "PROJ_ID": "DEP-T4S-50", "PROJ_NAME": "Mahwah Township School District", "PROG_NAME": "Trees for Schools ", "CITY": "MAHWAH TWP", "STATE": "NJ", "ZIP": "07430", "REC_ENT": "Mahwah Township School District", "SECTOR": "Local Government", "FUND_AG": "DEP", "PROJ_DES": "Planting 85 trees", "LAT": 41.0887754, "LONG_": -74.1827119, "INITIATIVE": "Enhance Forests and Urban Forests", "PROJ_COST": 80410, "RGGI_AMT": 80410, "CAL_YEAR": 2025, "STATUS": "Selected", "ECON_AID": "Grant", "CO2E_AVOID": null, "MMBTU_AVOID": null, "GAS_SAVED": null, "ADD_ELEC": 56.0866, "R80X50": "Yes", "EJ": "No", "COST_EFF": 1433.67578, "NOX": null, "PM10": null, "PM2_5": null, "VOC": null, "CO": null, "SOX": null, "RGGI_PCT": 100, "CO2E_AVOIDL": null, "NOX_L": null, "PM10_L": null, "PM2_5_L": null, "VOC_L": null, "CO_L": null, "SOX_L": null, "PROJ_LIFE": null, "GLOBALID": "{314BC165-0552-47EE-83CB-AF8B2FAEEBCE}"}, "geometry": {"type": "Point", "coordinates": [-74.18271339660049, 41.08878376580712]}}, {"type": "Feature", "properties": {"OBJECTID": 2296, "PROJ_ID": "PROD-00320767", "PROJ_NAME": "P & S Medical Group", "PROG_NAME": "NJ Cool", "CITY": "BRIDGEWATER TWP", "STATE": "NJ", "ZIP": "08807", "REC_ENT": "P & S Medical Group", "SECTOR": "Commercial/Industrial", "FUND_AG": "EDA", "PROJ_DES": "Replace existing HVAC systems with 2 hybrid heat pumps and install 40kW of on-site solar, along with other energy efficiency measures", "LAT": 40.57154916, "LONG_": -74.59121425, "INITIATIVE": "Accelerate Healthy Homes and Building Decarb", "PROJ_COST": 466000, "RGGI_AMT": 227000, "CAL_YEAR": 2025, "STATUS": "Awarded", "ECON_AID": "Grant", "CO2E_AVOID": 5.4, "MMBTU_AVOID": 1952.693415, "GAS_SAVED": null, "ADD_ELEC": null, "R80X50": "Yes", "EJ": "Yes", "COST_EFF": 2819.875776, "NOX": 3.1, "PM10": 0.7, "PM2_5": 0.7, "VOC": 0.5, "CO": 4.0, "SOX": 0.1, "RGGI_PCT": 49, "CO2E_AVOIDL": 80.5, "NOX_L": 47.3, "PM10_L": 11.2, "PM2_5_L": 11.2, "VOC_L": 8.1, "CO_L": 59.0, "SOX_L": 1.0, "PROJ_LIFE": 15, "GLOBALID": "{4CA7135D-86C4-4193-B661-884F04920E38}"}, "geometry": {"type": "Point", "coordinates": [-74.59121584559708, 40.5715574107768]}}, {"type": "Feature", "properties": {"OBJECTID": 2297, "PROJ_ID": "DEP-T4S-52", "PROJ_NAME": "Morris Township School District", "PROG_NAME": "Trees for Schools ", "CITY": "MORRISTOWN TOWN", "STATE": "NJ", "ZIP": "07960", "REC_ENT": "Morris Township School District", "SECTOR": "Local Government", "FUND_AG": "DEP", "PROJ_DES": "Planting 259 trees", "LAT": 40.7959156, "LONG_": -74.48773059, "INITIATIVE": "Enhance Forests and Urban Forests", "PROJ_COST": 202400, "RGGI_AMT": 202400, "CAL_YEAR": 2025, "STATUS": "Selected", "ECON_AID": "Grant", "CO2E_AVOID": null, "MMBTU_AVOID": null, "GAS_SAVED": null, "ADD_ELEC": 168.7678, "R80X50": "Yes", "EJ": "Yes", "COST_EFF": 1199.280905, "NOX": null, "PM10": null, "PM2_5": null, "VOC": null, "CO": null, "SOX": null, "RGGI_PCT": 100, "CO2E_AVOIDL": null, "NOX_L": null, "PM10_L": null, "PM2_5_L": null, "VOC_L": null, "CO_L": null, "SOX_L": null, "PROJ_LIFE": null, "GLOBALID": "{253CAA85-FF1E-4CBC-A21F-E8C574E9D67E}"}, "geometry": {"type": "Point", "coordinates": [-74.4877321663931, 40.7959238981771]}}, {"type": "Feature", "properties": {"OBJECTID": 2298, "PROJ_ID": "DEP-T4S-48", "PROJ_NAME": "Lopatcong Township School District", "PROG_NAME": "Trees for Schools ", "CITY": "LOPATCONG TWP", "STATE": "NJ", "ZIP": "08865", "REC_ENT": "Lopatcong Township School District", "SECTOR": "Local Government", "FUND_AG": "DEP", "PROJ_DES": "Planting 30 trees", "LAT": 40.7085949, "LONG_": -75.1662121, "INITIATIVE": "Enhance Forests and Urban Forests", "PROJ_COST": 33165, "RGGI_AMT": 33165, "CAL_YEAR": 2025, "STATUS": "Selected", "ECON_AID": "Grant", "CO2E_AVOID": null, "MMBTU_AVOID": null, "GAS_SAVED": null, "ADD_ELEC": 20.4982, "R80X50": "Yes", "EJ": "No", "COST_EFF": 1617.946942, "NOX": null, "PM10": null, "PM2_5": null, "VOC": null, "CO": null, "SOX": null, "RGGI_PCT": 100, "CO2E_AVOIDL": null, "NOX_L": null, "PM10_L": null, "PM2_5_L": null, "VOC_L": null, "CO_L": null, "SOX_L": null, "PROJ_LIFE": null, "GLOBALID": "{F0566E80-0359-4060-9CD3-8EA1178EFD00}"}, "geometry": {"type": "Point", "coordinates": [-75.16621388762555, 40.70860315687268]}}, {"type": "Feature", "properties": {"OBJECTID": 2299, "PROJ_ID": "DEP-EV-144", "PROJ_NAME": "Borough of Oradell", "PROG_NAME": "NJDEP Medium and Heavy Duty Electric Vehicle", "CITY": "ORADELL BORO", "STATE": "NJ", "ZIP": "07649", "REC_ENT": "Borough of Oradell", "SECTOR": "Local Government", "FUND_AG": "DEP", "PROJ_DES": "1 electric street sweeper (& decommissioning diesel sweeper)", "LAT": 40.9528265, "LONG_": -74.0350228, "INITIATIVE": "Catalyze Clean, Equitable Transportation", "PROJ_COST": 538427, "RGGI_AMT": 381000, "CAL_YEAR": 2025, "STATUS": "Awarded", "ECON_AID": "Grant", "CO2E_AVOID": 45.01070166, "MMBTU_AVOID": 6285.797033, "GAS_SAVED": null, "ADD_ELEC": null, "R80X50": "Yes", "EJ": "No", "COST_EFF": 564.3102432, "NOX": 397.0706474, "PM10": 0.91584543, "PM2_5": 50.21661753, "VOC": 50.21661753, "CO": 228.1626825, "SOX": 3.74013205, "RGGI_PCT": 71, "CO2E_AVOIDL": 675.1605249, "NOX_L": 5956.05971, "PM10_L": 13.73768144, "PM2_5_L": 753.249263, "VOC_L": 753.249263, "CO_L": 3422.440238, "SOX_L": 56.10198074, "PROJ_LIFE": 15, "GLOBALID": "{27329E8D-B365-42A0-85BB-781941150ADA}"}, "geometry": {"type": "Point", "coordinates": [-74.0350242407501, 40.952834844647995]}}, {"type": "Feature", "properties": {"OBJECTID": 2300, "PROJ_ID": "DEP-T4S-54", "PROJ_NAME": "North Wildwood School District", "PROG_NAME": "Trees for Schools ", "CITY": "NORTH WILDWOOD CITY", "STATE": "NJ", "ZIP": "08260", "REC_ENT": "North Wildwood School District", "SECTOR": "Local Government", "FUND_AG": "DEP", "PROJ_DES": "Planting 10 trees", "LAT": 39.0030814, "LONG_": -74.8009955, "INITIATIVE": "Enhance Forests and Urban Forests", "PROJ_COST": 11000, "RGGI_AMT": 11000, "CAL_YEAR": 2025, "STATUS": "Selected", "ECON_AID": "Grant", "CO2E_AVOID": null, "MMBTU_AVOID": null, "GAS_SAVED": null, "ADD_ELEC": 9.3511, "R80X50": "Yes", "EJ": "Yes", "COST_EFF": 1176.332196, "NOX": null, "PM10": null, "PM2_5": null, "VOC": null, "CO": null, "SOX": null, "RGGI_PCT": 100, "CO2E_AVOIDL": null, "NOX_L": null, "PM10_L": null, "PM2_5_L": null, "VOC_L": null, "CO_L": null, "SOX_L": null, "PROJ_LIFE": null, "GLOBALID": "{78A89997-2A06-45C1-879E-6CEAAFEFC3BC}"}, "geometry": {"type": "Point", "coordinates": [-74.80099707004527, 39.00308933044928]}}, {"type": "Feature", "properties": {"OBJECTID": 2301, "PROJ_ID": "DEP-T4S-36", "PROJ_NAME": "Brookdale Community College", "PROG_NAME": "Trees for Schools ", "CITY": "MIDDLETOWN TWP", "STATE": "NJ", "ZIP": "07738", "REC_ENT": "Brookdale Community College", "SECTOR": "Local Government", "FUND_AG": "DEP", "PROJ_DES": "Planting 121 trees", "LAT": 40.326356, "LONG_": -74.131132, "INITIATIVE": "Enhance Forests and Urban Forests", "PROJ_COST": 243983, "RGGI_AMT": 243983, "CAL_YEAR": 2025, "STATUS": "Selected", "ECON_AID": "Grant", "CO2E_AVOID": null, "MMBTU_AVOID": null, "GAS_SAVED": null, "ADD_ELEC": 175.6018, "R80X50": "Yes", "EJ": "No", "COST_EFF": 1389.410587, "NOX": null, "PM10": null, "PM2_5": null, "VOC": null, "CO": null, "SOX": null, "RGGI_PCT": 100, "CO2E_AVOIDL": null, "NOX_L": null, "PM10_L": null, "PM2_5_L": null, "VOC_L": null, "CO_L": null, "SOX_L": null, "PROJ_LIFE": null, "GLOBALID": "{6BA2D8CB-67C1-4793-8ED9-5C871A800E07}"}, "geometry": {"type": "Point", "coordinates": [-74.13113343409866, 40.32636421878247]}}, {"type": "Feature", "properties": {"OBJECTID": 2302, "PROJ_ID": "DEP-T4S-68", "PROJ_NAME": "Spring Lake Borough School District", "PROG_NAME": "Trees for Schools ", "CITY": "SPRING LAKE BORO", "STATE": "NJ", "ZIP": "07762", "REC_ENT": "Spring Lake Borough School District", "SECTOR": "Local Government", "FUND_AG": "DEP", "PROJ_DES": "Planting 16 trees", "LAT": 40.1530412, "LONG_": -74.0270745, "INITIATIVE": "Enhance Forests and Urban Forests", "PROJ_COST": 31245, "RGGI_AMT": 31245, "CAL_YEAR": 2025, "STATUS": "Selected", "ECON_AID": "Grant", "CO2E_AVOID": null, "MMBTU_AVOID": null, "GAS_SAVED": null, "ADD_ELEC": 27.8103, "R80X50": "Yes", "EJ": "No", "COST_EFF": 1123.504601, "NOX": null, "PM10": null, "PM2_5": null, "VOC": null, "CO": null, "SOX": null, "RGGI_PCT": 100, "CO2E_AVOIDL": null, "NOX_L": null, "PM10_L": null, "PM2_5_L": null, "VOC_L": null, "CO_L": null, "SOX_L": null, "PROJ_LIFE": null, "GLOBALID": "{C30DF28C-B7FC-49E2-B108-3B9FCF2F2013}"}, "geometry": {"type": "Point", "coordinates": [-74.02707589059608, 40.15304938796391]}}, {"type": "Feature", "properties": {"OBJECTID": 2303, "PROJ_ID": "DEP-T4S-61", "PROJ_NAME": "Princeton Public Schools", "PROG_NAME": "Trees for Schools ", "CITY": "PRINCETON", "STATE": "NJ", "ZIP": "08540", "REC_ENT": "Princeton Public Schools", "SECTOR": "Local Government", "FUND_AG": "DEP", "PROJ_DES": "Planting 85 trees", "LAT": 40.3647688, "LONG_": -74.6751731, "INITIATIVE": "Enhance Forests and Urban Forests", "PROJ_COST": 92125, "RGGI_AMT": 92125, "CAL_YEAR": 2025, "STATUS": "Selected", "ECON_AID": "Grant", "CO2E_AVOID": null, "MMBTU_AVOID": null, "GAS_SAVED": null, "ADD_ELEC": 135.36, "R80X50": "Yes", "EJ": "Yes", "COST_EFF": 680.5924941, "NOX": null, "PM10": null, "PM2_5": null, "VOC": null, "CO": null, "SOX": null, "RGGI_PCT": 100, "CO2E_AVOIDL": null, "NOX_L": null, "PM10_L": null, "PM2_5_L": null, "VOC_L": null, "CO_L": null, "SOX_L": null, "PROJ_LIFE": null, "GLOBALID": "{A7B75EB4-0FD0-4460-A0CC-A9DC89ECBF4C}"}, "geometry": {"type": "Point", "coordinates": [-74.67517470980414, 40.36477700716639]}}, {"type": "Feature", "properties": {"OBJECTID": 2304, "PROJ_ID": "DEP-T4S-62", "PROJ_NAME": "Ramsey Borough School District", "PROG_NAME": "Trees for Schools ", "CITY": "RAMSEY BORO", "STATE": "NJ", "ZIP": "07446", "REC_ENT": "Ramsey Borough School District", "SECTOR": "Local Government", "FUND_AG": "DEP", "PROJ_DES": "Planting 235 trees", "LAT": 41.062513, "LONG_": -74.1357407, "INITIATIVE": "Enhance Forests and Urban Forests", "PROJ_COST": 238918, "RGGI_AMT": 238918, "CAL_YEAR": 2025, "STATUS": "Selected", "ECON_AID": "Grant", "CO2E_AVOID": null, "MMBTU_AVOID": null, "GAS_SAVED": null, "ADD_ELEC": 196.2625, "R80X50": "Yes", "EJ": "Yes", "COST_EFF": 1217.338615, "NOX": null, "PM10": null, "PM2_5": null, "VOC": null, "CO": null, "SOX": null, "RGGI_PCT": 100, "CO2E_AVOIDL": null, "NOX_L": null, "PM10_L": null, "PM2_5_L": null, "VOC_L": null, "CO_L": null, "SOX_L": null, "PROJ_LIFE": null, "GLOBALID": "{5D00B194-AE30-49E7-9E6E-764423EE13DD}"}, "geometry": {"type": "Point", "coordinates": [-74.13574217991517, 41.06252136256826]}}, {"type": "Feature", "properties": {"OBJECTID": 2305, "PROJ_ID": "DEP-EV-60", "PROJ_NAME": "Jackson Twp School District - School Bus", "PROG_NAME": "NJDEP Medium and Heavy Duty Electric Vehicle", "CITY": "JACKSON TWP", "STATE": "NJ", "ZIP": "08527", "REC_ENT": "Jackson Twp School District - School Bus", "SECTOR": "Institutional", "FUND_AG": "EDA", "PROJ_DES": "8 electric school buses", "LAT": 40.1048138, "LONG_": -74.34384438, "INITIATIVE": "Catalyze Clean, Equitable Transportation", "PROJ_COST": 2480000, "RGGI_AMT": 2480000, "CAL_YEAR": 2023, "STATUS": "Selected", "ECON_AID": "Grant", "CO2E_AVOID": 133.6569873, "MMBTU_AVOID": null, "GAS_SAVED": null, "ADD_ELEC": 0.0, "R80X50": "Yes", "EJ": "Yes", "COST_EFF": 1237.0, "NOX": 2020.0, "PM10": 0.0, "PM2_5": 140.0, "VOC": 420.0, "CO": 1080.0, "SOX": -40.0, "RGGI_PCT": 100, "CO2E_AVOIDL": 2004.85, "NOX_L": 30300.0, "PM10_L": 0.0, "PM2_5_L": 2100.0, "VOC_L": 6300.0, "CO_L": 16200.0, "SOX_L": -600.0, "PROJ_LIFE": 15, "GLOBALID": "{F31DB0DD-47E3-46F5-B7CE-DEF1F8C42200}"}, "geometry": {"type": "Point", "coordinates": [-74.3438458997299, 40.10482192456163]}}, {"type": "Feature", "properties": {"OBJECTID": 2306, "PROJ_ID": "DEP-EV-55", "PROJ_NAME": "Wall Township Public Schools - In-Charge Energy, Inc.", "PROG_NAME": "NJDEP Medium and Heavy Duty Electric Vehicle", "CITY": "WALL TWP", "STATE": "NJ", "ZIP": "07719", "REC_ENT": "Wall Township Public Schools - In-Charge Energy, Inc.", "SECTOR": "Institutional", "FUND_AG": "EDA", "PROJ_DES": "8 electric school buses", "LAT": 40.16493995, "LONG_": -74.05204689, "INITIATIVE": "Catalyze Clean, Equitable Transportation", "PROJ_COST": 3691008, "RGGI_AMT": 3691008, "CAL_YEAR": 2023, "STATUS": "Selected", "ECON_AID": "Grant", "CO2E_AVOID": 125.1361162, "MMBTU_AVOID": null, "GAS_SAVED": null, "ADD_ELEC": 0.0, "R80X50": "Yes", "EJ": "Yes", "COST_EFF": 1966.396206, "NOX": 580.0, "PM10": 0.0, "PM2_5": 40.0, "VOC": 80.0, "CO": 200.0, "SOX": 0.0, "RGGI_PCT": 100, "CO2E_AVOIDL": 1877.04, "NOX_L": 8700.0, "PM10_L": 0.0, "PM2_5_L": 600.0, "VOC_L": 1200.0, "CO_L": 3000.0, "SOX_L": 0.0, "PROJ_LIFE": 15, "GLOBALID": "{A22BEF3D-CBF9-403B-8D84-D6CFCE21D4C7}"}, "geometry": {"type": "Point", "coordinates": [-74.05204832037612, 40.164948096626844]}}, {"type": "Feature", "properties": {"OBJECTID": 2307, "PROJ_ID": "DEP-EV-84", "PROJ_NAME": "Delsea Regional School District", "PROG_NAME": "NJDEP Medium and Heavy Duty Electric Vehicle", "CITY": "FRANKLIN TWP", "STATE": "NJ", "ZIP": "08322", "REC_ENT": "Delsea Regional School District", "SECTOR": "Local Government", "FUND_AG": "BPU", "PROJ_DES": "10 electric school buses", "LAT": 39.60843143, "LONG_": -75.06528042, "INITIATIVE": "Catalyze Clean, Equitable Transportation", "PROJ_COST": 4323020, "RGGI_AMT": 4323020, "CAL_YEAR": 2023, "STATUS": "Selected", "ECON_AID": "Grant", "CO2E_AVOID": 167.0689655, "MMBTU_AVOID": null, "GAS_SAVED": null, "ADD_ELEC": 0.0, "R80X50": "Yes", "EJ": "Yes", "COST_EFF": 1725.0441, "NOX": 2520.0, "PM10": 0.0, "PM2_5": 180.0, "VOC": 520.0, "CO": 1340.0, "SOX": -40.0, "RGGI_PCT": 100, "CO2E_AVOIDL": 2506.03, "NOX_L": 37800.0, "PM10_L": 0.0, "PM2_5_L": 2700.0, "VOC_L": 7800.0, "CO_L": 20100.0, "SOX_L": -600.0, "PROJ_LIFE": 15, "GLOBALID": "{FB07B4C7-85ED-4641-B01F-13375BD28832}"}, "geometry": {"type": "Point", "coordinates": [-75.06528213929334, 39.60843943016651]}}, {"type": "Feature", "properties": {"OBJECTID": 2308, "PROJ_ID": "DEP-EV-85", "PROJ_NAME": "Via Jersey City - Fleet Chargers", "PROG_NAME": "NJDEP eMobility", "CITY": "JERSEY CITY", "STATE": "NJ", "ZIP": null, "REC_ENT": "City of Jersey City", "SECTOR": "Residential", "FUND_AG": "BPU", "PROJ_DES": "15-20 dual-port Lvl 2 chargers and 2-4 DC Fast Chargers to electrify existing VIA Jersey City fleet.", "LAT": 40.71823001, "LONG_": -74.04300678, "INITIATIVE": "Catalyze Clean, Equitable Transportation", "PROJ_COST": 1000000, "RGGI_AMT": 1000000, "CAL_YEAR": 2023, "STATUS": "Selected", "ECON_AID": "Grant", "CO2E_AVOID": 0.0, "MMBTU_AVOID": null, "GAS_SAVED": null, "ADD_ELEC": 0.0, "R80X50": "Yes", "EJ": "Yes", "COST_EFF": 0.0, "NOX": null, "PM10": null, "PM2_5": null, "VOC": null, "CO": null, "SOX": null, "RGGI_PCT": 100, "CO2E_AVOIDL": null, "NOX_L": null, "PM10_L": null, "PM2_5_L": null, "VOC_L": null, "CO_L": null, "SOX_L": null, "PROJ_LIFE": 15, "GLOBALID": "{76A694E1-5591-4B00-8E8A-4D6012846791}"}, "geometry": {"type": "Point", "coordinates": [-74.04300824050796, 40.71823826609032]}}, {"type": "Feature", "properties": {"OBJECTID": 2309, "PROJ_ID": "PROD-00306480", "PROJ_NAME": "United Parcel Service, Inc.", "PROG_NAME": "NJZIP", "CITY": "LAWNSIDE BORO", "STATE": "NJ", "ZIP": "08045", "REC_ENT": "United Parcel Service, Inc.", "SECTOR": "Commercial/Industrial", "FUND_AG": "EDA", "PROJ_DES": "15 electric delivery Step Vans", "LAT": 39.86787, "LONG_": -75.02445, "INITIATIVE": "Catalyze Clean, Equitable Transportation", "PROJ_COST": 2927685, "RGGI_AMT": 1500000, "CAL_YEAR": 2023, "STATUS": "Completed", "ECON_AID": "Grant", "CO2E_AVOID": 390.6706105, "MMBTU_AVOID": 56156.25, "GAS_SAVED": null, "ADD_ELEC": 0.0, "R80X50": "Yes", "EJ": "Yes", "COST_EFF": 255.9701122, "NOX": 256.1890372, "PM10": 7.49956065, "PM2_5": 18.41941307, "VOC": 622.5773234, "CO": 3258.12808, "SOX": 82.10311399, "RGGI_PCT": 51, "CO2E_AVOIDL": 5860.059158, "NOX_L": 3842.835558, "PM10_L": 112.4934098, "PM2_5_L": 276.291196, "VOC_L": 9338.659851, "CO_L": 48871.92119, "SOX_L": 1231.54671, "PROJ_LIFE": 15, "GLOBALID": "{DD8E4FDA-B754-468A-B628-1CEF01813829}"}, "geometry": {"type": "Point", "coordinates": [-75.02445172188688, 39.86787805351506]}}, {"type": "Feature", "properties": {"OBJECTID": 2310, "PROJ_ID": "DEP-T4S-27", "PROJ_NAME": "Clayton Public School District", "PROG_NAME": "Trees for Schools", "CITY": "CLAYTON BORO", "STATE": "NJ", "ZIP": "08312", "REC_ENT": "Clayton Public School District", "SECTOR": "Local Government", "FUND_AG": "DEP", "PROJ_DES": "Planting 58 Trees", "LAT": 39.64987969, "LONG_": -75.0954497, "INITIATIVE": "Enhance Forests and Urban Forests", "PROJ_COST": 21643, "RGGI_AMT": 21643, "CAL_YEAR": 2023, "STATUS": "Awarded", "ECON_AID": "Grant", "CO2E_AVOID": 0.0, "MMBTU_AVOID": null, "GAS_SAVED": 41.8, "ADD_ELEC": 0.0, "R80X50": "Yes", "EJ": "Yes", "COST_EFF": 386.0, "NOX": 0.0, "PM10": 0.0, "PM2_5": 0.0, "VOC": 0.0, "CO": 0.0, "SOX": 0.0, "RGGI_PCT": 100, "CO2E_AVOIDL": null, "NOX_L": 0.0, "PM10_L": 0.0, "PM2_5_L": 0.0, "VOC_L": 0.0, "CO_L": 0.0, "SOX_L": 0.0, "PROJ_LIFE": 27, "GLOBALID": "{1CB0BA57-453A-46E6-94D4-8BC4D46D93A2}"}, "geometry": {"type": "Point", "coordinates": [-75.0954514311171, 39.649887697500986]}}, {"type": "Feature", "properties": {"OBJECTID": 2311, "PROJ_ID": "DEP-T4S-12", "PROJ_NAME": "Rowan University", "PROG_NAME": "Trees for Schools", "CITY": "GLASSBORO BORO", "STATE": "NJ", "ZIP": "08028", "REC_ENT": "Rowan University", "SECTOR": "Local Government", "FUND_AG": "DEP", "PROJ_DES": "Planting 109 Trees", "LAT": 39.710318, "LONG_": -75.119701, "INITIATIVE": "Enhance Forests and Urban Forests", "PROJ_COST": 168707, "RGGI_AMT": 168707, "CAL_YEAR": 2023, "STATUS": "Awarded", "ECON_AID": "Grant", "CO2E_AVOID": 0.0, "MMBTU_AVOID": null, "GAS_SAVED": 91.2, "ADD_ELEC": 0.0, "R80X50": "Yes", "EJ": "Yes", "COST_EFF": 1093.0, "NOX": 0.0, "PM10": 0.0, "PM2_5": 0.0, "VOC": 0.0, "CO": 0.0, "SOX": 0.0, "RGGI_PCT": 100, "CO2E_AVOIDL": null, "NOX_L": 0.0, "PM10_L": 0.0, "PM2_5_L": 0.0, "VOC_L": 0.0, "CO_L": 0.0, "SOX_L": 0.0, "PROJ_LIFE": 27, "GLOBALID": "{FC51EE37-E43D-47FE-B601-51BF6622D2CF}"}, "geometry": {"type": "Point", "coordinates": [-75.11970274241651, 39.71032601851058]}}, {"type": "Feature", "properties": {"OBJECTID": 2312, "PROJ_ID": "DEP-T4S-14", "PROJ_NAME": "Rutgers University - Camden", "PROG_NAME": "Trees for Schools", "CITY": "CAMDEN CITY", "STATE": "NJ", "ZIP": "08102", "REC_ENT": "Rutgers University - Camden", "SECTOR": "Local Government", "FUND_AG": "DEP", "PROJ_DES": "Planting 36 Trees", "LAT": 39.947772, "LONG_": -75.121111, "INITIATIVE": "Enhance Forests and Urban Forests", "PROJ_COST": 72139, "RGGI_AMT": 72139, "CAL_YEAR": 2023, "STATUS": "Awarded", "ECON_AID": "Grant", "CO2E_AVOID": 0.0, "MMBTU_AVOID": null, "GAS_SAVED": 27.7, "ADD_ELEC": 0.0, "R80X50": "Yes", "EJ": "Yes", "COST_EFF": 1303.0, "NOX": 0.0, "PM10": 0.0, "PM2_5": 0.0, "VOC": 0.0, "CO": 0.0, "SOX": 0.0, "RGGI_PCT": 100, "CO2E_AVOIDL": null, "NOX_L": 0.0, "PM10_L": 0.0, "PM2_5_L": 0.0, "VOC_L": 0.0, "CO_L": 0.0, "SOX_L": 0.0, "PROJ_LIFE": 27, "GLOBALID": "{103F7077-EA14-4C27-B98B-17BE633DDB1F}"}, "geometry": {"type": "Point", "coordinates": [-75.12111275711554, 39.94778006582347]}}, {"type": "Feature", "properties": {"OBJECTID": 2313, "PROJ_ID": "DEP-T4S-29", "PROJ_NAME": "Bloomingdale School District", "PROG_NAME": "Trees for Schools", "CITY": "BLOOMINGDALE BORO", "STATE": "NJ", "ZIP": "07403", "REC_ENT": "Bloomingdale School District", "SECTOR": "Local Government", "FUND_AG": "DEP", "PROJ_DES": "Planting 60 Trees", "LAT": 41.0052, "LONG_": -74.33355, "INITIATIVE": "Enhance Forests and Urban Forests", "PROJ_COST": 71800, "RGGI_AMT": 71800, "CAL_YEAR": 2023, "STATUS": "Awarded", "ECON_AID": "Grant", "CO2E_AVOID": 0.0, "MMBTU_AVOID": null, "GAS_SAVED": 9.0, "ADD_ELEC": 0.0, "R80X50": "Yes", "EJ": "Yes", "COST_EFF": 1632.0, "NOX": 0.0, "PM10": 0.0, "PM2_5": 0.0, "VOC": 0.0, "CO": 0.0, "SOX": 0.0, "RGGI_PCT": 100, "CO2E_AVOIDL": null, "NOX_L": 0.0, "PM10_L": 0.0, "PM2_5_L": 0.0, "VOC_L": 0.0, "CO_L": 0.0, "SOX_L": 0.0, "PROJ_LIFE": 27, "GLOBALID": "{15E1AE71-003F-4952-A896-3EA1CB06DB0C}"}, "geometry": {"type": "Point", "coordinates": [-74.33355157143906, 41.00520830181775]}}, {"type": "Feature", "properties": {"OBJECTID": 2314, "PROJ_ID": "PROD-00311097", "PROJ_NAME": "Ride Man LLC", "PROG_NAME": "NJZIP", "CITY": "LAKEWOOD TWP", "STATE": "NJ", "ZIP": "08701", "REC_ENT": "Ride Man LLC", "SECTOR": "Commercial/Industrial", "FUND_AG": "EDA", "PROJ_DES": "2 electric Delivery Straight Trucks and 4 electric Utility Cargo Vans", "LAT": 40.08959211, "LONG_": -74.23856713, "INITIATIVE": "Catalyze Clean, Equitable Transportation", "PROJ_COST": 659400, "RGGI_AMT": 526500, "CAL_YEAR": 2023, "STATUS": "Completed", "ECON_AID": "Grant", "CO2E_AVOID": 35.47003239, "MMBTU_AVOID": 5008.588024, "GAS_SAVED": 0.0, "ADD_ELEC": 0.0, "R80X50": "Yes", "EJ": "Yes", "COST_EFF": 990.0, "NOX": 37.33062998, "PM10": 1.34556397, "PM2_5": 0.92740065, "VOC": 17.41816178, "CO": 79.11928897, "SOX": 2.3959218, "RGGI_PCT": 80, "CO2E_AVOIDL": 532.0504859, "NOX_L": 559.9594497, "PM10_L": 20.18345959, "PM2_5_L": 13.91100973, "VOC_L": 261.2724268, "CO_L": 1186.789335, "SOX_L": 35.938827, "PROJ_LIFE": 15, "GLOBALID": "{50D0572D-8C50-469F-907E-D5C8865FFF57}"}, "geometry": {"type": "Point", "coordinates": [-74.23856861553226, 40.089600235255126]}}, {"type": "Feature", "properties": {"OBJECTID": 2315, "PROJ_ID": "DEP-T4S-02", "PROJ_NAME": "Jersey City Public Schools", "PROG_NAME": "Trees for Schools", "CITY": "JERSEY CITY", "STATE": "NJ", "ZIP": "07305", "REC_ENT": "Jersey City Public Schools", "SECTOR": "Local Government", "FUND_AG": "DEP", "PROJ_DES": "Planting 84 Trees", "LAT": 40.7294, "LONG_": -74.06499, "INITIATIVE": "Enhance Forests and Urban Forests", "PROJ_COST": 249752, "RGGI_AMT": 249752, "CAL_YEAR": 2023, "STATUS": "Awarded", "ECON_AID": "Grant", "CO2E_AVOID": 0.0, "MMBTU_AVOID": null, "GAS_SAVED": 60.0, "ADD_ELEC": 0.0, "R80X50": "Yes", "EJ": "Yes", "COST_EFF": 2662.0, "NOX": 0.0, "PM10": 0.0, "PM2_5": 0.0, "VOC": 0.0, "CO": 0.0, "SOX": 0.0, "RGGI_PCT": 100, "CO2E_AVOIDL": null, "NOX_L": 0.0, "PM10_L": 0.0, "PM2_5_L": 0.0, "VOC_L": 0.0, "CO_L": 0.0, "SOX_L": 0.0, "PROJ_LIFE": 27, "GLOBALID": "{3A3C73EB-FBEB-4FB3-B467-CB2B0AA416C7}"}, "geometry": {"type": "Point", "coordinates": [-74.06499146849016, 40.729408257545266]}}, {"type": "Feature", "properties": {"OBJECTID": 2316, "PROJ_ID": "DEP-T4S-26", "PROJ_NAME": "Closter Public Schools", "PROG_NAME": "Trees for Schools", "CITY": "CLOSTER BORO", "STATE": "NJ", "ZIP": "07624", "REC_ENT": "Closter Public Schools", "SECTOR": "Local Government", "FUND_AG": "DEP", "PROJ_DES": "Planting 56 Trees", "LAT": 40.97704, "LONG_": -73.967645, "INITIATIVE": "Enhance Forests and Urban Forests", "PROJ_COST": 47940, "RGGI_AMT": 47940, "CAL_YEAR": 2023, "STATUS": "Awarded", "ECON_AID": "Grant", "CO2E_AVOID": 0.0, "MMBTU_AVOID": null, "GAS_SAVED": 36.1, "ADD_ELEC": 0.0, "R80X50": "Yes", "EJ": "Yes", "COST_EFF": 964.0, "NOX": 0.0, "PM10": 0.0, "PM2_5": 0.0, "VOC": 0.0, "CO": 0.0, "SOX": 0.0, "RGGI_PCT": 100, "CO2E_AVOIDL": null, "NOX_L": 0.0, "PM10_L": 0.0, "PM2_5_L": 0.0, "VOC_L": 0.0, "CO_L": 0.0, "SOX_L": 0.0, "PROJ_LIFE": 27, "GLOBALID": "{A3FB46C2-664D-40F5-B139-340409F39AE5}"}, "geometry": {"type": "Point", "coordinates": [-73.96764645247004, 40.977048309230064]}}, {"type": "Feature", "properties": {"OBJECTID": 2317, "PROJ_ID": "DEP-T4S-04", "PROJ_NAME": "Long Branch Board of Education", "PROG_NAME": "Trees for Schools", "CITY": "LONG BRANCH CITY", "STATE": "NJ", "ZIP": "07740", "REC_ENT": "Long Branch Board of Education", "SECTOR": "Local Government", "FUND_AG": "DEP", "PROJ_DES": "Planting 93 Trees", "LAT": 40.3172, "LONG_": -73.98182, "INITIATIVE": "Enhance Forests and Urban Forests", "PROJ_COST": 109700, "RGGI_AMT": 109700, "CAL_YEAR": 2023, "STATUS": "Awarded", "ECON_AID": "Grant", "CO2E_AVOID": 0.0, "MMBTU_AVOID": null, "GAS_SAVED": 87.2, "ADD_ELEC": 0.0, "R80X50": "Yes", "EJ": "Yes", "COST_EFF": 654.0, "NOX": 0.0, "PM10": 0.0, "PM2_5": 0.0, "VOC": 0.0, "CO": 0.0, "SOX": 0.0, "RGGI_PCT": 100, "CO2E_AVOIDL": null, "NOX_L": 0.0, "PM10_L": 0.0, "PM2_5_L": 0.0, "VOC_L": 0.0, "CO_L": 0.0, "SOX_L": 0.0, "PROJ_LIFE": 27, "GLOBALID": "{F9A759EE-7388-4EFC-9441-CA58DB23C483}"}, "geometry": {"type": "Point", "coordinates": [-73.98182141708962, 40.31720817931288]}}, {"type": "Feature", "properties": {"OBJECTID": 2318, "PROJ_ID": "DEP-T4S-17", "PROJ_NAME": "New Jersey Institute of Technology", "PROG_NAME": "Trees for Schools", "CITY": "NEWARK CITY", "STATE": "NJ", "ZIP": "07102", "REC_ENT": "New Jersey Institute of Technology", "SECTOR": "Local Government", "FUND_AG": "DEP", "PROJ_DES": "Planting 40 Trees", "LAT": 40.741233, "LONG_": -74.17776, "INITIATIVE": "Enhance Forests and Urban Forests", "PROJ_COST": 188554, "RGGI_AMT": 188554, "CAL_YEAR": 2023, "STATUS": "Awarded", "ECON_AID": "Grant", "CO2E_AVOID": 0.0, "MMBTU_AVOID": null, "GAS_SAVED": 19.9, "ADD_ELEC": 0.0, "R80X50": "Yes", "EJ": "Yes", "COST_EFF": 2965.0, "NOX": 0.0, "PM10": 0.0, "PM2_5": 0.0, "VOC": 0.0, "CO": 0.0, "SOX": 0.0, "RGGI_PCT": 100, "CO2E_AVOIDL": null, "NOX_L": 0.0, "PM10_L": 0.0, "PM2_5_L": 0.0, "VOC_L": 0.0, "CO_L": 0.0, "SOX_L": 0.0, "PROJ_LIFE": 27, "GLOBALID": "{E8554927-80C8-4517-B028-ABAA5916E4F2}"}, "geometry": {"type": "Point", "coordinates": [-74.17776150505168, 40.74124125585644]}}]}