{"type": "FeatureCollection", "features": [{"type": "Feature", "id": 140, "geometry": {"type": "Polygon", "coordinates": [[[-74.56923872259446, 40.405649826510114], [-74.57047439399548, 40.405168293986186], [-74.5708971269632, 40.40501053669263], [-74.57101614430863, 40.40476178123141], [-74.57108076046865, 40.404338981383006], [-74.5709250897634, 40.40065857558877], [-74.57043737883231, 40.40086610921775], [-74.57039418010677, 40.4010319239208], [-74.57040537706074, 40.40137178329977], [-74.5704381391471, 40.401595577659776], [-74.57036249727592, 40.401844306274846], [-74.57008078530563, 40.40204342340176], [-74.56987475891977, 40.40203525867078], [-74.56980952084484, 40.401861220290755], [-74.56983105268957, 40.401711997754305], [-74.56984168150538, 40.40150475586346], [-74.56986321316661, 40.401355533311914], [-74.56989557049498, 40.40118972537015], [-74.56954874252895, 40.40133085463213], [-74.56934286297503, 40.4014636089896], [-74.56916951152616, 40.40159634352364], [-74.56882268839728, 40.401745760014485], [-74.56858421821283, 40.40182050647617], [-74.56839997937807, 40.4019117992141], [-74.56829160779509, 40.40196988919996], [-74.56819402051181, 40.401969946795596], [-74.5680312748993, 40.401870569642796], [-74.56783591755668, 40.401688317208844], [-74.56780328047739, 40.401580573906344], [-74.56749957798529, 40.401481278568404], [-74.56735861959282, 40.401481360769324], [-74.56679153827616, 40.401524381183286], [-74.56635039583473, 40.40165602151168], [-74.56604684095942, 40.401705931815], [-74.56568908676154, 40.40177245096246], [-74.56556981375738, 40.4017725186612], [-74.56523362473112, 40.401714682886734], [-74.56511422403422, 40.40158211948471], [-74.5649405214394, 40.40135840285487], [-74.56477773440459, 40.40120928461704], [-74.56465835928856, 40.40110158897715], [-74.56446317930791, 40.40109340853626], [-74.56427891322483, 40.40115982647662], [-74.56413808136949, 40.401292535394006], [-74.56443095095275, 40.40140842444088], [-74.56451777362922, 40.4014912702204], [-74.56453957037223, 40.40160730992339], [-74.56449630923397, 40.40172338592715], [-74.56453988703872, 40.40193888649706], [-74.5644966098666, 40.40203838366649], [-74.56431237279656, 40.402137959306664], [-74.56411728424317, 40.40222925125134], [-74.56392217948027, 40.402303964038666], [-74.56368377220005, 40.402453305114385], [-74.56379242240591, 40.402685348915796], [-74.5641721844566, 40.40295040012598], [-74.5645194514479, 40.40324862587949], [-74.56483400872428, 40.40335621234395], [-74.56521360263304, 40.4034388930389], [-74.5654954472523, 40.40335583956995], [-74.56576647213959, 40.403297659817326], [-74.56583153968548, 40.40330591220612], [-74.56597262328103, 40.403430173040974], [-74.56605952337891, 40.40358762233416], [-74.56615730777709, 40.40378651240975], [-74.56637432894814, 40.40394388693231], [-74.56672144706083, 40.404076317798214], [-74.566970902074, 40.404134199489505], [-74.56739390959783, 40.40425000552129], [-74.56787116895383, 40.404398935830024], [-74.56818573691089, 40.40450651314641], [-74.56848944560893, 40.40459751720847], [-74.56866306720617, 40.40472175545288], [-74.56876081873324, 40.40487919623447], [-74.56872840627793, 40.40499526730248], [-74.56858752470036, 40.40507824509701], [-74.56847917340723, 40.40516120345722], [-74.5684575787008, 40.405252399795565], [-74.56878309639819, 40.40545944194731], [-74.56893505889997, 40.40560856088615], [-74.56923872259446, 40.405649826510114]]]}, "properties": {"OBJECTID": 140, "COMPNAME": "NJR CLEAN ENERGY VENTURES II", "CUSTOMERTYPE": "Commercial", "SYSTEMSIZE": 12998.7, "YEAR": 2018, "SA_SUBSECTION": "t", "ACREAGE": 45.18867512, "ACCOUNT_NUMBER": "NJSRRE1533052241", "INSTALLADD": "147 NEW ROAD", "INSTALLCITY": "SOUTH BRUNSWICK", "STATE": "NJ", "EDC": "PSE&G", "LATITUDE": 40.403096, "LONGITUDE": -74.568343, "SHAPE_Length": 7899.759311833689, "SHAPE_Area": 1968410.8147258773, "GLOBALID": "{1DAF544A-7690-4AFE-941B-97C4726C6F95}"}}, {"type": "Feature", "id": 141, "geometry": {"type": "MultiPolygon", "coordinates": [[[[-75.22081669367535, 39.83748971097052], [-75.22161028281798, 39.83755269761669], [-75.22225920307325, 39.83739486665765], [-75.22228368631761, 39.83720890572337], [-75.22299291323218, 39.83718661414011], [-75.22333015430078, 39.83706654517952], [-75.22335619930656, 39.83653914000145], [-75.22317148238984, 39.83652774717808], [-75.22313206485246, 39.83630635838461], [-75.22298817927039, 39.836292956177935], [-75.22299321708353, 39.83588897800333], [-75.2232434063254, 39.835869544778845], [-75.22321638654948, 39.8350618195879], [-75.22281263195053, 39.83502858837661], [-75.22266706324282, 39.834854332452764], [-75.22261893722349, 39.83468661892933], [-75.22186117214612, 39.834676100684035], [-75.22148493316071, 39.8348795639604], [-75.22138614542696, 39.835187606881256], [-75.22138786570845, 39.83535203472932], [-75.2214588206014, 39.835595762360846], [-75.22157485664734, 39.83570888272111], [-75.2218143214924, 39.83578192698317], [-75.2219580935172, 39.835784607105516], [-75.22198670377972, 39.836302767867224], [-75.22189924242515, 39.8363132432677], [-75.22190586415641, 39.836553503453295], [-75.22079770418642, 39.83656039395862], [-75.22081669367535, 39.83748971097052]]], [[[-75.22535148129724, 39.83570624385258], [-75.225387359537, 39.836031321775394], [-75.22685252894645, 39.836022151200275], [-75.22686218070307, 39.835618143993486], [-75.22726993613315, 39.83559056526129], [-75.22726658060955, 39.83527243354325], [-75.2263436414249, 39.83525319244231], [-75.22636667855302, 39.834799054902646], [-75.22670028260848, 39.83477551718036], [-75.22670865634043, 39.83454083471013], [-75.22591897513135, 39.83455519937183], [-75.2259079710895, 39.83439082968878], [-75.2257064571406, 39.83418832961473], [-75.22563057533182, 39.83397467391624], [-75.22549838985637, 39.83380355784985], [-75.22505788823533, 39.83380273698716], [-75.224966313602, 39.83433952198226], [-75.22497160910105, 39.83485782774032], [-75.2244430816642, 39.834864704112874], [-75.22443634383231, 39.83551957876439], [-75.22493223380454, 39.835522977391435], [-75.22496273400506, 39.835663219711265], [-75.22503592996368, 39.83568319313051], [-75.22535148129724, 39.83570624385258]]], [[[-75.21694968650732, 39.83623730644673], [-75.21690705051385, 39.83636306613969], [-75.21657131569285, 39.836377158424625], [-75.21605520779228, 39.83656791736278], [-75.21604136088669, 39.83672290870183], [-75.21569884893272, 39.83673374954983], [-75.21571274585874, 39.83707943263333], [-75.21591434969848, 39.83714372578302], [-75.21638200713942, 39.837152754706466], [-75.21640954976796, 39.837200247963736], [-75.21702007963815, 39.83719945505643], [-75.21703605133565, 39.83724937351126], [-75.21763883335444, 39.837246271401035], [-75.21780714012381, 39.83708138741141], [-75.21781306924319, 39.83690857112054], [-75.21789013013291, 39.83688724157126], [-75.21789293951043, 39.8367859395882], [-75.21805503687594, 39.836767062637726], [-75.21805339270428, 39.836609187996466], [-75.21797592893383, 39.83659179368227], [-75.21797032802573, 39.83642500664542], [-75.21813650557034, 39.83642695704335], [-75.21814959086578, 39.83619116483086], [-75.21762402509603, 39.83619479052548], [-75.21760526383515, 39.836248527841825], [-75.21694968650732, 39.83623730644673]]]]}, "properties": {"OBJECTID": 141, "COMPNAME": "PARADISE SOLAR URBAN RENEWAL", "CUSTOMERTYPE": "Commercial", "SYSTEMSIZE": 6158.88, "YEAR": 2011, "SA_SUBSECTION": " ", "ACREAGE": 23.21503315, "ACCOUNT_NUMBER": "NJSRRE1532226926", "INSTALLADD": "1 PARADISE RD", "INSTALLCITY": "WEST DEPTFORD", "STATE": "NJ", "EDC": "PSE&G", "LATITUDE": 39.835975999999995, "LONGITUDE": -75.222307, "SHAPE_Length": 8904.607557756557, "SHAPE_Area": 1011242.7989438048, "GLOBALID": "{C9F67C53-4C91-41B3-9827-A39996DE96CD}"}}, {"type": "Feature", "id": 142, "geometry": {"type": "Polygon", "coordinates": [[[-75.31640064645583, 39.60910894232242], [-75.31552725469265, 39.60911865137991], [-75.31550641267414, 39.60931184084928], [-75.31491521429432, 39.60934458823532], [-75.31487046742981, 39.60947002266996], [-75.31465359831712, 39.60950014257675], [-75.3143458937714, 39.60954743563935], [-75.31431841598547, 39.60968838585866], [-75.31408751431505, 39.609704303573956], [-75.31403768383143, 39.609790449700945], [-75.31380690730562, 39.60981709060289], [-75.3137478335987, 39.609903301352496], [-75.31353075342298, 39.609915546278266], [-75.31325295368053, 39.60997638531767], [-75.31321476263741, 39.610164424834274], [-75.31269262589161, 39.610196292930944], [-75.31266207346282, 39.61032916152532], [-75.31240810386954, 39.61034881214068], [-75.31238137801581, 39.61043479598644], [-75.31214114695211, 39.610443625330326], [-75.31209139705787, 39.610536919804304], [-75.31185124910013, 39.610552897715195], [-75.31181532133499, 39.61064252060669], [-75.31139052357263, 39.61067766207471], [-75.3113457695065, 39.610803095197], [-75.31109645398953, 39.61082270809312], [-75.31106977499664, 39.61091584340919], [-75.31082180742463, 39.61093048936914], [-75.31079024228428, 39.61112156236086], [-75.31027986712076, 39.61114316353033], [-75.31021842856882, 39.61123279781269], [-75.31001449204287, 39.6112473035387], [-75.30994696867523, 39.61133836198917], [-75.30971402549832, 39.61136521323692], [-75.3096802127386, 39.61145104249467], [-75.30945966741966, 39.61146502803963], [-75.3094134559297, 39.61156372239424], [-75.3092034189733, 39.611565583807234], [-75.30912796247863, 39.61165508293945], [-75.30889562313182, 39.611686366424884], [-75.30874999615702, 39.61174351169058], [-75.30846137652395, 39.611919763427274], [-75.30849322266198, 39.612984790709994], [-75.31047134192461, 39.61297737792209], [-75.31046271657546, 39.61236432854617], [-75.31071207258378, 39.61234471436043], [-75.31074800261983, 39.612255091812635], [-75.31099273659007, 39.612235509281106], [-75.31099860766442, 39.61219630969397], [-75.31071943933163, 39.61218379369295], [-75.31072755660395, 39.612087215489346], [-75.31101622084991, 39.612078710929616], [-75.31102275156731, 39.61203510689225], [-75.3112768112093, 39.612022608406306], [-75.31128501114307, 39.61193317933153], [-75.31191333108227, 39.611910915552215], [-75.31191908009407, 39.6120073969295], [-75.31203957423665, 39.612035153746504], [-75.3121153762892, 39.61220362138269], [-75.3123513900886, 39.61221886716845], [-75.31300948228336, 39.61223100538631], [-75.31304744639141, 39.61206027844464], [-75.31314719650736, 39.61189513618613], [-75.31315179736784, 39.61149829315011], [-75.31341501392315, 39.611478576156586], [-75.31343590414338, 39.611288961647304], [-75.31366681124373, 39.61127304517586], [-75.31370328096212, 39.611229891275556], [-75.31478008693949, 39.61122234429216], [-75.31481497493024, 39.611418808077886], [-75.31490259253341, 39.61142167790684], [-75.31494018120344, 39.611640853657676], [-75.31543619530868, 39.61199348818097], [-75.31631544962374, 39.6119778108639], [-75.31648024199053, 39.61195040661573], [-75.31647015907937, 39.611878980044175], [-75.31592398517896, 39.61141808385873], [-75.31591689342694, 39.61081398025355], [-75.3168085401516, 39.61078269062108], [-75.31753364559293, 39.61073826672701], [-75.31756418771535, 39.61058433229134], [-75.31781815651608, 39.610564670410895], [-75.31780672656771, 39.61037885750953], [-75.31750553513808, 39.61031305472734], [-75.3172649270495, 39.61028972346492], [-75.31724896129008, 39.610111092148145], [-75.31669871975926, 39.610089937416994], [-75.31669086560494, 39.609421491388055], [-75.31640425717077, 39.609416356052705], [-75.31640064645583, 39.60910894232242]]]}, "properties": {"OBJECTID": 142, "COMPNAME": "PILESGROVE SOLAR,  LLC CIRCUIT #1", "CUSTOMERTYPE": "Commercial", "SYSTEMSIZE": 9947.94, "YEAR": 2011, "SA_SUBSECTION": " ", "ACREAGE": 33.81467968, "ACCOUNT_NUMBER": "NJSRRE1532227001", "INSTALLADD": "388 MANNINGTON YORKETOWN ROAD", "INSTALLCITY": "PILESGROVE", "STATE": "NJ", "EDC": "ACE", "LATITUDE": 39.610941, "LONGITUDE": -75.313423, "SHAPE_Length": 8503.571108953984, "SHAPE_Area": 1472961.5547884086, "GLOBALID": "{AD99532C-597E-4EC7-A67F-4A1B9E8DBE7F}"}}, {"type": "Feature", "id": 143, "geometry": {"type": "MultiPolygon", "coordinates": [[[[-74.65667348029528, 40.17011844932959], [-74.6579540522359, 40.17043127385012], [-74.65808978427874, 40.170021202167916], [-74.65913389490966, 40.170172287182005], [-74.65982872654969, 40.16974237889807], [-74.65984061507217, 40.16951358897872], [-74.65928130919761, 40.16944763355565], [-74.65877090761, 40.169038448088806], [-74.65860877702514, 40.16878130007181], [-74.65867014971818, 40.16845711951966], [-74.65827147587642, 40.168000117147066], [-74.65855690218275, 40.16784721030958], [-74.65871767483075, 40.16752289351685], [-74.65769697844571, 40.166733110696164], [-74.65667348029528, 40.17011844932959]]], [[[-74.65611628972766, 40.16555325318298], [-74.65609246705958, 40.16600130160019], [-74.65604409816098, 40.16658283465086], [-74.65592163704179, 40.16736464433138], [-74.65588551733262, 40.16786990252235], [-74.6558371453907, 40.16845143440356], [-74.65576377001044, 40.16896627453089], [-74.65602500959882, 40.169099374318456], [-74.65650579402136, 40.16744011436317], [-74.65669195327192, 40.167344539645924], [-74.65711152962281, 40.166095246246456], [-74.65624042931302, 40.165505425153235], [-74.65611628972766, 40.16555325318298]]]]}, "properties": {"OBJECTID": 143, "COMPNAME": "PSE&G YARDVILLE", "CUSTOMERTYPE": "Commercial", "SYSTEMSIZE": 4302.36, "YEAR": 2011, "SA_SUBSECTION": " ", "ACREAGE": 17.96983808, "ACCOUNT_NUMBER": "NJSRRE1532226775", "INSTALLADD": " BROAD STREET", "INSTALLCITY": "HAMILTON", "STATE": "NJ", "EDC": "PSE&G", "LATITUDE": 40.168797999999995, "LONGITUDE": -74.65779599999999, "SHAPE_Length": 6692.704625716374, "SHAPE_Area": 782763.0158787357, "GLOBALID": "{03EBDDCA-E31F-447B-914F-256129BD75D2}"}}, {"type": "Feature", "id": 144, "geometry": {"type": "Polygon", "coordinates": [[[-74.73671438785817, 39.99989260131381], [-74.7350474728948, 39.99950594921577], [-74.7346310032149, 39.999415347399655], [-74.73406121357478, 39.99940125855413], [-74.73362714497732, 40.00121643055514], [-74.73426558106992, 40.00121451805883], [-74.73430049608152, 40.00128303171928], [-74.73464299605045, 40.001435001437414], [-74.73507388813947, 40.00143006482623], [-74.73582622061782, 40.00121516325977], [-74.73583269428345, 40.00115078800101], [-74.73570206004898, 40.001127780414585], [-74.73574102668138, 40.00093337914579], [-74.73585496360258, 40.00092933710286], [-74.73590898938437, 40.00079205866151], [-74.73613683647115, 40.00077635371665], [-74.736229314464, 40.00029607553654], [-74.73637275276228, 40.00022719883715], [-74.73671071457268, 40.000142751613495], [-74.73671438785817, 39.99989260131381]]]}, "properties": {"OBJECTID": 144, "COMPNAME": "SYNCARPHA ALETHEA I LLC", "CUSTOMERTYPE": "Commercial", "SYSTEMSIZE": 3010.35, "YEAR": 2012, "SA_SUBSECTION": " ", "ACREAGE": 9.8534072, "ACCOUNT_NUMBER": "NJSRRE1532224608", "INSTALLADD": "2537 ROUTE 206", "INSTALLCITY": "EASTAMPTON", "STATE": "NJ", "EDC": "PSE&G", "LATITUDE": 40.000428, "LONGITUDE": -74.735017, "SHAPE_Length": 2798.796108526283, "SHAPE_Area": 429212.7008141065, "GLOBALID": "{29557DF3-336C-456A-8D77-A211A57C4E24}"}}, {"type": "Feature", "id": 145, "geometry": {"type": "Polygon", "coordinates": [[[-74.89024390545009, 39.976226673324376], [-74.88999577497636, 39.974810743493784], [-74.88950117591521, 39.9746459750588], [-74.8888887208936, 39.974238353989676], [-74.88855588517526, 39.974007205914546], [-74.88839955442788, 39.97405222523492], [-74.88809924346945, 39.974459722380566], [-74.88800975053917, 39.974761931242625], [-74.88801720372055, 39.97509903664849], [-74.88667084921137, 39.97645026105205], [-74.88671247798214, 39.97654078002229], [-74.89024390545009, 39.976226673324376]]]}, "properties": {"OBJECTID": 145, "COMPNAME": "CLEANLIGHT ENERGY, LLC", "CUSTOMERTYPE": "Commercial", "SYSTEMSIZE": 2936.64, "YEAR": 2012, "SA_SUBSECTION": " ", "ACREAGE": 11.61048183, "ACCOUNT_NUMBER": "NJSRRE1532224609", "INSTALLADD": "3244 MARNE HIGHWAY", "INSTALLCITY": "MOUNT LAUREL", "STATE": "NJ", "EDC": "PSE&G", "LATITUDE": 39.97564, "LONGITUDE": -74.888598, "SHAPE_Length": 3128.5503944108023, "SHAPE_Area": 505750.56552210264, "GLOBALID": "{31DB6DCA-84CF-47A8-BCFA-0193984F4137}"}}, {"type": "Feature", "id": 146, "geometry": {"type": "Polygon", "coordinates": [[[-75.1069562470485, 40.78859460787568], [-75.10691530928345, 40.78823025693173], [-75.10597895581554, 40.78824732430743], [-75.10597534096642, 40.787859646318665], [-75.10419848313046, 40.787875275519625], [-75.10420193770314, 40.78824577982209], [-75.10212958693877, 40.78827271417956], [-75.1021324925251, 40.78859437613308], [-75.10243347908354, 40.78866419505082], [-75.10245509969829, 40.7890073102411], [-75.10385636575927, 40.789015232984546], [-75.10388816394583, 40.78936992094199], [-75.10752373331978, 40.78935462950272], [-75.10755911902301, 40.78858022790892], [-75.1069562470485, 40.78859460787568]]]}, "properties": {"OBJECTID": 146, "COMPNAME": "PPL RENEWABLE ENERGY, LLC", "CUSTOMERTYPE": "Commercial", "SYSTEMSIZE": 2677.4500000000003, "YEAR": 2012, "SA_SUBSECTION": " ", "ACREAGE": 13.32573428, "ACCOUNT_NUMBER": "NJSRRE1532225333", "INSTALLADD": "3263 BELVIDERE RD.", "INSTALLCITY": "PHILLIPSBURG", "STATE": "NJ", "EDC": "JCP&L", "LATITUDE": 40.788686, "LONGITUDE": -75.10519, "SHAPE_Length": 4037.717055312456, "SHAPE_Area": 580466.6632759795, "GLOBALID": "{3909D873-BFA8-484A-9365-5DC9184CDB6C}"}}, {"type": "Feature", "id": 147, "geometry": {"type": "Polygon", "coordinates": [[[-74.63376668491277, 40.17015968466906], [-74.6338694812411, 40.16981001622221], [-74.63384183473173, 40.169515133290346], [-74.63399058437992, 40.169256124689646], [-74.63399997384427, 40.16885939489629], [-74.63396149983188, 40.168751810898705], [-74.6340762002796, 40.168707648283295], [-74.63399921382731, 40.16847291153993], [-74.63421639557461, 40.168440484727576], [-74.6341263596981, 40.168272183883765], [-74.63413785217283, 40.16763129156834], [-74.63422237372231, 40.167616560580946], [-74.63422414894761, 40.16737189120462], [-74.63409900318099, 40.16733291197181], [-74.63410507202603, 40.167176354328085], [-74.63329522323995, 40.167187073907215], [-74.63326981126033, 40.16723602522757], [-74.6325555868634, 40.1672319529079], [-74.63254987642866, 40.16714512391055], [-74.63199417425685, 40.1671067311436], [-74.63201386155936, 40.16739401466043], [-74.63252467271492, 40.16773099336645], [-74.63255130349015, 40.16830824320356], [-74.63275617824111, 40.168723845959704], [-74.63304758960949, 40.16877704887652], [-74.63318374709087, 40.168879905494165], [-74.63317172915418, 40.16925661911862], [-74.6330446264004, 40.16948180666926], [-74.63303894655387, 40.169838944139535], [-74.63298821570507, 40.16998576855558], [-74.63321783229328, 40.170005073405285], [-74.63324425049163, 40.170134265257744], [-74.63376668491277, 40.17015968466906]]]}, "properties": {"OBJECTID": 147, "COMPNAME": "HARTZ SOLAR HAMILTON, L.L.C", "CUSTOMERTYPE": "Commercial", "SYSTEMSIZE": 3945.48, "YEAR": 2012, "SA_SUBSECTION": " ", "ACREAGE": 8.769247589999999, "ACCOUNT_NUMBER": "NJSRRE1532225065", "INSTALLADD": "1041 YARDVILLE-ALLENTOWN RD", "INSTALLCITY": "HAMILTON", "STATE": "NJ", "EDC": "PSE&G", "LATITUDE": 40.168424, "LONGITUDE": -74.63340699999999, "SHAPE_Length": 3325.963951372047, "SHAPE_Area": 381986.8968939076, "GLOBALID": "{7E608EDD-85EC-4BC1-846F-C65E436C8B6D}"}}, {"type": "Feature", "id": 148, "geometry": {"type": "Polygon", "coordinates": [[[-74.63283403782249, 40.17068989702447], [-74.63278329374926, 40.17015614914345], [-74.63246854134547, 40.170051709015056], [-74.63233391391633, 40.16909858414515], [-74.63204812779274, 40.1690989104329], [-74.6318966604693, 40.16787895420609], [-74.63147076664436, 40.16764511111101], [-74.62997076175897, 40.16789066494921], [-74.62996851045813, 40.168036240194176], [-74.62922558918079, 40.16807261118754], [-74.62847235974108, 40.16809671575008], [-74.62832414025037, 40.168698166257926], [-74.62892381305, 40.16868720310016], [-74.62918299512442, 40.17001111728181], [-74.62970322437293, 40.17025174734747], [-74.62971474903578, 40.17047419212584], [-74.63058270326587, 40.17043782088877], [-74.63062129849632, 40.170196737048485], [-74.63114056143662, 40.170220592138904], [-74.63120534691896, 40.17054049339941], [-74.63168723702671, 40.170646906077316], [-74.63283403782249, 40.17068989702447]]]}, "properties": {"OBJECTID": 148, "COMPNAME": "HARTZ SOLAR HAMILTON, LLC", "CUSTOMERTYPE": "Commercial", "SYSTEMSIZE": 4509.12, "YEAR": 2012, "SA_SUBSECTION": " ", "ACREAGE": 20.17714298, "ACCOUNT_NUMBER": "NJSRRE1532225064", "INSTALLADD": "1041 YARDVILLE-ALLENTOWN RD", "INSTALLCITY": "HAMILTON", "STATE": "NJ", "EDC": "PSE&G", "LATITUDE": 40.169063, "LONGITUDE": -74.630532, "SHAPE_Length": 4397.665305517833, "SHAPE_Area": 878912.83254591, "GLOBALID": "{36743524-1D24-46F9-9E70-26F4F06A3C8A}"}}, {"type": "Feature", "id": 149, "geometry": {"type": "Polygon", "coordinates": [[[-75.18876918765017, 39.8366211509492], [-75.18872477153931, 39.83650943054759], [-75.1885040223062, 39.83643267532682], [-75.18830543054038, 39.83612697544467], [-75.18837111422431, 39.83602137926412], [-75.18826866090357, 39.835941451450594], [-75.18838686737807, 39.83588877982747], [-75.18843719521853, 39.83585085585559], [-75.18846168840903, 39.83568995799048], [-75.18856240550605, 39.83563552194531], [-75.18858394309491, 39.835344667252635], [-75.18832202503008, 39.835340837725774], [-75.1873194541488, 39.83579270779522], [-75.18800646387048, 39.836755114687136], [-75.1882732571589, 39.83675169059795], [-75.18850837128288, 39.83668980379236], [-75.18876918765017, 39.8366211509492]]]}, "properties": {"OBJECTID": 149, "COMPNAME": "PSEG INCORPORATED", "CUSTOMERTYPE": "Commercial", "SYSTEMSIZE": 719.95, "YEAR": 2012, "SA_SUBSECTION": " ", "ACREAGE": 2.56201214, "ACCOUNT_NUMBER": "NJSRRE1532225072", "INSTALLADD": "356 JESSUP ROAD", "INSTALLCITY": "WEST DEPTFORD", "STATE": "NJ", "EDC": "PSE&G", "LATITUDE": 39.836110999999995, "LONGITUDE": -75.187934, "SHAPE_Length": 1598.3793429757652, "SHAPE_Area": 111600.80243387543, "GLOBALID": "{54A25C83-7E8A-4CD6-8BF0-06E164103A80}"}}, {"type": "Feature", "id": 150, "geometry": {"type": "Polygon", "coordinates": [[[-74.82901833412105, 40.03144585711179], [-74.82932736753462, 40.03124241455516], [-74.82947293664502, 40.030700804999675], [-74.82933841138424, 40.0306174153918], [-74.8290728769347, 40.030489346970064], [-74.82827923687991, 40.03034402093994], [-74.82829733547852, 40.03020014202952], [-74.8249959000356, 40.029698803540114], [-74.82504121307224, 40.02946883174852], [-74.824368448772, 40.029392574518305], [-74.82481865868363, 40.02771315896885], [-74.82398109942051, 40.027592577777476], [-74.82331328656555, 40.030422146946634], [-74.824298890669, 40.03056696992018], [-74.8242948043578, 40.0308176050687], [-74.82901833412105, 40.03144585711179]]]}, "properties": {"OBJECTID": 150, "COMPNAME": "PSE&G", "CUSTOMERTYPE": "Commercial", "SYSTEMSIZE": 3822, "YEAR": 2012, "SA_SUBSECTION": " ", "ACREAGE": 19.51445067, "ACCOUNT_NUMBER": "NJSRRE1532224610", "INSTALLADD": "600 IRICK ROAD", "INSTALLCITY": "BURLINGTON", "STATE": "NJ", "EDC": "PSE&G", "LATITUDE": 40.030159, "LONGITUDE": -74.825104, "SHAPE_Length": 5575.391841522508, "SHAPE_Area": 850046.0711533222, "GLOBALID": "{A6A30356-5574-4E82-8F35-869056CBA944}"}}, {"type": "Feature", "id": 151, "geometry": {"type": "MultiPolygon", "coordinates": [[[[-74.85364342638336, 40.48418811235477], [-74.85336789222869, 40.48435317630351], [-74.8533595039306, 40.484499952652335], [-74.85303938226492, 40.484549974497575], [-74.85238434368722, 40.48511772492614], [-74.85175750701002, 40.485768511517804], [-74.85140785838082, 40.48638245731271], [-74.85111772622669, 40.486404785425016], [-74.85059137631352, 40.487114416542155], [-74.85051532354437, 40.487593310823414], [-74.84998535855647, 40.48786164857612], [-74.8497212965374, 40.488024254392386], [-74.84960204603809, 40.48842176053579], [-74.8494150457243, 40.488472367465434], [-74.84928098705026, 40.48880161631248], [-74.84957164945467, 40.48887937404319], [-74.85039531146894, 40.48888521387057], [-74.85096253642278, 40.488813572773175], [-74.8510168446599, 40.48860691476943], [-74.85193902700429, 40.48858981273732], [-74.8532378988018, 40.4871003832884], [-74.85417094903202, 40.48569131490528], [-74.85561183135027, 40.48461814818064], [-74.85563806993709, 40.484267777279236], [-74.85440219428803, 40.48426442475737], [-74.85437843109962, 40.484196584218026], [-74.85364342638336, 40.48418811235477]]], [[[-74.85398281676535, 40.4881975372577], [-74.8540114690741, 40.48830468111379], [-74.85398905699819, 40.4884941922778], [-74.85451821680488, 40.48852116541808], [-74.85495648882399, 40.48818025344003], [-74.8556460642903, 40.48755619014181], [-74.85625582231908, 40.487775924215086], [-74.85653570586514, 40.487796194624785], [-74.8569793634493, 40.487380509042204], [-74.85700203191243, 40.48724103790715], [-74.85696729756899, 40.48699898104587], [-74.85731434052104, 40.4869862912644], [-74.85775742158735, 40.48667394883811], [-74.85799948543216, 40.48641584335408], [-74.85802004329274, 40.485879621435714], [-74.85789791140986, 40.48580136315297], [-74.85766303006547, 40.485648391550214], [-74.8576999169602, 40.48504150069907], [-74.85704199234102, 40.48506411198472], [-74.85703475106772, 40.48546446590668], [-74.85657642001149, 40.485548091799636], [-74.85614655345555, 40.485703115938996], [-74.8552620433808, 40.48664232792162], [-74.85535616091154, 40.486734972670554], [-74.85529209181914, 40.48701397190553], [-74.85515178184698, 40.487039423864275], [-74.85472367142303, 40.48753042973417], [-74.8545110921125, 40.48766788077425], [-74.8543269339909, 40.48775683313739], [-74.85417851812838, 40.488021792720325], [-74.85398281676535, 40.4881975372577]]]]}, "properties": {"OBJECTID": 151, "COMPNAME": "FLEMINGTON SOLAR, LLC", "CUSTOMERTYPE": "Commercial", "SYSTEMSIZE": 9364.050000000001, "YEAR": 2012, "SA_SUBSECTION": " ", "ACREAGE": 39.33411464, "ACCOUNT_NUMBER": "NJSRRE1532225016", "INSTALLADD": "21 KUHL ROAD", "INSTALLCITY": "FLEMINGTON", "STATE": "NJ", "EDC": "JCP&L", "LATITUDE": 40.486452, "LONGITUDE": -74.85292799999999, "SHAPE_Length": 9504.41746786307, "SHAPE_Area": 1713387.1802526773, "GLOBALID": "{98CBEBF5-F52C-47B8-A648-1A128FE8365C}"}}, {"type": "Feature", "id": 152, "geometry": {"type": "Polygon", "coordinates": [[[-75.01417720627138, 40.521317638438575], [-75.0141453223126, 40.52049378818974], [-75.01301335150266, 40.520477933702516], [-75.01260826120387, 40.520810001837155], [-75.01257590239733, 40.521186499992645], [-75.01188669188116, 40.52121643765108], [-75.00946930339833, 40.52208663541223], [-75.00951912657156, 40.5222369143019], [-75.01191675351257, 40.522522024385204], [-75.01271712740242, 40.522549198623324], [-75.01277786650225, 40.52259501332642], [-75.01431086079808, 40.522593304469204], [-75.01429349026834, 40.52230415162557], [-75.0135103302324, 40.522296053477845], [-75.01350800695631, 40.52133213531077], [-75.01417720627138, 40.521317638438575]]]}, "properties": {"OBJECTID": 152, "COMPNAME": "FRENCHTOWN I SOLAR, LLC", "CUSTOMERTYPE": "Commercial", "SYSTEMSIZE": 3474.2400000000002, "YEAR": 2012, "SA_SUBSECTION": " ", "ACREAGE": 12.37146616, "ACCOUNT_NUMBER": "NJSRRE1532225193", "INSTALLADD": "1038 ROUTE 12", "INSTALLCITY": "FRENCHTOWN", "STATE": "NJ", "EDC": "JCP&L", "LATITUDE": 40.521899, "LONGITUDE": -75.012148, "SHAPE_Length": 4116.784749012785, "SHAPE_Area": 538898.9103067142, "GLOBALID": "{191F97CA-5B7E-43C4-B1BE-6C5157B4FF3B}"}}, {"type": "Feature", "id": 153, "geometry": {"type": "Polygon", "coordinates": [[[-74.9791236215294, 40.514049238636865], [-74.97703014066542, 40.514052239655676], [-74.9769529355585, 40.51422652315569], [-74.97604172011816, 40.514227104959545], [-74.97594564233695, 40.51417351614604], [-74.9755708656277, 40.51413060124728], [-74.97443490323636, 40.51412256837033], [-74.97442996550285, 40.51462899445333], [-74.97458024364586, 40.51467134397181], [-74.97462001889308, 40.51500143912206], [-74.9757017457862, 40.51498746446213], [-74.97571872532347, 40.515031374734164], [-74.97583522638821, 40.51503454833509], [-74.9758195486662, 40.5151711620724], [-74.97595719047493, 40.515218228667955], [-74.97597884759824, 40.515338810829725], [-74.97609143539329, 40.51537327820943], [-74.97612845424605, 40.515447058984556], [-74.97623618432097, 40.51552500693246], [-74.97677476877605, 40.5155070100398], [-74.97856078700121, 40.515061399746884], [-74.97860549399645, 40.51491196316697], [-74.97873846272982, 40.51488714070668], [-74.97872812541334, 40.51460342564965], [-74.97884862816763, 40.514580697433466], [-74.97885995817215, 40.514418696797556], [-74.97896194339053, 40.51440096753433], [-74.9791236215294, 40.514049238636865]]]}, "properties": {"OBJECTID": 153, "COMPNAME": "FRENCHTOWN II SOLAR, LLC", "CUSTOMERTYPE": "Commercial", "SYSTEMSIZE": 3474.03, "YEAR": 2012, "SA_SUBSECTION": " ", "ACREAGE": 11.06704942, "ACCOUNT_NUMBER": "NJSRRE1532224615", "INSTALLADD": "30 SLACKTOWN ROAD", "INSTALLCITY": "FRENCHTOWN", "STATE": "NJ", "EDC": "JCP&L", "LATITUDE": 40.514747, "LONGITUDE": -74.976823, "SHAPE_Length": 3424.4468645772226, "SHAPE_Area": 482078.7445653504, "GLOBALID": "{9E34C9E2-253A-46CF-82A0-A2C1B499F9D0}"}}, {"type": "Feature", "id": 154, "geometry": {"type": "Polygon", "coordinates": [[[-74.9131923508041, 40.677101491808706], [-74.9132219924199, 40.67564551624177], [-74.91306103348367, 40.67538506504798], [-74.91281719407995, 40.67511212832634], [-74.91253719182365, 40.674928249130154], [-74.91218883213234, 40.67489553927112], [-74.91187023023855, 40.67491138198976], [-74.91161661674968, 40.67528728318554], [-74.91131430645038, 40.67559718139546], [-74.9113312102794, 40.67599050010523], [-74.91122982907717, 40.67599453767681], [-74.91118806435858, 40.676270419301474], [-74.91118948738064, 40.67650202984189], [-74.9118832623024, 40.67702896404365], [-74.9128346090853, 40.67703659563044], [-74.91285954134666, 40.67708305450395], [-74.9131923508041, 40.677101491808706]]]}, "properties": {"OBJECTID": 154, "COMPNAME": "LEBANON SOLAR, LLC", "CUSTOMERTYPE": "Commercial", "SYSTEMSIZE": 2316.16, "YEAR": 2012, "SA_SUBSECTION": " ", "ACREAGE": 8.27617294, "ACCOUNT_NUMBER": "NJSRRE1532225068", "INSTALLADD": "111 BUFFALO HOLLOW ROAD", "INSTALLCITY": "GLEN GARDNER", "STATE": "NJ", "EDC": "JCP&L", "LATITUDE": 40.675985, "LONGITUDE": -74.912266, "SHAPE_Length": 2342.1995447652125, "SHAPE_Area": 360508.6514271889, "GLOBALID": "{18057014-6697-4C8E-B166-BB2623A48F35}"}}, {"type": "Feature", "id": 155, "geometry": {"type": "Polygon", "coordinates": [[[-74.97519021035974, 39.4237620719195], [-74.97412796232625, 39.419376264577664], [-74.97440082417685, 39.41883174696617], [-74.97411594987408, 39.41760309576908], [-74.97264252352953, 39.417823593253786], [-74.97240478658853, 39.41811056214148], [-74.9723720647357, 39.41872560086694], [-74.97237563594344, 39.41925469147348], [-74.97215738958886, 39.41969888188522], [-74.97351423183353, 39.424040608114424], [-74.97519021035974, 39.4237620719195]]]}, "properties": {"OBJECTID": 155, "COMPNAME": "NJR CLEAN ENERGY VENTURES CORP", "CUSTOMERTYPE": "Commercial", "SYSTEMSIZE": 4737.6, "YEAR": 2012, "SA_SUBSECTION": " ", "ACREAGE": 27.60480618, "ACCOUNT_NUMBER": "NJSRRE1532225066", "INSTALLADD": "3042 MAYS LANDING RD", "INSTALLCITY": "VINELAND", "STATE": "NJ", "EDC": "ACE", "LATITUDE": 39.421293999999996, "LONGITUDE": -74.97358299999999, "SHAPE_Length": 5542.321227117037, "SHAPE_Area": 1202460.5473902498, "GLOBALID": "{9F3DADC8-1D70-446C-B9BB-7AEC9582F86C}"}}, {"type": "Feature", "id": 156, "geometry": {"type": "Polygon", "coordinates": [[[-74.99843072748433, 39.50654724653999], [-74.99845943027199, 39.50577269985365], [-74.99873492596258, 39.505764025499644], [-74.99869833462351, 39.50549560666574], [-74.99859250607837, 39.505487943290724], [-74.99856248139322, 39.50521279858701], [-74.9980395984605, 39.5052320943905], [-74.99803725925243, 39.50490439788848], [-74.9988463352525, 39.504906205527966], [-74.99882774054149, 39.50412345073176], [-74.99869252837428, 39.504037635413205], [-74.99831559989148, 39.504030314125686], [-74.99829173406468, 39.50338096152303], [-74.9977362401439, 39.50337078106471], [-74.99774469344126, 39.503785490168234], [-74.99668340795239, 39.503801945485655], [-74.99669235026509, 39.503977677187756], [-74.99642419997485, 39.50412480084559], [-74.99639294325036, 39.504561491882434], [-74.99666392950633, 39.50459753120835], [-74.99668265716494, 39.50472511432982], [-74.99719220199044, 39.504743792919186], [-74.99722019459394, 39.50482854157256], [-74.99746732804944, 39.50491765703075], [-74.99746123745119, 39.5050237685446], [-74.9972149730214, 39.50505664763105], [-74.99720831829515, 39.50547034224897], [-74.99720494559502, 39.50557120493697], [-74.99709052406662, 39.50628740086901], [-74.99729917442204, 39.50630279143113], [-74.99740090305798, 39.50656619186697], [-74.99843072748433, 39.50654724653999]]]}, "properties": {"OBJECTID": 156, "COMPNAME": "CONSTELLATION SOLAR NEW JERSEY", "CUSTOMERTYPE": "Commercial", "SYSTEMSIZE": 3006.08, "YEAR": 2012, "SA_SUBSECTION": " ", "ACREAGE": 10.70342832, "ACCOUNT_NUMBER": "NJSRRE1532224613", "INSTALLADD": " LIBERTY AVE/MAIN RD", "INSTALLCITY": "VINELAND", "STATE": "NJ", "EDC": "Vineland", "LATITUDE": 39.504943999999995, "LONGITUDE": -74.997781, "SHAPE_Length": 4071.5853559267916, "SHAPE_Area": 466239.4725965537, "GLOBALID": "{8922023C-E394-4604-8963-30BAAA68A1BA}"}}, {"type": "Feature", "id": 157, "geometry": {"type": "Polygon", "coordinates": [[[-74.81991251227302, 39.93045578194361], [-74.81745944802059, 39.92814609642102], [-74.81707745753008, 39.92787546230517], [-74.81668644918659, 39.92766204629931], [-74.8166486128127, 39.92751201058691], [-74.81642465800297, 39.92727668943178], [-74.81608215634321, 39.92751355614278], [-74.81575914438648, 39.92795055445091], [-74.8157614108558, 39.92844386121414], [-74.81678824145443, 39.92959927476906], [-74.8180839878393, 39.93066099820516], [-74.81873564032796, 39.93100238330037], [-74.81905115278495, 39.93095146892081], [-74.81970041803244, 39.93077809366871], [-74.81981119273549, 39.93063479822375], [-74.81991251227302, 39.93045578194361]]]}, "properties": {"OBJECTID": 157, "COMPNAME": "KEPS LANDHOLDINGS, LLC", "CUSTOMERTYPE": "Commercial", "SYSTEMSIZE": 5001.95, "YEAR": 2012, "SA_SUBSECTION": " ", "ACREAGE": 14.89439052, "ACCOUNT_NUMBER": "NJSRRE1532225067", "INSTALLADD": "7-12 REEVES STATION ROAD", "INSTALLCITY": "MEDFORD", "STATE": "NJ", "EDC": "PSE&G", "LATITUDE": 39.929238999999995, "LONGITUDE": -74.817619, "SHAPE_Length": 3697.1942424678714, "SHAPE_Area": 648797.055701639, "GLOBALID": "{5F94D7F9-B3A8-41EE-9BFE-5AEFC86E3A74}"}}, {"type": "Feature", "id": 158, "geometry": {"type": "Polygon", "coordinates": [[[-75.31576228310173, 39.6142113964338], [-75.31544157805526, 39.61419076877967], [-75.31522697063558, 39.61438865449136], [-75.31473889735301, 39.61439017182624], [-75.3147013874088, 39.614344676538835], [-75.31416368131357, 39.614317940544005], [-75.31389231884937, 39.6143007759977], [-75.31388784770463, 39.6141053386733], [-75.3136161926947, 39.614087264610504], [-75.31360165864554, 39.613898613213884], [-75.31274862921694, 39.61388933130886], [-75.31269589819988, 39.613596084111336], [-75.31258471124697, 39.61357398268745], [-75.3125664540538, 39.61348831347364], [-75.31172086882465, 39.61348278513193], [-75.31170725971435, 39.61358392992029], [-75.31157924194437, 39.61359817049213], [-75.31156552129347, 39.613689783051264], [-75.31143506067501, 39.61370594712811], [-75.31143373101723, 39.61380319291761], [-75.31158668746713, 39.61381356406266], [-75.31157547620374, 39.61390897228524], [-75.3113142202447, 39.61391270368311], [-75.31131160510405, 39.614111008139766], [-75.3107619777176, 39.6141186584037], [-75.31075988506765, 39.61402334914197], [-75.31047487132949, 39.61401961202385], [-75.31047993151232, 39.61381938391962], [-75.31075511352243, 39.6138060288503], [-75.31074619833424, 39.613399981023186], [-75.31102461752342, 39.613388504699266], [-75.31101074995074, 39.61324166298765], [-75.3107493043789, 39.613243618287406], [-75.3107561652084, 39.61319781204793], [-75.31047745770303, 39.61318450395922], [-75.31047134192465, 39.61297737792209], [-75.30849322266198, 39.61298479070996], [-75.30815800197989, 39.61298712311689], [-75.30813621571869, 39.61310095561043], [-75.30786530247859, 39.61312190580728], [-75.30758542274043, 39.61316675018624], [-75.30758022977912, 39.613250199973784], [-75.30732152938111, 39.61326153101409], [-75.30730228707525, 39.61346185758196], [-75.30677244945953, 39.613475071228045], [-75.30677359060518, 39.61373263285117], [-75.3070435488134, 39.61373534556589], [-75.3070510947205, 39.61385445554952], [-75.30730982506134, 39.61384550814542], [-75.30733914436692, 39.614512613808444], [-75.30704378068117, 39.614494429591815], [-75.30703770653354, 39.614765938290645], [-75.30676159100733, 39.61476404289066], [-75.30649126818619, 39.61483646395011], [-75.30623038426997, 39.61487259351149], [-75.30621098667396, 39.61511295949379], [-75.30621357439037, 39.61533601351075], [-75.3064873821284, 39.6153512724131], [-75.30650141457694, 39.61592315437303], [-75.30737638779475, 39.61590945040023], [-75.30784218487189, 39.61590193370104], [-75.30847087517213, 39.615905651986175], [-75.3085441807437, 39.61584985048213], [-75.30963367037896, 39.6158403561051], [-75.30991898339578, 39.61578498261513], [-75.31019141550665, 39.615682033318244], [-75.31019834136818, 39.61543031413169], [-75.31047425938765, 39.61541504335214], [-75.31048606961316, 39.61515947686958], [-75.31100372789763, 39.61515777085875], [-75.31101954095502, 39.61524536395932], [-75.3112787598826, 39.61527787278878], [-75.31130456662035, 39.6153768356431], [-75.31156107631483, 39.61538839018683], [-75.31160701473245, 39.61550795597838], [-75.31186147233086, 39.61556932465485], [-75.3119981136955, 39.61565988634929], [-75.31304822763175, 39.61565635481202], [-75.31389377168425, 39.61565615404651], [-75.31392223462271, 39.6155606247717], [-75.31417841029179, 39.61554357691272], [-75.31420947175674, 39.61545946893951], [-75.31446309265574, 39.61543481197011], [-75.31447990744633, 39.61518683643346], [-75.31473211930674, 39.6151814809237], [-75.31475307415926, 39.61493706330773], [-75.31501316741274, 39.61491682715722], [-75.31503585262232, 39.614666249530835], [-75.31529862114006, 39.61464802201806], [-75.31530392892952, 39.6144031646306], [-75.31556504580465, 39.61439713361004], [-75.31576228310173, 39.6142113964338]]]}, "properties": {"OBJECTID": 158, "COMPNAME": "PILESGROVE SOLAR, LLC CIRCUIT #2", "CUSTOMERTYPE": "Commercial", "SYSTEMSIZE": 9963.15, "YEAR": 2011, "SA_SUBSECTION": " ", "ACREAGE": 40.75971797, "ACCOUNT_NUMBER": "NJSRRE1532227107", "INSTALLADD": "388 MANNINGTON YORKETOWN ROAD", "INSTALLCITY": "PILESGROVE", "STATE": "NJ", "EDC": "ACE", "LATITUDE": 39.614703, "LONGITUDE": -75.309631, "SHAPE_Length": 8703.810905920805, "SHAPE_Area": 1775486.212654305, "GLOBALID": "{341303A4-B34B-4EA3-A2C8-EB89D0AEBC7B}"}}, {"type": "Feature", "id": 159, "geometry": {"type": "Polygon", "coordinates": [[[-74.8154072238004, 39.928067633020724], [-74.81564334063685, 39.92803245417408], [-74.81577085348027, 39.9277678216311], [-74.81592312406309, 39.92755503352266], [-74.8162957195179, 39.927266135323386], [-74.81620916300592, 39.927105911908235], [-74.81590771922416, 39.926870763199354], [-74.8157588101831, 39.92667027511551], [-74.81569142068551, 39.92648908169631], [-74.81523675829426, 39.92622842827223], [-74.81478939333658, 39.92587217071047], [-74.81443600495474, 39.92575873731519], [-74.8140263785881, 39.925531064704856], [-74.81366010376232, 39.925405838965524], [-74.8131138599614, 39.92716669749717], [-74.81324156708267, 39.92726458803022], [-74.8135550298739, 39.927325965077465], [-74.81347552203903, 39.92761396741953], [-74.81297389773547, 39.92761786154232], [-74.81238300038528, 39.929522534646054], [-74.81303968746442, 39.92952076357248], [-74.81317056410347, 39.92941929571166], [-74.81376670399835, 39.92943324010852], [-74.8140905644101, 39.92955681180743], [-74.81463768686027, 39.92989756190864], [-74.81493537987477, 39.93004956009779], [-74.81537691718046, 39.93008611538786], [-74.81574376667854, 39.92987746350983], [-74.8161292431064, 39.9297206735031], [-74.8164711980983, 39.92943185747012], [-74.81591757411147, 39.928886178770675], [-74.81552045986024, 39.92852622903076], [-74.8154072238004, 39.928067633020724]]]}, "properties": {"OBJECTID": 159, "COMPNAME": "KEPS LANDHOLDINGS LLC", "CUSTOMERTYPE": "Commercial", "SYSTEMSIZE": 6692.62, "YEAR": 2013, "SA_SUBSECTION": "s", "ACREAGE": 26.15310391, "ACCOUNT_NUMBER": "NJSRRE1532225791", "INSTALLADD": "7-12 REEVES STATION RD-EAST PROJECT", "INSTALLCITY": "MEDFORD", "STATE": "NJ", "EDC": "PSE&G", "LATITUDE": 39.927825, "LONGITUDE": -74.814426, "SHAPE_Length": 5119.834143662662, "SHAPE_Area": 1139224.6493782145, "GLOBALID": "{175D7E89-4791-4F43-B827-D1C8D26E4B5F}"}}, {"type": "Feature", "id": 160, "geometry": {"type": "Polygon", "coordinates": [[[-74.99973599234252, 40.565019964213825], [-74.9997144633535, 40.56322683802622], [-74.99735821529586, 40.5632155776783], [-74.99740097720132, 40.565017545017234], [-74.99973599234252, 40.565019964213825]]]}, "properties": {"OBJECTID": 160, "COMPNAME": "SPS PROJECT 1, LLC", "CUSTOMERTYPE": "Commercial", "SYSTEMSIZE": 2299.08, "YEAR": 2013, "SA_SUBSECTION": "s", "ACREAGE": 9.7960112, "ACCOUNT_NUMBER": "NJSRRE1532226647", "INSTALLADD": "43 SENATOR STOUT RD", "INSTALLCITY": "PITTSTOWN", "STATE": "NJ", "EDC": "JCP&L", "LATITUDE": 40.56405, "LONGITUDE": -74.99860799999999, "SHAPE_Length": 2613.1537210216134, "SHAPE_Area": 426712.54096336913, "GLOBALID": "{3F98EE47-A64C-47EA-B39A-2BB24BA4BF44}"}}, {"type": "Feature", "id": 161, "geometry": {"type": "Polygon", "coordinates": [[[-74.18962373630417, 40.35241490017256], [-74.18973376076913, 40.352713472687945], [-74.18971100334552, 40.353525862652994], [-74.19061421011801, 40.353530767330454], [-74.19065734557032, 40.35323260542016], [-74.1913293698808, 40.35324947351184], [-74.1913279853011, 40.35273371734721], [-74.19101617821444, 40.352407975569754], [-74.19092683984898, 40.352152070582044], [-74.19072506526335, 40.352124899322945], [-74.19078867737545, 40.35047660484397], [-74.18936113997485, 40.35047006586482], [-74.18944322641158, 40.35145515100266], [-74.18966980518054, 40.35147758067203], [-74.18970998964414, 40.35182390328587], [-74.18948703767924, 40.35186058962977], [-74.18951586239616, 40.351647611749634], [-74.18626308225313, 40.351979722753136], [-74.18627234934688, 40.35279851395886], [-74.18962373630417, 40.35241490017256]]]}, "properties": {"OBJECTID": 161, "COMPNAME": "CORNERSTONE POWER HOLMDEL, LLC", "CUSTOMERTYPE": "Commercial", "SYSTEMSIZE": 3696, "YEAR": 2014, "SA_SUBSECTION": "s", "ACREAGE": 15.53153726, "ACCOUNT_NUMBER": "NJSRRE1532187536", "INSTALLADD": "970 HOLMDEL RD.", "INSTALLCITY": "HOLMDEL", "STATE": "NJ", "EDC": "JCP&L", "LATITUDE": 40.351994, "LONGITUDE": -74.18943, "SHAPE_Length": 5293.170775871968, "SHAPE_Area": 676551.056889224, "GLOBALID": "{3F62E26B-8F6E-4719-9876-4DFE541D85A1}"}}, {"type": "Feature", "id": 162, "geometry": {"type": "MultiPolygon", "coordinates": [[[[-74.84379242595793, 40.52162916572428], [-74.84278825280064, 40.522040441499236], [-74.84224223436885, 40.522225598626996], [-74.8424422748498, 40.522328814782895], [-74.84244350208361, 40.522688926862436], [-74.84253546351904, 40.52281990021651], [-74.84258343177326, 40.523269486564246], [-74.84269237314459, 40.52346121471885], [-74.84285784398534, 40.52379474668645], [-74.84273218294642, 40.524051181105825], [-74.84245785074464, 40.52432808883508], [-74.84221735731055, 40.524454702185096], [-74.84233959110595, 40.525318811734444], [-74.8422232550528, 40.52537370628607], [-74.84226897408787, 40.52569965298796], [-74.84399134449424, 40.52554228558614], [-74.84390261216929, 40.52415151241312], [-74.84406560637024, 40.52410258311009], [-74.84423181957622, 40.52322094622485], [-74.84413997146312, 40.52268364168225], [-74.8441478267034, 40.52184850362747], [-74.8440742606362, 40.52157039291398], [-74.84379242595793, 40.52162916572428]]], [[[-74.84624812236702, 40.52172922362746], [-74.84546867887637, 40.52182152417252], [-74.84529680009106, 40.5219050849505], [-74.84523580458917, 40.52238970826387], [-74.84503849500719, 40.52293953362436], [-74.84582815460453, 40.52294850445736], [-74.84686798926475, 40.52295078094163], [-74.84624812236702, 40.52172922362746]]]]}, "properties": {"OBJECTID": 162, "COMPNAME": "HONEY PROPERTIES, LLC", "CUSTOMERTYPE": "Commercial", "SYSTEMSIZE": 5398.47, "YEAR": 2016, "SA_SUBSECTION": "q", "ACREAGE": 17.74066989, "ACCOUNT_NUMBER": "NJSRRE1532182520", "INSTALLADD": "78 JUNCTION RD.", "INSTALLCITY": "FLEMINGTON", "STATE": "NJ", "EDC": "JCP&L", "LATITUDE": 40.524088, "LONGITUDE": -74.843591, "SHAPE_Length": 5582.7463010815945, "SHAPE_Area": 772780.48942235, "GLOBALID": "{A554E28B-09C2-4D5F-B07A-79C3941E59BE}"}}, {"type": "Feature", "id": 163, "geometry": {"type": "Polygon", "coordinates": [[[-75.1828584905513, 39.53566288176231], [-75.18272003901578, 39.53551235412746], [-75.1824422004772, 39.53548966955776], [-75.18235857433403, 39.535412191959416], [-75.18167054389447, 39.534973283435185], [-75.18122750870636, 39.534680577763424], [-75.18019004119377, 39.53467992879185], [-75.18013936217092, 39.5347793387307], [-75.17870017615063, 39.53479380809305], [-75.178613418877, 39.53552420015092], [-75.18014222534906, 39.53587373500689], [-75.18084802405032, 39.536005529187086], [-75.1814224736112, 39.53600813325678], [-75.18199460459134, 39.536010723770175], [-75.18233613108255, 39.53584160636938], [-75.18262842152595, 39.53573389023821], [-75.1828584905513, 39.53566288176231]]]}, "properties": {"OBJECTID": 163, "COMPNAME": "MARINA ENERGY, LLC", "CUSTOMERTYPE": "Commercial", "SYSTEMSIZE": 2285.8, "YEAR": 2014, "SA_SUBSECTION": "q", "ACREAGE": 9.24342757, "ACCOUNT_NUMBER": "NJSRRE1532200856", "INSTALLADD": "331 HUSTED STATION RD.", "INSTALLCITY": "PITTSGROVE", "STATE": "NJ", "EDC": "ACE", "LATITUDE": 39.535336, "LONGITUDE": -75.18056299999999, "SHAPE_Length": 2856.4010409671523, "SHAPE_Area": 402642.0944185203, "GLOBALID": "{11815A5B-93AE-4541-A0AE-D9B2ECAD063A}"}}, {"type": "Feature", "id": 164, "geometry": {"type": "MultiPolygon", "coordinates": [[[[-74.58118204425612, 40.06340305617053], [-74.5815898184435, 40.06341390236595], [-74.58323218329637, 40.06345757273947], [-74.5840815456099, 40.06343556599227], [-74.58409415986586, 40.06323796845215], [-74.58368356328674, 40.062737296330546], [-74.58263263611866, 40.06145578218574], [-74.58155842199761, 40.06144563499987], [-74.58117328711809, 40.06144199464279], [-74.58126991280976, 40.06160493746242], [-74.5811028463711, 40.06167421031181], [-74.58169248935327, 40.062490087222194], [-74.5819270981059, 40.0628147050483], [-74.58210077407695, 40.062893617642665], [-74.58208805809628, 40.063012180413494], [-74.58112371467676, 40.0630079193454], [-74.58118204425612, 40.06340305617053]]], [[[-74.57606391980363, 40.06279894423445], [-74.57594829232517, 40.06288299507571], [-74.5759808654214, 40.063268271638584], [-74.5763794763545, 40.0632828287482], [-74.57645037097826, 40.063440853059575], [-74.57791629903706, 40.06345644391043], [-74.57909487512428, 40.063452142448575], [-74.58016632099879, 40.06344822112445], [-74.5800820099991, 40.06282093546963], [-74.57992771106431, 40.06281610168297], [-74.57926318794586, 40.06272820945002], [-74.57862782726491, 40.062741489087735], [-74.57804031704913, 40.06274557920209], [-74.57740400837383, 40.06273983718386], [-74.57686131895602, 40.062734936603526], [-74.57606391980363, 40.06279894423445]]]]}, "properties": {"OBJECTID": 164, "COMPNAME": "CROSNEST AT PARKER FARM, LLC", "CUSTOMERTYPE": "Commercial", "SYSTEMSIZE": 6093.11, "YEAR": 2015, "SA_SUBSECTION": "q", "ACREAGE": 15.76111673, "ACCOUNT_NUMBER": "NJSRRE1532204874", "INSTALLADD": "210 JACOBSTOWN COOKSTOWN RD", "INSTALLCITY": "NORTH HANOVER TWP", "STATE": "NJ", "EDC": "JCP&L", "LATITUDE": 40.06258, "LONGITUDE": -74.582135, "SHAPE_Length": 5924.086670063426, "SHAPE_Area": 686551.4985015844, "GLOBALID": "{62D44991-44EC-4D36-9E51-C9CBD1656340}"}}, {"type": "Feature", "id": 165, "geometry": {"type": "Polygon", "coordinates": [[[-74.81576792898687, 39.926520407545006], [-74.81613091184938, 39.92699650146457], [-74.81643524687344, 39.92712802567861], [-74.8167007581858, 39.92736593547883], [-74.81716435746489, 39.927583153002985], [-74.81741599591786, 39.92782447137969], [-74.81766958804832, 39.92806766094385], [-74.81745989375125, 39.928112407413494], [-74.81778333738957, 39.92841463221423], [-74.81792460142479, 39.92854662721362], [-74.81802016702574, 39.928635923611296], [-74.8184398121054, 39.92902803108547], [-74.81862429079013, 39.929200401935795], [-74.81893508349796, 39.92949079305176], [-74.81918978263548, 39.92972877181029], [-74.81943160362074, 39.92995471494722], [-74.81975296005646, 39.93025496821414], [-74.8200700507547, 39.9301408865232], [-74.82003089571936, 39.929617369063486], [-74.81910994056695, 39.92860944867099], [-74.81934715111534, 39.92849395033961], [-74.81778529405716, 39.92703805988719], [-74.81711962680885, 39.92668459732919], [-74.81650506358106, 39.926590124735384], [-74.81620783058177, 39.92656201360543], [-74.81576792898687, 39.926520407545006]]]}, "properties": {"OBJECTID": 165, "COMPNAME": "KEPS LANDHOLDINGS, LLC", "CUSTOMERTYPE": "Commercial", "SYSTEMSIZE": 1414.82, "YEAR": 2014, "SA_SUBSECTION": "q", "ACREAGE": 9.80734565, "ACCOUNT_NUMBER": "NJSRRE1532188872", "INSTALLADD": "7-12 REEVES STATION RD", "INSTALLCITY": "MEDFORD", "STATE": "NJ", "EDC": "PSE&G", "LATITUDE": 39.928564, "LONGITUDE": -74.818617, "SHAPE_Length": 3979.2826822222996, "SHAPE_Area": 427206.2677709169, "GLOBALID": "{4273B12B-6EBC-4967-972E-7EFCD81B03F6}"}}, {"type": "Feature", "id": 166, "geometry": {"type": "Polygon", "coordinates": [[[-74.87746263002262, 40.44319404868098], [-74.87720221182299, 40.44312156954888], [-74.87704320358142, 40.44302894193875], [-74.87691444000087, 40.44289429965156], [-74.87680790110963, 40.44237302747121], [-74.87664134394099, 40.442019614129975], [-74.87653652363569, 40.44180571898606], [-74.87645608618746, 40.44159174433993], [-74.87624279396849, 40.44160175334959], [-74.8760791225591, 40.441765292036344], [-74.87589765651806, 40.442017377382875], [-74.87588660675613, 40.44222233527689], [-74.87586974665234, 40.44247854254285], [-74.87588375380463, 40.44280450918742], [-74.87583006009952, 40.44301426301414], [-74.87583135701149, 40.443247124626886], [-74.87569167455472, 40.44334072498693], [-74.87543002560537, 40.443425406705344], [-74.87505911894938, 40.443594274049666], [-74.87472470730992, 40.44374904996023], [-74.87473261094652, 40.44386716614897], [-74.87505107518167, 40.44398927759001], [-74.87547655682224, 40.444119195680024], [-74.87603760177058, 40.44415928788621], [-74.87640889873273, 40.44406027588438], [-74.87668222046145, 40.44388240760645], [-74.8770770130761, 40.443624968151425], [-74.87736161125204, 40.44337210945418], [-74.87744723749864, 40.44333500634515], [-74.87746263002262, 40.44319404868098]]]}, "properties": {"OBJECTID": 166, "COMPNAME": "NJR CLEAN ENERGY VENTURES", "CUSTOMERTYPE": "Commercial", "SYSTEMSIZE": 2160.59, "YEAR": 2016, "SA_SUBSECTION": "q", "ACREAGE": 7.1364423200000004, "ACCOUNT_NUMBER": "NJSRRE1532182527", "INSTALLADD": "12 ROSEMONT RINGO RD", "INSTALLCITY": "EAST AMWELL", "STATE": "NJ", "EDC": "JCP&L", "LATITUDE": 40.442941999999995, "LONGITUDE": -74.87585, "SHAPE_Length": 2716.436033117279, "SHAPE_Area": 310862.18392423575, "GLOBALID": "{A1D968FE-288E-4418-93CE-2A96A4D78988}"}}, {"type": "Feature", "id": 167, "geometry": {"type": "Polygon", "coordinates": [[[-74.63647643834678, 41.15356329615291], [-74.63628367850833, 41.15380698142352], [-74.63627160954277, 41.154641216308036], [-74.63671397046087, 41.154655630304674], [-74.63672274884968, 41.15508747608516], [-74.6362648934324, 41.155105441077275], [-74.63629415851933, 41.15553771007784], [-74.6365022873958, 41.1555690338003], [-74.63652593781168, 41.15570423930815], [-74.63686205632727, 41.15575445395703], [-74.63694484081577, 41.15585138401658], [-74.63708257311905, 41.15589976366356], [-74.63729281061569, 41.155964806269665], [-74.63740518445988, 41.15611243602821], [-74.63757215770246, 41.156132450113006], [-74.637598674944, 41.156239988036745], [-74.63829660122516, 41.156239152212386], [-74.63832400731742, 41.15612082776399], [-74.63848794837311, 41.15608428187139], [-74.63852693746036, 41.15592758889097], [-74.63871052125778, 41.15590413708422], [-74.63873946704557, 41.155802243745825], [-74.63892694700706, 41.1557579386742], [-74.63894711615735, 41.155605424457036], [-74.63915903970637, 41.155567046155056], [-74.63915026415134, 41.15514413555419], [-74.63894135103165, 41.15511460455082], [-74.63893717778441, 41.15500441180067], [-74.63936668642624, 41.15499793630411], [-74.6393658556206, 41.154617757224976], [-74.6388602483633, 41.15460982727091], [-74.63888381503212, 41.15426181770389], [-74.63895705421122, 41.153746980823094], [-74.63984130740802, 41.15374898000164], [-74.63981554225946, 41.15352683065954], [-74.64044383042534, 41.15355633097158], [-74.64045019387018, 41.15308156117028], [-74.64068427561334, 41.15307943498469], [-74.64066117144232, 41.15231663099558], [-74.64108856458562, 41.152307908831666], [-74.6410902387067, 41.152129455806936], [-74.63972823174389, 41.152162723736396], [-74.6396919716581, 41.152302163407185], [-74.6388896010163, 41.152310665431884], [-74.63884515007481, 41.15247592979066], [-74.63867687996411, 41.15247414200098], [-74.63863310017251, 41.1528709257351], [-74.63807475368161, 41.15285536588791], [-74.6380843665813, 41.1523197487562], [-74.63827764401188, 41.152327632139986], [-74.63829289172301, 41.152190675422155], [-74.6384739235234, 41.152163536753726], [-74.63851708667924, 41.15199681524325], [-74.638695639425, 41.15197817441464], [-74.63872101971343, 41.151537908522926], [-74.63891801857714, 41.15152873615359], [-74.63891769794355, 41.15137684220229], [-74.63872459593263, 41.15136516163542], [-74.63870576829942, 41.151224515982825], [-74.63799933526626, 41.15125285660729], [-74.63740663356707, 41.151687570680245], [-74.63740576942003, 41.15127369456856], [-74.63645016886512, 41.15125048477875], [-74.63644034089538, 41.15168871928021], [-74.63621485580003, 41.15168087090256], [-74.63622412131824, 41.15200562058541], [-74.63674382184273, 41.15195425914842], [-74.63675947195333, 41.15190063080638], [-74.63694462626644, 41.15187956259311], [-74.63697986646847, 41.15177230116542], [-74.6371650141414, 41.151748254285295], [-74.6371607013261, 41.15156956020418], [-74.63735377880178, 41.151569330140106], [-74.63735811079052, 41.15175695915158], [-74.63735452474951, 41.151926727677846], [-74.63713414752766, 41.15194205698063], [-74.63714202363548, 41.15206100527488], [-74.63695729070332, 41.152088221934186], [-74.63690586070078, 41.15218637564205], [-74.63675725580684, 41.15220763851193], [-74.63668153044092, 41.15231768812278], [-74.63648470101346, 41.15237034666624], [-74.63647643834678, 41.15356329615291]]]}, "properties": {"OBJECTID": 167, "COMPNAME": "BEAVER RUN SOLAR FARM, LLC", "CUSTOMERTYPE": "Commercial", "SYSTEMSIZE": 9899.82, "YEAR": 2016, "SA_SUBSECTION": "q", "ACREAGE": 31.20305549, "ACCOUNT_NUMBER": "NJSRRE1532229912", "INSTALLADD": "283 BEAVER RUN RD", "INSTALLCITY": "LAFAYETTE", "STATE": "NJ", "EDC": "Sussex Rural Electric Cooperative Association", "LATITUDE": 41.153779, "LONGITUDE": -74.637659, "SHAPE_Length": 8625.997986970888, "SHAPE_Area": 1359199.6601565694, "GLOBALID": "{FB39EB10-6E6F-4159-A3FD-9FB2F1E14A80}"}}, {"type": "Feature", "id": 168, "geometry": {"type": "Polygon", "coordinates": [[[-75.11000045951897, 40.59895706384197], [-75.10879383203684, 40.59896328550672], [-75.10759199734491, 40.59894974229268], [-75.10744051388045, 40.599206458795734], [-75.1069911957116, 40.59920903830798], [-75.10693210001217, 40.599329296781114], [-75.10691117491439, 40.59957810896041], [-75.1067762720325, 40.59959454463857], [-75.10677702668394, 40.599823257770765], [-75.10690981568503, 40.5998426141362], [-75.10694041925292, 40.60032283891299], [-75.10714686975433, 40.60033605106826], [-75.10717226912581, 40.6005748378725], [-75.10737258491191, 40.600597710303234], [-75.10739415163752, 40.6007202878535], [-75.10856731193857, 40.60071710328997], [-75.10857839459138, 40.60058014782314], [-75.10903991590206, 40.600570986362975], [-75.10909249931034, 40.60039014471706], [-75.10932311313545, 40.60037892033507], [-75.10933273131708, 40.60019872501854], [-75.10953704648999, 40.60018334978876], [-75.10956237044425, 40.60008027638511], [-75.10976862579255, 40.60007203910137], [-75.10978248767564, 40.59994615065609], [-75.10999246785876, 40.59993503387059], [-75.1100082439157, 40.59981342444383], [-75.11013564387427, 40.59979702462565], [-75.1101410406052, 40.599565381643636], [-75.11020009417929, 40.59957194968409], [-75.11021761979474, 40.59932335457555], [-75.11005991193574, 40.599307031028], [-75.11011516661567, 40.59919522108491], [-75.109918097178, 40.59918196469092], [-75.11000045951897, 40.59895706384197]]]}, "properties": {"OBJECTID": 168, "COMPNAME": "MARINA ENERGY LLC", "CUSTOMERTYPE": "Commercial", "SYSTEMSIZE": 3499.8, "YEAR": 2016, "SA_SUBSECTION": "q", "ACREAGE": 10.84695487, "ACCOUNT_NUMBER": "NJSRRE1532229913", "INSTALLADD": "SPRING MILLS-LITTLE YORK RD(B6L62)", "INSTALLCITY": "HOLLAND TWP", "STATE": "NJ", "EDC": "JCP&L", "LATITUDE": 40.599688, "LONGITUDE": -75.10855, "SHAPE_Length": 3071.902767735622, "SHAPE_Area": 472491.46401600586, "GLOBALID": "{D11D2C50-A272-4729-8339-D20B5BB318EA}"}}, {"type": "Feature", "id": 169, "geometry": {"type": "MultiPolygon", "coordinates": [[[[-74.5829313446379, 40.06524054978451], [-74.58249713009441, 40.0652551584365], [-74.58224290317351, 40.065345897231474], [-74.58225608370104, 40.06598932654739], [-74.58280198107201, 40.06598893766701], [-74.58340988315761, 40.06596467052871], [-74.58342845258828, 40.06593129367276], [-74.58386677683244, 40.065908892210615], [-74.58390596033288, 40.065807027302945], [-74.58410440902705, 40.06575922171226], [-74.5840852777054, 40.065335042261665], [-74.5843085560833, 40.06530151650284], [-74.58433918474535, 40.06498692416571], [-74.58456870050783, 40.06498199064054], [-74.58456822313615, 40.06459592773011], [-74.5843448472657, 40.064548428438584], [-74.58430718713629, 40.06419098984361], [-74.58389443860227, 40.06400101523832], [-74.58270032942278, 40.06400626569237], [-74.58175752287076, 40.064073661860974], [-74.58171431112606, 40.06425004225256], [-74.58153438741755, 40.06426443494633], [-74.58151604094131, 40.06444559668227], [-74.58127726004899, 40.064484268083326], [-74.58125565211289, 40.06456970115187], [-74.58107577499547, 40.06462902079965], [-74.58107903995214, 40.065192235433486], [-74.58285064385291, 40.06519294539759], [-74.5829313446379, 40.06524054978451]]], [[[-74.58382368221352, 40.06860788708778], [-74.5838973016006, 40.06886217481615], [-74.58351889704515, 40.06887674686479], [-74.58387024603167, 40.07033319287905], [-74.58520190684418, 40.070338747504124], [-74.58655043115583, 40.07018892933312], [-74.58624245159312, 40.068998672821266], [-74.58537394035262, 40.068999316115764], [-74.58535129946388, 40.0688786446145], [-74.58484648209985, 40.068880548378054], [-74.58479263541618, 40.06860619033521], [-74.58382368221352, 40.06860788708778]]]]}, "properties": {"OBJECTID": 169, "COMPNAME": "CROSNEST AT PARKER FARM, LLC", "CUSTOMERTYPE": "Commercial", "SYSTEMSIZE": 6258.6, "YEAR": 2015, "SA_SUBSECTION": "q", "ACREAGE": 20.98738798, "ACCOUNT_NUMBER": "NJSRRE1532205924", "INSTALLADD": "195 JACOBSTOWN COOKSTOWN RD", "INSTALLCITY": "NORTH HANOVER TWP", "STATE": "NJ", "EDC": "JCP&L", "LATITUDE": 40.064893, "LONGITUDE": -74.582903, "SHAPE_Length": 6261.997480323077, "SHAPE_Area": 914206.9636364202, "GLOBALID": "{67E7C18F-7137-43EB-B2BA-702E0D706C3F}"}}, {"type": "Feature", "id": 170, "geometry": {"type": "Polygon", "coordinates": [[[-75.17274335244149, 40.753933803570305], [-75.17228422624613, 40.75393503863926], [-75.17181761140338, 40.75394743560398], [-75.17173126005346, 40.754345524993454], [-75.17125351366883, 40.75435594955217], [-75.17105830139509, 40.75460847792003], [-75.17019414958389, 40.75461585944506], [-75.16927632155985, 40.75467926784355], [-75.16913860844238, 40.75558255496465], [-75.16938976191524, 40.75636667395404], [-75.17032090526598, 40.75636990399245], [-75.1703138838423, 40.75623610851799], [-75.17073307098329, 40.75623120019833], [-75.17048666523297, 40.75557654645407], [-75.17093164435862, 40.75556333747959], [-75.17088034152789, 40.75610761537536], [-75.17132555953003, 40.75610305555535], [-75.17137897533632, 40.75600973512369], [-75.17177973688375, 40.75600482275386], [-75.17187153297169, 40.755634696679145], [-75.17232314372849, 40.75561568176366], [-75.17274335244149, 40.753933803570305]]]}, "properties": {"OBJECTID": 170, "COMPNAME": "DOWN 2 EARTH FARMS", "CUSTOMERTYPE": "Commercial", "SYSTEMSIZE": 3894.2400000000002, "YEAR": 2015, "SA_SUBSECTION": "q", "ACREAGE": 12.37001601, "ACCOUNT_NUMBER": "NJSRRE1532216168", "INSTALLADD": "166 BRAINARDS RD", "INSTALLCITY": "PHILLIPSBURG", "STATE": "NJ", "EDC": "JCP&L", "LATITUDE": 40.755288, "LONGITUDE": -75.170979, "SHAPE_Length": 3913.4954503559416, "SHAPE_Area": 538835.7419878122, "GLOBALID": "{C8AC41AC-14D3-4780-B9BC-55BB2510C6A1}"}}, {"type": "Feature", "id": 171, "geometry": {"type": "Polygon", "coordinates": [[[-74.96748552264438, 39.50269828959416], [-74.96639420752594, 39.50239118260317], [-74.96393273649187, 39.50226017757774], [-74.96391561654306, 39.5024198794268], [-74.96255148982372, 39.502345497744905], [-74.96251459820485, 39.50226582773803], [-74.96138089579595, 39.502209295846875], [-74.96134543351121, 39.502345594595845], [-74.96112728909672, 39.50235115510492], [-74.96107084199203, 39.50298052292198], [-74.96082851564259, 39.50299556897743], [-74.9606657434822, 39.50381875832374], [-74.96187094996723, 39.50391167274528], [-74.96186998651685, 39.50376612837755], [-74.96212462297184, 39.503779201837645], [-74.96214625300024, 39.50338472718852], [-74.96169329981022, 39.50330475583718], [-74.96152071526072, 39.50319001765143], [-74.96172897837563, 39.50313035431623], [-74.96179859721514, 39.50305275623685], [-74.96216841147492, 39.50307006717107], [-74.96218903501278, 39.5031993102693], [-74.96384257363685, 39.503284069921506], [-74.96381254610073, 39.50423729559958], [-74.96616922342186, 39.50434578589384], [-74.96734416016662, 39.504368100481514], [-74.96738641872223, 39.5038689372608], [-74.96745722408818, 39.50303256328016], [-74.96748552264438, 39.50269828959416]]]}, "properties": {"OBJECTID": 171, "COMPNAME": "CEDAR BRANCH SOLAR LLC", "CUSTOMERTYPE": "Commercial", "SYSTEMSIZE": 7146.09, "YEAR": 2013, "SA_SUBSECTION": "q", "ACREAGE": 24.13828573, "ACCOUNT_NUMBER": "NJSRRE1532182522", "INSTALLADD": "2823 VINE RD", "INSTALLCITY": "BUENA VISTA TOWNSHIP", "STATE": "NJ", "EDC": "ACE", "LATITUDE": 39.503338, "LONGITUDE": -74.96442499999999, "SHAPE_Length": 6010.288078746438, "SHAPE_Area": 1051459.5206723623, "GLOBALID": "{2E5AEF31-5A45-4295-9BDB-E6C5C0A53226}"}}, {"type": "Feature", "id": 172, "geometry": {"type": "MultiPolygon", "coordinates": [[[[-75.01257190780382, 40.483849750998196], [-75.01259529056976, 40.48396974639469], [-75.01238563588528, 40.48397830139119], [-75.01241430590674, 40.48410428549476], [-75.01220940755626, 40.48411443231102], [-75.01219976898652, 40.48416022706355], [-75.01198767500267, 40.48417641748856], [-75.0120518425212, 40.48440679972913], [-75.01213939723637, 40.48442928780695], [-75.01226700962188, 40.48479473852318], [-75.01270889506546, 40.484790872768244], [-75.01311989205628, 40.48466513704724], [-75.01356067235155, 40.48451639150999], [-75.01415859061488, 40.48434788199569], [-75.01457202051051, 40.48421450494779], [-75.01584731068586, 40.48382183405622], [-75.01582432935383, 40.48370946727004], [-75.01631580450808, 40.483707268339145], [-75.0163706824076, 40.48390800326506], [-75.01644279523056, 40.48398883850466], [-75.01669838348211, 40.48432933875489], [-75.01717183068529, 40.48431537445245], [-75.01729077431439, 40.48419855573952], [-75.01747001611547, 40.4841310316444], [-75.01765737696036, 40.484077383802926], [-75.0178509824875, 40.48399778821975], [-75.01761411481002, 40.483388822169324], [-75.01738432921233, 40.48337650670281], [-75.0172262359075, 40.48294638261166], [-75.01634742467596, 40.48294649943993], [-75.01586439039502, 40.48295656503319], [-75.01593749516196, 40.483209498004136], [-75.01586261325988, 40.48321173859042], [-75.01517101057607, 40.4832071980726], [-75.01515775542555, 40.48310622139812], [-75.01490791142315, 40.48308255239855], [-75.01472386459211, 40.48252100332545], [-75.01467540820653, 40.48233222551492], [-75.01484973090415, 40.48232980917909], [-75.01491656879422, 40.48225516434531], [-75.01519832518429, 40.48220815667822], [-75.01572163001333, 40.48208000466814], [-75.0158034019453, 40.48199957367533], [-75.01606264430252, 40.48194694537011], [-75.01602693418874, 40.48184797537185], [-75.01577382478591, 40.48172328703119], [-75.01535588963894, 40.48159170785962], [-75.01490251008866, 40.48139546967137], [-75.01445073395274, 40.48140891948182], [-75.01429457569425, 40.48155640230062], [-75.01442448691081, 40.481895151878696], [-75.01397019626914, 40.48190670467162], [-75.01387383570481, 40.48203867029425], [-75.01367453651979, 40.482094839965576], [-75.01347372821792, 40.48228064680715], [-75.01355801641446, 40.48253000224255], [-75.01336106859291, 40.482543219416094], [-75.0133268269893, 40.48266066008708], [-75.01286749436683, 40.482666511940415], [-75.0128683503731, 40.48277898192434], [-75.01267373665719, 40.48279509603523], [-75.01249987804059, 40.482914059890774], [-75.0122732000889, 40.482981786556806], [-75.01232941395277, 40.48315120121848], [-75.01257190780382, 40.483849750998196]]], [[[-75.01865223483703, 40.48282118673483], [-75.01877804111275, 40.48286391252159], [-75.01904367674464, 40.48383596556982], [-75.0191568515691, 40.48386625616577], [-75.01914179334176, 40.48401017624902], [-75.01924715460675, 40.48406912330814], [-75.01920961186539, 40.484378026498106], [-75.01943830359633, 40.484377626798626], [-75.0195688826154, 40.484196439333964], [-75.01975333224122, 40.48380197746767], [-75.01974412502364, 40.48365418409697], [-75.01992878843122, 40.48363322154112], [-75.01990399063659, 40.48346251181633], [-75.02012291064385, 40.483446511110955], [-75.02003879898793, 40.48316007596771], [-75.02021359179165, 40.48308555289955], [-75.01997486854181, 40.48219327761259], [-75.02013482002754, 40.48216229349208], [-75.02014705189099, 40.48193345220998], [-75.019997475248, 40.481472923045935], [-75.01990996323268, 40.48120348106277], [-75.01919305529681, 40.48123586591565], [-75.01879057603949, 40.481348549346215], [-75.01853301135172, 40.48142362260411], [-75.01833997959133, 40.48149840588974], [-75.01848001691263, 40.48197119705903], [-75.01869178399974, 40.48197711549881], [-75.01874567801377, 40.482167507141284], [-75.0185421405092, 40.48218093525724], [-75.0187043963429, 40.482728727824295], [-75.0184624860681, 40.482742132823276], [-75.01826367091473, 40.482065448276984], [-75.01798083019773, 40.48207909236362], [-75.01799897206816, 40.482186012688985], [-75.01812235280505, 40.48257118417378], [-75.01792500895411, 40.48258486237558], [-75.01800356804418, 40.48286258432245], [-75.0181457427574, 40.482853510702284], [-75.01865223483703, 40.48282118673483]]], [[[-75.01646115334654, 40.48221692044437], [-75.01610394619387, 40.48245003346876], [-75.0159751050231, 40.48257833319118], [-75.01587467379329, 40.48283041774826], [-75.01659422889418, 40.482817643636935], [-75.01724770974872, 40.482816655728094], [-75.01711359407469, 40.4825827766495], [-75.0168871520549, 40.48235502935169], [-75.01672373823429, 40.48220706591075], [-75.01646115334654, 40.48221692044437]]]]}, "properties": {"OBJECTID": 172, "COMPNAME": "FRENCHTOWN III SOLAR LLC", "CUSTOMERTYPE": "Commercial", "SYSTEMSIZE": 9984.98, "YEAR": 2014, "SA_SUBSECTION": "q", "ACREAGE": 31.62825354, "ACCOUNT_NUMBER": "NJSRRE1532188094", "INSTALLADD": "60 BARBERTOWN-POINT BREEZE POINT", "INSTALLCITY": "KINGWOOD TWP", "STATE": "NJ", "EDC": "JCP&L", "LATITUDE": 40.483165, "LONGITUDE": -75.016515, "SHAPE_Length": 11272.630404992628, "SHAPE_Area": 1377721.213263918, "GLOBALID": "{F01A2C85-6F67-41B1-82C4-BDC75C02E6AB}"}}, {"type": "Feature", "id": 173, "geometry": {"type": "Polygon", "coordinates": [[[-74.73358266852026, 41.0995059466237], [-74.73273602091639, 41.099109928051924], [-74.73184274268024, 41.0986988933205], [-74.73148340514422, 41.098714719556085], [-74.73114625750732, 41.09936485734268], [-74.73113361729347, 41.09955619675816], [-74.73102412917022, 41.09956683276649], [-74.73100103712736, 41.09970750005243], [-74.73088146763081, 41.09977318925679], [-74.73094223116121, 41.100019761904896], [-74.73074977555096, 41.10001319059817], [-74.7307701746281, 41.100302043116244], [-74.73057725191684, 41.10032760225612], [-74.73063269777788, 41.10095681371711], [-74.73077290614404, 41.10108239745478], [-74.73093996684862, 41.10127337672588], [-74.731159779526, 41.1013232817188], [-74.73155244494532, 41.1013174586744], [-74.73167837143369, 41.101166168166024], [-74.73171120721497, 41.1010402376606], [-74.7325631084067, 41.10103348670568], [-74.73267841592818, 41.100949609318825], [-74.73270887443815, 41.10084691296428], [-74.73288189907379, 41.10080159011829], [-74.7330211714555, 41.100700278990885], [-74.73302729319015, 41.10054922922898], [-74.73326020240386, 41.10053868878042], [-74.73326614544773, 41.100337293567904], [-74.73343966380627, 41.10031592840334], [-74.73340398697451, 41.09979327979596], [-74.733534457528, 41.099779016948595], [-74.73358266852026, 41.0995059466237]]]}, "properties": {"OBJECTID": 173, "COMPNAME": "AUGUSTA SOLAR FARM, LLC", "CUSTOMERTYPE": "Commercial", "SYSTEMSIZE": 3659.32, "YEAR": 2016, "SA_SUBSECTION": "q", "ACREAGE": 11.90964082, "ACCOUNT_NUMBER": "NJSRRE1532188402", "INSTALLADD": "99 HAMPTON HOUSE RD BLOCK 3105", "INSTALLCITY": "NEWTON", "STATE": "NJ", "EDC": "JCP&L", "LATITUDE": 41.098576, "LONGITUDE": -74.73359099999999, "SHAPE_Length": 3058.4559677909538, "SHAPE_Area": 518781.8788087946, "GLOBALID": "{14FBC0E2-A2DD-4E8D-AD72-5EB66243D279}"}}, {"type": "Feature", "id": 174, "geometry": {"type": "MultiPolygon", "coordinates": [[[[-74.85655424913297, 40.462832870755506], [-74.85601580550518, 40.46283776818317], [-74.85581729506087, 40.46291434438862], [-74.85599913271042, 40.463311377063285], [-74.8561114402941, 40.46355659196188], [-74.85636424959135, 40.46410857483298], [-74.85652162377741, 40.46445218340366], [-74.85659395517332, 40.46489124582105], [-74.85676145592238, 40.46534920608626], [-74.8574117418732, 40.46571400496355], [-74.85770091293764, 40.46587622169385], [-74.85804647421224, 40.46613766927133], [-74.85833613284004, 40.46609248920377], [-74.85839142273227, 40.46580685671012], [-74.85821313711784, 40.4653740816037], [-74.8576513890479, 40.464010443432166], [-74.8571640235455, 40.46282732083361], [-74.85655424913297, 40.462832870755506]]], [[[-74.85775919818346, 40.460638826106965], [-74.8572763310318, 40.46085272410709], [-74.85686078303837, 40.46105882979466], [-74.85685738190246, 40.4612458464135], [-74.85694563866655, 40.46148555990479], [-74.85706535151306, 40.461810707683796], [-74.85720710244397, 40.462195710981106], [-74.85736758542511, 40.46275658923999], [-74.8577153937839, 40.46274665691313], [-74.85859653291786, 40.462726213723485], [-74.85911831561411, 40.46272459382187], [-74.85904961469522, 40.46205976068912], [-74.85898075228948, 40.4618563463519], [-74.85872063930395, 40.46140472424462], [-74.85827753480797, 40.4609625085769], [-74.85794803268551, 40.46063366177587], [-74.85775919818346, 40.460638826106965]]], [[[-74.8538430728345, 40.46231061612255], [-74.8539029768692, 40.462457509164885], [-74.85401333103164, 40.46272811833311], [-74.85410557201796, 40.46295430410595], [-74.85423972449578, 40.46330646354893], [-74.85506117043329, 40.46295853983244], [-74.85492062944053, 40.46269327652304], [-74.85515497263472, 40.46247923910159], [-74.85532570167584, 40.462278444660825], [-74.85598538865987, 40.46221426207086], [-74.85621309957303, 40.46253123080896], [-74.85651230246548, 40.46268914349065], [-74.85713626592022, 40.46270793464888], [-74.85686330060012, 40.46197615510563], [-74.85656763238741, 40.46118349255294], [-74.85615413802404, 40.46135455690608], [-74.85562352832204, 40.46157407047223], [-74.85520421216894, 40.46174753871767], [-74.85482690249543, 40.46190362753387], [-74.85421136852266, 40.462158261557946], [-74.8538430728345, 40.46231061612255]]], [[[-74.8577900387547, 40.463743012115785], [-74.85827029442024, 40.46495600094004], [-74.85851679591609, 40.465578574927505], [-74.85886888537402, 40.46529434170451], [-74.85897613536342, 40.46505920870421], [-74.85910851154375, 40.46463063395246], [-74.85891705749555, 40.464334275785774], [-74.85868980649025, 40.46410708815518], [-74.85870715521636, 40.46390378448033], [-74.85900816341092, 40.463814285025], [-74.8592396843781, 40.463794616436125], [-74.85927493039253, 40.46362185967672], [-74.85914511294332, 40.46301454612634], [-74.85909024020725, 40.46289731702487], [-74.85857640738806, 40.46288175864458], [-74.85743537409155, 40.46284719937721], [-74.8577900387547, 40.463743012115785]]], [[[-74.85230036473924, 40.462957574881116], [-74.85294656849352, 40.4637704963814], [-74.85411240898969, 40.463351136135856], [-74.85373530206306, 40.462449063792306], [-74.85230036473924, 40.462957574881116]]]]}, "properties": {"OBJECTID": 174, "COMPNAME": "MARINA ENERGY", "CUSTOMERTYPE": "Commercial", "SYSTEMSIZE": 9997.29, "YEAR": 2016, "SA_SUBSECTION": "q", "ACREAGE": 33.81338299, "ACCOUNT_NUMBER": "NJSRRE1532188401", "INSTALLADD": "100 EVERITT RD", "INSTALLCITY": "FLEMINGTON", "STATE": "NJ", "EDC": "JCP&L", "LATITUDE": 40.463288, "LONGITUDE": -74.857649, "SHAPE_Length": 12552.480596275893, "SHAPE_Area": 1472905.0715226897, "GLOBALID": "{C17DBABC-9D65-4434-8BF5-6DCA1B171037}"}}, {"type": "Feature", "id": 175, "geometry": {"type": "Polygon", "coordinates": [[[-74.59516238552737, 40.06514374432777], [-74.59491382250214, 40.06483414442859], [-74.59255187109909, 40.061356718431114], [-74.59086234079378, 40.061941917693844], [-74.59199700245401, 40.06388325420522], [-74.59220049441825, 40.064852172589234], [-74.59232477678488, 40.06544392885147], [-74.59212350627476, 40.065694315166404], [-74.59257408721541, 40.06631356350383], [-74.59496130711565, 40.06552520614986], [-74.59500753467142, 40.06531068822303], [-74.59516238552737, 40.06514374432777]]]}, "properties": {"OBJECTID": 175, "COMPNAME": "HANOVER SOLAR LLC", "CUSTOMERTYPE": "Commercial", "SYSTEMSIZE": 5992.03, "YEAR": 2015, "SA_SUBSECTION": "q", "ACREAGE": 24.03672259, "ACCOUNT_NUMBER": "NJSRRE1532221040", "INSTALLADD": "410 MONMOUTH RD", "INSTALLCITY": "NORTH HANOVER TWP", "STATE": "NJ", "EDC": "JCP&L", "LATITUDE": 40.063767, "LONGITUDE": -74.592924, "SHAPE_Length": 4677.689627751813, "SHAPE_Area": 1047035.4478759, "GLOBALID": "{4746E4D7-E1CF-419E-BF91-A6D1F5A7C2E0}"}}, {"type": "Feature", "id": 176, "geometry": {"type": "Polygon", "coordinates": [[[-74.1328343702265, 40.10971844851269], [-74.13241852358405, 40.10940372344482], [-74.13211123698356, 40.10920437401756], [-74.13139476315868, 40.10915730200953], [-74.13036508706803, 40.11000510812582], [-74.13016066378283, 40.11018882008878], [-74.12912285907305, 40.110404744931806], [-74.12893203892438, 40.11010863188004], [-74.12907516693359, 40.11004716371956], [-74.12871952708821, 40.109235743630634], [-74.12860854953536, 40.10909716919122], [-74.12848588415031, 40.10882510466499], [-74.1284067214427, 40.108543647250926], [-74.1286251888247, 40.108320338384985], [-74.12872447649131, 40.108325422853206], [-74.12883594523011, 40.108373441718506], [-74.12873588013066, 40.10851133967534], [-74.12876606068696, 40.10866871971136], [-74.12882057773905, 40.10891673477526], [-74.12911233982261, 40.10891290324672], [-74.12952268421441, 40.10879029633], [-74.12979603590682, 40.108552399274075], [-74.12983531482827, 40.10837187374636], [-74.13003469097652, 40.10823429209193], [-74.13023955081651, 40.108230180106396], [-74.13005807345584, 40.10850127178735], [-74.13004478132424, 40.10866327879637], [-74.12989480276987, 40.108848679916335], [-74.12947788947851, 40.109037993381435], [-74.12919784243857, 40.109170549661094], [-74.12940024783381, 40.10961921650618], [-74.1296040002072, 40.10982004697693], [-74.12990187003061, 40.10983529763572], [-74.13032563931196, 40.10952685055966], [-74.13073828852473, 40.10880325740762], [-74.13048931172362, 40.10861048870524], [-74.13014824858176, 40.108494215321436], [-74.13037478556927, 40.108213375608706], [-74.13041738953274, 40.108040734339134], [-74.12963681190656, 40.10745884481995], [-74.1292277118961, 40.10765938190141], [-74.12864188145765, 40.1081118452066], [-74.1285154477468, 40.10837380516178], [-74.12827310577313, 40.10849461160653], [-74.12801353756575, 40.10871774870484], [-74.12787127093709, 40.108946289793536], [-74.12771219994214, 40.10908819512524], [-74.12819357213012, 40.10932624650024], [-74.12844317174003, 40.10940383732381], [-74.12810005199312, 40.10966510144503], [-74.12793775231492, 40.109793723723264], [-74.12805272234114, 40.10992734725554], [-74.1283851074185, 40.11000133966425], [-74.12883090098656, 40.11013458407608], [-74.12903765219471, 40.110429607519904], [-74.1288687800679, 40.11083221319287], [-74.12879199901296, 40.11115832394019], [-74.1289584383758, 40.111203651320444], [-74.1296000980746, 40.111218503415884], [-74.12963419825817, 40.11107783109854], [-74.13018393138414, 40.11110207890892], [-74.13038594702053, 40.11099978627183], [-74.13046736469767, 40.11086659361516], [-74.13048378663586, 40.11052830405046], [-74.13042685410774, 40.11032312222235], [-74.1302910680549, 40.11017970409265], [-74.13044694621448, 40.11005151524303], [-74.1305022957296, 40.11014701502058], [-74.13071808086235, 40.11041937429495], [-74.13073870797332, 40.11115952976804], [-74.13137530606532, 40.111217767731574], [-74.13219603766765, 40.110936903673874], [-74.13254845128795, 40.1104545514061], [-74.1328343702265, 40.10971844851269]]]}, "properties": {"OBJECTID": 176, "COMPNAME": "BRICK STANDARD, LLC", "CUSTOMERTYPE": "Commercial", "SYSTEMSIZE": 6103.5, "YEAR": 2015, "SA_SUBSECTION": "t", "ACREAGE": 19.82108728, "ACCOUNT_NUMBER": "NJSRRE1532202199", "INSTALLADD": "GARDEN STATE PKWY(W)SALLY IKE RD", "INSTALLCITY": "BRICK", "STATE": "NJ", "EDC": "JCP&L", "LATITUDE": 40.109604999999995, "LONGITUDE": -74.129701, "SHAPE_Length": 9058.086383883261, "SHAPE_Area": 863403.1082610027, "GLOBALID": "{99C861FA-8BEE-47E0-85DB-6645786EBC95}"}}, {"type": "Feature", "id": 177, "geometry": {"type": "Polygon", "coordinates": [[[-75.04184162448016, 39.44027963404948], [-75.04178969288287, 39.43934435751417], [-75.04194856713623, 39.43934361736496], [-75.04196495332668, 39.43953603453292], [-75.04224468548146, 39.43975417337496], [-75.0427509805601, 39.439736412468974], [-75.04278286124922, 39.44000575459905], [-75.04298295047701, 39.44019731418371], [-75.04334027227227, 39.44017639619585], [-75.04335148823586, 39.44034188819683], [-75.04359689255223, 39.440614082268475], [-75.04416268246172, 39.440584487527765], [-75.04418006368606, 39.440903945356176], [-75.04437976971093, 39.44104545598964], [-75.04718399044562, 39.44087961918656], [-75.04707220973037, 39.4391641378188], [-75.04692105109972, 39.438945952675454], [-75.04318896468834, 39.43923388475134], [-75.04173460270759, 39.43928301618498], [-75.04183382902458, 39.44119593931461], [-75.04268738240373, 39.441138061765514], [-75.04268570934548, 39.44092247689421], [-75.04249013335678, 39.44070794393668], [-75.04220725504774, 39.44068986623699], [-75.04220121296204, 39.440492141156746], [-75.04206656628321, 39.44047492929689], [-75.04203904634147, 39.44039630535192], [-75.04184162448016, 39.44027963404948]]]}, "properties": {"OBJECTID": 177, "COMPNAME": "CORNERSTONE POWER VINELAND I LLC", "CUSTOMERTYPE": "Commercial", "SYSTEMSIZE": 3714.48, "YEAR": 2012, "SA_SUBSECTION": " ", "ACREAGE": 19.47253963, "ACCOUNT_NUMBER": "NJSRRE1532225203", "INSTALLADD": "3152 S. DELSEA DRIVE", "INSTALLCITY": "VINELAND", "STATE": "NJ", "EDC": "Vineland", "LATITUDE": 39.439991, "LONGITUDE": -75.04482399999999, "SHAPE_Length": 5919.506039172448, "SHAPE_Area": 848220.4333091448, "GLOBALID": "{8A3948F8-EA36-4719-9A42-AA2EEEDA7FDC}"}}, {"type": "Feature", "id": 178, "geometry": {"type": "Polygon", "coordinates": [[[-74.53899132563083, 40.1810438045642], [-74.53924317807336, 40.179152115551425], [-74.53827090685948, 40.17906149853172], [-74.5382157440131, 40.17935859562031], [-74.5369984462915, 40.17928017421014], [-74.53693548522374, 40.17978340951], [-74.53744974073311, 40.17984144481096], [-74.53724435306835, 40.18088068329945], [-74.53700725313196, 40.18094138765703], [-74.53659999283313, 40.18092013752868], [-74.53658868606279, 40.181039430255225], [-74.53634331606153, 40.181008289144614], [-74.53628034533584, 40.181505461109744], [-74.53641785176922, 40.18159618726629], [-74.53631243206064, 40.182384561566955], [-74.5372689289387, 40.18245701156288], [-74.53753069758349, 40.18123244920411], [-74.5379717599873, 40.18123815409009], [-74.53801903451483, 40.1809653111337], [-74.53899132563083, 40.1810438045642]]]}, "properties": {"OBJECTID": 178, "COMPNAME": "NJR CLEAN ENERGY VENTURES", "CUSTOMERTYPE": "Commercial", "SYSTEMSIZE": 3291.75, "YEAR": 2016, "SA_SUBSECTION": "q", "ACREAGE": 11.82910027, "ACCOUNT_NUMBER": "NJSRRE1532182524", "INSTALLADD": "775 COUNTY RT 524", "INSTALLCITY": "UPPER FREEHOLD", "STATE": "NJ", "EDC": "JCP&L", "LATITUDE": 40.180808999999996, "LONGITUDE": -74.537689, "SHAPE_Length": 4164.650249973753, "SHAPE_Area": 515273.54681620846, "GLOBALID": "{AF4B7578-77C8-4449-9340-8E513FEF1CF5}"}}, {"type": "Feature", "id": 179, "geometry": {"type": "Polygon", "coordinates": [[[-74.98111641538198, 39.489760222207856], [-74.98133256446053, 39.48821841981378], [-74.9809622495288, 39.48799017042301], [-74.98076339880366, 39.48758207749897], [-74.9797907814397, 39.48753490465528], [-74.97972549743821, 39.4892941933648], [-74.97906719336505, 39.489284990886944], [-74.97903270838533, 39.48960471939617], [-74.98111641538198, 39.489760222207856]]]}, "properties": {"OBJECTID": 179, "COMPNAME": "NFI SOLAR", "CUSTOMERTYPE": "Farm", "SYSTEMSIZE": 2000.32, "YEAR": 2011, "SA_SUBSECTION": " ", "ACREAGE": 7.61525619, "ACCOUNT_NUMBER": "NJSRRE1532224436", "INSTALLADD": "2373 MAPLE AVENUE", "INSTALLCITY": "VINELAND", "STATE": "NJ", "EDC": "Vineland", "LATITUDE": 39.488862999999995, "LONGITUDE": -74.980378, "SHAPE_Length": 2666.812317211486, "SHAPE_Area": 331719.232687092, "GLOBALID": "{F631448C-2F3A-40E9-AF63-C90232C41DCD}"}}, {"type": "Feature", "id": 180, "geometry": {"type": "Polygon", "coordinates": [[[-74.38184195180459, 40.25547158452698], [-74.38189370795342, 40.25493244521206], [-74.3818802958337, 40.25459642461715], [-74.38181524111536, 40.25444622744901], [-74.38063512469212, 40.25431275823846], [-74.37994934233234, 40.254294176176394], [-74.37993812901965, 40.255359377904625], [-74.38080103453488, 40.25547822975461], [-74.38141219385165, 40.25548958124653], [-74.38184195180459, 40.25547158452698]]]}, "properties": {"OBJECTID": 180, "COMPNAME": "NORTHPARK SOLAR, LLC", "CUSTOMERTYPE": "Commercial", "SYSTEMSIZE": 1646.4, "YEAR": 2016, "SA_SUBSECTION": "q", "ACREAGE": 4.94853045, "ACCOUNT_NUMBER": "NJSRRE1532222840", "INSTALLADD": "371 HIGHWAY 33 EAST", "INSTALLCITY": "MANALAPAN", "STATE": "NJ", "EDC": "JCP&L", "LATITUDE": 40.254962, "LONGITUDE": -74.380814, "SHAPE_Length": 1824.9272439688295, "SHAPE_Area": 215557.12398743388, "GLOBALID": "{3485EECE-2439-46F4-B6E8-5E9FA035D91F}"}}, {"type": "Feature", "id": 181, "geometry": {"type": "Polygon", "coordinates": [[[-74.98108162370414, 39.49064583079682], [-74.98111641538198, 39.489760222207856], [-74.97903270838529, 39.48960471939617], [-74.97897081431758, 39.490469390061826], [-74.98108162370414, 39.49064583079682]]]}, "properties": {"OBJECTID": 181, "COMPNAME": "NFI SOLAR", "CUSTOMERTYPE": "Commercial", "SYSTEMSIZE": 1028.16, "YEAR": 2012, "SA_SUBSECTION": " ", "ACREAGE": 4.34995727, "ACCOUNT_NUMBER": "NJSRRE1532224443", "INSTALLADD": "2373 MAPLE AVE", "INSTALLCITY": "VINELAND", "STATE": "NJ", "EDC": "Vineland", "LATITUDE": 39.490221, "LONGITUDE": -74.979929, "SHAPE_Length": 1828.0550434624402, "SHAPE_Area": 189483.38063985313, "GLOBALID": "{C33663F6-A15F-4206-A29F-BB81AE7CCB99}"}}, {"type": "Feature", "id": 182, "geometry": {"type": "Polygon", "coordinates": [[[-74.22444771698413, 40.23301808197442], [-74.2258969354159, 40.23217554609893], [-74.22776595344104, 40.23131015008235], [-74.227893133649, 40.23060745450982], [-74.2282676611469, 40.2302508790954], [-74.22814615339341, 40.229535684000936], [-74.22780553531635, 40.22918934310953], [-74.22696646445348, 40.229092045048255], [-74.2261100739066, 40.22943556207978], [-74.22507237934535, 40.22847988846188], [-74.22572763597883, 40.227897598984136], [-74.22588505681843, 40.227409449621], [-74.22405403012878, 40.22659486690273], [-74.2238048771065, 40.22670150947335], [-74.22389719462352, 40.23076480394332], [-74.2243006124551, 40.2309564082036], [-74.22444771698413, 40.23301808197442]]]}, "properties": {"OBJECTID": 182, "COMPNAME": "ROCK SOLID REALTY (NJ) CORP", "CUSTOMERTYPE": "Commercial", "SYSTEMSIZE": 9936.050000000001, "YEAR": 2015, "SA_SUBSECTION": "q", "ACREAGE": 35.62175348, "ACCOUNT_NUMBER": "NJSRRE1532207728", "INSTALLADD": "FAIRFIELD RD (BLOCK 168, LOTS 19.01", "INSTALLCITY": "HOWELL", "STATE": "NJ", "EDC": "JCP&L", "LATITUDE": 40.230387, "LONGITUDE": -74.225853, "SHAPE_Length": 6422.082925926771, "SHAPE_Area": 1551677.3749981108, "GLOBALID": "{EA19F5DD-6868-421F-A6DF-FC4963F642BF}"}}, {"type": "Feature", "id": 183, "geometry": {"type": "Polygon", "coordinates": [[[-74.59033240556867, 41.19044069308773], [-74.59048573707184, 41.19030964736697], [-74.59065578549144, 41.19008080683735], [-74.59088887528635, 41.18985188960358], [-74.59126711230086, 41.189665744495485], [-74.59144688370334, 41.18965607133031], [-74.59187544716293, 41.1893721959641], [-74.59224740721874, 41.189212261682336], [-74.59246746849034, 41.189071927458464], [-74.59262857250945, 41.18887123805735], [-74.59272898196167, 41.18850184784588], [-74.59252051542289, 41.18828996041113], [-74.5921829718331, 41.18824734352917], [-74.59218566469393, 41.18791853683081], [-74.59252307913881, 41.1878706134275], [-74.59257975100492, 41.18779908863444], [-74.59247492723289, 41.18727260900232], [-74.59218757552011, 41.18703219252637], [-74.59213704153177, 41.18698219748135], [-74.5919667161741, 41.18697518568951], [-74.59196883193111, 41.186269367164925], [-74.59183932485298, 41.18609370970693], [-74.59165628305051, 41.18601284567747], [-74.59123791094966, 41.18595836796735], [-74.59100039184091, 41.18610628883908], [-74.59085863553173, 41.18623029816339], [-74.59079279748582, 41.18651626716462], [-74.59067312427814, 41.186645024125745], [-74.59024103665108, 41.18665012877729], [-74.59017809777184, 41.18675263168999], [-74.59006907708333, 41.186787023305065], [-74.58972461134269, 41.187255723352926], [-74.58949769194966, 41.1873797972939], [-74.589015303071, 41.18750883380413], [-74.58860871798657, 41.18771881981716], [-74.58859624642153, 41.18782604829168], [-74.58888643318708, 41.18783773790575], [-74.58926202802913, 41.18803282403645], [-74.58909517404632, 41.18826168682955], [-74.58883047217216, 41.18843820677067], [-74.58878976233288, 41.18865505853507], [-74.58818420672398, 41.18867458492346], [-74.58826992981471, 41.18909386412657], [-74.58836780270575, 41.18916526830858], [-74.58888518998445, 41.189250645247235], [-74.58888162571206, 41.18933402727799], [-74.58897364018252, 41.18935064787753], [-74.58892573316949, 41.18971514645982], [-74.58897514014576, 41.19045857473185], [-74.59005700555082, 41.19045058592362], [-74.59033240556867, 41.19044069308773]]]}, "properties": {"OBJECTID": 183, "COMPNAME": "G&S WANTAGE SOLAR LLC", "CUSTOMERTYPE": "Commercial", "SYSTEMSIZE": 8445.58, "YEAR": 2014, "SA_SUBSECTION": "q", "ACREAGE": 27.37834535, "ACCOUNT_NUMBER": "NJSRRE1532196286", "INSTALLADD": "BOULDER HILLS BLVD & ROUTE 23", "INSTALLCITY": "WANTAGE", "STATE": "NJ", "EDC": "JCP&L", "LATITUDE": 41.188279, "LONGITUDE": -74.590758, "SHAPE_Length": 5242.660282334649, "SHAPE_Area": 1192595.952890826, "GLOBALID": "{A65CB54E-8346-4D50-A459-D0DB622BF91C}"}}, {"type": "Feature", "id": 184, "geometry": {"type": "MultiPolygon", "coordinates": [[[[-74.50153581026112, 40.315074939578906], [-74.50308976619961, 40.315164718789504], [-74.50338752177097, 40.31205393107601], [-74.50185473390296, 40.31194825610094], [-74.50153581026112, 40.315074939578906]]], [[[-74.49946227118078, 40.314974695092296], [-74.50044938463597, 40.31504886668236], [-74.50069525058302, 40.31189363658036], [-74.4997302475426, 40.31179831866805], [-74.49946227118078, 40.314974695092296]]], [[[-74.5050223225889, 40.313525888207224], [-74.50617413797535, 40.3136330678725], [-74.50628698016808, 40.31179905948169], [-74.50519090692538, 40.31172494260114], [-74.5050223225889, 40.313525888207224]]], [[[-74.50457101828135, 40.314705493816156], [-74.50664120642159, 40.31484837339153], [-74.50670338989481, 40.31406197919284], [-74.50464438722611, 40.31392888324312], [-74.50457101828135, 40.314705493816156]]]]}, "properties": {"OBJECTID": 184, "COMPNAME": "RE CRANBURY SOLAR 1, LLC", "CUSTOMERTYPE": "Commercial", "SYSTEMSIZE": 5738.88, "YEAR": 2011, "SA_SUBSECTION": " ", "ACREAGE": 27.12823627, "ACCOUNT_NUMBER": "NJSRRE1532224438", "INSTALLADD": "5-8 SANTA FE WAY", "INSTALLCITY": "CRANBURY", "STATE": "NJ", "EDC": "PSE&G", "LATITUDE": 40.31351, "LONGITUDE": -74.500159, "SHAPE_Length": 9684.40941766381, "SHAPE_Area": 1181701.2449970562, "GLOBALID": "{925D5C5F-C2C1-4C21-980F-B93EA2FEEECC}"}}, {"type": "Feature", "id": 185, "geometry": {"type": "Polygon", "coordinates": [[[-74.35009956803371, 40.25781307862887], [-74.35132081606423, 40.256520496205596], [-74.35132422667272, 40.256516672083904], [-74.35011995450107, 40.25587612007705], [-74.3493094325474, 40.25535190756153], [-74.34857295218997, 40.25535529717337], [-74.34873918531724, 40.25609241212967], [-74.34881055049694, 40.25781140179613], [-74.35009956803371, 40.25781307862887]]]}, "properties": {"OBJECTID": 185, "COMPNAME": "VILLAGE AT MANALAPAN SOLAR LLC", "CUSTOMERTYPE": "Commercial", "SYSTEMSIZE": 3588.2000000000003, "YEAR": 2012, "SA_SUBSECTION": " ", "ACREAGE": 10.12212585, "ACCOUNT_NUMBER": "NJSRRE1532225071", "INSTALLADD": "162 HIGHWAY 33", "INSTALLCITY": "MANALAPAN", "STATE": "NJ", "EDC": "JCP&L", "LATITUDE": 40.256615, "LONGITUDE": -74.34968599999999, "SHAPE_Length": 2752.378990276783, "SHAPE_Area": 440918.03845911217, "GLOBALID": "{D24C3274-2222-4CDE-90B9-FE6CCEA0E4CC}"}}, {"type": "Feature", "id": 186, "geometry": {"type": "MultiPolygon", "coordinates": [[[[-74.21620145930518, 40.61813017437131], [-74.21587109045699, 40.61860831921673], [-74.21554177814266, 40.618836264917924], [-74.21520262756643, 40.61917141404515], [-74.21490148389792, 40.619392278294825], [-74.21469412224972, 40.61962052250915], [-74.21463695215154, 40.61982769126212], [-74.21484309875719, 40.61988538925621], [-74.21470195196818, 40.61998512114623], [-74.21486073685091, 40.62014993162215], [-74.2148549570747, 40.62040597742965], [-74.21498120686813, 40.62050051103538], [-74.21628731802673, 40.6200104718082], [-74.21669204679536, 40.61969692668909], [-74.21685319016355, 40.6193041472089], [-74.21687433693681, 40.61873945872621], [-74.21701770882899, 40.61811073090156], [-74.21690449846788, 40.618020845281016], [-74.21645592878059, 40.61785200324061], [-74.21620145930518, 40.61813017437131]]], [[[-74.21269899980034, 40.62108104284969], [-74.21334531738503, 40.62131855314405], [-74.21398417945552, 40.62110567892292], [-74.21449105730078, 40.62104259518112], [-74.21466190186874, 40.62057835770833], [-74.21482254246257, 40.62030710661488], [-74.21468242885383, 40.62016378848072], [-74.21440135217232, 40.62007731052077], [-74.21403873536796, 40.61995958683476], [-74.21269899980034, 40.62108104284969]]]]}, "properties": {"OBJECTID": 186, "COMPNAME": "PUBLIC SERVICE ELECTRIC AND GAS", "CUSTOMERTYPE": "Commercial", "SYSTEMSIZE": 3196.9300000000003, "YEAR": 2011, "SA_SUBSECTION": " ", "ACREAGE": 11.17611274, "ACCOUNT_NUMBER": "NJSRRE1532226772", "INSTALLADD": "4001 SOUTH WOOD AVE", "INSTALLCITY": "LINDEN", "STATE": "NJ", "EDC": "PSE&G", "LATITUDE": 40.620059, "LONGITUDE": -74.21495999999999, "SHAPE_Length": 4190.872720481426, "SHAPE_Area": 486829.52371069277, "GLOBALID": "{7A6632B0-499F-4752-A5DB-0E3BD0F4640A}"}}, {"type": "Feature", "id": 187, "geometry": {"type": "Polygon", "coordinates": [[[-74.4850702850205, 40.36007015864516], [-74.48629305842877, 40.35685598478605], [-74.48509696454107, 40.356588942400634], [-74.48388104578217, 40.359795580688896], [-74.4850702850205, 40.36007015864516]]]}, "properties": {"OBJECTID": 187, "COMPNAME": "MATRIX STULTS RD ASSOCIATES LLC", "CUSTOMERTYPE": "Commercial", "SYSTEMSIZE": 2980.7400000000002, "YEAR": 2011, "SA_SUBSECTION": " ", "ACREAGE": 9.69232167, "ACCOUNT_NUMBER": "NJSRRE1532224434", "INSTALLADD": "45 STULTS RD.", "INSTALLCITY": "DAYTON", "STATE": "NJ", "EDC": "PSE&G", "LATITUDE": 40.35835, "LONGITUDE": -74.48509899999999, "SHAPE_Length": 3129.029483251424, "SHAPE_Area": 422195.8432589547, "GLOBALID": "{C6ED921E-B5EB-446D-AF3C-B471C0815D53}"}}, {"type": "Feature", "id": 188, "geometry": {"type": "Polygon", "coordinates": [[[-74.47972417218361, 40.36375635392608], [-74.48107207852118, 40.361826365392396], [-74.4796236926203, 40.36120654337104], [-74.47825684750872, 40.36317924003599], [-74.47972417218361, 40.36375635392608]]]}, "properties": {"OBJECTID": 188, "COMPNAME": "GRANITE SOUTH BRUNSWICK, LLC", "CUSTOMERTYPE": "Commercial", "SYSTEMSIZE": 2970.2400000000002, "YEAR": 2012, "SA_SUBSECTION": " ", "ACREAGE": 8.52188138, "ACCOUNT_NUMBER": "NJSRRE1532225199", "INSTALLADD": "140 DOCKS CORNER ROAD", "INSTALLCITY": "DAYTON", "STATE": "NJ", "EDC": "PSE&G", "LATITUDE": 40.362477, "LONGITUDE": -74.479529, "SHAPE_Length": 2532.5739327715123, "SHAPE_Area": 371211.66787937185, "GLOBALID": "{2FA4C78A-05AC-436F-B260-462C607C0740}"}}, {"type": "Feature", "id": 189, "geometry": {"type": "Polygon", "coordinates": [[[-74.64229044683746, 39.42376270469318], [-74.64243076237692, 39.42315905681496], [-74.64230576735187, 39.4230805433405], [-74.64179855197509, 39.42304485512778], [-74.64136142220319, 39.42294251563421], [-74.64075250022978, 39.42276776729482], [-74.63962833898225, 39.42244235368854], [-74.63869921605557, 39.42210459427898], [-74.63896383765615, 39.421777510059556], [-74.64000187177919, 39.42195780341888], [-74.64035955265862, 39.42135224569394], [-74.64046875621679, 39.42134001134578], [-74.64097537343162, 39.421085245261786], [-74.6412162694933, 39.42060690291895], [-74.64280878440333, 39.421058803896074], [-74.64224178771882, 39.4223121108259], [-74.64287660411901, 39.422339099198034], [-74.6435608980417, 39.42104450308147], [-74.64298779663571, 39.42084678963089], [-74.64269085434478, 39.42061720606255], [-74.64193363982417, 39.420406338018495], [-74.641387422395, 39.4203646442966], [-74.64055246332923, 39.42028698962155], [-74.64006058214783, 39.42010604482669], [-74.63946405062862, 39.42030786067582], [-74.63916505111544, 39.420905915208465], [-74.63960976488326, 39.42095376429028], [-74.63957879849345, 39.421074826804734], [-74.63906463450365, 39.42110676460218], [-74.6388311910164, 39.42177161717399], [-74.63818852633646, 39.422485514132596], [-74.64229044683746, 39.42376270469318]]]}, "properties": {"OBJECTID": 189, "COMPNAME": "SOUTH JERSEY GAS", "CUSTOMERTYPE": "Commercial", "SYSTEMSIZE": 2517.32, "YEAR": 2012, "SA_SUBSECTION": " ", "ACREAGE": 15.04440236, "ACCOUNT_NUMBER": "NJSRRE1532225197", "INSTALLADD": "215 CATES ROAD", "INSTALLCITY": "EGG HARBOR TWP", "STATE": "NJ", "EDC": "ACE", "LATITUDE": 39.421285, "LONGITUDE": -74.63992499999999, "SHAPE_Length": 7699.295746591716, "SHAPE_Area": 655331.5455052357, "GLOBALID": "{DC73D1D0-5A71-46F8-B47B-3DA63620F2A6}"}}, {"type": "Feature", "id": 190, "geometry": {"type": "Polygon", "coordinates": [[[-75.06746279884487, 39.46640034001155], [-75.06764923831648, 39.465535995929], [-75.06916494125264, 39.465588634197346], [-75.06918588331045, 39.46438494901802], [-75.06828929672754, 39.464450598173165], [-75.06813847012134, 39.464808835013535], [-75.06653944135832, 39.46479280296725], [-75.06644768791514, 39.46630724347962], [-75.06746279884487, 39.46640034001155]]]}, "properties": {"OBJECTID": 190, "COMPNAME": "CONNECTIV VINELAND SOLAR, LLC", "CUSTOMERTYPE": "Commercial", "SYSTEMSIZE": 2339.96, "YEAR": 2009, "SA_SUBSECTION": " ", "ACREAGE": 7.67823546, "ACCOUNT_NUMBER": "NJSRRE1532226652", "INSTALLADD": "1776 SOUTH MILL RD", "INSTALLCITY": "VINELAND", "STATE": "NJ", "EDC": "Vineland", "LATITUDE": 39.465233999999995, "LONGITUDE": -75.067385, "SHAPE_Length": 2869.7348655992123, "SHAPE_Area": 334462.59873820166, "GLOBALID": "{E394FA33-5803-40D2-8CD1-7CAAE507FF14}"}}, {"type": "Feature", "id": 191, "geometry": {"type": "Polygon", "coordinates": [[[-75.06653944135832, 39.46479280296725], [-75.06813847012134, 39.464808835013535], [-75.06828929672754, 39.46445059817313], [-75.06831374292132, 39.46367589643551], [-75.06663700447788, 39.463552995226436], [-75.06653944135832, 39.46479280296725]]]}, "properties": {"OBJECTID": 191, "COMPNAME": "CONECTIV VINELAND SOLAR, LLC", "CUSTOMERTYPE": "Commercial", "SYSTEMSIZE": 1764.1200000000001, "YEAR": 2010, "SA_SUBSECTION": " ", "ACREAGE": 4.73698208, "ACCOUNT_NUMBER": "NJSRRE1532226741", "INSTALLADD": "1776 SOUTH MILL RD", "INSTALLCITY": "VINELAND", "STATE": "NJ", "EDC": "Vineland", "LATITUDE": 39.464265999999995, "LONGITUDE": -75.067441, "SHAPE_Length": 1798.8787842839045, "SHAPE_Area": 206342.11384131183, "GLOBALID": "{845BC2E1-DAB1-452B-964C-0F44FB65B84E}"}}, {"type": "Feature", "id": 192, "geometry": {"type": "Polygon", "coordinates": [[[-75.07257626102854, 39.463596600891044], [-75.07260146771655, 39.46335604322546], [-75.07176090104322, 39.462775883058], [-75.07173472556595, 39.46218133574808], [-75.07155758257473, 39.46136728002137], [-75.07133071287689, 39.460248871362445], [-75.07076346764894, 39.46026552962087], [-75.0708218392874, 39.46045331482368], [-75.07095389998496, 39.460511268683156], [-75.07108099666623, 39.46128702741523], [-75.07071972583391, 39.46140993864152], [-75.06969008271122, 39.461453530878444], [-75.06958753241527, 39.46127444709184], [-75.06926915723038, 39.46122983538929], [-75.06741861571777, 39.46325126758275], [-75.07257626102854, 39.463596600891044]]]}, "properties": {"OBJECTID": 192, "COMPNAME": "CONSTELLATION SOLAR NEW JERSEY", "CUSTOMERTYPE": "Commercial", "SYSTEMSIZE": 4804.8, "YEAR": 2012, "SA_SUBSECTION": " ", "ACREAGE": 18.91958495, "ACCOUNT_NUMBER": "NJSRRE1532224614", "INSTALLADD": "1776 S. MILL RD", "INSTALLCITY": "VINELAND", "STATE": "NJ", "EDC": "Vineland", "LATITUDE": 39.462393999999996, "LONGITUDE": -75.070015, "SHAPE_Length": 4823.254630328669, "SHAPE_Area": 824133.8236683181, "GLOBALID": "{164707B1-67F9-45B6-9E63-78668C640234}"}}, {"type": "Feature", "id": 193, "geometry": {"type": "MultiPolygon", "coordinates": [[[[-74.35186955055846, 40.498590246064445], [-74.35345036263838, 40.50013520565806], [-74.35425513796821, 40.4996894244925], [-74.35346853674135, 40.49895568037634], [-74.35261980918179, 40.49809079075738], [-74.35186955055846, 40.498590246064445]]], [[[-74.35284732211312, 40.50111143907496], [-74.35345486030518, 40.50165432630092], [-74.35508018667808, 40.50069724834914], [-74.35457416022388, 40.50012471076492], [-74.35284732211312, 40.50111143907496]]]]}, "properties": {"OBJECTID": 193, "COMPNAME": "FERNWOOD 45 ASSOCIATES LP", "CUSTOMERTYPE": "Commercial", "SYSTEMSIZE": 2223.65, "YEAR": 2012, "SA_SUBSECTION": " ", "ACREAGE": 7.97482818, "ACCOUNT_NUMBER": "NJSRRE1532225073", "INSTALLADD": "45 FERNWOOD AVE.", "INSTALLCITY": "EDISON", "STATE": "NJ", "EDC": "PSE&G", "LATITUDE": 40.499086999999996, "LONGITUDE": -74.35308599999999, "SHAPE_Length": 3688.850877647878, "SHAPE_Area": 347382.12617825594, "GLOBALID": "{F52F7C18-6992-4679-BDD2-BCC6673DC1C3}"}}, {"type": "Feature", "id": 194, "geometry": {"type": "MultiPolygon", "coordinates": [[[[-74.39751097796213, 40.494283770104495], [-74.39723602509817, 40.494464627891674], [-74.39648689146813, 40.494473491670014], [-74.39596175696192, 40.49495913754187], [-74.39611124350238, 40.495178501301766], [-74.39613586201693, 40.495407284106996], [-74.3964852362784, 40.4955505738721], [-74.39657241483444, 40.49569362733693], [-74.39754650559175, 40.49555151952456], [-74.39758461424789, 40.495122626127376], [-74.39844672727601, 40.494713523345894], [-74.39802298960333, 40.494207969131494], [-74.39751097796213, 40.494283770104495]]], [[[-74.39931048373147, 40.49319873560399], [-74.39974714925884, 40.49340881316409], [-74.39968408460618, 40.493837685748574], [-74.40048271576369, 40.49412432799156], [-74.40093388155172, 40.49297137772277], [-74.39964826200107, 40.49274150692997], [-74.39931048373147, 40.49319873560399]]]]}, "properties": {"OBJECTID": 194, "COMPNAME": "PUBLIC SERVICE ELECTRIC & GAS", "CUSTOMERTYPE": "Commercial", "SYSTEMSIZE": 2017.6000000000001, "YEAR": 2011, "SA_SUBSECTION": " ", "ACREAGE": 7.99994203, "ACCOUNT_NUMBER": "NJSRRE1532226925", "INSTALLADD": "410 SILVER LAKE AVE", "INSTALLCITY": "EDISON", "STATE": "NJ", "EDC": "PSE&G", "LATITUDE": 40.494291, "LONGITUDE": -74.398619, "SHAPE_Length": 3501.506515701091, "SHAPE_Area": 348476.0808806636, "GLOBALID": "{458F4BF8-9541-422C-9720-6FC8D9BFE62E}"}}, {"type": "Feature", "id": 195, "geometry": {"type": "Polygon", "coordinates": [[[-74.09346183874455, 40.67846323904787], [-74.09403603456573, 40.677712280586896], [-74.09129442564904, 40.676663687776376], [-74.09085824003384, 40.67736269967098], [-74.09346183874455, 40.67846323904787]]]}, "properties": {"OBJECTID": 195, "COMPNAME": "WEA TEXAS BAYONNE, LP", "CUSTOMERTYPE": "Commercial", "SYSTEMSIZE": 1746.3600000000001, "YEAR": 2011, "SA_SUBSECTION": " ", "ACREAGE": 5.75348834, "ACCOUNT_NUMBER": "NJSRRE1532226769", "INSTALLADD": "30-100 PULASKI ST.", "INSTALLCITY": "BAYONNE", "STATE": "NJ", "EDC": "PSE&G", "LATITUDE": 40.677579, "LONGITUDE": -74.09239199999999, "SHAPE_Length": 2275.3647957580747, "SHAPE_Area": 250620.9494455858, "GLOBALID": "{29725857-21E8-4CE2-A860-EB643B8828D4}"}}, {"type": "Feature", "id": 196, "geometry": {"type": "Polygon", "coordinates": [[[-74.2713576074139, 40.5339771500293], [-74.27147290617582, 40.533133827755236], [-74.26887844306397, 40.5328856101733], [-74.26876325849393, 40.53368603780209], [-74.26890330842737, 40.53382929230811], [-74.2710854559948, 40.53410528807815], [-74.2713576074139, 40.5339771500293]]]}, "properties": {"OBJECTID": 196, "COMPNAME": "MATRIX INDUSTRIAL A LLC", "CUSTOMERTYPE": "Commercial", "SYSTEMSIZE": 1687.95, "YEAR": 2011, "SA_SUBSECTION": " ", "ACREAGE": 5.82532678, "ACCOUNT_NUMBER": "NJSRRE1532164826", "INSTALLADD": "1000 AMBOY AVE.", "INSTALLCITY": "PERTH AMBOY", "STATE": "NJ", "EDC": "PSE&G", "LATITUDE": 40.533467, "LONGITUDE": -74.27025499999999, "SHAPE_Length": 2097.7573988302747, "SHAPE_Area": 253750.21958279997, "GLOBALID": "{A07D20B3-CB87-47E5-BF1C-E981D2557647}"}}, {"type": "Feature", "id": 197, "geometry": {"type": "Polygon", "coordinates": [[[-74.27091982193323, 40.53597077752305], [-74.2704653161395, 40.53461876627343], [-74.26912461714689, 40.53486630070398], [-74.26958849005473, 40.536211187566884], [-74.27091982193323, 40.53597077752305]]]}, "properties": {"OBJECTID": 197, "COMPNAME": "MATRIX INDUSTRIAL", "CUSTOMERTYPE": "Commercial", "SYSTEMSIZE": 1170.68, "YEAR": 2011, "SA_SUBSECTION": " ", "ACREAGE": 4.4478118, "ACCOUNT_NUMBER": "NJSRRE1532226771", "INSTALLADD": "1050 AMBOY AVE", "INSTALLCITY": "PERTH AMBOY", "STATE": "NJ", "EDC": "PSE&G", "LATITUDE": 40.535467, "LONGITUDE": -74.27003599999999, "SHAPE_Length": 1778.6939342142346, "SHAPE_Area": 193745.90701011237, "GLOBALID": "{D80C346F-BE4E-433E-8928-A0A052CA7700}"}}, {"type": "Feature", "id": 198, "geometry": {"type": "Polygon", "coordinates": [[[-74.75450455962184, 40.23256459821142], [-74.7545494763652, 40.232492463973585], [-74.75452228399924, 40.23241749051741], [-74.75463181543223, 40.23238573487165], [-74.7546588080786, 40.23227362312446], [-74.75531452062458, 40.23169090688618], [-74.7553316623244, 40.23158808607541], [-74.75438999831073, 40.23079078062706], [-74.75405032040673, 40.230825282745364], [-74.753414747366, 40.23126289135548], [-74.7533034538679, 40.23146771926681], [-74.75293866094611, 40.23164763781556], [-74.75286604719241, 40.23178732466402], [-74.75281137920652, 40.231829463727195], [-74.7527936382529, 40.23197306957699], [-74.75240346796542, 40.23197271766401], [-74.75237451381031, 40.23229613479757], [-74.75265776144968, 40.23229201518741], [-74.75295458229579, 40.23220069280889], [-74.75299985513034, 40.23214069753814], [-74.75325076894529, 40.23204210296786], [-74.75348776705675, 40.23188751214608], [-74.75348279365836, 40.23177897230406], [-74.75460405448722, 40.231072682217416], [-74.75481029931493, 40.231247310189765], [-74.75460065284314, 40.23138433538478], [-74.75430913623912, 40.23161958594165], [-74.75410365059659, 40.23164805035125], [-74.75409490759876, 40.23170368140321], [-74.75391658334281, 40.23171499199382], [-74.75391783877491, 40.23205114634741], [-74.75412425497507, 40.232271296407646], [-74.75432993897377, 40.23229535607124], [-74.7543684379216, 40.23234614317426], [-74.75411549708596, 40.23237286308811], [-74.7539812205167, 40.23254204675066], [-74.75450455962184, 40.23256459821142]]]}, "properties": {"OBJECTID": 198, "COMPNAME": "PSE&G BRUNSWICK", "CUSTOMERTYPE": "Commercial", "SYSTEMSIZE": 1264.08, "YEAR": 2010, "SA_SUBSECTION": " ", "ACREAGE": 4.93930522, "ACCOUNT_NUMBER": "NJSRRE1532164097", "INSTALLADD": "500-520 BRUNSWICK AVE", "INSTALLCITY": "TRENTON", "STATE": "NJ", "EDC": "PSE&G", "LATITUDE": 40.231589, "LONGITUDE": -74.75404, "SHAPE_Length": 3537.629304466859, "SHAPE_Area": 215155.2745844809, "GLOBALID": "{090DB133-7C48-4824-9D6E-8D517D2F1E73}"}}, {"type": "Feature", "id": 199, "geometry": {"type": "Polygon", "coordinates": [[[-74.21149170648681, 40.696080644549454], [-74.2121970134103, 40.698055396995784], [-74.21261601265329, 40.69890711536288], [-74.21328468454132, 40.69848701468508], [-74.21222481081625, 40.69596094912137], [-74.21149170648681, 40.696080644549454]]]}, "properties": {"OBJECTID": 199, "COMPNAME": "COMMUNITY FOODBANK OF NJ", "CUSTOMERTYPE": "Non Profit", "SYSTEMSIZE": 1073.41, "YEAR": 2012, "SA_SUBSECTION": " ", "ACREAGE": 5.2958369, "ACCOUNT_NUMBER": "NJSRRE1532225788", "INSTALLADD": "31 EVANS TERMINAL ROAD", "INSTALLCITY": "HILLSIDE", "STATE": "NJ", "EDC": "PSE&G", "LATITUDE": 40.697316, "LONGITUDE": -74.21233, "SHAPE_Length": 2491.1305271608944, "SHAPE_Area": 230685.73269674837, "GLOBALID": "{4B37C7E1-1EA7-47EF-8EAF-9D739CC2A3E2}"}}, {"type": "Feature", "id": 200, "geometry": {"type": "Polygon", "coordinates": [[[-74.9706863166951, 39.96734854581152], [-74.97112925908245, 39.96690348368077], [-74.96943660146326, 39.96599165255908], [-74.96904482866651, 39.966447226021955], [-74.9706863166951, 39.96734854581152]]]}, "properties": {"OBJECTID": 200, "COMPNAME": "PSE&G", "CUSTOMERTYPE": "Commercial", "SYSTEMSIZE": 1072.31, "YEAR": 2014, "SA_SUBSECTION": " ", "ACREAGE": 2.64624493, "ACCOUNT_NUMBER": "NJSRRE1532188085", "INSTALLADD": "300 NEW ALBANY RD", "INSTALLCITY": "MOORESTOWN", "STATE": "NJ", "EDC": "PSE&G", "LATITUDE": 39.966635, "LONGITUDE": -74.970074, "SHAPE_Length": 1547.4994197935816, "SHAPE_Area": 115269.9680229238, "GLOBALID": "{E92EBDD4-976C-4587-B60C-8110D391B4D8}"}}, {"type": "Feature", "id": 201, "geometry": {"type": "Polygon", "coordinates": [[[-74.55293008098428, 40.548150479213945], [-74.55266804290139, 40.54761742383089], [-74.55237097286053, 40.54722140022114], [-74.55155510674156, 40.547510694752255], [-74.55131698458538, 40.547600159836655], [-74.5504738029021, 40.54792520193069], [-74.55043876017604, 40.54805925628331], [-74.55098212106672, 40.54884537642228], [-74.5511031476161, 40.548815536602035], [-74.55117735319999, 40.548833375746], [-74.55154821718529, 40.54871108710169], [-74.55164591480269, 40.548812316883826], [-74.55264135695563, 40.548445495396024], [-74.55260217262192, 40.548269774390114], [-74.55293008098428, 40.548150479213945]]]}, "properties": {"OBJECTID": 201, "COMPNAME": "PSE&G CENTRAL DIVISION", "CUSTOMERTYPE": "Commercial", "SYSTEMSIZE": 916.28, "YEAR": 2011, "SA_SUBSECTION": " ", "ACREAGE": 5.75287812, "ACCOUNT_NUMBER": "NJSRRE1532226768", "INSTALLADD": "472 WESTON CANAL RD", "INSTALLCITY": "SOMERSET", "STATE": "NJ", "EDC": "PSE&G", "LATITUDE": 40.548072, "LONGITUDE": -74.551735, "SHAPE_Length": 2021.546645735472, "SHAPE_Area": 250594.3686854711, "GLOBALID": "{B56713B8-F3DA-4D1E-A69E-49DCB8126195}"}}, {"type": "Feature", "id": 202, "geometry": {"type": "MultiPolygon", "coordinates": [[[[-74.1947771081368, 40.735178468383104], [-74.19549525288403, 40.735348353725996], [-74.19569026543883, 40.73483060353654], [-74.19583722815426, 40.73454505246852], [-74.19589945093279, 40.73429501983137], [-74.19524703223865, 40.73413960655385], [-74.1947771081368, 40.735178468383104]]], [[[-74.1955722258176, 40.73598620114108], [-74.19611980459536, 40.736123465212884], [-74.19630918794446, 40.73580943054346], [-74.19645545140952, 40.735333250101625], [-74.19585142814978, 40.73521013581139], [-74.1955722258176, 40.73598620114108]]], [[[-74.19460202844567, 40.73578824642342], [-74.1952749277965, 40.735921080074526], [-74.1954178585066, 40.73549016589303], [-74.19473252185144, 40.73533823731742], [-74.19460202844567, 40.73578824642342]]], [[[-74.19591245402599, 40.7348790844589], [-74.19615651867302, 40.73493929783426], [-74.19614627502389, 40.735125130835215], [-74.19653116228487, 40.73521669084906], [-74.19669294440787, 40.73477152766661], [-74.19602653600883, 40.734591062652804], [-74.19591245402599, 40.7348790844589]]]]}, "properties": {"OBJECTID": 202, "COMPNAME": "CAMDEN STREET SCHOOL", "CUSTOMERTYPE": "School Public K-12", "SYSTEMSIZE": 913.9200000000001, "YEAR": 2011, "SA_SUBSECTION": " ", "ACREAGE": 4.43141369, "ACCOUNT_NUMBER": "NJSRRE1532165969", "INSTALLADD": "281 CAMDEN ST/271 BERGEN ST", "INSTALLCITY": "NEWARK", "STATE": "NJ", "EDC": "PSE&G", "LATITUDE": 40.735445999999996, "LONGITUDE": -74.196062, "SHAPE_Length": 3573.5972530030467, "SHAPE_Area": 193031.60815327012, "GLOBALID": "{A6A205F0-EA8F-4615-9AE0-2D1937C6AFDE}"}}, {"type": "Feature", "id": 203, "geometry": {"type": "Polygon", "coordinates": [[[-74.25814775701944, 40.57790926709439], [-74.25872397931407, 40.576709494200514], [-74.25913980344362, 40.575788183082985], [-74.25766016391395, 40.57532757326791], [-74.25669591981084, 40.577527338990976], [-74.25814775701944, 40.57790926709439]]]}, "properties": {"OBJECTID": 203, "COMPNAME": "ADLER DEVELOPMENT", "CUSTOMERTYPE": "Commercial", "SYSTEMSIZE": 907.63, "YEAR": 2011, "SA_SUBSECTION": " ", "ACREAGE": 8.35017551, "ACCOUNT_NUMBER": "NJSRRE1532226774", "INSTALLADD": "255 BLAIR RD", "INSTALLCITY": "WOODBRIDGE", "STATE": "NJ", "EDC": "PSE&G", "LATITUDE": 40.576622, "LONGITUDE": -74.258014, "SHAPE_Length": 2535.83391452632, "SHAPE_Area": 363732.19021056296, "GLOBALID": "{D4FE21A0-BA2C-4D5F-9D31-A840F9D802FC}"}}, {"type": "Feature", "id": 204, "geometry": {"type": "Polygon", "coordinates": [[[-74.80555191994782, 40.32965756107962], [-74.80552177737121, 40.3294753418021], [-74.80573341065488, 40.32945333571877], [-74.80565341872972, 40.328976948668256], [-74.80477880335248, 40.329050746133845], [-74.80476976097957, 40.328975494494706], [-74.80461038726742, 40.32898923194447], [-74.80473203935365, 40.329730022104464], [-74.80555191994782, 40.32965756107962]]]}, "properties": {"OBJECTID": 204, "COMPNAME": "HOPEWELL VALLEY CENTRAL HS", "CUSTOMERTYPE": "Commercial", "SYSTEMSIZE": 876.0600000000001, "YEAR": 2016, "SA_SUBSECTION": " ", "ACREAGE": 1.55536405, "ACCOUNT_NUMBER": "NJSRRE1532223683", "INSTALLADD": "259 PENNINGTON TITUSVILLE RD", "INSTALLCITY": "PENNINGTON", "STATE": "NJ", "EDC": "PSE&G", "LATITUDE": 40.329313, "LONGITUDE": -74.805211, "SHAPE_Length": 1121.025024272434, "SHAPE_Area": 67751.38703453087, "GLOBALID": "{8EDC8790-CB23-4DB9-9B0B-F07ECC9666F6}"}}, {"type": "Feature", "id": 205, "geometry": {"type": "Polygon", "coordinates": [[[-74.7444385792237, 40.286276239690864], [-74.74302499404995, 40.28609015827494], [-74.74243937924834, 40.28601783516399], [-74.74220960601511, 40.28622206708468], [-74.7423960374591, 40.286252697760546], [-74.7422770786308, 40.286384713372854], [-74.7422801975398, 40.28642791149373], [-74.7423319597907, 40.286448156381404], [-74.74233415563964, 40.28649620778431], [-74.74267037777884, 40.286551310074756], [-74.74267258495873, 40.28660246183356], [-74.74386945959112, 40.28675341454207], [-74.7444385792237, 40.286276239690864]]]}, "properties": {"OBJECTID": 205, "COMPNAME": "RIDER UNIVERSITY", "CUSTOMERTYPE": "Commercial", "SYSTEMSIZE": 739.2, "YEAR": 2012, "SA_SUBSECTION": " ", "ACREAGE": 2.32104205, "ACCOUNT_NUMBER": "NJSRRE1532224612", "INSTALLADD": "2083 LAWRENCEVILLE RD.", "INSTALLCITY": "LAWRENCEVILLE", "STATE": "NJ", "EDC": "PSE&G", "LATITUDE": 40.286449999999995, "LONGITUDE": -74.743298, "SHAPE_Length": 1513.2575721428127, "SHAPE_Area": 101104.18720295206, "GLOBALID": "{87AF070B-5A33-40AD-B030-CCD5BE8AA22E}"}}, {"type": "Feature", "id": 206, "geometry": {"type": "MultiPolygon", "coordinates": [[[[-74.16318446959872, 40.888914152934674], [-74.16384648135292, 40.88931996244307], [-74.16421111084748, 40.88892786951276], [-74.1635913967191, 40.88854005634215], [-74.16318446959872, 40.888914152934674]]], [[[-74.16204110680654, 40.888699934709095], [-74.16257183809574, 40.8889874192751], [-74.16264759117098, 40.88890901039599], [-74.16212635147039, 40.88860725654701], [-74.16204110680654, 40.888699934709095]]], [[[-74.16217381141931, 40.888535912903706], [-74.1627091429821, 40.888844855568486], [-74.162780168888, 40.88877000623354], [-74.1622354723779, 40.88845031429507], [-74.16217381141931, 40.888535912903706]]], [[[-74.16244361976273, 40.88826864218772], [-74.16297889604323, 40.88858830562674], [-74.1630358654637, 40.888499118522525], [-74.16250518933263, 40.888200913154904], [-74.16244361976273, 40.88826864218772]]], [[[-74.16232984547298, 40.88841484884391], [-74.16283693799055, 40.88872013388508], [-74.16290328882431, 40.88863812298963], [-74.16236322998567, 40.888332741735766], [-74.16232984547298, 40.88841484884391]]], [[[-74.16412098782887, 40.88998555220386], [-74.16454845050244, 40.89020839291512], [-74.16460534584938, 40.89013350137416], [-74.16423447301638, 40.88989652909836], [-74.16412098782887, 40.88998555220386]]], [[[-74.1644189986872, 40.88972908123166], [-74.16482302024657, 40.889930408383336], [-74.16488458895071, 40.88986267809645], [-74.16449955065931, 40.88963281421892], [-74.1644189986872, 40.88972908123166]]], [[[-74.16428645977655, 40.889860938653925], [-74.164671661032, 40.89005863719159], [-74.16474266681418, 40.889987360962074], [-74.16434813732383, 40.88977176462452], [-74.16428645977655, 40.889860938653925]]]]}, "properties": {"OBJECTID": 206, "COMPNAME": "PSE&G", "CUSTOMERTYPE": "Commercial", "SYSTEMSIZE": 733.67, "YEAR": 2012, "SA_SUBSECTION": " ", "ACREAGE": 1.8376659, "ACCOUNT_NUMBER": "NJSRRE1532225438", "INSTALLADD": "150 CIRCLE AVE", "INSTALLCITY": "CLIFTON", "STATE": "NJ", "EDC": "PSE&G", "LATITUDE": 40.888922, "LONGITUDE": -74.16373, "SHAPE_Length": 3587.8103304542656, "SHAPE_Area": 80048.40652087265, "GLOBALID": "{30960E5D-312A-4B4C-83E7-5D77FEBF51FF}"}}, {"type": "Feature", "id": 207, "geometry": {"type": "MultiPolygon", "coordinates": [[[[-74.34225487507675, 40.53195162450441], [-74.34247341725384, 40.531982900592226], [-74.34253332448836, 40.53173992474851], [-74.34362281603943, 40.531936803350675], [-74.34383333327703, 40.53138901803308], [-74.34241303224529, 40.53109637470002], [-74.34225487507675, 40.53195162450441]]], [[[-74.345598056871, 40.53325770296499], [-74.34563814252866, 40.53321009807541], [-74.3455782431822, 40.5331814231537], [-74.34560832251239, 40.53313952387861], [-74.34565596798434, 40.53306333419419], [-74.34543367753635, 40.53303062982109], [-74.34541104659819, 40.533093508301064], [-74.34528368393103, 40.53306664867641], [-74.34532380914483, 40.53300188791478], [-74.34502659852787, 40.53295383123813], [-74.34500398919704, 40.53300717833877], [-74.34505889038488, 40.53303584685696], [-74.34500870584432, 40.53312918982228], [-74.345598056871, 40.53325770296499]]], [[[-74.34461223315944, 40.53278742440253], [-74.34454491527606, 40.53272633082486], [-74.3445524899913, 40.53269202714723], [-74.3444202068308, 40.53263275270788], [-74.34440535710627, 40.53257173058024], [-74.3441730834697, 40.53253519708454], [-74.34412275995787, 40.532687635891875], [-74.34461223315944, 40.53278742440253]]], [[[-74.34277254135955, 40.532278789145224], [-74.34288491071024, 40.53230515382267], [-74.34298877915772, 40.53195977233784], [-74.34287639803006, 40.53193817385986], [-74.34277254135955, 40.532278789145224]]], [[[-74.34298789483132, 40.532338654811596], [-74.34310653196293, 40.53235549555904], [-74.34320414728374, 40.532012489351025], [-74.3431198919638, 40.53198378009789], [-74.34298789483132, 40.532338654811596]]], [[[-74.34269398516443, 40.53248361258286], [-74.34301865807643, 40.5325388608458], [-74.34303445122495, 40.53246262895846], [-74.3427316626888, 40.5323978791965], [-74.34269398516443, 40.53248361258286]]], [[[-74.34340232088213, 40.53274431177837], [-74.34389865550773, 40.53284744852943], [-74.34390500162708, 40.53280456476854], [-74.34340866176053, 40.532703811094635], [-74.34340232088213, 40.53274431177837]]], [[[-74.34443738758567, 40.532969004906896], [-74.34443746335609, 40.53293624021984], [-74.34412530420288, 40.532870289068285], [-74.34411738552411, 40.53291793683442], [-74.34443738758567, 40.532969004906896]]], [[[-74.34336504351275, 40.5326584765838], [-74.34377087432978, 40.53273289627734], [-74.3437709241384, 40.53271144972706], [-74.34337135666418, 40.532629890251336], [-74.34336504351275, 40.5326584765838]]], [[[-74.344342330382, 40.53281565602306], [-74.34434740752373, 40.532781348094325], [-74.34411015754742, 40.532735276439986], [-74.34409759929848, 40.53276385438658], [-74.344342330382, 40.53281565602306]]]]}, "properties": {"OBJECTID": 207, "COMPNAME": "PSE&G-EDISON TRAINING CENTER", "CUSTOMERTYPE": "Commercial", "SYSTEMSIZE": 711.9, "YEAR": 2011, "SA_SUBSECTION": " ", "ACREAGE": 2.81554252, "ACCOUNT_NUMBER": "NJSRRE1532226773", "INSTALLADD": "234 PIERSON AVE", "INSTALLCITY": "EDISON", "STATE": "NJ", "EDC": "PSE&G", "LATITUDE": 40.531627, "LONGITUDE": -74.34313499999999, "SHAPE_Length": 4155.875189669621, "SHAPE_Area": 122644.54151223379, "GLOBALID": "{99586904-925E-4153-A3A5-7F00FF359D97}"}}, {"type": "Feature", "id": 208, "geometry": {"type": "Polygon", "coordinates": [[[-74.17978206853897, 40.75666193672528], [-74.18008186618722, 40.756221947403155], [-74.18023227669116, 40.7558947269128], [-74.17973963913063, 40.75570869318032], [-74.17983427299028, 40.755577900983155], [-74.18026478114359, 40.75565057876545], [-74.18035975507642, 40.75544830184354], [-74.17991397986026, 40.755292183834094], [-74.18002433690566, 40.75514952116966], [-74.1804940118328, 40.75522230667933], [-74.18054192532604, 40.75503181410963], [-74.18038573818679, 40.75493011213528], [-74.18047296341429, 40.75470994232435], [-74.1801678544117, 40.75462569897369], [-74.18011264739236, 40.75470298772005], [-74.1799093182138, 40.75463093964462], [-74.1798146298843, 40.754773645681915], [-74.17979819132024, 40.75493444006712], [-74.179426207116, 40.75572569342578], [-74.1795199250561, 40.75578552412219], [-74.17921895174008, 40.75646974782105], [-74.17978206853897, 40.75666193672528]]]}, "properties": {"OBJECTID": 208, "COMPNAME": "BARRINGER HIGH SCHOOL, NEWWARK", "CUSTOMERTYPE": "Non Profit", "SYSTEMSIZE": 646.8000000000001, "YEAR": 2010, "SA_SUBSECTION": " ", "ACREAGE": 2.83257738, "ACCOUNT_NUMBER": "NJSRRE1532226742", "INSTALLADD": "90 PARKER ST", "INSTALLCITY": "NEWARK", "STATE": "NJ", "EDC": "PSE&G", "LATITUDE": 40.755539999999996, "LONGITUDE": -74.179739, "SHAPE_Length": 2329.341058302066, "SHAPE_Area": 123386.5770392059, "GLOBALID": "{441B8EDB-365E-498F-A72A-E2CF67D6F1B5}"}}, {"type": "Feature", "id": 209, "geometry": {"type": "Polygon", "coordinates": [[[-74.39929297792827, 40.53561557357449], [-74.39919341262161, 40.53536289889861], [-74.39844537090414, 40.53434712262772], [-74.39802032940473, 40.53453738119408], [-74.39791371364986, 40.53481847073267], [-74.39870543529629, 40.535862883544716], [-74.39929297792827, 40.53561557357449]]]}, "properties": {"OBJECTID": 209, "COMPNAME": "ADLER DEVELOPMENT", "CUSTOMERTYPE": "Commercial", "SYSTEMSIZE": 644.84, "YEAR": 2011, "SA_SUBSECTION": " ", "ACREAGE": 2.40615561, "ACCOUNT_NUMBER": "NJSRRE1532224440", "INSTALLADD": "64 BRUNSWICK RD", "INSTALLCITY": "EDISON", "STATE": "NJ", "EDC": "PSE&G", "LATITUDE": 40.53733, "LONGITUDE": -74.398622, "SHAPE_Length": 1390.1331800773278, "SHAPE_Area": 104811.7189707975, "GLOBALID": "{86EBAB1D-3570-452E-864B-8A7D211524F6}"}}, {"type": "Feature", "id": 210, "geometry": {"type": "Polygon", "coordinates": [[[-74.29354560677125, 40.561017153548526], [-74.29374761402441, 40.560860242398455], [-74.29398173572726, 40.560928573299456], [-74.2943812227224, 40.560561127041325], [-74.29385286737383, 40.56015985823274], [-74.29454843326668, 40.5595212882932], [-74.29429127700557, 40.55932424206298], [-74.29416907764659, 40.55943840340227], [-74.29368732323034, 40.55912657558636], [-74.29300112688775, 40.55976515717012], [-74.29337986748983, 40.560048207987066], [-74.292825015082, 40.56064413112903], [-74.29354560677125, 40.561017153548526]]]}, "properties": {"OBJECTID": 210, "COMPNAME": "KESSLER INDUSTRIES INC.", "CUSTOMERTYPE": "Commercial", "SYSTEMSIZE": 638.28, "YEAR": 2012, "SA_SUBSECTION": " ", "ACREAGE": 3.98783655, "ACCOUNT_NUMBER": "NJSRRE1532224441", "INSTALLADD": "500 GREEN ST.", "INSTALLCITY": "WOODBRIDGE", "STATE": "NJ", "EDC": "PSE&G", "LATITUDE": 40.559495, "LONGITUDE": -74.293661, "SHAPE_Length": 2120.055529263574, "SHAPE_Area": 173709.46517091568, "GLOBALID": "{9E3817C2-23E4-450B-B7FE-74FE382E550E}"}}, {"type": "Feature", "id": 211, "geometry": {"type": "Polygon", "coordinates": [[[-74.49187997619286, 40.3312507172248], [-74.49320656001738, 40.3302141987659], [-74.49377641732205, 40.32978529122959], [-74.49266488480744, 40.32912036973548], [-74.49101130563508, 40.33064298861665], [-74.49187997619286, 40.3312507172248]]]}, "properties": {"OBJECTID": 211, "COMPNAME": "ADLER DEVELOPMENT", "CUSTOMERTYPE": "Commercial", "SYSTEMSIZE": 578.16, "YEAR": 2011, "SA_SUBSECTION": " ", "ACREAGE": 6.05644584, "ACCOUNT_NUMBER": "NJSRRE1532226999", "INSTALLADD": "1250 S RIVER RD", "INSTALLCITY": "CRANBURY", "STATE": "NJ", "EDC": "PSE&G", "LATITUDE": 40.330221, "LONGITUDE": -74.492452, "SHAPE_Length": 2193.9572552491704, "SHAPE_Area": 263817.7255279311, "GLOBALID": "{05D2ECC7-5AFC-4354-9AB4-F9A29901349D}"}}, {"type": "Feature", "id": 212, "geometry": {"type": "Polygon", "coordinates": [[[-74.19308541695229, 40.730737064569645], [-74.19320902056471, 40.73042285977241], [-74.19338304633787, 40.73004207005596], [-74.19356316011485, 40.729699421067494], [-74.19320331236305, 40.729619832518644], [-74.19297009108557, 40.729931362863795], [-74.19278557167019, 40.729868918240385], [-74.1928715893322, 40.72955461371646], [-74.19253991082189, 40.72947986309062], [-74.19209866328026, 40.73075111657237], [-74.19237392226272, 40.730835249093694], [-74.19257986968299, 40.73032587330821], [-74.19273944112278, 40.73036442303103], [-74.19266302636879, 40.73063347921573], [-74.19308541695229, 40.730737064569645]]]}, "properties": {"OBJECTID": 212, "COMPNAME": "NEWARK PUBLIC SCHOOLS", "CUSTOMERTYPE": "School Other", "SYSTEMSIZE": 501.39, "YEAR": 2011, "SA_SUBSECTION": " ", "ACREAGE": 2.34265124, "ACCOUNT_NUMBER": "NJSRRE1532165083", "INSTALLADD": "246 18TH AVE", "INSTALLCITY": "NEWARK", "STATE": "NJ", "EDC": "PSE&G", "LATITUDE": 40.730151, "LONGITUDE": -74.192701, "SHAPE_Length": 1929.0398012455735, "SHAPE_Area": 102045.47967196716, "GLOBALID": "{719B3084-B45B-4904-8861-1B2FBD738898}"}}, {"type": "Feature", "id": 213, "geometry": {"type": "Polygon", "coordinates": [[[-74.33885780107735, 40.516896124059954], [-74.33896521508346, 40.51637203210275], [-74.33729952643041, 40.51620514503199], [-74.33724175745199, 40.51659742448834], [-74.33860215339033, 40.5167316907193], [-74.33864698140238, 40.51687519828586], [-74.33885780107735, 40.516896124059954]]]}, "properties": {"OBJECTID": 213, "COMPNAME": "ADLER DEVELOPMENT", "CUSTOMERTYPE": "Commercial", "SYSTEMSIZE": 354.90000000000003, "YEAR": 2012, "SA_SUBSECTION": " ", "ACREAGE": 1.60660602, "ACCOUNT_NUMBER": "NJSRRE1532225194", "INSTALLADD": "160 RARITAN PKWY-WEST HALF", "INSTALLCITY": "EDISON", "STATE": "NJ", "EDC": "PSE&G", "LATITUDE": 40.516473999999995, "LONGITUDE": -74.33795599999999, "SHAPE_Length": 1298.302130728001, "SHAPE_Area": 69983.47843832512, "GLOBALID": "{C37CFF18-BB68-4C2B-A373-4339951A931F}"}}, {"type": "Feature", "id": 214, "geometry": {"type": "Polygon", "coordinates": [[[-74.3372286188459, 40.51660789110479], [-74.33729952643041, 40.51620514503199], [-74.33572511230467, 40.51600526742315], [-74.33567242409889, 40.51643476281087], [-74.33592386083035, 40.5164487727146], [-74.3368727987724, 40.51655496466291], [-74.3372286188459, 40.51660789110479]]]}, "properties": {"OBJECTID": 214, "COMPNAME": "ADLER DEVELOPMENT", "CUSTOMERTYPE": "Commercial", "SYSTEMSIZE": 338, "YEAR": 2012, "SA_SUBSECTION": " ", "ACREAGE": 1.50146383, "ACCOUNT_NUMBER": "NJSRRE1532225196", "INSTALLADD": "160 RARITAN PKWY-EAST HALF", "INSTALLCITY": "EDISON", "STATE": "NJ", "EDC": "PSE&G", "LATITUDE": 40.516297, "LONGITUDE": -74.336424, "SHAPE_Length": 1186.4115516540542, "SHAPE_Area": 65403.50288209458, "GLOBALID": "{78D7B4E6-8CEF-41B6-8640-C33E1FB04C03}"}}, {"type": "Feature", "id": 215, "geometry": {"type": "Polygon", "coordinates": [[[-75.53148666368968, 39.46596267137564], [-75.53153631473238, 39.4659413773293], [-75.53157068202039, 39.465926177407546], [-75.53150360854653, 39.46554842681457], [-75.53144587673862, 39.46554298035449], [-75.53138537336889, 39.46534987595613], [-75.53094400596267, 39.4653925182408], [-75.53094455895709, 39.46569042244499], [-75.53110618283134, 39.46570388536146], [-75.53117360605819, 39.466105465518694], [-75.53150419045942, 39.466108492060805], [-75.53148666368968, 39.46596267137564]]]}, "properties": {"OBJECTID": 215, "COMPNAME": "PSEG NUCLEAR LLC., PROCESSING CTR", "CUSTOMERTYPE": "Commercial", "SYSTEMSIZE": 239.12, "YEAR": 2010, "SA_SUBSECTION": " ", "ACREAGE": 0.77751351, "ACCOUNT_NUMBER": "NJSRRE1532221042", "INSTALLADD": " ALLOWAY CREEK NECK RD", "INSTALLCITY": "HANCOCKS BRIDGE", "STATE": "NJ", "EDC": "ACE", "LATITUDE": 39.465741, "LONGITUDE": -75.531272, "SHAPE_Length": 829.0687640157923, "SHAPE_Area": 33868.352977720344, "GLOBALID": "{DED79574-11EA-49BC-A513-6C087A8A56D9}"}}, {"type": "Feature", "id": 216, "geometry": {"type": "Polygon", "coordinates": [[[-75.11697768876937, 39.94203183241091], [-75.11693811807415, 39.9412456088024], [-75.11660802347873, 39.94120446855102], [-75.11659631460495, 39.941969516416876], [-75.11697768876937, 39.94203183241091]]]}, "properties": {"OBJECTID": 216, "COMPNAME": "COOPER UNIVERSITY HOSPITAL", "CUSTOMERTYPE": "Non Profit", "SYSTEMSIZE": 218.3, "YEAR": 2016, "SA_SUBSECTION": " ", "ACREAGE": 0.64524232, "ACCOUNT_NUMBER": "NJSRRE1532223772", "INSTALLADD": "1 COOPER PLAZA", "INSTALLCITY": "CAMDEN", "STATE": "NJ", "EDC": "PSE&G", "LATITUDE": 39.941572, "LONGITUDE": -75.11688699999999, "SHAPE_Length": 768.3695602104117, "SHAPE_Area": 28106.643240121048, "GLOBALID": "{58A71A36-AAD4-4240-9E3F-0AEF6508F369}"}}, {"type": "Feature", "id": 217, "geometry": {"type": "Polygon", "coordinates": [[[-74.73234166798805, 40.008373408373494], [-74.73297435752971, 40.00832276911619], [-74.73301712293444, 40.00635191004835], [-74.7330393535613, 40.00532296595937], [-74.73205213068573, 40.00521965099979], [-74.73177659580644, 40.00501736777676], [-74.73030993205818, 40.004975767981094], [-74.72980904261036, 40.004447927360886], [-74.7297141001602, 40.003531183961556], [-74.72799510623715, 40.003556332271174], [-74.72803450546634, 40.00447702127641], [-74.72757919682952, 40.00470890698371], [-74.7272172845238, 40.00546281263428], [-74.73114249309243, 40.00769233236619], [-74.7315059680063, 40.00771138431889], [-74.73157113608369, 40.00730183375007], [-74.73217015368817, 40.00731769447018], [-74.73223996268801, 40.008315645468194], [-74.73234166798805, 40.008373408373494]]]}, "properties": {"OBJECTID": 217, "COMPNAME": "206 ASSOCIATES", "CUSTOMERTYPE": "Commercial", "SYSTEMSIZE": 9189.93, "YEAR": 2014, "SA_SUBSECTION": "q", "ACREAGE": 32.92994664, "ACCOUNT_NUMBER": "NJSRRE1532211487", "INSTALLADD": "2614 RT. 206 (BLOCK 779, LOT 1)", "INSTALLCITY": "PEMBERTON TWP", "STATE": "NJ", "EDC": "PSE&G", "LATITUDE": 40.006135, "LONGITUDE": -74.73092, "SHAPE_Length": 6090.3395053295435, "SHAPE_Area": 1434422.7380907782, "GLOBALID": "{B9FF058C-5B48-4976-B07F-876F3802775C}"}}, {"type": "Feature", "id": 218, "geometry": {"type": "Polygon", "coordinates": [[[-74.17557085001562, 40.13753677344898], [-74.17667811248866, 40.13647940385966], [-74.17686773381517, 40.135776927505354], [-74.17680693553928, 40.13550270414932], [-74.17652897165745, 40.13519212882006], [-74.17530587014154, 40.13449761545686], [-74.17344757988494, 40.13353916118994], [-74.1723011263919, 40.13305930903431], [-74.17105620570779, 40.13368729350215], [-74.17100796942792, 40.13403270224444], [-74.17109984754693, 40.13429510087389], [-74.1711762602363, 40.134545540324545], [-74.17154556052202, 40.135225763651604], [-74.17180579984252, 40.13598908386984], [-74.17327579663399, 40.13699413000067], [-74.17440867541754, 40.137080728708256], [-74.17557085001562, 40.13753677344898]]]}, "properties": {"OBJECTID": 218, "COMPNAME": "MARINA ENERGY", "CUSTOMERTYPE": "Commercial", "SYSTEMSIZE": 8887.6, "YEAR": 2016, "SA_SUBSECTION": "q", "ACREAGE": 36.29574962, "ACCOUNT_NUMBER": "NJSRRE1532182529", "INSTALLADD": "829 LAKEWOOD FARMINGDALE RD", "INSTALLCITY": "HOWELL", "STATE": "NJ", "EDC": "JCP&L", "LATITUDE": 40.135526, "LONGITUDE": -74.173603, "SHAPE_Length": 4935.636447734805, "SHAPE_Area": 1581036.5293846712, "GLOBALID": "{97C153B2-1586-43C5-B5B2-80ADE7694C73}"}}, {"type": "Feature", "id": 219, "geometry": {"type": "Polygon", "coordinates": [[[-74.15654075957819, 40.193215865273686], [-74.15653830300673, 40.19284164449609], [-74.15583405953173, 40.19285622010572], [-74.15581178697408, 40.19296282335684], [-74.15560301194782, 40.1929888698296], [-74.15558075584669, 40.19309213966159], [-74.15516351682, 40.193110580151014], [-74.15513882039082, 40.193667505777405], [-74.15508664293341, 40.193670683754185], [-74.15505886744577, 40.193147253976804], [-74.15458930754123, 40.19316918787318], [-74.15458660168139, 40.19370252707526], [-74.1543659239727, 40.19372760012685], [-74.15408415498655, 40.19420770670722], [-74.1537297859399, 40.194539359362984], [-74.15384300047528, 40.19482548677273], [-74.15438996780998, 40.19481758911476], [-74.15508705486876, 40.19444737187474], [-74.15630627328107, 40.19365497590011], [-74.15633200760301, 40.19323770934972], [-74.15654075957819, 40.193215865273686]]]}, "properties": {"OBJECTID": 219, "COMPNAME": "MARINA ENERGY LLC", "CUSTOMERTYPE": "Commercial", "SYSTEMSIZE": 1993.48, "YEAR": 2016, "SA_SUBSECTION": "q", "ACREAGE": 6.27649148, "ACCOUNT_NUMBER": "NJSRRE1532229923", "INSTALLADD": "100 BIRDSALL RD", "INSTALLCITY": "FARMINGDALE", "STATE": "NJ", "EDC": "JCP&L", "LATITUDE": 40.193746, "LONGITUDE": -74.155181, "SHAPE_Length": 2886.8812039884397, "SHAPE_Area": 273402.8752033222, "GLOBALID": "{23E90EBE-56D1-45CF-B0E8-1D44B92BF45D}"}}, {"type": "Feature", "id": 220, "geometry": {"type": "MultiPolygon", "coordinates": [[[[-74.78281724254043, 40.09484386086749], [-74.78284418482524, 40.09610504509986], [-74.78273409078521, 40.096099295408045], [-74.78276380267873, 40.09673914300575], [-74.78271040122222, 40.097633188301266], [-74.78295352423108, 40.097593016977484], [-74.78298202894972, 40.097365565782084], [-74.78301264243858, 40.0972568570694], [-74.78312336756892, 40.09724487206285], [-74.78341187124987, 40.09699850737169], [-74.78372033502365, 40.09698655563876], [-74.78378867056114, 40.09694396532887], [-74.784414690494, 40.09693706793556], [-74.78442914354962, 40.09649556525673], [-74.78452679995488, 40.09647387761803], [-74.78452172855378, 40.096373800343066], [-74.78543870478153, 40.0963786935874], [-74.78570428731675, 40.0966288589177], [-74.78592982104624, 40.09713351719828], [-74.78578203021176, 40.09741032018654], [-74.78510002880923, 40.097574050838624], [-74.78478508028866, 40.09784791519971], [-74.78490652892258, 40.09823881279076], [-74.78515153986494, 40.09823167376527], [-74.78570447675986, 40.09802715480194], [-74.78603129937592, 40.09783925658418], [-74.78629149534682, 40.09772780016624], [-74.78665197259087, 40.09766554411821], [-74.7861018363228, 40.09671366885876], [-74.7857650324024, 40.09631414135084], [-74.78568627860642, 40.09487158056885], [-74.78526325842056, 40.09486288531641], [-74.78524980715378, 40.0947997665707], [-74.7851854480506, 40.094806478539006], [-74.7850211507018, 40.09447325038731], [-74.78281724254043, 40.09484386086749]]], [[[-74.7857948604213, 40.094914002885076], [-74.78614441828275, 40.095026336641446], [-74.7865090424563, 40.095031393054306], [-74.78673435797894, 40.09511424365222], [-74.78669699582497, 40.09545392635112], [-74.78690482586983, 40.095806108953155], [-74.78734109108838, 40.09624351591196], [-74.78752827566575, 40.096481360296224], [-74.78782805483664, 40.09692863643305], [-74.78816443153939, 40.09722330305834], [-74.788488157282, 40.09746080607945], [-74.78881252640238, 40.097177155728176], [-74.78893234019613, 40.09683056361352], [-74.78860797160085, 40.09644054573333], [-74.78873366353967, 40.096152648127706], [-74.78782134814334, 40.09533674973867], [-74.78711310628219, 40.0951573926279], [-74.78685702616477, 40.09476839197234], [-74.78652298324147, 40.094656021984925], [-74.7863121106817, 40.0943169531356], [-74.78561392432917, 40.09431271905134], [-74.7857948604213, 40.094914002885076]]], [[[-74.78994931075196, 40.096837530809225], [-74.78962067671229, 40.09706715342036], [-74.78984049466223, 40.097680248820055], [-74.79001149348485, 40.0977572711739], [-74.79022939352295, 40.09791758384855], [-74.79054756283782, 40.09794061707884], [-74.7921980793194, 40.09749559392122], [-74.79200316277256, 40.09702550045178], [-74.79175591533057, 40.09641684786143], [-74.79084939724352, 40.09639882081028], [-74.79067347671743, 40.0965008396699], [-74.79039168739985, 40.096549359753325], [-74.79029475272613, 40.09645200598997], [-74.7900183263826, 40.0964429808223], [-74.78994931075196, 40.096837530809225]]]]}, "properties": {"OBJECTID": 220, "COMPNAME": "FLORENCE SOLAR W3-080 LLC", "CUSTOMERTYPE": "Commercial", "SYSTEMSIZE": 9933.84, "YEAR": 2016, "SA_SUBSECTION": "q", "ACREAGE": 31.67787359, "ACCOUNT_NUMBER": "NJSRRE1532188406", "INSTALLADD": "1019 CEDAR LANE", "INSTALLCITY": "FLORENCE", "STATE": "NJ", "EDC": "PSE&G", "LATITUDE": 40.095107999999996, "LONGITUDE": -74.787354, "SHAPE_Length": 11015.391207078288, "SHAPE_Area": 1379882.653836977, "GLOBALID": "{3D7D10E8-2D28-48F7-B011-D90A3D47152A}"}}, {"type": "Feature", "id": 221, "geometry": {"type": "Polygon", "coordinates": [[[-74.54871283244574, 39.41716748548091], [-74.54648407910874, 39.41408956580824], [-74.54368824700613, 39.414471990081786], [-74.54178383336506, 39.41549754016874], [-74.54215324163751, 39.416641426829514], [-74.54531918959863, 39.41826093020252], [-74.5469347394668, 39.41802469779802], [-74.54871283244574, 39.41716748548091]]]}, "properties": {"OBJECTID": 221, "COMPNAME": "KDC SOLAR", "CUSTOMERTYPE": "Commercial", "SYSTEMSIZE": 10651.5, "YEAR": 2016, "SA_SUBSECTION": "t", "ACREAGE": 43.66995918, "ACCOUNT_NUMBER": "NJSRRE1532229839", "INSTALLADD": "1307 DOUGHTY RD AND 34 ATLANTIC AVE", "INSTALLCITY": "EGG HARBOR TWP", "STATE": "NJ", "EDC": "ACE", "LATITUDE": 39.415991999999996, "LONGITUDE": -74.54387899999999, "SHAPE_Length": 5299.4761997286605, "SHAPE_Area": 1902255.8128759833, "GLOBALID": "{70F18B42-EA14-4239-95E2-80B81649CCEA}"}}, {"type": "Feature", "id": 222, "geometry": {"type": "Polygon", "coordinates": [[[-74.55917101608128, 40.052227425105194], [-74.55922385107692, 40.05207475723233], [-74.55854196627934, 40.05215142422309], [-74.55827724366554, 40.052283846439664], [-74.55807197432783, 40.05225850936237], [-74.55791301692058, 40.05219244454757], [-74.55795925106513, 40.05206013266661], [-74.55787528703365, 40.051776385457714], [-74.55745574851929, 40.0516838692677], [-74.55709190302639, 40.05170703203975], [-74.55696685847846, 40.05177230871966], [-74.55693439126645, 40.05210701382726], [-74.55699294258524, 40.0524676543707], [-74.55606609397758, 40.05256477914483], [-74.5559998139596, 40.052478314707436], [-74.55531771994094, 40.052305649396345], [-74.55503288220841, 40.05213279204955], [-74.55311946342387, 40.05215403723617], [-74.55296879369837, 40.05231350090421], [-74.55476254346513, 40.05390498900667], [-74.55501442279817, 40.05387799460989], [-74.55506544596876, 40.0540247905309], [-74.55541839749256, 40.053989738691065], [-74.5555376839642, 40.054121970289586], [-74.55619310334261, 40.05404024581259], [-74.55917101608128, 40.052227425105194]]]}, "properties": {"OBJECTID": 222, "COMPNAME": "DAY FOUR SOLAR, LLC", "CUSTOMERTYPE": "Commercial", "SYSTEMSIZE": 6002.1, "YEAR": 2016, "SA_SUBSECTION": "s", "ACREAGE": 16.79996467, "ACCOUNT_NUMBER": "NJSRRE1532204685", "INSTALLADD": "100 COOKSTOWN NEW EGYPT RD", "INSTALLCITY": "WRIGHTSTOWN", "STATE": "NJ", "EDC": "JCP&L", "LATITUDE": 40.053546999999995, "LONGITUDE": -74.55645299999999, "SHAPE_Length": 4634.29926766657, "SHAPE_Area": 731803.5340009074, "GLOBALID": "{4C32C517-7189-49BE-B136-15AA79C8F37D}"}}, {"type": "Feature", "id": 223, "geometry": {"type": "Polygon", "coordinates": [[[-75.0549799428835, 39.83768149660481], [-75.054637169114, 39.83741222095407], [-75.05436541610717, 39.837234299204454], [-75.05360543204273, 39.836850311533695], [-75.05292448499755, 39.836882734419504], [-75.05209446625076, 39.83720344946064], [-75.05198961555273, 39.8372771057847], [-75.05196137919437, 39.837462493904425], [-75.0516814548511, 39.83761387057454], [-75.05141516043994, 39.837680648959775], [-75.05123426806229, 39.83780772065674], [-75.05112460072411, 39.837967087394574], [-75.05128404993324, 39.838624396733564], [-75.0514625924691, 39.8386402198529], [-75.05148702644846, 39.83877636847807], [-75.051642202196, 39.83878941109976], [-75.05166248816458, 39.8389077386209], [-75.05189246241353, 39.838984113115174], [-75.05200356822398, 39.839163106850435], [-75.05268620598207, 39.839140076268265], [-75.05290298496477, 39.83892095054195], [-75.05324221448264, 39.83874844854558], [-75.05326226794767, 39.83855246062468], [-75.05349470674865, 39.83854718396608], [-75.05394323129336, 39.838520035652955], [-75.05420149549589, 39.83836458910501], [-75.05456734822954, 39.83814194099059], [-75.0549799428835, 39.83768149660481]]]}, "properties": {"OBJECTID": 223, "COMPNAME": "MARINA ENERGY", "CUSTOMERTYPE": "Commercial", "SYSTEMSIZE": 3433.9500000000003, "YEAR": 2016, "SA_SUBSECTION": "t", "ACREAGE": 12.93478483, "ACCOUNT_NUMBER": "NJSRRE1532200103", "INSTALLADD": "300 SOMERDALE RD", "INSTALLCITY": "GLOUCESTER", "STATE": "NJ", "EDC": "PSE&G", "LATITUDE": 39.837725999999996, "LONGITUDE": -75.052799, "SHAPE_Length": 3032.2378998089525, "SHAPE_Area": 563436.9732759017, "GLOBALID": "{71F2DC87-FFA7-4072-9D61-E562E35AA454}"}}, {"type": "Feature", "id": 224, "geometry": {"type": "Polygon", "coordinates": [[[-74.31254690925282, 40.839928927133734], [-74.3127432525007, 40.83983989152612], [-74.31353731446596, 40.83917995509831], [-74.31303569380937, 40.839048090202766], [-74.31258798992374, 40.839267771319705], [-74.31203951047678, 40.839064342560626], [-74.31170969311971, 40.839200814219154], [-74.3106907569735, 40.83894299792901], [-74.3107757649035, 40.839389909779044], [-74.31138687423797, 40.839635145517946], [-74.31254690925282, 40.839928927133734]]]}, "properties": {"OBJECTID": 224, "COMPNAME": "CALDWELL SEWAGE TREATMENT PLANT", "CUSTOMERTYPE": "Government Facility", "SYSTEMSIZE": 896.3100000000001, "YEAR": 2016, "SA_SUBSECTION": " ", "ACREAGE": 3.41797056, "ACCOUNT_NUMBER": "NJSRRE1532391731", "INSTALLADD": " ", "INSTALLCITY": "WEST CALDWELL", "STATE": "NJ", "EDC": "PSE&G", "LATITUDE": 40.839346, "LONGITUDE": -74.311978, "SHAPE_Length": 1947.2964609179314, "SHAPE_Area": 148886.20187324675, "GLOBALID": "{024EE633-5509-459C-B7CC-015E75E5380F}"}}, {"type": "Feature", "id": 225, "geometry": {"type": "Polygon", "coordinates": [[[-74.35991032292635, 40.485961457882446], [-74.35906226674072, 40.48556009431777], [-74.35881259366194, 40.48555978959921], [-74.35718662777082, 40.48701614614553], [-74.35733429550098, 40.48802669132678], [-74.35791883762974, 40.48907590091103], [-74.35887949024519, 40.489382092957044], [-74.36065398488986, 40.48855498613183], [-74.36094228241419, 40.48799296165975], [-74.35991032292635, 40.485961457882446]]]}, "properties": {"OBJECTID": 225, "COMPNAME": "INDUSTRIAL LAND RECLAIMING, INC", "CUSTOMERTYPE": "Commercial", "SYSTEMSIZE": 7746.05, "YEAR": 2017, "SA_SUBSECTION": "t", "ACREAGE": 22.27634006, "ACCOUNT_NUMBER": "NJSRRE1532593753", "INSTALLADD": "MILL LANE", "INSTALLCITY": "EDISON", "STATE": "NJ", "EDC": "PSE&G", "LATITUDE": 40.487668, "LONGITUDE": -74.35883799999999, "SHAPE_Length": 3711.2321950931005, "SHAPE_Area": 970353.4915186932, "GLOBALID": "{B136AC85-9423-4B4B-B276-091B1068E005}"}}, {"type": "Feature", "id": 226, "geometry": {"type": "Polygon", "coordinates": [[[-74.61216532082163, 40.046735491826695], [-74.61232915763291, 40.042648291772075], [-74.61055218540429, 40.042456968492154], [-74.60767434457173, 40.04216417222491], [-74.6076258889787, 40.0428982167982], [-74.60691900616253, 40.04293938420013], [-74.60683539378103, 40.04399994752659], [-74.61216532082163, 40.046735491826695]]]}, "properties": {"OBJECTID": 226, "COMPNAME": "ALTUS POWER AMERICA, INC", "CUSTOMERTYPE": "Commercial", "SYSTEMSIZE": 9997.99, "YEAR": 2017, "SA_SUBSECTION": "s", "ACREAGE": 36.79391837, "ACCOUNT_NUMBER": "NJSRRE1532204673", "INSTALLADD": "75 MCGUIRE ACCESS HWY", "INSTALLCITY": "NORTH HANOVER TWP", "STATE": "NJ", "EDC": "JCP&L", "LATITUDE": 40.04408, "LONGITUDE": -74.60997499999999, "SHAPE_Length": 5451.978507028456, "SHAPE_Area": 1602736.6732410395, "GLOBALID": "{86D5852C-8975-4377-B8C3-A40674B6E00A}"}}, {"type": "Feature", "id": 227, "geometry": {"type": "Polygon", "coordinates": [[[-74.6969902330019, 39.98033137826455], [-74.70026913373081, 39.98036072109436], [-74.70145849244426, 39.98029193217217], [-74.70193008690634, 39.980538958048385], [-74.70354100275419, 39.98055520561073], [-74.70358038304178, 39.98129867579762], [-74.70429203660814, 39.98132144209332], [-74.70547549033252, 39.981037952878395], [-74.70562321458301, 39.9807135840269], [-74.70558509806754, 39.98039907728603], [-74.70484111380003, 39.98022880842431], [-74.70466664204565, 39.97989547712367], [-74.70361317148917, 39.97982107197838], [-74.70357461209642, 39.97935404436798], [-74.69990356682763, 39.978226058963074], [-74.69831729505078, 39.97814299071536], [-74.6969902330019, 39.98033137826455]]]}, "properties": {"OBJECTID": 227, "COMPNAME": "PEMBERTON SOLAR W1-119 LLC", "CUSTOMERTYPE": "Commercial", "SYSTEMSIZE": 9993.960000000001, "YEAR": 2017, "SA_SUBSECTION": "s", "ACREAGE": 31.22973023, "ACCOUNT_NUMBER": "NJSRRE1532204672", "INSTALLADD": "201 NORTH PEMBERTON RD", "INSTALLCITY": "PEMBERTON TWP", "STATE": "NJ", "EDC": "JCP&L", "LATITUDE": 39.979496, "LONGITUDE": -74.700575, "SHAPE_Length": 6170.74849575592, "SHAPE_Area": 1360361.607189047, "GLOBALID": "{DD3C646D-B5A5-45A9-AE42-7B9225493647}"}}, {"type": "Feature", "id": 228, "geometry": {"type": "Polygon", "coordinates": [[[-74.6222387905436, 39.97939237988455], [-74.62305621627016, 39.979177032249844], [-74.62379911029126, 39.97886166653117], [-74.62450490258261, 39.978589232442935], [-74.62472752322691, 39.97836021151483], [-74.62461545987048, 39.978060056190024], [-74.62444750933612, 39.977688466498506], [-74.62427969013662, 39.97738837066013], [-74.62426066380968, 39.977145310563635], [-74.62433451542203, 39.976873553159415], [-74.62472461173925, 39.97675874324141], [-74.62502172535937, 39.97661543462585], [-74.62511405486433, 39.97628646135114], [-74.62507625773614, 39.97594332961256], [-74.62483404570776, 39.97561471702042], [-74.62461060327512, 39.97538617572786], [-74.62440577371139, 39.97517191287808], [-74.62431243191494, 39.97494323128971], [-74.62423765018461, 39.97470023086694], [-74.62423713236808, 39.97441425423567], [-74.62419954774039, 39.97418551275282], [-74.62406911529074, 39.973999767245914], [-74.62375298738785, 39.97390001314994], [-74.62332558118672, 39.973929066383754], [-74.62300968539473, 39.973957999761545], [-74.6227496470668, 39.97404406858498], [-74.62241524187, 39.97411591652349], [-74.62219239805097, 39.97421624366969], [-74.62195081586812, 39.974230796940134], [-74.62167203780979, 39.97423108989541], [-74.62150512546967, 39.974431449016976], [-74.6211894033742, 39.97456046926907], [-74.62096650589613, 39.97463219638973], [-74.620743633114, 39.974718221914586], [-74.62050240042676, 39.97493295582776], [-74.6202986630542, 39.97533353547854], [-74.6201134838874, 39.97571979665889], [-74.61992832763451, 39.976120356350734], [-74.61970582293618, 39.976420862310924], [-74.6195765447491, 39.976892857945344], [-74.6194284298254, 39.97722188427725], [-74.61929889958948, 39.97755089127594], [-74.61922520124487, 39.97792273725272], [-74.61913281647843, 39.978237406963586], [-74.61937501052003, 39.9785660313463], [-74.61961703236219, 39.97879456343692], [-74.61991474034564, 39.97898014087111], [-74.62045402476781, 39.979136869048695], [-74.62138368033926, 39.97932178426947], [-74.62171831494561, 39.97936432990115], [-74.6222387905436, 39.97939237988455]]]}, "properties": {"OBJECTID": 228, "COMPNAME": "DIX SOLAR, LLC FORT DIX #1 LANDFILL", "CUSTOMERTYPE": "Commercial", "SYSTEMSIZE": 16525.010000000002, "YEAR": 2017, "SA_SUBSECTION": "t", "ACREAGE": 54.87394491, "ACCOUNT_NUMBER": "NJSRRE1532212460", "INSTALLADD": "JULIUSTOWN ROAD", "INSTALLCITY": "PEMBERTON", "STATE": "NJ", "EDC": "JCP&L", "LATITUDE": 39.97685, "LONGITUDE": -74.622343, "SHAPE_Length": 6038.452404334774, "SHAPE_Area": 2390299.479157858, "GLOBALID": "{67EAE9C3-CE88-4C50-B6BF-2C498DDB439F}"}}, {"type": "Feature", "id": 229, "geometry": {"type": "Polygon", "coordinates": [[[-74.6969902330019, 39.98033137826455], [-74.69609076457266, 39.9819091022992], [-74.69488812045412, 39.98385577149013], [-74.69524124691871, 39.98384087838861], [-74.69511243430442, 39.9842986577577], [-74.69535440235643, 39.984412640808905], [-74.69559628965958, 39.98449802583653], [-74.6960797799296, 39.9845687030743], [-74.69646996278269, 39.98451084705897], [-74.69663680315574, 39.98435327705505], [-74.69706387246133, 39.984195264672806], [-74.69749077511382, 39.98398005569056], [-74.69784278805264, 39.983579088220836], [-74.69817612669924, 39.98314955392906], [-74.69824857588165, 39.98249168387189], [-74.6992513801857, 39.98217539011435], [-74.70026913373079, 39.98036072109436], [-74.6969902330019, 39.98033137826455]]]}, "properties": {"OBJECTID": 229, "COMPNAME": "PEMBERTON SOLAR W1-120 LLC", "CUSTOMERTYPE": "Commercial", "SYSTEMSIZE": 9993.960000000001, "YEAR": 2017, "SA_SUBSECTION": "s", "ACREAGE": 27.92400757, "ACCOUNT_NUMBER": "NJSRRE1532204671", "INSTALLADD": "201 NORTH PEMBERTON RD", "INSTALLCITY": "PEMBERTON TWP", "STATE": "NJ", "EDC": "JCP&L", "LATITUDE": 39.98216, "LONGITUDE": -74.697441, "SHAPE_Length": 4976.84019632421, "SHAPE_Area": 1216364.9043577358, "GLOBALID": "{B88F68A5-4736-40BB-8682-985566EA68EE}"}}, {"type": "Feature", "id": 230, "geometry": {"type": "MultiPolygon", "coordinates": [[[[-74.70173090750924, 41.165085148804835], [-74.70100784682623, 41.16577738122651], [-74.7000899234438, 41.16667962081425], [-74.69961207034618, 41.16714268380114], [-74.69870414387937, 41.16749976968757], [-74.69856261603529, 41.16759496578386], [-74.69913265516006, 41.16751060478908], [-74.70029894211936, 41.16722217360707], [-74.70118618748877, 41.16697842119415], [-74.7023980505653, 41.166718475820616], [-74.70338112364114, 41.166502305784896], [-74.70368964443725, 41.16634927107703], [-74.70409812746348, 41.16589584466576], [-74.7045543742743, 41.16590368158117], [-74.70487028133608, 41.16564089302784], [-74.70485982307375, 41.16547038090277], [-74.70501013941573, 41.16514130784071], [-74.70487718226666, 41.164969993641705], [-74.70481500847586, 41.16470014125706], [-74.70467441701173, 41.16465584436914], [-74.70435573749077, 41.16474745460989], [-74.704271452368, 41.164851936975836], [-74.70389937935225, 41.164843065622364], [-74.70369587167292, 41.16476463316802], [-74.70348867547128, 41.16457693515292], [-74.70345827406351, 41.16434363336512], [-74.70373882620822, 41.16390458568913], [-74.70421070568966, 41.16356541375018], [-74.70454848936988, 41.163495222673646], [-74.70478348578608, 41.16323082581791], [-74.70507180834383, 41.16267277266699], [-74.7054484782577, 41.16213838770531], [-74.70571855688907, 41.16173967164119], [-74.70518933385867, 41.16170799803364], [-74.70455908296461, 41.162039899290185], [-74.70394220252426, 41.16238409486388], [-74.70390825890848, 41.16292776058228], [-74.70344102731379, 41.16344287792644], [-74.70249790272855, 41.16433088564289], [-74.70173090750924, 41.165085148804835]]], [[[-74.69918513545426, 41.16776291153464], [-74.69774682923946, 41.168117927034345], [-74.69816588707498, 41.168541412977625], [-74.69843068372647, 41.168855079533905], [-74.69918294551307, 41.16884557204024], [-74.69958503722899, 41.16862473798644], [-74.70054896807497, 41.16832285000482], [-74.7011537760393, 41.168131183497735], [-74.70188748849327, 41.16789885089984], [-74.70204178490265, 41.167753170819125], [-74.70226179712343, 41.16743906557213], [-74.70227559307264, 41.16702423146452], [-74.7010189295059, 41.167340379615005], [-74.69918513545426, 41.16776291153464]]]]}, "properties": {"OBJECTID": 230, "COMPNAME": "LANDSOLAR LLC", "CUSTOMERTYPE": "Commercial", "SYSTEMSIZE": 9839.91, "YEAR": 2016, "SA_SUBSECTION": "q", "ACREAGE": 32.68564725, "ACCOUNT_NUMBER": "NJSRRE1532188409", "INSTALLADD": "124 MEYER ROAD", "INSTALLCITY": "FRANKFORD", "STATE": "NJ", "EDC": "Sussex Rural Electric Cooperative Association", "LATITUDE": 41.165631, "LONGITUDE": -74.699647, "SHAPE_Length": 10052.130610466416, "SHAPE_Area": 1423781.098996992, "GLOBALID": "{6FE6E76F-A295-4BFB-AC35-A366DBCF4B91}"}}, {"type": "Feature", "id": 231, "geometry": {"type": "Polygon", "coordinates": [[[-74.93810972063011, 40.75956925060756], [-74.93684969226372, 40.75848988245167], [-74.93591639888338, 40.757690369838336], [-74.9354933734801, 40.757691966871256], [-74.93205335446262, 40.76070008888348], [-74.93237377520292, 40.76082041145519], [-74.93351942128751, 40.76074377666717], [-74.9355155431542, 40.76063426156978], [-74.93745817531318, 40.76056535289369], [-74.93810972063011, 40.75956925060756]]]}, "properties": {"OBJECTID": 231, "COMPNAME": "CONSTELLATION SOLAR NEW JERSEY", "CUSTOMERTYPE": "Commercial", "SYSTEMSIZE": 5992.03, "YEAR": 2016, "SA_SUBSECTION": "q", "ACREAGE": 24.25968743, "ACCOUNT_NUMBER": "NJSRRE1532188405", "INSTALLADD": "1059 BUTLERS PARK RD", "INSTALLCITY": "WASHINGTON", "STATE": "NJ", "EDC": "JCP&L", "LATITUDE": 40.761938, "LONGITUDE": -74.93719, "SHAPE_Length": 4400.614299841951, "SHAPE_Area": 1056747.7573427348, "GLOBALID": "{20EB2529-6440-47D7-9603-D95CD55A2D8C}"}}, {"type": "Feature", "id": 232, "geometry": {"type": "Polygon", "coordinates": [[[-74.84076120055721, 39.93797396386942], [-74.84191039303822, 39.93816460580133], [-74.84298149993904, 39.93813988384065], [-74.84298949688598, 39.93833927492835], [-74.84352157781265, 39.93833231007528], [-74.84399664880067, 39.93812609719974], [-74.84417025277315, 39.937839933839086], [-74.84551535182848, 39.937824713323685], [-74.84568802392552, 39.937410008433105], [-74.84570190647746, 39.93701062063913], [-74.84564175733007, 39.93665735858521], [-74.8453627927708, 39.936053205183896], [-74.84512387119726, 39.93583383987197], [-74.84469253240316, 39.93564664522167], [-74.84369573342862, 39.93535674086135], [-74.84225929655196, 39.93511845844359], [-74.84130669285095, 39.935029643500464], [-74.8407907286096, 39.93530480236406], [-74.84035029409323, 39.93558758275289], [-74.84016989209013, 39.935916877184184], [-74.84016363803637, 39.93606780405465], [-74.84029008654736, 39.93615366644176], [-74.8406278144946, 39.936483361465825], [-74.84085333744757, 39.936787983522564], [-74.84090451238484, 39.937224389778585], [-74.8407675336379, 39.93783920555036], [-74.84076120055721, 39.93797396386942]]]}, "properties": {"OBJECTID": 232, "COMPNAME": "LUMBERTON SOLAR W2-090 LLC", "CUSTOMERTYPE": "Commercial", "SYSTEMSIZE": 9456.300000000001, "YEAR": 2016, "SA_SUBSECTION": "q", "ACREAGE": 31.35107963, "ACCOUNT_NUMBER": "NJSRRE1532188404", "INSTALLADD": "STACY HAINES RD", "INSTALLCITY": "LUMBERTON", "STATE": "NJ", "EDC": "PSE&G", "LATITUDE": 39.936802, "LONGITUDE": -74.842958, "SHAPE_Length": 4673.457462223743, "SHAPE_Area": 1365647.5659736758, "GLOBALID": "{7B904C41-B8FF-48BA-8D36-8D8131003653}"}}, {"type": "Feature", "id": 233, "geometry": {"type": "Polygon", "coordinates": [[[-75.10459269510346, 40.70671342595117], [-75.10463311745607, 40.70630828504068], [-75.10424943202827, 40.705348449771115], [-75.10387449874565, 40.704410481509676], [-75.10363422291745, 40.70440346110262], [-75.10363997965328, 40.70417408432768], [-75.1026930610214, 40.704199881605874], [-75.10024000110967, 40.704599014478255], [-75.10029827972924, 40.705126767687446], [-75.10059973601416, 40.70557197887919], [-75.1007814278049, 40.70575570216408], [-75.10053439860094, 40.70614121757917], [-75.1005770536985, 40.70740389120545], [-75.10068814032192, 40.707570110717306], [-75.10269382077266, 40.707526771128904], [-75.10459269510346, 40.70671342595117]]]}, "properties": {"OBJECTID": 233, "COMPNAME": "GREENWICH SOLAR W2-091 LLC", "CUSTOMERTYPE": "Commercial", "SYSTEMSIZE": 9447.56, "YEAR": 2016, "SA_SUBSECTION": "q", "ACREAGE": 26.99488134, "ACCOUNT_NUMBER": "NJSRRE1532229921", "INSTALLADD": "874 NJ-57", "INSTALLCITY": "STEWARTSVILLE", "STATE": "NJ", "EDC": "JCP&L", "LATITUDE": 40.705884, "LONGITUDE": -75.102464, "SHAPE_Length": 4282.95211832849, "SHAPE_Area": 1175892.3276151419, "GLOBALID": "{32194974-19B7-4B66-AC8C-DE387B9C8E67}"}}, {"type": "Feature", "id": 234, "geometry": {"type": "Polygon", "coordinates": [[[-74.77669849189658, 40.04114962067541], [-74.77690098758588, 40.04062008623371], [-74.77732891457849, 40.04063336145271], [-74.778084495559, 40.03887281350676], [-74.77843771092762, 40.038814770684], [-74.77917475696212, 40.03708285696651], [-74.77666047204673, 40.03634535649544], [-74.77541943826262, 40.037663791747676], [-74.77472454600796, 40.04065386421365], [-74.77488830241494, 40.04067727508743], [-74.77553006742703, 40.04078842862351], [-74.77669849189658, 40.04114962067541]]]}, "properties": {"OBJECTID": 234, "COMPNAME": "MARINA ENERGY, LLC", "CUSTOMERTYPE": "Commercial", "SYSTEMSIZE": 8499.27, "YEAR": 2016, "SA_SUBSECTION": "q", "ACREAGE": 29.53634275, "ACCOUNT_NUMBER": "NJSRRE1532221820", "INSTALLADD": "46 GILBERT RD", "INSTALLCITY": "SPRINGFIELD", "STATE": "NJ", "EDC": "PSE&G", "LATITUDE": 40.038834, "LONGITUDE": -74.776922, "SHAPE_Length": 4797.144869687744, "SHAPE_Area": 1286597.9439971813, "GLOBALID": "{04A2AC90-726B-4E63-87A8-5E1F917EB859}"}}, {"type": "Feature", "id": 235, "geometry": {"type": "MultiPolygon", "coordinates": [[[[-74.44062896664359, 40.25606751747462], [-74.44101954402893, 40.256254860221105], [-74.44157784224102, 40.25644363113253], [-74.44218118152597, 40.256693922308145], [-74.44258414510891, 40.25698064406857], [-74.44300303288661, 40.257539370969404], [-74.44323249963554, 40.25773796887935], [-74.44360096884346, 40.25767637929069], [-74.44396609351473, 40.25748283696693], [-74.44427479028268, 40.25725210468579], [-74.44419777119624, 40.2570997399666], [-74.44347614890958, 40.25673852552849], [-74.44331798514084, 40.25653914160078], [-74.4433097297421, 40.256380587200994], [-74.44337330077636, 40.256060765149684], [-74.44343422063156, 40.255960132583894], [-74.44367725103903, 40.25587576035668], [-74.44384594232987, 40.255749926010544], [-74.4437320027985, 40.255488544942494], [-74.44335876859202, 40.25548240530713], [-74.4430632177058, 40.255565666263706], [-74.44287645263604, 40.25573834375918], [-74.44265233056011, 40.25594793865514], [-74.44242518605195, 40.25605387133556], [-74.44177979817162, 40.25604163332578], [-74.4417390333435, 40.255783926495184], [-74.44182681565425, 40.25561866951538], [-74.44202142496833, 40.255368549228045], [-74.44203711889563, 40.25520174511982], [-74.4416328293607, 40.25514196622631], [-74.44108895207945, 40.25518912894779], [-74.44079015769115, 40.25523802786991], [-74.4406137723958, 40.25532259059055], [-74.44046145232409, 40.25544500978535], [-74.4403571732021, 40.25562983660092], [-74.4400693991017, 40.25570713634635], [-74.43976616244564, 40.255683148641225], [-74.43961375855186, 40.25574605642001], [-74.4400459243651, 40.25587393614157], [-74.44034907827465, 40.25599324418433], [-74.44062896664359, 40.25606751747462]]], [[[-74.44924642761389, 40.253656162701105], [-74.44920443925778, 40.25396645690665], [-74.44912690073049, 40.254229541112174], [-74.4489660582506, 40.25425179659172], [-74.4490357622469, 40.25462119672969], [-74.44925960580102, 40.25470613830204], [-74.44917542655331, 40.25502041540046], [-74.44917529730249, 40.255193184892185], [-74.44934300030134, 40.25553624465437], [-74.44960246154687, 40.25587253469834], [-74.44998347434385, 40.25587865755905], [-74.45020131201272, 40.255723854679275], [-74.45032594332054, 40.25542602973128], [-74.45059644370056, 40.25542575989825], [-74.4506511650159, 40.255303126054194], [-74.450848824782, 40.25524197437444], [-74.450831685716, 40.25499134304676], [-74.45083966409037, 40.25471134060251], [-74.45062986229962, 40.25451465144584], [-74.45026440850171, 40.254508537400525], [-74.45024806517469, 40.25433866647869], [-74.44998464540619, 40.25428798669525], [-74.44965034858465, 40.254210393313], [-74.44965690505127, 40.253850039556475], [-74.44973637901508, 40.25353722508153], [-74.44932429921958, 40.25350129994684], [-74.44924642761389, 40.253656162701105]]], [[[-74.44524913679774, 40.25443478259765], [-74.4451401664117, 40.25457175513226], [-74.44524885832998, 40.25478032158916], [-74.44525644204302, 40.25501862800812], [-74.44522668376473, 40.25527955551736], [-74.44516437740417, 40.2554034434754], [-74.44505215136815, 40.25571794994803], [-74.44503469179743, 40.25605226040668], [-74.4451014545856, 40.256289900031966], [-74.44543718241664, 40.25652836157022], [-74.44586608091794, 40.25644302957495], [-74.44620710181488, 40.25630413953505], [-74.44661941672622, 40.25615716058186], [-74.44664459155491, 40.25578541984129], [-74.44639891980442, 40.25572811364862], [-74.44632133082828, 40.25551360516529], [-74.446111430963, 40.25545393191773], [-74.44611187044504, 40.25489987806439], [-74.44580088325814, 40.2548461147056], [-74.44562086115383, 40.254432281945775], [-74.44524913679774, 40.25443478259765]]]]}, "properties": {"OBJECTID": 235, "COMPNAME": "NORTHPARK SOLAR LLC", "CUSTOMERTYPE": "Commercial", "SYSTEMSIZE": 6499.85, "YEAR": 2016, "SA_SUBSECTION": "q", "ACREAGE": 20.67841038, "ACCOUNT_NUMBER": "NJSRRE1532228497", "INSTALLADD": "LOTS 2.01 & 9.05, BLOCK 16", "INSTALLCITY": "MILLSTONE TWP", "STATE": "NJ", "EDC": "JCP&L", "LATITUDE": 40.256656, "LONGITUDE": -74.442026, "SHAPE_Length": 8732.802103837528, "SHAPE_Area": 900747.9530251878, "GLOBALID": "{CBD8D637-2E83-485F-9A7A-404F7BF83F79}"}}, {"type": "Feature", "id": 236, "geometry": {"type": "MultiPolygon", "coordinates": [[[[-74.44288607760522, 40.25851875751761], [-74.44337065196716, 40.25866856086156], [-74.4435972121516, 40.258622160378934], [-74.44368787860783, 40.25859181016672], [-74.44402255126236, 40.25833442961358], [-74.44422638963599, 40.25836397993016], [-74.44448290939052, 40.258292841376054], [-74.44474778310463, 40.25814283098361], [-74.44484882486763, 40.25797622103612], [-74.4447333528419, 40.25761587961722], [-74.44459351982219, 40.2574490008506], [-74.44421941894683, 40.257420229691924], [-74.44395342456073, 40.25755363249356], [-74.4438845822077, 40.25781807093652], [-74.44380466772019, 40.25775541939245], [-74.44361273149616, 40.257722091316694], [-74.4433442027832, 40.25780349330994], [-74.44308116221282, 40.25776852993218], [-74.4430156879183, 40.25763069612167], [-74.44287609983132, 40.25757559187256], [-74.44282379858032, 40.25737493551819], [-74.44266831564632, 40.25718382830531], [-74.4424157286235, 40.25697012342839], [-74.44210422783708, 40.25682971298173], [-74.44154933007734, 40.25650495416851], [-74.44087961347142, 40.25623502001537], [-74.44031783427, 40.256062616315795], [-74.43982656380058, 40.25587648612788], [-74.43918000448735, 40.255673639668515], [-74.43902799669691, 40.255572719749736], [-74.43859634145275, 40.25433254839357], [-74.43829786776448, 40.25420847216551], [-74.43782518561041, 40.25412243016406], [-74.43781241299867, 40.2544846436349], [-74.43807345062801, 40.25473261855841], [-74.4381227786653, 40.25511391936813], [-74.43806028744898, 40.25543707742512], [-74.4379045581991, 40.255698300013194], [-74.43796574619662, 40.25587445887706], [-74.43819653479363, 40.25610439734405], [-74.4384041603525, 40.25651456240693], [-74.4386166152136, 40.25684160859813], [-74.4388798270964, 40.25720095310311], [-74.43898680513952, 40.257401344662505], [-74.43939734590475, 40.25740169277011], [-74.4397096164294, 40.25732977525671], [-74.44004727816625, 40.25723341776794], [-74.44050984540941, 40.257063702751765], [-74.44118794925542, 40.25696861254483], [-74.44171686330806, 40.25715569798535], [-74.44184771825978, 40.25732097640086], [-74.44197751713492, 40.25752187382776], [-74.44222360102283, 40.25763655674848], [-74.44262502663369, 40.25761727947038], [-74.44242384447529, 40.25775836856645], [-74.44208145770294, 40.257829790167584], [-74.44213802316035, 40.25794096742604], [-74.44246202867623, 40.25795021312215], [-74.44278027697587, 40.25815393309598], [-74.44288607760522, 40.25851875751761]]], [[[-74.44083687772854, 40.258382479488226], [-74.44075126736318, 40.25846584163007], [-74.44043242927276, 40.258483550660564], [-74.44032718701226, 40.25867901681606], [-74.44049306187743, 40.25879996399445], [-74.44099204875621, 40.25878767326002], [-74.4412522537398, 40.25886053011804], [-74.44159081565537, 40.258787977008616], [-74.44170756080857, 40.25866888453594], [-74.44172325627876, 40.25850208056674], [-74.44169615194409, 40.258407014840955], [-74.44121792955616, 40.25835884339248], [-74.44083687772854, 40.258382479488226]]]]}, "properties": {"OBJECTID": 236, "COMPNAME": "NORTH PARK SOLAR LLC", "CUSTOMERTYPE": "Commercial", "SYSTEMSIZE": 5822.89, "YEAR": 2015, "SA_SUBSECTION": "s", "ACREAGE": 19.17239203, "ACCOUNT_NUMBER": "NJSRRE1532228496", "INSTALLADD": "700 RIKE DR", "INSTALLCITY": "MILLSTONE TWP", "STATE": "NJ", "EDC": "JCP&L", "LATITUDE": 40.256684, "LONGITUDE": -74.44206299999999, "SHAPE_Length": 7532.898205438856, "SHAPE_Area": 835146.0563663775, "GLOBALID": "{0F602BDE-84CC-48BC-8512-C25D6F1C629D}"}}, {"type": "Feature", "id": 237, "geometry": {"type": "Polygon", "coordinates": [[[-74.58259989102821, 40.701915786248094], [-74.58268300546216, 40.701699083771864], [-74.58256524240835, 40.70147333525085], [-74.58246129589266, 40.70118335856142], [-74.58247388320463, 40.700966511988184], [-74.5825651072872, 40.70079752564299], [-74.5827965605339, 40.70068283050386], [-74.58305185927833, 40.70058588209264], [-74.5833021104168, 40.700463356999315], [-74.58339075886416, 40.70036151612465], [-74.58346975838738, 40.70011746988761], [-74.58322788800061, 40.69998063095853], [-74.58308918881326, 40.69987656761673], [-74.58289894824188, 40.699790952626444], [-74.58271564407623, 40.69961958059256], [-74.5825470895387, 40.699543629558185], [-74.5823490055638, 40.69925003823044], [-74.58213683004702, 40.69917410578648], [-74.58183136451179, 40.69899801029454], [-74.58136898569275, 40.69884186312825], [-74.58107014287891, 40.69880220827872], [-74.58054983325137, 40.69880593623441], [-74.580250004532, 40.69883347653903], [-74.58009002036913, 40.69894894914664], [-74.5801053843956, 40.69917998852741], [-74.58031414119289, 40.69946585122283], [-74.58046896772382, 40.69938535112838], [-74.58094762626072, 40.6992242319335], [-74.58125275636944, 40.69911680836475], [-74.58161314198536, 40.699215009633875], [-74.58162796347577, 40.699409227221004], [-74.58146894932037, 40.699711910773985], [-74.58114057661793, 40.69990861979036], [-74.5808993506485, 40.70006570491792], [-74.5809422098911, 40.700337676407365], [-74.58106895295687, 40.70078791298054], [-74.5811908134057, 40.70121034947501], [-74.5814150567333, 40.70141057285176], [-74.58154915867048, 40.70165701442815], [-74.58161984233313, 40.70187134379559], [-74.58185942216544, 40.7019890827829], [-74.58213073841371, 40.70204229058299], [-74.58237711672307, 40.701993966239556], [-74.58259989102821, 40.701915786248094]]]}, "properties": {"OBJECTID": 237, "COMPNAME": "SYNCARPHA EFG I", "CUSTOMERTYPE": "Commercial", "SYSTEMSIZE": 3678.4, "YEAR": 2015, "SA_SUBSECTION": "t", "ACREAGE": 11.42268181, "ACCOUNT_NUMBER": "NJSRRE1532203178", "INSTALLADD": "PILL HILL RD", "INSTALLCITY": "BERNARDSVILLE", "STATE": "NJ", "EDC": "JCP&L", "LATITUDE": 40.700618999999996, "LONGITUDE": -74.581949, "SHAPE_Length": 3925.964666115945, "SHAPE_Area": 497570.0295666413, "GLOBALID": "{B5DF7421-C0E3-4DEC-A180-488B9386D92F}"}}, {"type": "Feature", "id": 238, "geometry": {"type": "Polygon", "coordinates": [[[-74.76928370371223, 39.982921345331725], [-74.76953074904108, 39.98272058769814], [-74.77014931336308, 39.98246176897467], [-74.77056960955981, 39.98220340992568], [-74.77058000813605, 39.98169816072115], [-74.7708277979795, 39.981688049479196], [-74.77080120891122, 39.9812305493624], [-74.76883103102267, 39.98124466801648], [-74.76861910987036, 39.980921052706535], [-74.7683551696513, 39.9808844700264], [-74.76674680984499, 39.98061080241685], [-74.76595551105811, 39.98054208307463], [-74.7658908945697, 39.98037445522999], [-74.76481313451266, 39.98031286845001], [-74.76476935886417, 39.98054205473698], [-74.76440128633193, 39.980606876834926], [-74.76436349678859, 39.980730653158275], [-74.76379046078407, 39.98074685328078], [-74.76372935222471, 39.98096743252044], [-74.76362494988501, 39.98100639599239], [-74.76361770905172, 39.98113748499904], [-74.76340514571517, 39.9812452094003], [-74.76334738170968, 39.981328750446536], [-74.76322940323197, 39.98138780373112], [-74.76320084062579, 39.98148696611125], [-74.76303853550318, 39.981573723255714], [-74.76297730959911, 39.98176451312669], [-74.76259399645981, 39.981777297826284], [-74.7626200762157, 39.98150913584305], [-74.76272052773795, 39.981449329784894], [-74.76275511593279, 39.981380736196364], [-74.76295227151691, 39.98129390039133], [-74.7629867337773, 39.98119253888368], [-74.76308834930495, 39.98117477159447], [-74.7630985614103, 39.981070149335956], [-74.7632133804741, 39.98106531301323], [-74.76322591199451, 39.98095666119241], [-74.76334135264217, 39.980953279231194], [-74.76334959574811, 39.98089680182406], [-74.7634468724959, 39.98086090104194], [-74.76347696960333, 39.98078996139569], [-74.76356976525942, 39.98075331316634], [-74.76357152687913, 39.98036130420036], [-74.76255758710828, 39.980353411345185], [-74.76256246626407, 39.980621547782775], [-74.762446310275, 39.98062478975985], [-74.76242735929613, 39.98073207384377], [-74.76232950441225, 39.98077045071098], [-74.76231963109586, 39.98091403190408], [-74.76220429900927, 39.98092658536085], [-74.76218455731825, 39.98103349436647], [-74.76209761837568, 39.981059618435474], [-74.76206909482461, 39.98121844860104], [-74.76194805029004, 39.98124613206216], [-74.76194177596126, 39.98134087216308], [-74.76185280433056, 39.98136490455978], [-74.76182719917732, 39.98175817999353], [-74.7612154081192, 39.981768497084964], [-74.76124173150326, 39.98156289220243], [-74.76137159224889, 39.98153666200788], [-74.76138013542342, 39.981300435116495], [-74.76148275346742, 39.98130253350223], [-74.76150753471109, 39.98119886443774], [-74.76159220350092, 39.98119718709109], [-74.76169302908528, 39.98110014139343], [-74.76172323441892, 39.98089750653674], [-74.76184202762353, 39.980855139407076], [-74.76185805856908, 39.980712508897696], [-74.76194700660284, 39.98068251870515], [-74.76196043661994, 39.98014330351875], [-74.76043699491869, 39.98012598889313], [-74.76042016108914, 39.98200740861704], [-74.76119121985684, 39.98235280423347], [-74.76508147796532, 39.982549729927705], [-74.76627213821318, 39.98282344466336], [-74.76716379579842, 39.982841535990566], [-74.76717663296652, 39.98271855085003], [-74.76729416327021, 39.98268717390717], [-74.7672961886783, 39.98259316055579], [-74.7673965092028, 39.98256599023989], [-74.76742353510576, 39.98247966784371], [-74.76752466115246, 39.982414249982746], [-74.76754289243206, 39.98230363609947], [-74.76763902465962, 39.98227425925892], [-74.76765856279712, 39.98217527547121], [-74.76777451181871, 39.98211840817657], [-74.76791994913503, 39.98215584481489], [-74.7679242203217, 39.98263638139595], [-74.76827610439938, 39.98264451725321], [-74.76827652382634, 39.98275175741323], [-74.76792522655352, 39.98274958779666], [-74.76792629183197, 39.98286943672265], [-74.76928370371223, 39.982921345331725]]]}, "properties": {"OBJECTID": 238, "COMPNAME": "WASTE MGMNT OF NJ L&D LANDFILL", "CUSTOMERTYPE": "Commercial", "SYSTEMSIZE": 12932, "YEAR": 2015, "SA_SUBSECTION": "t", "ACREAGE": 43.43547794, "ACCOUNT_NUMBER": "NJSRRE1532223585", "INSTALLADD": "2033 RT 38", "INSTALLCITY": "MT. HOLLY", "STATE": "NJ", "EDC": "PSE&G", "LATITUDE": 39.981621, "LONGITUDE": -74.765349, "SHAPE_Length": 10456.013219555549, "SHAPE_Area": 1892041.8509601618, "GLOBALID": "{C48568CB-A3EB-4885-B49C-0A79C3DFA2DB}"}}, {"type": "Feature", "id": 239, "geometry": {"type": "Polygon", "coordinates": [[[-75.10972433302811, 39.79612326996649], [-75.10971640481917, 39.79599729067395], [-75.10948498179495, 39.79574023245118], [-75.10911330994018, 39.795326333008354], [-75.10870539583237, 39.79488326054913], [-75.10850170228943, 39.7946914032455], [-75.10852289218055, 39.7940009486711], [-75.10828204707083, 39.79385905492799], [-75.10824542220676, 39.793383799660404], [-75.10797581929992, 39.79275245008151], [-75.10768587722701, 39.79246443488767], [-75.10701026887791, 39.79204614535985], [-75.10632649966091, 39.7917530122345], [-75.10562226345792, 39.79176741405225], [-75.10509625143165, 39.791942586671006], [-75.10471320148349, 39.79220470466931], [-75.10445737036464, 39.792624288253336], [-75.10428295053522, 39.79284294405997], [-75.10408362045726, 39.793337618101866], [-75.10410179884175, 39.79351371467714], [-75.1042852537338, 39.79360825247864], [-75.10431467963492, 39.79432305755672], [-75.10442338755772, 39.79456557719731], [-75.10463168457737, 39.79475498171691], [-75.10538480706003, 39.7948108009257], [-75.1070418425914, 39.794799595310835], [-75.10776843825565, 39.79584331516421], [-75.10795688923679, 39.79587694078362], [-75.10802240480842, 39.796084995449924], [-75.10811248804083, 39.79617998261815], [-75.10837713262318, 39.796235792093476], [-75.10972433302811, 39.79612326996649]]]}, "properties": {"OBJECTID": 239, "COMPNAME": "KINSLEY LANDFILL", "CUSTOMERTYPE": "Commercial", "SYSTEMSIZE": 11181.22, "YEAR": 2015, "SA_SUBSECTION": "t", "ACREAGE": 30.78034743, "ACCOUNT_NUMBER": "NJSRRE1532229925", "INSTALLADD": "2025 DELSEA DRIVE", "INSTALLCITY": "SEWELL", "STATE": "NJ", "EDC": "ACE", "LATITUDE": 39.793831, "LONGITUDE": -75.106296, "SHAPE_Length": 5247.394268738688, "SHAPE_Area": 1340786.570708288, "GLOBALID": "{88549A6C-38C2-48BA-A62E-0258CAE7DA31}"}}, {"type": "Feature", "id": 240, "geometry": {"type": "Polygon", "coordinates": [[[-74.71198595526873, 40.12840992129703], [-74.71246739496708, 40.12848648907382], [-74.7135003435715, 40.128708002949885], [-74.71419108992619, 40.128703748626656], [-74.7142329260476, 40.1284325961427], [-74.71434921407888, 40.1283906771052], [-74.71454977254479, 40.12769016185858], [-74.71456757291485, 40.12741051939767], [-74.71443866112014, 40.127216845543856], [-74.7142848108787, 40.1270821783098], [-74.71408454846804, 40.126904721641], [-74.71357099240655, 40.126482673391074], [-74.71270033459218, 40.12602851189687], [-74.7124281341208, 40.12584730173108], [-74.71242387347942, 40.12572517674721], [-74.7115350586739, 40.12566722663212], [-74.71116276322864, 40.125742377264935], [-74.71114370181577, 40.125852629423456], [-74.71090701043393, 40.12585901840458], [-74.71079084419041, 40.12593965881451], [-74.71063948655788, 40.12593397650563], [-74.71044122317096, 40.125818161836], [-74.70952423024443, 40.12542959525479], [-74.70886768984558, 40.12545000221785], [-74.70869294155075, 40.12554712307253], [-74.70867901758035, 40.12566942922251], [-74.70857051323152, 40.12569659243182], [-74.70857074654045, 40.12579473591658], [-74.70848500574279, 40.12578464522206], [-74.7084626388885, 40.12597366149142], [-74.70820086413738, 40.12599449631004], [-74.7081189165064, 40.12617832023288], [-74.70812648018345, 40.12644790303103], [-74.70897001308236, 40.12692299978212], [-74.71050897350347, 40.12761181082439], [-74.71116984155746, 40.12761137127673], [-74.71173560559801, 40.12685212412444], [-74.71188773044041, 40.12668042628935], [-74.71188973231413, 40.126499146595314], [-74.71200908685188, 40.12640037388234], [-74.71211888163138, 40.126312846972866], [-74.71210609365276, 40.12619371645365], [-74.71211210988686, 40.126131745384555], [-74.71224851092569, 40.12606953543201], [-74.7124842524347, 40.126007143097794], [-74.71187406526847, 40.12745240666922], [-74.7120416470493, 40.12743303533383], [-74.71200565209239, 40.1278382245351], [-74.71165803892823, 40.12786745729916], [-74.7114854566077, 40.12833957998334], [-74.71169680085005, 40.12835353437552], [-74.71170701615837, 40.12846708096494], [-74.7118904917182, 40.12848644975006], [-74.71186099030061, 40.12874558400969], [-74.7117039008009, 40.12874077155291], [-74.71164459706249, 40.128638407599986], [-74.71146449074685, 40.12862443813907], [-74.71143793285108, 40.12846958656689], [-74.7112422602141, 40.128441346710716], [-74.71121598333956, 40.12827194664455], [-74.71104594653224, 40.1282057799063], [-74.71101311685342, 40.12809129824762], [-74.70907949898233, 40.12719387736096], [-74.70839656497742, 40.127210002521004], [-74.70830013274178, 40.127400822284685], [-74.70831501495799, 40.1279990308514], [-74.70889469929585, 40.128034553265046], [-74.70888916504632, 40.128321704359045], [-74.70912379227435, 40.12856812588256], [-74.7108970544619, 40.12856113947657], [-74.71093998203195, 40.128825592022885], [-74.71114417440519, 40.129013849224954], [-74.71191469971919, 40.129010269492085], [-74.71198595526873, 40.12840992129703]]]}, "properties": {"OBJECTID": 240, "COMPNAME": "PARKLANDS LANDFILL", "CUSTOMERTYPE": "Commercial", "SYSTEMSIZE": 10135.460000000001, "YEAR": 2015, "SA_SUBSECTION": "t", "ACREAGE": 33.2126228, "ACCOUNT_NUMBER": "NJSRRE1532230013", "INSTALLADD": "1070 ROUTE 206", "INSTALLCITY": "BORDENTOWN", "STATE": "NJ", "EDC": "PSE&G", "LATITUDE": 40.127393999999995, "LONGITUDE": -74.711024, "SHAPE_Length": 9612.792982620696, "SHAPE_Area": 1446736.0622377717, "GLOBALID": "{AA0FEC56-4FEB-474F-BDE9-70F6581AA81D}"}}, {"type": "Feature", "id": 241, "geometry": {"type": "Polygon", "coordinates": [[[-74.38055180277563, 40.47481330825068], [-74.3809268848352, 40.474456255439264], [-74.38133935713718, 40.47412783406404], [-74.38222040484831, 40.473499639208235], [-74.3835523197254, 40.471971143070796], [-74.3844149169582, 40.471157043829514], [-74.38487719591392, 40.469114407027156], [-74.38521083729391, 40.468644471343126], [-74.38565553113344, 40.468212965667114], [-74.3861428485274, 40.46787030317491], [-74.38722981334986, 40.467170783990575], [-74.38706183306154, 40.466870370140555], [-74.38625248819432, 40.46699667591526], [-74.38507310653401, 40.466995509343846], [-74.38397281023613, 40.46696739406775], [-74.38361573604388, 40.46718123387521], [-74.38346501743219, 40.46772760924042], [-74.38325906129526, 40.468339248694456], [-74.38338926527649, 40.4688254996821], [-74.38340717016584, 40.46929733965925], [-74.38347807875255, 40.46979934137762], [-74.383343973469, 40.47035844300899], [-74.38304359549444, 40.47082840681782], [-74.38252728065802, 40.471056661941894], [-74.38162708969058, 40.471907308639935], [-74.38055542559655, 40.472768752370875], [-74.38024253750457, 40.47371069154693], [-74.37937274514533, 40.47455472713997], [-74.38055180277563, 40.47481330825068]]]}, "properties": {"OBJECTID": 241, "COMPNAME": "NERC MIDDLESEX SOLAR I LLC", "CUSTOMERTYPE": "Commercial", "SYSTEMSIZE": 4303.4400000000005, "YEAR": 2012, "SA_SUBSECTION": " ", "ACREAGE": 35.00918428, "ACCOUNT_NUMBER": "NJSRRE1532225787", "INSTALLADD": "39 EDGEBORO RD", "INSTALLCITY": "EAST BRUNSWICK", "STATE": "NJ", "EDC": "PSE&G", "LATITUDE": 40.471081999999996, "LONGITUDE": -74.38346899999999, "SHAPE_Length": 8008.72534248651, "SHAPE_Area": 1524993.9670813843, "GLOBALID": "{AB6EB9E6-5BFD-4834-A271-E781BBD23838}"}}, {"type": "Feature", "id": 242, "geometry": {"type": "Polygon", "coordinates": [[[-74.10941162818465, 40.751943354829386], [-74.1098068313729, 40.751948746527944], [-74.11037116979445, 40.75135747381338], [-74.11109639102666, 40.75106133361626], [-74.1119715210453, 40.7507590334585], [-74.11206497565404, 40.75063852084147], [-74.11214936233063, 40.75024384859268], [-74.11066531225852, 40.75009031384077], [-74.10922257932998, 40.7499689314869], [-74.10810362663692, 40.75044074298225], [-74.10803273649142, 40.75065844634584], [-74.10829218204245, 40.7512260662276], [-74.10857979733228, 40.75140509088793], [-74.10941162818465, 40.751943354829386]]]}, "properties": {"OBJECTID": 242, "COMPNAME": "NEW JERSEY MEADOWLANDS COMMISS", "CUSTOMERTYPE": "Government Facility", "SYSTEMSIZE": 3001.44, "YEAR": 2012, "SA_SUBSECTION": " ", "ACREAGE": 11.43398429, "ACCOUNT_NUMBER": "NJSRRE1532225328", "INSTALLADD": "932 BELLEVILLE TPK NJMC 1A LANDFILL", "INSTALLCITY": "KEARNY", "STATE": "NJ", "EDC": "PSE&G", "LATITUDE": 40.750816, "LONGITUDE": -74.109669, "SHAPE_Length": 2944.3870529289115, "SHAPE_Area": 498062.3634255763, "GLOBALID": "{AB6A2ACE-0DE4-4596-BAB6-12CBF63EBB62}"}}, {"type": "Feature", "id": 243, "geometry": {"type": "Polygon", "coordinates": [[[-75.01875816723212, 40.83211313393665], [-75.01867685435022, 40.83159261952798], [-75.01862689052626, 40.831497302367694], [-75.01824730563047, 40.831715538590345], [-75.01806974175662, 40.83186566847208], [-75.01759784130394, 40.83187808757109], [-75.01755564244898, 40.83194942998348], [-75.0167513715269, 40.83195303529333], [-75.01654314226818, 40.83183721704668], [-75.0165050931911, 40.831473101358824], [-75.01473874328536, 40.83147873884888], [-75.014769711088, 40.832043223447485], [-75.01485753819479, 40.83204838693492], [-75.01486634651955, 40.832262843211936], [-75.01773471494427, 40.832267141889744], [-75.01783255147875, 40.83219753963489], [-75.01793947011251, 40.832121475988814], [-75.01875816723212, 40.83211313393665]]]}, "properties": {"OBJECTID": 243, "COMPNAME": "POLLUTION CONTROL WARREN COUNT", "CUSTOMERTYPE": "Government Facility", "SYSTEMSIZE": 1173.92, "YEAR": 2014, "SA_SUBSECTION": "q", "ACREAGE": 5.04323642, "ACCOUNT_NUMBER": "NJSRRE1532210045", "INSTALLADD": "500 MOUNT PISGAH AVE.", "INSTALLCITY": "OXFORD", "STATE": "NJ", "EDC": "JCP&L", "LATITUDE": 40.832035, "LONGITUDE": -75.01664, "SHAPE_Length": 2914.834452942372, "SHAPE_Area": 219682.49971722765, "GLOBALID": "{1B0A8B4F-A740-44BB-A156-ABA5BFBAF229}"}}, {"type": "Feature", "id": 244, "geometry": {"type": "Polygon", "coordinates": [[[-74.03947097860039, 40.87226560866794], [-74.0393198809793, 40.87181876398082], [-74.0391621250322, 40.87143532549736], [-74.03885056853949, 40.87139990901485], [-74.03812105228454, 40.87132932236944], [-74.03781975048027, 40.87135006176778], [-74.03770204340736, 40.87130021089908], [-74.037215593581, 40.87125375833728], [-74.03685659533022, 40.87127121528639], [-74.0369518938882, 40.87177087610702], [-74.03708376352563, 40.87186284830702], [-74.03795546982718, 40.87226319384143], [-74.0381156576147, 40.8722392592307], [-74.03813014442076, 40.87210113680992], [-74.03814504779328, 40.87197102070299], [-74.03797390724706, 40.87170182008503], [-74.03789751194735, 40.87160092686662], [-74.03777051096547, 40.87150165967071], [-74.03772580462228, 40.87134785643826], [-74.03782194348584, 40.871381161140924], [-74.03793403141918, 40.871546207428814], [-74.03801996183975, 40.87166176967761], [-74.03816092315036, 40.871832417951694], [-74.03846710896433, 40.871802552919775], [-74.03847464137844, 40.8717586904697], [-74.03859997104952, 40.871751876445], [-74.03870780159373, 40.87183643519721], [-74.03881108047193, 40.87188256963365], [-74.039290830993, 40.87183876539074], [-74.03933097636181, 40.871955972636044], [-74.03892331126147, 40.872027498085444], [-74.03898531669803, 40.87211918881787], [-74.03900858441915, 40.87223815756862], [-74.0390377543885, 40.87231387375946], [-74.03947097860039, 40.87226560866794]]]}, "properties": {"OBJECTID": 244, "COMPNAME": "PSE&G", "CUSTOMERTYPE": "Commercial", "SYSTEMSIZE": 1050.92, "YEAR": 2013, "SA_SUBSECTION": " ", "ACREAGE": 3.50840285, "ACCOUNT_NUMBER": "NJSRRE1532226643", "INSTALLADD": "194-210 SOUTH RIVER STREET", "INSTALLCITY": "HACKENSACK", "STATE": "NJ", "EDC": "PSE&G", "LATITUDE": 40.871646999999996, "LONGITUDE": -74.038198, "SHAPE_Length": 2833.917466100029, "SHAPE_Area": 152825.4166761577, "GLOBALID": "{799F7A1A-21D9-424A-A687-5C6528F15AB3}"}}, {"type": "Feature", "id": 245, "geometry": {"type": "MultiPolygon", "coordinates": [[[[-74.17108265103317, 40.78425089350917], [-74.17122813356829, 40.78399158195013], [-74.1713816211284, 40.784015847730316], [-74.17147027553841, 40.783837389779684], [-74.1710601232521, 40.7837337608625], [-74.17099972742241, 40.78390276727279], [-74.17048942808371, 40.78376549217805], [-74.17031239534316, 40.78406521921122], [-74.17108265103317, 40.78425089350917]]], [[[-74.17030467532307, 40.7837244561458], [-74.17180220838581, 40.783273609531506], [-74.1717152919949, 40.78309941780101], [-74.17014243559707, 40.783572989536765], [-74.17025467245202, 40.78369333673674], [-74.17030467532307, 40.7837244561458]]], [[[-74.17157144692585, 40.78429994196791], [-74.17177089934889, 40.783902581270354], [-74.17164567133123, 40.78386886552523], [-74.17146192850497, 40.78425912188749], [-74.17157144692585, 40.78429994196791]]]]}, "properties": {"OBJECTID": 245, "COMPNAME": "PARK ELEMENTARY SCHOOL", "CUSTOMERTYPE": "School Public K-12", "SYSTEMSIZE": 510.48, "YEAR": 2011, "SA_SUBSECTION": " ", "ACREAGE": 1.60762132, "ACCOUNT_NUMBER": "NJSRRE1532226984", "INSTALLADD": "120 MANCHESTER PLACE", "INSTALLCITY": "NEWARK", "STATE": "NJ", "EDC": "PSE&G", "LATITUDE": 40.783809, "LONGITUDE": -74.17096599999999, "SHAPE_Length": 2322.9296676874283, "SHAPE_Area": 70027.7047765572, "GLOBALID": "{3F9BEFF4-0D9C-468C-AD8D-C2D4F6B11571}"}}, {"type": "Feature", "id": 246, "geometry": {"type": "Polygon", "coordinates": [[[-74.08450203679426, 40.26670788951325], [-74.08465374099512, 40.266699497823424], [-74.08501402721845, 40.266239516793775], [-74.08510141035234, 40.26598322099979], [-74.08523050794045, 40.26596313011135], [-74.08532494134744, 40.26567423046851], [-74.08544940622774, 40.26566871888326], [-74.08548140429203, 40.26552287392071], [-74.08558805446414, 40.26550309018964], [-74.08561918806886, 40.2652463420447], [-74.08578632654377, 40.26524440943845], [-74.08579928837324, 40.26504443064888], [-74.08593725468437, 40.2650474956044], [-74.08595614834732, 40.26482754197507], [-74.08610674580477, 40.26482636129612], [-74.08613642806338, 40.26459584300239], [-74.0862847478048, 40.26459412104278], [-74.08630905692907, 40.26434326501229], [-74.08646082819634, 40.26432295611054], [-74.08653196038601, 40.26413554791287], [-74.08654988922217, 40.263745393361475], [-74.08685456550015, 40.26377256928788], [-74.0872961531681, 40.263155282344094], [-74.08727336674839, 40.26306583802225], [-74.08705609607175, 40.26298761492456], [-74.08685817646399, 40.2629243543494], [-74.08661014537712, 40.26278942398686], [-74.08514902230316, 40.26213581653948], [-74.08513269528831, 40.261753284074125], [-74.08526819992446, 40.26172159907943], [-74.08530360039708, 40.26152770878258], [-74.08544796111727, 40.26150969019767], [-74.08548372803885, 40.26131984029501], [-74.08563318377543, 40.26129134145301], [-74.08564019868925, 40.26116550466217], [-74.08576124966376, 40.26114037065728], [-74.08579750424319, 40.2608741484037], [-74.08597559903461, 40.260865493169895], [-74.08598927478624, 40.26066929954337], [-74.08613820589247, 40.26064944360689], [-74.08616583662987, 40.26040779934365], [-74.08632802930389, 40.26039723039055], [-74.08633816434727, 40.26020288035433], [-74.08648774713187, 40.26018501593421], [-74.08654975245845, 40.25993554720331], [-74.08667997967207, 40.25992959763901], [-74.08669453519455, 40.259784147111375], [-74.08680210662044, 40.25976732707226], [-74.08686282673875, 40.259603043061006], [-74.086992412306, 40.2595144653205], [-74.08706685215247, 40.259299936686745], [-74.08719861172662, 40.259240482840006], [-74.08755657962257, 40.25876483548525], [-74.08715248773134, 40.25877220549717], [-74.0870678550978, 40.258879139280936], [-74.08675983829764, 40.25889233788407], [-74.0866740770472, 40.2589823608089], [-74.08635811747214, 40.2589695422135], [-74.08632565205852, 40.25893134846206], [-74.0861718415471, 40.25891168384393], [-74.08615483427197, 40.258639959141995], [-74.08599642220022, 40.25860364727935], [-74.0860064723003, 40.2584857239117], [-74.08605336767387, 40.25844657189249], [-74.08604984380555, 40.258337374534705], [-74.08565736220423, 40.258370848664896], [-74.08550747383961, 40.25844819245429], [-74.0849615581605, 40.258453384887346], [-74.08494614173844, 40.25868567370841], [-74.08482930538788, 40.25871742532704], [-74.08467464149493, 40.25883125513932], [-74.08463561176333, 40.25910992797104], [-74.08499006768868, 40.259132646819864], [-74.08499865639081, 40.25925421145104], [-74.08516655350674, 40.259265537007614], [-74.08516410162706, 40.259472871156284], [-74.08500663362729, 40.25947586056642], [-74.08498232259082, 40.259636626971336], [-74.08478640882043, 40.25962877515084], [-74.08471622732714, 40.25966069403553], [-74.08465040541286, 40.259742671861986], [-74.0844882258767, 40.25975357845062], [-74.08447225487625, 40.25980989072103], [-74.0846219742532, 40.259814060294836], [-74.0846571337597, 40.25986772594106], [-74.08476141978369, 40.259900349315636], [-74.0851298550658, 40.2599266924236], [-74.0851489261657, 40.26062379292784], [-74.08497629445097, 40.26062317393426], [-74.08494760113831, 40.26073745577775], [-74.08445307754239, 40.260728532002524], [-74.08444061124464, 40.26047827059058], [-74.08428673027275, 40.260463419806925], [-74.0842681801537, 40.26042049742559], [-74.08394635236921, 40.26042645131999], [-74.08392523539746, 40.26006534850356], [-74.08379474959841, 40.26003985760833], [-74.08377804041498, 40.25998637621192], [-74.08360842913869, 40.25998914400947], [-74.08360904270455, 40.259889059548954], [-74.08332448065478, 40.259880886246734], [-74.08334029761244, 40.25958425770736], [-74.08357355818316, 40.25958867184941], [-74.08360674364269, 40.25950300268329], [-74.08379392300522, 40.25948713754482], [-74.08376994033719, 40.259381533031274], [-74.08358884804711, 40.25937782994442], [-74.0835875636283, 40.2590583948366], [-74.08325951785352, 40.25906208629686], [-74.08284167618841, 40.2587245755212], [-74.0820624127018, 40.25873963644295], [-74.08205854178306, 40.25936873873786], [-74.0818930145762, 40.25938506510753], [-74.08185613737001, 40.26000164638305], [-74.08239520638462, 40.26000708395425], [-74.08249145705058, 40.25953115501331], [-74.08261914414712, 40.25952849986614], [-74.08264106519843, 40.25948165134021], [-74.08309825426845, 40.259490448353105], [-74.08313230161266, 40.26001451494376], [-74.08336563850256, 40.260016866339726], [-74.08337678073568, 40.26124296798681], [-74.08158049394702, 40.26122980645694], [-74.081571451363, 40.261436826199734], [-74.08139210646215, 40.26144074170586], [-74.08142206795279, 40.26170139639307], [-74.08155811690607, 40.26170784595536], [-74.08152981693091, 40.261883490980054], [-74.08150934823263, 40.262050228007375], [-74.08140805356554, 40.26208262809968], [-74.08138292519044, 40.26237445652113], [-74.08119428729354, 40.26237338249915], [-74.08120149645258, 40.26279082763913], [-74.08105134489429, 40.26279507623484], [-74.08104049899131, 40.26304641893501], [-74.08091766477062, 40.26305089037925], [-74.0808452321627, 40.26329670337059], [-74.08087360830302, 40.26362667435051], [-74.08074903095455, 40.26362317647199], [-74.08068800886771, 40.26408771097197], [-74.08204884184288, 40.2647360477346], [-74.08204776204292, 40.2655432897227], [-74.08450203679426, 40.26670788951325]]]}, "properties": {"OBJECTID": 246, "COMPNAME": "TINTON FALLS SOLAR FARM LLC.", "CUSTOMERTYPE": "Commercial", "SYSTEMSIZE": 19880.56, "YEAR": 2013, "SA_SUBSECTION": "t", "ACREAGE": 69.43696635, "ACCOUNT_NUMBER": "NJSRRE1532226644", "INSTALLADD": " SHAFTO RD & PARK AVE, LOT 37.04", "INSTALLCITY": "TINTON FALLS", "STATE": "NJ", "EDC": "JCP&L", "LATITUDE": 40.262802, "LONGITUDE": -74.083941, "SHAPE_Length": 13256.43794480474, "SHAPE_Area": 3024662.155606671, "GLOBALID": "{5C50D1FC-F5C8-4440-BBD4-F284E10AD197}"}}, {"type": "Feature", "id": 247, "geometry": {"type": "Polygon", "coordinates": [[[-75.1922801540826, 39.382588753162715], [-75.19244335251669, 39.37908478108023], [-75.19219539932315, 39.37894002337278], [-75.19120625980484, 39.37891253639586], [-75.18962700400235, 39.378836106145584], [-75.18917772439866, 39.378743433819174], [-75.18877148440959, 39.37865527170465], [-75.18867743919893, 39.37846039319877], [-75.18773683246634, 39.37837062219707], [-75.18769938297889, 39.37832477045123], [-75.18676922442478, 39.37827840549428], [-75.18675686577214, 39.37981918806498], [-75.18716230763229, 39.379854645625294], [-75.18740756240294, 39.380049601585505], [-75.18656181959823, 39.38248016303549], [-75.18783882685196, 39.38304462571203], [-75.18837223182426, 39.38213636242145], [-75.19032293952257, 39.3825327225482], [-75.1922801540826, 39.382588753162715]]]}, "properties": {"OBJECTID": 247, "COMPNAME": "NJ OAK SOLAR, LLC", "CUSTOMERTYPE": "Commercial", "SYSTEMSIZE": 12502, "YEAR": 2012, "SA_SUBSECTION": " ", "ACREAGE": 49.397877, "ACCOUNT_NUMBER": "NJSRRE1532225063", "INSTALLADD": "616 ELMER RD.", "INSTALLCITY": "FAIRFIELD TWP.", "STATE": "NJ", "EDC": "ACE", "LATITUDE": 39.380542999999996, "LONGITUDE": -75.18958599999999, "SHAPE_Length": 6564.651456305835, "SHAPE_Area": 2151762.914893071, "GLOBALID": "{0B772752-9F1D-4A27-81B6-0F07101A4F65}"}}, {"type": "Feature", "id": 248, "geometry": {"type": "Polygon", "coordinates": [[[-74.85716242423526, 40.552920380650356], [-74.85665942838621, 40.55290407231013], [-74.85696518760957, 40.5531235460785], [-74.85718491201378, 40.55331945606552], [-74.85724154507228, 40.55368863012049], [-74.85742314037519, 40.554057417599], [-74.85762705876058, 40.55421763214413], [-74.85783211982341, 40.55459230354595], [-74.85771595021221, 40.554777337828675], [-74.85789277227096, 40.55514017249792], [-74.85803380059217, 40.55522313693789], [-74.85849938334613, 40.55522765994465], [-74.85884938090327, 40.55495254020872], [-74.85981771846433, 40.554925699494625], [-74.85976974125043, 40.55471734540656], [-74.85909087360258, 40.55337312032582], [-74.85903212146339, 40.55327266499312], [-74.85883726952181, 40.55327484268135], [-74.85861682622452, 40.55324352382636], [-74.85831950618487, 40.55314317316267], [-74.85803025085086, 40.55309045469809], [-74.85780363436831, 40.55306732776023], [-74.85758501816454, 40.55307991908598], [-74.85743624828679, 40.553008892502376], [-74.85716242423526, 40.552920380650356]]]}, "properties": {"OBJECTID": 248, "COMPNAME": "SNNJ1, LLC", "CUSTOMERTYPE": "Commercial", "SYSTEMSIZE": 2496, "YEAR": 2017, "SA_SUBSECTION": "q", "ACREAGE": 8.96791137, "ACCOUNT_NUMBER": "NJSRRE1532188408", "INSTALLADD": "229E RIVER RD", "INSTALLCITY": "FLEMINGTON", "STATE": "NJ", "EDC": "JCP&L", "LATITUDE": 40.553715, "LONGITUDE": -74.858122, "SHAPE_Length": 2849.313059941248, "SHAPE_Area": 390640.6565125103, "GLOBALID": "{82EF41C0-C90A-484D-BCEF-381DF59109C7}"}}, {"type": "Feature", "id": 249, "geometry": {"type": "Polygon", "coordinates": [[[-74.7941532667341, 40.33803550623089], [-74.79546960250221, 40.33753360797152], [-74.79545102711944, 40.337512942442686], [-74.7953320655775, 40.337437881887794], [-74.79523995626721, 40.337313310280635], [-74.79512252272076, 40.33736038955709], [-74.79511745971256, 40.33740883311726], [-74.79487711769829, 40.33751958797208], [-74.79484572407945, 40.33758306922271], [-74.79457730383484, 40.33766721703084], [-74.79435307618992, 40.337664213365926], [-74.79420285285889, 40.33771385449029], [-74.79404865564989, 40.33783128729271], [-74.79387285969561, 40.33783307934766], [-74.79379167577339, 40.337760639614366], [-74.79365810737588, 40.337770395855145], [-74.79366014535142, 40.337834964868], [-74.79371486558686, 40.33788594716449], [-74.79366050696673, 40.33791837227343], [-74.79365219511908, 40.3380287076073], [-74.79374607255147, 40.33802031789988], [-74.79378592157248, 40.338055273950346], [-74.79390003550799, 40.33801866108402], [-74.79393711745116, 40.33805623513314], [-74.79412496311038, 40.33799521933912], [-74.7941532667341, 40.33803550623089]]]}, "properties": {"OBJECTID": 249, "COMPNAME": "PENNINGTON DEPARTMENT OF PUBLIC WORKS", "CUSTOMERTYPE": "Municipality", "SYSTEMSIZE": 403.92, "YEAR": 2017, "SA_SUBSECTION": " ", "ACREAGE": 0.96946732, "ACCOUNT_NUMBER": "NJSRRE1534190130", "INSTALLADD": "30 NORTH MAIN ST", "INSTALLCITY": "PENNINGTON", "STATE": "NJ", "EDC": "PSE&G", "LATITUDE": 40.337816, "LONGITUDE": -74.79475099999999, "SHAPE_Length": 1318.0656230904474, "SHAPE_Area": 42229.82769013663, "GLOBALID": "{6C6AFF58-6441-490E-B918-2D88268603FD}"}}, {"type": "Feature", "id": 250, "geometry": {"type": "MultiPolygon", "coordinates": [[[[-74.9847833327301, 40.01443737115193], [-74.9844130237186, 40.0146653153587], [-74.98425814507354, 40.01467787821681], [-74.98356081201547, 40.0146807900626], [-74.98309634332384, 40.01474230503055], [-74.9827273702209, 40.0151608872957], [-74.98215853137515, 40.0158066957798], [-74.98262728889318, 40.01635286033418], [-74.98317378998186, 40.016934445488424], [-74.98387552216668, 40.017551126606115], [-74.98436022366143, 40.01815679514931], [-74.98467227263166, 40.0184533793708], [-74.98521484136104, 40.018474939990625], [-74.98567831964954, 40.01827043401179], [-74.986449197964, 40.01770716952259], [-74.98709549585817, 40.01706101467759], [-74.98726197787637, 40.01650028354868], [-74.9873802722615, 40.01570144359622], [-74.98720599770587, 40.01516597615278], [-74.98683129033572, 40.0147743373182], [-74.9855561177623, 40.01414816230603], [-74.9847833327301, 40.01443737115193]]], [[[-74.9807743498056, 40.01294098301657], [-74.98052775232902, 40.01313265487652], [-74.98020697312867, 40.01335323098102], [-74.97996010549208, 40.01350677292884], [-74.97960179849237, 40.01367984050053], [-74.97950489173715, 40.014004344924885], [-74.97948289960097, 40.014404798938806], [-74.97955954997941, 40.0147285851502], [-74.97956095109043, 40.01492876084037], [-74.9794387812202, 40.015186642525336], [-74.97875947005957, 40.015551684069955], [-74.97874833842067, 40.01573284662012], [-74.97903627401364, 40.01613201965522], [-74.97927228955992, 40.016197770951926], [-74.97949484080819, 40.016111058283805], [-74.97977871037813, 40.015928766842876], [-74.98002478566164, 40.01566083920844], [-74.98032011356416, 40.0153450446603], [-74.98044234722721, 40.01509669424517], [-74.98047646359011, 40.01465806003171], [-74.98047419082292, 40.01433396608202], [-74.98047258653887, 40.01410519387117], [-74.98091579847923, 40.01366486262044], [-74.98128562843073, 40.01336782123913], [-74.98138252586719, 40.01304331534521], [-74.98126988394971, 40.012891263915925], [-74.98102148124657, 40.012825568050054], [-74.9807743498056, 40.01294098301657]]]]}, "properties": {"OBJECTID": 250, "COMPNAME": "SC HOLDINGS, INC - CINNAMINSON LANDFILL", "CUSTOMERTYPE": "Commercial", "SYSTEMSIZE": 12996, "YEAR": 2019, "SA_SUBSECTION": "t", "ACREAGE": 41.90104213, "ACCOUNT_NUMBER": "NJSRRE1536193526", "INSTALLADD": "1301 TAYLORS LANE", "INSTALLCITY": "CINNAMINSON", "STATE": "NJ", "EDC": "PSE&G", "LATITUDE": 40.01695, "LONGITUDE": -74.98528999999999, "SHAPE_Length": 7715.871655976403, "SHAPE_Area": 1825202.0941736668, "GLOBALID": "{40A679AD-D37B-44EC-8051-29C0EA95B464}"}}, {"type": "Feature", "id": 251, "geometry": {"type": "MultiPolygon", "coordinates": [[[[-75.03674007627194, 39.986475362297895], [-75.03643116585624, 39.98658999062929], [-75.03638548851276, 39.98669148465532], [-75.03639407214429, 39.98679868536633], [-75.03639752956758, 39.986919463552724], [-75.03644194509097, 39.98705271275232], [-75.0365915059926, 39.98716164399875], [-75.03664581646879, 39.98729678383395], [-75.03688614954163, 39.98759877372615], [-75.03715186300605, 39.98762926814614], [-75.03725294663148, 39.98775436004841], [-75.03766476272008, 39.987847328659996], [-75.03789786179429, 39.98794157192847], [-75.03801469199846, 39.98802443888537], [-75.03825665409384, 39.988138151837454], [-75.03840926214792, 39.98823991719646], [-75.03887396760177, 39.98823775759015], [-75.03899099179694, 39.988073523143804], [-75.03907051856838, 39.988017596565435], [-75.0390820489877, 39.98790791941379], [-75.03914318510004, 39.98780277776555], [-75.03923515124313, 39.98767842769361], [-75.0390181781066, 39.98766513820725], [-75.03890233169332, 39.98763305817834], [-75.03890172310567, 39.987555609600385], [-75.03877719444407, 39.98747873711808], [-75.03867636899545, 39.9874613323498], [-75.03864524860744, 39.98744360357644], [-75.03848194869424, 39.98736095314757], [-75.03848120025512, 39.98726563180935], [-75.03842581607522, 39.98711694407519], [-75.03838601557132, 39.986980099527536], [-75.03840794084677, 39.9868131792428], [-75.03835981388005, 39.986676819947135], [-75.03840848493036, 39.98650237684249], [-75.03836641020918, 39.98645590405314], [-75.03805652112362, 39.986445427418474], [-75.03788622700823, 39.98645813342954], [-75.03688676288368, 39.986415104907195], [-75.03674007627194, 39.986475362297895]]], [[[-75.03852817286811, 39.98602306274162], [-75.03839377179386, 39.98626676544889], [-75.03849060203963, 39.98676200473339], [-75.0385913465139, 39.98696648500755], [-75.03859340512929, 39.98722861869265], [-75.03888551504895, 39.98734165072186], [-75.03939974481982, 39.98733449251271], [-75.03940049453742, 39.98742981383539], [-75.03938269372104, 39.987529987725836], [-75.04011500514517, 39.987536854954264], [-75.04033738549869, 39.987450026132755], [-75.04048511289515, 39.987325415101694], [-75.04052131216932, 39.98720132404027], [-75.04025987967415, 39.987050023220434], [-75.03992439709921, 39.986937196702044], [-75.03945178009887, 39.98672015023809], [-75.0392524608929, 39.986587622985816], [-75.03900327551032, 39.9864171973595], [-75.03890264298637, 39.98622701562934], [-75.03876286722752, 39.98592664722666], [-75.03869903683304, 39.98568863180948], [-75.03876573095782, 39.98550243837416], [-75.0386512864652, 39.98513120337905], [-75.03818678903568, 39.98515719229893], [-75.0381448021154, 39.985333738219666], [-75.03791578139071, 39.98536339876607], [-75.03813506556644, 39.985672186627916], [-75.0381495888679, 39.985943794994625], [-75.03852817286811, 39.98602306274162]]]]}, "properties": {"OBJECTID": 251, "COMPNAME": "EPP RENEWABLE ENERGY, LLC", "CUSTOMERTYPE": "Commercial", "SYSTEMSIZE": 2972.7400000000002, "YEAR": 2019, "SA_SUBSECTION": "t", "ACREAGE": 11.98610854, "ACCOUNT_NUMBER": "NJSRRE1540239690", "INSTALLADD": "PENNSAUKEN LANDFILL", "INSTALLCITY": "PENNSAUKEN", "STATE": "NJ", "EDC": "PSE&G", "LATITUDE": 39.98945, "LONGITUDE": -75.03617, "SHAPE_Length": 5185.029455741639, "SHAPE_Area": 522112.7997414388, "GLOBALID": "{2C35EBAF-E86D-4F5C-A88B-ECFB89BC52A7}"}}, {"type": "Feature", "id": 252, "geometry": {"type": "MultiPolygon", "coordinates": [[[[-74.31066308705337, 40.02167040239494], [-74.31066246128616, 40.02189679800543], [-74.31117190457228, 40.02262448151271], [-74.31166618756237, 40.02323298196667], [-74.31214527460459, 40.02373421514737], [-74.31229928311244, 40.02409193294035], [-74.31268535417084, 40.024604928730966], [-74.3131177983242, 40.025165660409556], [-74.31338053687792, 40.025440142741765], [-74.31414048253238, 40.02526262998191], [-74.31474543309342, 40.02508486455693], [-74.31561447431007, 40.0246811199387], [-74.31591001265801, 40.02428837475421], [-74.31611239456811, 40.02395505904588], [-74.31620676258389, 40.0234428375657], [-74.31608379641422, 40.02306134296196], [-74.31489130124895, 40.02272580719146], [-74.31420978374712, 40.02256981363699], [-74.3138230001761, 40.02231896505951], [-74.31283191078788, 40.02201947829823], [-74.31162411529456, 40.021624306094054], [-74.31066308705337, 40.02167040239494]]], [[[-74.30991655457149, 40.02261051360343], [-74.30977508215162, 40.0233252180481], [-74.30969623126542, 40.02381362853544], [-74.30960214528608, 40.024206689040795], [-74.30952319271721, 40.02473084598554], [-74.30944450413284, 40.0251596784218], [-74.3092728855582, 40.02556452665272], [-74.3092406260071, 40.02601726649955], [-74.30939492286483, 40.026267748054124], [-74.31052482832388, 40.02682963432282], [-74.3112676883184, 40.02723597700691], [-74.31184025693311, 40.02757054492572], [-74.31228964959868, 40.02760702053748], [-74.31260003457378, 40.02746453568475], [-74.31258593701935, 40.026952142029835], [-74.3123857486788, 40.02647519400707], [-74.31212363120072, 40.025974314007826], [-74.31189254867492, 40.02546156815122], [-74.31045870719007, 40.02271864209922], [-74.31038154415197, 40.02259935976291], [-74.30991655457149, 40.02261051360343]]]]}, "properties": {"OBJECTID": 252, "COMPNAME": "LAKEHURST SOLAR LLC", "CUSTOMERTYPE": "Government Facility", "SYSTEMSIZE": 14397.75, "YEAR": 2020, "SA_SUBSECTION": "r", "ACREAGE": 47.82175412, "ACCOUNT_NUMBER": "NJSRRE1540845659", "INSTALLADD": "JOINT BASE MCGUIRE-DIX-LAKEHURST", "INSTALLCITY": "MANCHESTER", "STATE": "NJ", "EDC": "JCP&L", "LATITUDE": 40.024744, "LONGITUDE": -74.31454599999999, "SHAPE_Length": 8976.770895458141, "SHAPE_Area": 2083107.2771906853, "GLOBALID": "{15AE707C-BA5B-4BD5-A278-D29569875EFC}"}}, {"type": "Feature", "id": 253, "geometry": {"type": "MultiPolygon", "coordinates": [[[[-74.0984381884505, 40.28097472045307], [-74.09881515263261, 40.2810440330966], [-74.09939290357819, 40.28094402728815], [-74.09988186096582, 40.28084371157976], [-74.10012784156393, 40.28053853927764], [-74.10035132185689, 40.28028429249812], [-74.10039761920393, 40.2799614284713], [-74.10062109657257, 40.27970718113135], [-74.10064429446795, 40.279537248590756], [-74.10040122247644, 40.27934939553618], [-74.10011405747245, 40.27911038580708], [-74.09962691801302, 40.2789046861185], [-74.09918367408935, 40.27878414275018], [-74.09865144168965, 40.278697291581786], [-74.09823029747356, 40.27859382247615], [-74.09776465941829, 40.278507198438774], [-74.09749920034936, 40.27835326397279], [-74.0966786130461, 40.2782313978001], [-74.09627876179356, 40.27828100717795], [-74.095922899411, 40.27839877384717], [-74.09532327207795, 40.2784476821022], [-74.09494592014488, 40.27844636176781], [-74.09468046775923, 40.2782924208658], [-74.09439261633008, 40.278172403363705], [-74.09441562608467, 40.27803647391477], [-74.094637596452, 40.27803725174182], [-74.09486048007882, 40.277885020968505], [-74.09470601475896, 40.27773146865947], [-74.09430799404255, 40.27747505488647], [-74.09404295359434, 40.27725310888661], [-74.09391099340813, 40.27704863066034], [-74.09391251899926, 40.27679361702003], [-74.093936444513, 40.27650467944281], [-74.09404844388625, 40.276335059745854], [-74.09402868758951, 40.27592695998568], [-74.09416430499562, 40.275519405236246], [-74.09436559471885, 40.275265091975434], [-74.09461025977917, 40.275180943039786], [-74.09498799926556, 40.27511426071334], [-74.09508185387878, 40.274264525517914], [-74.09488381633676, 40.27397481067938], [-74.09410889782617, 40.273649070841024], [-74.09335455294732, 40.27359541852737], [-74.09224477399208, 40.273591513182396], [-74.09084563312142, 40.27372258459402], [-74.09064474493972, 40.27390888811194], [-74.09069636651876, 40.276391256192184], [-74.09102787987584, 40.27663044609799], [-74.09135939557008, 40.276869635055824], [-74.0913976486655, 40.27788984598588], [-74.0984381884505, 40.28097472045307]]], [[[-74.10036793814211, 40.27746214026178], [-74.10083317254822, 40.277616757507445], [-74.10132070590821, 40.27775444844746], [-74.10167485967627, 40.27792568079435], [-74.1022959778259, 40.27799582233641], [-74.10276221527147, 40.277980422609964], [-74.10307366975478, 40.277862482553225], [-74.1033864145264, 40.277523529599584], [-74.10336610509368, 40.277200435887856], [-74.10338899721444, 40.277081505472204], [-74.10372254394672, 40.27698064063379], [-74.10399088818107, 40.276641533918195], [-74.10410345764977, 40.276369898781354], [-74.1037266130915, 40.27628360247739], [-74.10303901908014, 40.27619623931001], [-74.10228563443546, 40.27597263577325], [-74.10137668097161, 40.27578249405221], [-74.10071109145996, 40.27572919540112], [-74.10039894219878, 40.27596613565088], [-74.09973154728725, 40.27621884800541], [-74.09921942281834, 40.276489095661525], [-74.09859691432243, 40.27665695055292], [-74.09788662327396, 40.27665448438154], [-74.096709900905, 40.276701392942584], [-74.09611018795472, 40.276767306280775], [-74.09628705318966, 40.2768869323623], [-74.09681947025395, 40.27693979251893], [-74.09752956259452, 40.27697626708898], [-74.09797299312837, 40.277062814924875], [-74.09863758819444, 40.2772861385512], [-74.09941397468664, 40.27737383529383], [-74.09983581475818, 40.27735829364323], [-74.10036793814211, 40.27746214026178]]]]}, "properties": {"OBJECTID": 253, "COMPNAME": "BEN MOREELL SOLAR FARM LLC", "CUSTOMERTYPE": "Government Facility", "SYSTEMSIZE": 28558.58, "YEAR": 2020, "SA_SUBSECTION": "r", "ACREAGE": 85.26224499, "ACCOUNT_NUMBER": "NJSRRE1540828993", "INSTALLADD": "EARLE NAVAL BASE", "INSTALLCITY": "TINTON FALLS", "STATE": "NJ", "EDC": "JCP&L", "LATITUDE": 40.278544, "LONGITUDE": -74.095033, "SHAPE_Length": 14865.000373682633, "SHAPE_Area": 3714008.5357314125, "GLOBALID": "{7997F06D-7749-4507-B1E7-DB49F0E1C7E0}"}}, {"type": "Feature", "id": 254, "geometry": {"type": "MultiPolygon", "coordinates": [[[[-74.52624726752433, 39.41522978075868], [-74.52637026129466, 39.415462131943166], [-74.52633957500227, 39.415569390739186], [-74.52637037130141, 39.415754095265726], [-74.52646262149335, 39.415938785814305], [-74.52650106391748, 39.41602815359185], [-74.52652417232437, 39.416194984509076], [-74.52650885171639, 39.41630819826653], [-74.5266932343323, 39.4163617820161], [-74.52670862514438, 39.416433279701536], [-74.52659344160466, 39.41654651635157], [-74.52651668472977, 39.416707411608684], [-74.5265551299065, 39.41680273779022], [-74.52683940490165, 39.416927799668635], [-74.52712370631463, 39.41711840361893], [-74.52730042827864, 39.41721965565664], [-74.52743870870876, 39.41723749842293], [-74.52750783138522, 39.417201731493584], [-74.52756922050129, 39.417034880805566], [-74.52756915947398, 39.41687996152911], [-74.52755366446642, 39.41654629286746], [-74.52750750819564, 39.41637946761755], [-74.52736137763068, 39.415926661014396], [-74.52736132405401, 39.41578961701285], [-74.52731518734547, 39.41567045914518], [-74.52723834033186, 39.41559301750161], [-74.52719220859244, 39.415485776451426], [-74.52718450609694, 39.41543215232938], [-74.52724592690794, 39.41534871985727], [-74.5272689277536, 39.41523550418405], [-74.52721510299143, 39.41509847275861], [-74.52714593833237, 39.4150210292488], [-74.5269538772931, 39.414967447983265], [-74.52638544042597, 39.41497353674382], [-74.52627021179818, 39.414961645950726], [-74.52628554592526, 39.414884182814056], [-74.52647754987238, 39.41478880428591], [-74.52662347288476, 39.41471726974157], [-74.52675402561741, 39.41462786323939], [-74.52683078880553, 39.414490801514155], [-74.52686140298442, 39.41419883103801], [-74.5267922213594, 39.41407371981192], [-74.52663087787748, 39.413990338738635], [-74.5263543437904, 39.41399040171768], [-74.52628524830881, 39.414091710784874], [-74.52625456472084, 39.41420492802027], [-74.52616242649917, 39.41431220064615], [-74.52613942639152, 39.41443137455544], [-74.52601653043736, 39.414455235853815], [-74.52589365864743, 39.414544639821614], [-74.52590137990134, 39.41465188996343], [-74.52586300064917, 39.41472935817868], [-74.52570170052269, 39.41476514454854], [-74.52563258805696, 39.414824744163326], [-74.52566336031383, 39.4149498645431], [-74.52553280341341, 39.41503331138124], [-74.52558660087125, 39.41510480079523], [-74.52618576537228, 39.41509870902494], [-74.52624726752433, 39.41522978075868]]], [[[-74.52522629041378, 39.41711883057345], [-74.52511881086923, 39.41730356528715], [-74.52511887930562, 39.41749423515506], [-74.52530329199016, 39.41762528072729], [-74.52730087456581, 39.41836367476695], [-74.52773107029783, 39.41837548987066], [-74.52783089106228, 39.41826225580645], [-74.52786155964193, 39.4181132876398], [-74.52780770782732, 39.41791667223103], [-74.52768478510974, 39.41788690938483], [-74.52740818895847, 39.417767806217995], [-74.52709317730876, 39.417630836043934], [-74.52658609708337, 39.417434324732426], [-74.52632487728913, 39.41733904920034], [-74.52598684624846, 39.4172616655672], [-74.52572560382079, 39.417100845916465], [-74.52522629041378, 39.41711883057345]]]]}, "properties": {"OBJECTID": 254, "COMPNAME": "PRICES LANDFILL", "CUSTOMERTYPE": "Commercial", "SYSTEMSIZE": 3030.3, "YEAR": 2020, "SA_SUBSECTION": "t", "ACREAGE": 10.29937568, "ACCOUNT_NUMBER": "NJSRRE1537826975", "INSTALLADD": "2533 SAW MILL ROAD", "INSTALLCITY": "EGG HARBOR TOWNSHIP", "STATE": "NJ", "EDC": "ACE", "LATITUDE": 39.415729999999996, "LONGITUDE": -74.526746, "SHAPE_Length": 5270.936767726147, "SHAPE_Area": 448639.0102042428, "GLOBALID": "{557630E6-E7AB-47B5-A705-DE9A927D7CEC}"}}, {"type": "Feature", "id": 255, "geometry": {"type": "MultiPolygon", "coordinates": [[[[-75.10402803021623, 39.79190455525126], [-75.10393117728023, 39.79213384608101], [-75.10377178971774, 39.79227766717858], [-75.10365080507202, 39.79257381277626], [-75.10366591169344, 39.79288831592373], [-75.10375349326702, 39.793011786420664], [-75.10392373410703, 39.79304903168592], [-75.10403788958284, 39.793031755172166], [-75.1041227826283, 39.79284780725225], [-75.10434220314677, 39.79250348468373], [-75.10454982801964, 39.79222356940384], [-75.10475807728827, 39.7920151463435], [-75.10495768406403, 39.79187826381551], [-75.10521291594868, 39.79174347404848], [-75.10541609069885, 39.79166138561182], [-75.10567240769183, 39.791650515324385], [-75.10629326669073, 39.79164012364228], [-75.10664557772924, 39.79165496477937], [-75.10685561985939, 39.791651483364255], [-75.1069414462017, 39.79157477226185], [-75.10677938611175, 39.791413562484514], [-75.1062349422146, 39.79133061297072], [-75.1058387785622, 39.79124688686661], [-75.10543042642087, 39.79118228855997], [-75.10509562974084, 39.79105057582372], [-75.10474789350518, 39.7908522000714], [-75.10463551651469, 39.79071932668899], [-75.10449917795341, 39.790672373061334], [-75.10429078593106, 39.79086411407116], [-75.10419485263814, 39.79119826097108], [-75.10404990877888, 39.79158032680709], [-75.10402803021623, 39.79190455525126]]], [[[-75.10312641549851, 39.79496450034977], [-75.10332129342102, 39.79516903780216], [-75.10349248182357, 39.79531411827292], [-75.10378776528745, 39.79551813271062], [-75.10401737582715, 39.795719509249395], [-75.1042234004757, 39.79587334426435], [-75.10451767138302, 39.79596118140237], [-75.10473799675765, 39.79598386535051], [-75.104861049174, 39.795923644175836], [-75.10490258834427, 39.795816183938484], [-75.1049324118566, 39.795693889799146], [-75.1049041013912, 39.7955480667676], [-75.10485272543649, 39.795414279921324], [-75.10474712994333, 39.7952629016688], [-75.10466843602808, 39.79509648817937], [-75.10459013372244, 39.79497475747737], [-75.10446619614774, 39.79493369723899], [-75.10423825520243, 39.794922968387304], [-75.10408770343453, 39.79492971020163], [-75.10401002769903, 39.79487947166141], [-75.10398211036421, 39.794778331222155], [-75.10399345140434, 39.79466209148125], [-75.10399848354209, 39.79453098961123], [-75.10402839672614, 39.79441882378372], [-75.10401825336204, 39.794318782423375], [-75.10398907409638, 39.79416164347768], [-75.10398481756215, 39.794028206748386], [-75.10395265345298, 39.79388299929289], [-75.10392658463174, 39.79372822732502], [-75.10391049227427, 39.7936544320432], [-75.10365698595612, 39.79363430230244], [-75.10359599243762, 39.79372518096615], [-75.10351005556895, 39.79378997418305], [-75.10334471384793, 39.793960040769164], [-75.10323180572793, 39.794120301783906], [-75.1031649657181, 39.79424934171751], [-75.10307134169655, 39.794495297328666], [-75.1030510694308, 39.794650310306146], [-75.1030277493952, 39.7948101055025], [-75.10312641549851, 39.79496450034977]]]]}, "properties": {"OBJECTID": 255, "COMPNAME": "KINSLEY LANDFILL INC", "CUSTOMERTYPE": "Commercial", "SYSTEMSIZE": 4799.25, "YEAR": 2020, "SA_SUBSECTION": "t", "ACREAGE": 10.69348296, "ACCOUNT_NUMBER": "NJSRRE1540969496", "INSTALLADD": "2025 DELSEA DRIVE", "INSTALLCITY": "DEPTFORD", "STATE": "NJ", "EDC": "PSE&G", "LATITUDE": 39.794511, "LONGITUDE": -75.10350799999999, "SHAPE_Length": 5124.023889120213, "SHAPE_Area": 465806.25463228463, "GLOBALID": "{D8541360-D831-4BB9-8A1C-72B080227F7F}"}}, {"type": "Feature", "id": 256, "geometry": {"type": "Polygon", "coordinates": [[[-74.07162035463035, 40.82430497574985], [-74.0717825073694, 40.824148886822925], [-74.07197691966181, 40.823988020756815], [-74.07221695465923, 40.82374897807765], [-74.07228188394828, 40.823675769945346], [-74.07189036275582, 40.82341479850346], [-74.07172356170778, 40.8232917646716], [-74.07153104155141, 40.823158841903236], [-74.07144816163996, 40.823016532936194], [-74.07136509294104, 40.82290360275277], [-74.07113393227303, 40.82276563916082], [-74.07094094150138, 40.82270616252088], [-74.07071427063462, 40.82287180344578], [-74.07023365723661, 40.82343312212464], [-74.07016212216355, 40.82353078744733], [-74.07025760696747, 40.82371721358853], [-74.07041135687268, 40.82386468388579], [-74.0706747170864, 40.82400766531759], [-74.07100904513247, 40.824141116866706], [-74.07127913730501, 40.82424005263536], [-74.07146562398697, 40.824309297721754], [-74.07162035463035, 40.82430497574985]]]}, "properties": {"OBJECTID": 256, "COMPNAME": "KDC SOLAR CARLSTADT LLC", "CUSTOMERTYPE": "Government Facility", "SYSTEMSIZE": 1638, "YEAR": 2020, "SA_SUBSECTION": "t", "ACREAGE": 4.4424995, "ACCOUNT_NUMBER": "NJSRRE1536130812", "INSTALLADD": "216 PATERSON PLANK ROAD", "INSTALLCITY": "CARLSTADT", "STATE": "NJ", "EDC": "PSE&G", "LATITUDE": 40.823595, "LONGITUDE": -74.071225, "SHAPE_Length": 1707.4756572674407, "SHAPE_Area": 193514.5043160111, "GLOBALID": "{15C1640B-893C-4A96-8C44-3DFB9A250632}"}}, {"type": "Feature", "id": 257, "geometry": {"type": "Polygon", "coordinates": [[[-74.41876782271551, 40.49419786752874], [-74.41865115810802, 40.493879068684386], [-74.41766767757852, 40.49409879323487], [-74.41743737470145, 40.49418501013052], [-74.41737099551406, 40.494226663953924], [-74.41662166459129, 40.494398888168945], [-74.41653961529477, 40.49449116745004], [-74.41663688049518, 40.49471463724107], [-74.41876782271551, 40.49419786752874]]]}, "properties": {"OBJECTID": 257, "COMPNAME": "HIGHLAND PARK BORO", "CUSTOMERTYPE": "Municipality", "SYSTEMSIZE": 604.8000000000001, "YEAR": 2020, "SA_SUBSECTION": "t", "ACREAGE": 1.6746722699999999, "ACCOUNT_NUMBER": "NJSRRE1539942369", "INSTALLADD": "DONALDSON STREET", "INSTALLCITY": "HIGHLAND PARK", "STATE": "NJ", "EDC": "PSE&G", "LATITUDE": 40.494378999999995, "LONGITUDE": -74.41758, "SHAPE_Length": 1466.6401059016519, "SHAPE_Area": 72948.43226979526, "GLOBALID": "{6AA37818-A34E-4A73-93A9-6089EAD53451}"}}, {"type": "Feature", "id": 258, "geometry": {"type": "Polygon", "coordinates": [[[-75.16768296997405, 40.668195311228295], [-75.16709171659981, 40.66826783094836], [-75.16652869562778, 40.66829491084162], [-75.16577664060503, 40.66845651680644], [-75.16477599937144, 40.6685337674188], [-75.16391593475586, 40.66858637278116], [-75.16302528436883, 40.668710632369134], [-75.16202522494565, 40.6688474266344], [-75.16187334946031, 40.66904845532412], [-75.16220675290616, 40.669535024340234], [-75.16272898059844, 40.670127736122495], [-75.16315698361464, 40.67068524421196], [-75.16367811971094, 40.671144413716625], [-75.16436439315983, 40.67120490883756], [-75.16613259461765, 40.67120663502475], [-75.16647881405531, 40.67114268339271], [-75.16677289777698, 40.67081930315277], [-75.16722142569407, 40.67029248902868], [-75.16757749388215, 40.669909177689995], [-75.16788733215185, 40.66959761763409], [-75.16782034906743, 40.66915718109941], [-75.16768296997405, 40.668195311228295]]]}, "properties": {"OBJECTID": 258, "COMPNAME": "NJR CLEAN ENERGY VENTURES III CORPORATION", "CUSTOMERTYPE": "Farm", "SYSTEMSIZE": 9993.800000000001, "YEAR": 2020, "SA_SUBSECTION": "s", "ACREAGE": 30.05641623, "ACCOUNT_NUMBER": "NJSRRE1532556731", "INSTALLADD": "HIGH STREET", "INSTALLCITY": "ALPHA", "STATE": "NJ", "EDC": "JCP&L", "LATITUDE": 40.670139, "LONGITUDE": -75.16534399999999, "SHAPE_Length": 4571.893977662774, "SHAPE_Area": 1309252.2540378112, "GLOBALID": "{751790BD-B69D-43FE-AFE1-554A60AF3CEA}"}}, {"type": "Feature", "id": 259, "geometry": {"type": "Polygon", "coordinates": [[[-74.4745636707338, 39.478559114346275], [-74.47504966344667, 39.47835425165976], [-74.47504969920489, 39.47825415103033], [-74.4748898044509, 39.47817784946381], [-74.47473606605823, 39.47808724892249], [-74.47464997162534, 39.47803956321596], [-74.47449624429146, 39.477920362174096], [-74.47430561611208, 39.477791619384874], [-74.47417648783082, 39.47768672343999], [-74.47404738296223, 39.477519860286094], [-74.47390596113664, 39.47739589450102], [-74.47372766031671, 39.47720518644589], [-74.47360468113612, 39.477109824640586], [-74.4734509594444, 39.47698585550136], [-74.4733403006866, 39.47684282924308], [-74.47326652295996, 39.476761778437364], [-74.47250998987282, 39.47674730197812], [-74.47251620436266, 39.47658523570359], [-74.47251627375864, 39.47640886787648], [-74.47259014750874, 39.476242050859405], [-74.47259020549423, 39.47609428321198], [-74.47258417644012, 39.47578444636029], [-74.47254733257768, 39.4756319032972], [-74.47249199575359, 39.47558422322964], [-74.47152634686081, 39.475588757516874], [-74.47141558697308, 39.475707897825686], [-74.47131098517742, 39.47580797274964], [-74.47131077373479, 39.47632277616988], [-74.47134764458963, 39.47640381913531], [-74.4714275119114, 39.47662787361187], [-74.47156280811186, 39.47667557375651], [-74.47241776107244, 39.47666624626992], [-74.47239311488947, 39.47677587448264], [-74.47228236972849, 39.47685688201083], [-74.47203631573576, 39.47691879018382], [-74.47205472026353, 39.477037962059526], [-74.47225147594894, 39.47720961029793], [-74.4725097159705, 39.47744323981861], [-74.47260807425921, 39.47758149725831], [-74.4727494755585, 39.47775313158739], [-74.47297082719285, 39.47795338453233], [-74.4731675803835, 39.47814409798213], [-74.47345044849818, 39.47833006408691], [-74.47359186960341, 39.47845879710281], [-74.4736779602372, 39.478516016982006], [-74.47409621625718, 39.47852564428886], [-74.47421310403266, 39.47846846990323], [-74.47426848470674, 39.47840651511011], [-74.47442840373743, 39.47841608377692], [-74.47434841095436, 39.4785018667043], [-74.47431762853739, 39.4785781270595], [-74.4744529496697, 39.47857339016735], [-74.4745636707338, 39.478559114346275]]]}, "properties": {"OBJECTID": 259, "COMPNAME": "OAK STREET LANDFILL", "CUSTOMERTYPE": "Commercial", "SYSTEMSIZE": 3350.46, "YEAR": 2020, "SA_SUBSECTION": "t", "ACREAGE": 9.14700677, "ACCOUNT_NUMBER": "NJSRRE1534224371", "INSTALLADD": "570 GALLOWAY ROAD", "INSTALLCITY": "GALLOWAY TWP", "STATE": "NJ", "EDC": "ACE", "LATITUDE": 39.475913, "LONGITUDE": -74.47232, "SHAPE_Length": 3826.70822923923, "SHAPE_Area": 398442.0211235885, "GLOBALID": "{DF0180C2-0EFF-40E7-A0EF-C2ED6BB59284}"}}, {"type": "Feature", "id": 260, "geometry": {"type": "Polygon", "coordinates": [[[-74.95653923718599, 40.758756002535385], [-74.95721633196143, 40.758789064216636], [-74.9572315088802, 40.758260020536035], [-74.95770134387733, 40.758229564478164], [-74.95772671543021, 40.75918735295203], [-74.95788672442572, 40.759215311928905], [-74.95790053989688, 40.759858615369545], [-74.95726142921217, 40.7598825946318], [-74.95717848673395, 40.76012596966398], [-74.95751461236998, 40.76055780330044], [-74.9581404689905, 40.760572505586666], [-74.96004830655156, 40.75912093450123], [-74.96002837163655, 40.758956600181726], [-74.95982145734008, 40.75894312791699], [-74.95979477527916, 40.757799486029505], [-74.95957831637529, 40.75776460606549], [-74.9593581672916, 40.75719360832813], [-74.9581054020793, 40.75683401796454], [-74.95793295712555, 40.75636290603755], [-74.95812972663599, 40.75626919554186], [-74.9576720393345, 40.755327418725976], [-74.95745895567545, 40.75532647641844], [-74.95734408393969, 40.75513928538116], [-74.95715208192549, 40.755128132020225], [-74.95704502445993, 40.75493793121135], [-74.95685310462483, 40.754938691077825], [-74.95669011365406, 40.75458787162567], [-74.9562014692685, 40.754612722680484], [-74.95498211684888, 40.755123601512054], [-74.95624209751396, 40.75792081165028], [-74.95636440277396, 40.75793462493976], [-74.95645876056466, 40.75825403983086], [-74.95653923718599, 40.758756002535385]]]}, "properties": {"OBJECTID": 260, "COMPNAME": "NJR CLEAN ENERGY VENTURES III CORPORATION", "CUSTOMERTYPE": "Farm", "SYSTEMSIZE": 9991.800000000001, "YEAR": 2019, "SA_SUBSECTION": "s", "ACREAGE": 32.54905159, "ACCOUNT_NUMBER": "NJSRRE1536201655", "INSTALLADD": "30 MCCULLOUGH ROAD", "INSTALLCITY": "WASHINGTON", "STATE": "NJ", "EDC": "JCP&L", "LATITUDE": 40.758021, "LONGITUDE": -74.956676, "SHAPE_Length": 6692.515948183558, "SHAPE_Area": 1417831.015806556, "GLOBALID": "{FF4FB937-9421-42EF-8088-79E63708B999}"}}, {"type": "Feature", "id": 261, "geometry": {"type": "Polygon", "coordinates": [[[-74.94296267139028, 40.5238466353953], [-74.94297623636224, 40.523505855817966], [-74.94658917253359, 40.5234444963987], [-74.94656006991563, 40.52134727737739], [-74.9443044631716, 40.521234303808136], [-74.94116133190099, 40.521234758973876], [-74.9412404860063, 40.52288567105636], [-74.93987534552485, 40.52311103770249], [-74.94001798990534, 40.52402590442819], [-74.94272826572002, 40.52399237705039], [-74.94296267139028, 40.5238466353953]]]}, "properties": {"OBJECTID": 261, "COMPNAME": "GARDEN STATE GROWERS", "CUSTOMERTYPE": "Commercial", "SYSTEMSIZE": 9997.33, "YEAR": 2019, "SA_SUBSECTION": "s", "ACREAGE": 32.79767289, "ACCOUNT_NUMBER": "NJSRRE1532515379", "INSTALLADD": "967 CROTON ROAD", "INSTALLCITY": "PITTSTOWN", "STATE": "NJ", "EDC": "JCP&L", "LATITUDE": 40.52408, "LONGITUDE": -74.942889, "SHAPE_Length": 5558.31437525888, "SHAPE_Area": 1428660.916499249, "GLOBALID": "{AD74D2D1-DD73-4ACD-97E1-3E45DD1BD084}"}}, {"type": "Feature", "id": 262, "geometry": {"type": "MultiPolygon", "coordinates": [[[[-74.24374567916428, 40.44522421299391], [-74.243952420761, 40.445319988921696], [-74.24419646127319, 40.44545016143958], [-74.2444851859314, 40.44564143562613], [-74.24470219932523, 40.445660978644234], [-74.24480722997366, 40.44560020712965], [-74.24484384443195, 40.445446545496296], [-74.24488288805983, 40.44534940746934], [-74.24497681023765, 40.44525667980531], [-74.24514418989575, 40.44520414752089], [-74.24503732723399, 40.445046203298304], [-74.24492086402078, 40.44491369287249], [-74.24475784603428, 40.44472031441958], [-74.24463662363141, 40.44457035524356], [-74.24468404487034, 40.44444134673448], [-74.24454874711523, 40.44430207963195], [-74.24454942367444, 40.44412336014342], [-74.24260208897027, 40.44195294204532], [-74.24243314543433, 40.441965237831255], [-74.24222813950594, 40.44207153694246], [-74.24204978311539, 40.442184286669516], [-74.24194642255169, 40.442298437461616], [-74.24171731439904, 40.44254698623848], [-74.24150458653158, 40.44271427024398], [-74.2412871158298, 40.44281672708236], [-74.24126163826311, 40.442953927804886], [-74.24127094638492, 40.443129333523906], [-74.24136054500934, 40.443188631093804], [-74.24184642751169, 40.44318286189425], [-74.2418597051911, 40.44315543233072], [-74.24208426081387, 40.44315783988839], [-74.2421437873272, 40.443251384190425], [-74.24228825104544, 40.44331842883287], [-74.24238025135992, 40.44340251361137], [-74.24241215713761, 40.443541748793535], [-74.24239166462378, 40.44368086721428], [-74.24222888190629, 40.443836825658956], [-74.24207858159404, 40.44399090536196], [-74.24212292649234, 40.444139700146785], [-74.24215476652058, 40.44429609244911], [-74.242179288644, 40.444408622206716], [-74.24216869603374, 40.44456873257141], [-74.24213534058816, 40.44480885914948], [-74.24210735419031, 40.444949867129345], [-74.24218465470909, 40.444963384044826], [-74.24218437064734, 40.445037731328064], [-74.24211677404246, 40.44509667761899], [-74.24212339272516, 40.44532354883888], [-74.24201839654647, 40.44537478620964], [-74.24201568995436, 40.44543006451412], [-74.24227271295705, 40.4454268250913], [-74.24230782086785, 40.445381150794205], [-74.24315370970604, 40.44538112690242], [-74.24326617620383, 40.445333717803635], [-74.24329651777086, 40.445228935559356], [-74.24374567916428, 40.44522421299391]]], [[[-74.24042263826931, 40.441465128192185], [-74.24041391614419, 40.44155329701159], [-74.24041444555915, 40.441902161691964], [-74.24033958165376, 40.4419048531034], [-74.24033185430231, 40.44196774555468], [-74.2409231708732, 40.44197479129426], [-74.24095109750014, 40.44175149569958], [-74.2410235417, 40.44166475644191], [-74.24122753160313, 40.44166092392469], [-74.24124460369093, 40.4416009118626], [-74.24144647743479, 40.441599874185634], [-74.2414622428889, 40.4415552291793], [-74.24194566545717, 40.4415563092728], [-74.24197667179523, 40.4416040374293], [-74.24225744861424, 40.44158381296533], [-74.24048715315126, 40.43954034710329], [-74.24035257665422, 40.43950001140169], [-74.24033954779183, 40.43946365931021], [-74.24015617734939, 40.439478123601724], [-74.23992898413358, 40.43967778038352], [-74.2398484147427, 40.43984859276848], [-74.23971271389499, 40.439956098590386], [-74.23971051729048, 40.44004045000529], [-74.23963727297203, 40.44010891397595], [-74.23956653871326, 40.44015535841727], [-74.23955621787498, 40.44026171666045], [-74.23978069497979, 40.44035885186802], [-74.23990759367763, 40.440372599908706], [-74.23999627076921, 40.44032789794382], [-74.24010863008904, 40.440306704056034], [-74.24015574233434, 40.44022102383131], [-74.24017971640954, 40.44016875487352], [-74.24020595277831, 40.440158805453436], [-74.24026789190886, 40.44011033248743], [-74.24028303265585, 40.44006604366955], [-74.24056558918346, 40.440068107866686], [-74.24059909072794, 40.44011536541338], [-74.24065517397825, 40.44012978892768], [-74.24067169130292, 40.44021418233922], [-74.24071160523494, 40.440261125956475], [-74.2408634994475, 40.44045767312907], [-74.24082409269964, 40.440486180165884], [-74.24084060483018, 40.44057200330541], [-74.24070022543926, 40.44058026714113], [-74.24070923030858, 40.44067179253398], [-74.24059694200767, 40.44067440017013], [-74.24058722834198, 40.44076731333688], [-74.24048771454255, 40.440854305880656], [-74.24044195667398, 40.44107438751956], [-74.24046578321584, 40.44120454995028], [-74.24042263826931, 40.441465128192185]]], [[[-74.24340589763845, 40.44662878963382], [-74.24340565477829, 40.446692652031565], [-74.2434999888691, 40.44669302942962], [-74.24353953123833, 40.44675728863222], [-74.24362344804292, 40.44683611196362], [-74.24374772333961, 40.44696506655203], [-74.2442069027012, 40.44695369216457], [-74.24431011785067, 40.446915246543796], [-74.2444038714958, 40.44686779496195], [-74.24452690179719, 40.446795219027486], [-74.24456225788562, 40.446683775310866], [-74.24422663987197, 40.44668398641998], [-74.24416219281622, 40.44657041560978], [-74.24397292119706, 40.44647277240986], [-74.24360735379923, 40.44647482174562], [-74.24356311789741, 40.44662437260267], [-74.24340589763845, 40.44662878963382]]], [[[-74.24269889510717, 40.44652046225199], [-74.24244939377897, 40.44651323441597], [-74.24245503164579, 40.44667052137282], [-74.24235646470358, 40.44667125491866], [-74.24234983343216, 40.44677418337836], [-74.24203664698209, 40.44678111036777], [-74.24203746461376, 40.446893587209914], [-74.24213603188282, 40.44689285393713], [-74.24213459481808, 40.44694241599297], [-74.2422643532014, 40.44694175218169], [-74.24227325053015, 40.44689887900309], [-74.24238680769287, 40.44689341304347], [-74.24239698168981, 40.44684291727494], [-74.24249435607587, 40.44682781312429], [-74.24250446060114, 40.44679549781764], [-74.24259896671545, 40.4467905167756], [-74.24260948044575, 40.44673854100344], [-74.24271334983021, 40.44674015416434], [-74.24272695467684, 40.446687330879634], [-74.24282305906313, 40.4466780129363], [-74.24282225102161, 40.446562676581266], [-74.24270122317829, 40.44656431362953], [-74.24269889510717, 40.44652046225199]]]]}, "properties": {"OBJECTID": 262, "COMPNAME": "NJR CLEAN ENERGY VENTURES CORPORATION", "CUSTOMERTYPE": "Commercial", "SYSTEMSIZE": 10693.44, "YEAR": 2019, "SA_SUBSECTION": "t", "ACREAGE": 22.92578737, "ACCOUNT_NUMBER": "NJSRRE1534190972", "INSTALLADD": "27 INDUSTRIAL DRIVE", "INSTALLCITY": "KEYPORT", "STATE": "NJ", "EDC": "JCP&L", "LATITUDE": 40.44414, "LONGITUDE": -74.24333299999999, "SHAPE_Length": 9023.909546387928, "SHAPE_Area": 998643.3034653366, "GLOBALID": "{53971DC1-7A37-4406-998A-DC6D27855D80}"}}, {"type": "Feature", "id": 263, "geometry": {"type": "Polygon", "coordinates": [[[-75.06241914643073, 40.72631001795839], [-75.06229812528062, 40.72607232594429], [-75.06218224610193, 40.72570117102888], [-75.06205404091097, 40.7253539041569], [-75.06204440940684, 40.724953637852096], [-75.06208954868488, 40.72436247946334], [-75.06213202446204, 40.72389282955239], [-75.06196572647931, 40.72379120624761], [-75.06188245424829, 40.72357239243643], [-75.06199443968892, 40.72348130020363], [-75.06205913122515, 40.72298059355033], [-75.06198787449938, 40.72284972667458], [-75.06157511396515, 40.722927985692486], [-75.06108774864427, 40.723073324796154], [-75.06063820326759, 40.72324707196816], [-75.0600263582238, 40.723488323818756], [-75.05948863608295, 40.72360530666382], [-75.05934038111229, 40.723853838177746], [-75.05915414355258, 40.72405489714579], [-75.05893008291913, 40.72422754515453], [-75.05870570231748, 40.7243620691986], [-75.0573727225984, 40.725264452707414], [-75.05697517097119, 40.72566668492861], [-75.05699389690416, 40.726410033357766], [-75.05720766771962, 40.72650431427027], [-75.06055272496577, 40.726497649343294], [-75.06060420550523, 40.72725767650541], [-75.06088596870025, 40.72724201080324], [-75.06122306746592, 40.72710216894973], [-75.0616164610759, 40.72695252095536], [-75.06215962816164, 40.72673542343405], [-75.06243412171614, 40.72660064855808], [-75.06241914643073, 40.72631001795839]]]}, "properties": {"OBJECTID": 263, "COMPNAME": "NJR CLEAN ENERGY VENTURES III CORPORATION", "CUSTOMERTYPE": "Commercial", "SYSTEMSIZE": 9996.800000000001, "YEAR": 2020, "SA_SUBSECTION": "s", "ACREAGE": 32.6909736, "ACCOUNT_NUMBER": "NJSRRE1532518315", "INSTALLADD": "2305 ROUTE 57", "INSTALLCITY": "FRANKLIN TWP", "STATE": "NJ", "EDC": "JCP&L", "LATITUDE": 40.725851, "LONGITUDE": -75.059687, "SHAPE_Length": 5318.83085812258, "SHAPE_Area": 1424013.1137721492, "GLOBALID": "{5A0B4EBE-7E97-496A-8A03-0B3F28CCDCEE}"}}, {"type": "Feature", "id": 264, "geometry": {"type": "MultiPolygon", "coordinates": [[[[-74.86685151210342, 40.45249384921617], [-74.86730970307087, 40.45242805487043], [-74.86769829532827, 40.45213846188155], [-74.86811027853554, 40.45218004359243], [-74.86963638807774, 40.450082974881205], [-74.86934263416913, 40.44993853251583], [-74.86877992596445, 40.44971156678078], [-74.86836764518652, 40.44961279780668], [-74.86794128889419, 40.449838173976275], [-74.86760597279412, 40.45012519357252], [-74.86723287283466, 40.450347992847234], [-74.86663140760406, 40.450404687671856], [-74.8658296459276, 40.45043107911352], [-74.86536238031928, 40.450546938019784], [-74.86486963035628, 40.451141846364045], [-74.86475838036606, 40.451335215563844], [-74.86478807739373, 40.45163537223055], [-74.86484269380206, 40.451883003601644], [-74.86562270992624, 40.45196158102126], [-74.8659108130426, 40.452122687328774], [-74.86685151210342, 40.45249384921617]]], [[[-74.86257005568393, 40.45276471470243], [-74.86214799983168, 40.453171137340235], [-74.86183112867457, 40.45341518938341], [-74.86169574170562, 40.45376352214072], [-74.8615985940782, 40.45398034425257], [-74.86161092809756, 40.45423560932962], [-74.86163187291851, 40.454604877302565], [-74.86162064165366, 40.454883738178296], [-74.86200272904233, 40.45494848855402], [-74.86237214938467, 40.45541039703231], [-74.86285506413611, 40.455830640209754], [-74.86347859998243, 40.45585374484916], [-74.86359652096357, 40.45569250489116], [-74.8639775755938, 40.454623749449254], [-74.86383325930834, 40.454471695719434], [-74.86359579796294, 40.45440095472521], [-74.86338899209862, 40.45423003346377], [-74.863223791991, 40.454031201362085], [-74.86341140548141, 40.45375814117512], [-74.86340953119117, 40.45341023801854], [-74.86325163780025, 40.45305329346534], [-74.86286322261142, 40.45275426305616], [-74.86257005568393, 40.45276471470243]]], [[[-74.86325352254235, 40.45215249264105], [-74.86347697607061, 40.45235562700427], [-74.8637910644843, 40.452432032965355], [-74.86398482275017, 40.452498145330054], [-74.8641538839997, 40.4526119939533], [-74.86406893852345, 40.45301019036695], [-74.86396998957669, 40.453217839602836], [-74.8640890655525, 40.45331754804595], [-74.86404928537698, 40.45346064965745], [-74.86437068389189, 40.45347870053685], [-74.86495542368246, 40.452008965498095], [-74.86362654744953, 40.452003621528775], [-74.86325352254235, 40.45215249264105]]]]}, "properties": {"OBJECTID": 264, "COMPNAME": "NJR CLEAN ENERGY VENTURES III CORPORATION", "CUSTOMERTYPE": "Commercial", "SYSTEMSIZE": 9997.65, "YEAR": 2018, "SA_SUBSECTION": "q", "ACREAGE": 32.17644922, "ACCOUNT_NUMBER": "NJSRRE1535865935", "INSTALLADD": "53 HIGHWAY 202/RT 31 SOUTH", "INSTALLCITY": "RARITAN", "STATE": "NJ", "EDC": "JCP&L", "LATITUDE": 40.45326, "LONGITUDE": -74.860438, "SHAPE_Length": 8468.726974039182, "SHAPE_Area": 1401600.5218179466, "GLOBALID": "{333C58AD-9984-44BF-B29B-E275E16E7F61}"}}, {"type": "Feature", "id": 265, "geometry": {"type": "Polygon", "coordinates": [[[-75.080495899991, 39.96476550203712], [-75.08033199256745, 39.9645475253624], [-75.08010108557349, 39.964212171938094], [-75.08000056095277, 39.963937881512], [-75.07989707722966, 39.96331324412358], [-75.07942486752327, 39.96331630423633], [-75.07920019220052, 39.963299553579304], [-75.07890613846975, 39.96331889588628], [-75.0786879625388, 39.96332319082584], [-75.07836281413475, 39.96332779243085], [-75.07815564436876, 39.96338221954443], [-75.07790010050104, 39.96337753595515], [-75.07767083740869, 39.963444441344926], [-75.07742091856913, 39.96364825230762], [-75.07715224366738, 39.96392364992729], [-75.07700034400291, 39.9641058928677], [-75.07679108423409, 39.964250148578024], [-75.07659887719115, 39.96441196585829], [-75.07645656934342, 39.964522893240236], [-75.07627172798176, 39.964639989715295], [-75.07608253157544, 39.964791782034], [-75.07602592183635, 39.96487356628738], [-75.07610433633836, 39.965028079854065], [-75.07626392554407, 39.9651493027085], [-75.0763762811285, 39.965251695188286], [-75.0765153192648, 39.9653564687704], [-75.07659339448637, 39.96543353206328], [-75.07666342707532, 39.96547488841326], [-75.07678795747816, 39.965551720466266], [-75.07692033080373, 39.965640428983335], [-75.07712942811793, 39.96564534596399], [-75.07740041525969, 39.96564399649474], [-75.07758603446021, 39.96561924051311], [-75.07796486442395, 39.965551816360104], [-75.07831247275531, 39.96545475765368], [-75.07861694786197, 39.965442979197235], [-75.0792456100073, 39.965459889947965], [-75.07998660718289, 39.96545618488357], [-75.08109799133366, 39.96542814681083], [-75.08244254918391, 39.96671630896628], [-75.08257110278785, 39.966641621659264], [-75.08277132206231, 39.96648015700635], [-75.08315753988424, 39.96644389769789], [-75.08333359770833, 39.96660601766642], [-75.08346238630025, 39.96667257364498], [-75.08411266706133, 39.966657859743606], [-75.08480195797985, 39.96664151552426], [-75.08500524078502, 39.96657741087597], [-75.08535771726886, 39.96643852791116], [-75.0848003753136, 39.965583415695235], [-75.08438607120885, 39.96559408430422], [-75.08344513194153, 39.966132479789785], [-75.0831127596471, 39.96619968815605], [-75.0815841599753, 39.96432519544248], [-75.080495899991, 39.96476550203712]]]}, "properties": {"OBJECTID": 265, "COMPNAME": "VINELAND CONSTRUCTION, CO", "CUSTOMERTYPE": "Commercial", "SYSTEMSIZE": 15163.2, "YEAR": 2019, "SA_SUBSECTION": "t", "ACREAGE": 28.19185481, "ACCOUNT_NUMBER": "NJSRRE1539705675", "INSTALLADD": "3905 RIVER ROAD", "INSTALLCITY": "PENNSAUKEN", "STATE": "NJ", "EDC": "PSE&G", "LATITUDE": 39.96387, "LONGITUDE": -75.079016, "SHAPE_Length": 7003.128467676687, "SHAPE_Area": 1228032.2833146567, "GLOBALID": "{7D175138-8194-4F3C-BD25-A8DA7249027B}"}}, {"type": "Feature", "id": 266, "geometry": {"type": "MultiPolygon", "coordinates": [[[[-75.1562007601037, 40.61548095362767], [-75.15612218837951, 40.61563199647367], [-75.15589226375539, 40.61565427158778], [-75.15580200316823, 40.6157811358841], [-75.15580943387971, 40.6158815897639], [-75.15547959554941, 40.616175123694084], [-75.15516306443305, 40.61656143324684], [-75.15518249045121, 40.61674678842859], [-75.15521422119711, 40.6169219865257], [-75.15536107628226, 40.61716386076271], [-75.15554391983586, 40.61738143624221], [-75.1560842570519, 40.6173802742467], [-75.15644738258982, 40.61716470707466], [-75.15726357350785, 40.616665950535236], [-75.15820391173519, 40.616090526860745], [-75.15817449811681, 40.6154830664761], [-75.15777751255713, 40.61517793983266], [-75.15753663504088, 40.61500774589223], [-75.15723629364675, 40.614991584019464], [-75.15708946498056, 40.614845873877286], [-75.1568171599165, 40.61481882854889], [-75.15677701430111, 40.61455098560834], [-75.15599849811385, 40.61455898446026], [-75.15605720197067, 40.61384736856721], [-75.15556475003633, 40.61385016486671], [-75.15491334728455, 40.61438642880097], [-75.15490035897375, 40.614497305243205], [-75.15533277727793, 40.61507031204565], [-75.15562207258995, 40.6150835334149], [-75.15578166891201, 40.615088733193176], [-75.15591898098674, 40.61531670755351], [-75.1562007601037, 40.61548095362767]]], [[[-75.15830691620955, 40.61297352227714], [-75.15791492320487, 40.613175915845645], [-75.15772687399648, 40.61328377946387], [-75.15776337879718, 40.61350561314681], [-75.15792295481226, 40.61375511277554], [-75.15847647246704, 40.614263944406005], [-75.15876820482804, 40.614493745569845], [-75.15897310984626, 40.61459137556809], [-75.15910213130302, 40.614666771563904], [-75.15953834316642, 40.614667855630316], [-75.15959283143364, 40.61448525602224], [-75.15972158673486, 40.614223597949206], [-75.15976151187138, 40.61399104146908], [-75.15973038351109, 40.613687405193836], [-75.1595260423988, 40.61341692670441], [-75.15877125681469, 40.61297444892984], [-75.15830691620955, 40.61297352227714]]], [[[-75.15315546784092, 40.61684497750649], [-75.15313214599483, 40.6169416432986], [-75.15324123991931, 40.6170661261753], [-75.15339285993612, 40.61722253690146], [-75.15339988328533, 40.61746197406066], [-75.15330284987316, 40.61761264283059], [-75.15318660230075, 40.617716954524205], [-75.15341355292803, 40.61815888165676], [-75.15354177986346, 40.618224876038205], [-75.15377951598474, 40.618233061909244], [-75.15464327787086, 40.61779163013613], [-75.15459915238834, 40.6176279398607], [-75.15430500023126, 40.617221662020974], [-75.15398826421551, 40.616807886146944], [-75.15388168744862, 40.61664929569964], [-75.15363149710666, 40.61664977798492], [-75.15315546784092, 40.61684497750649]]]]}, "properties": {"OBJECTID": 266, "COMPNAME": "MILFORD SOLAR FARM, LLC", "CUSTOMERTYPE": "Commercial", "SYSTEMSIZE": 8981.19, "YEAR": 2019, "SA_SUBSECTION": "t", "ACREAGE": 23.152355149999998, "ACCOUNT_NUMBER": "NJSRRE1535718723", "INSTALLADD": "10 MILL ROAD", "INSTALLCITY": "MILFORD", "STATE": "NJ", "EDC": "JCP&L", "LATITUDE": 40.6163, "LONGITUDE": -75.157563, "SHAPE_Length": 7477.12406884988, "SHAPE_Area": 1008512.556444005, "GLOBALID": "{A92DA23D-594C-4349-8984-82F11C596413}"}}, {"type": "Feature", "id": 267, "geometry": {"type": "Polygon", "coordinates": [[[-74.71155986486224, 40.885773853120945], [-74.71469490911531, 40.88435031464437], [-74.71599573420586, 40.88370453916549], [-74.71648030352435, 40.88307219771334], [-74.71693280765606, 40.882237379333674], [-74.7170251234272, 40.8816653417001], [-74.71644168949678, 40.880856297301875], [-74.71576625567916, 40.88071459678777], [-74.71416509158377, 40.88069375329037], [-74.71262747862065, 40.88091104713796], [-74.71167049399794, 40.88107960104529], [-74.71099870007761, 40.88208159402013], [-74.71056178203615, 40.88290444690351], [-74.71015662537768, 40.883846378449604], [-74.71011134093555, 40.88441832474069], [-74.71005024477728, 40.8849545582731], [-74.71055442910577, 40.88553741646512], [-74.71110465686299, 40.885786601022474], [-74.71155986486224, 40.885773853120945]]]}, "properties": {"OBJECTID": 267, "COMPNAME": "MOUNT OLIVE SOLAR_NJR CLEAN ENERGY VENTURES III CORPORATION", "CUSTOMERTYPE": "Commercial", "SYSTEMSIZE": 25612.2, "YEAR": 2023, "SA_SUBSECTION": "t", "ACREAGE": 55.38661245, "ACCOUNT_NUMBER": "NJSTRE1545895658", "INSTALLADD": "149 GOLD MINE RD.", "INSTALLCITY": "MOUNT OLIVE", "STATE": "NJ", "EDC": "JCP&L", "LATITUDE": 40.883044, "LONGITUDE": -74.71318099999999, "SHAPE_Length": 5977.513309995171, "SHAPE_Area": 2412631.1879171147, "GLOBALID": "{EBAE30E8-4069-4692-BBF8-891D4788B713}"}}, {"type": "Feature", "id": 268, "geometry": {"type": "MultiPolygon", "coordinates": [[[[-74.77172406923366, 40.068771114390586], [-74.77156394995116, 40.06906699431165], [-74.7713786743374, 40.06927714131141], [-74.77090769057425, 40.069402164850416], [-74.7707466982337, 40.06947880042042], [-74.77058706342962, 40.06989859904377], [-74.77037760855032, 40.07027085170004], [-74.7703414415314, 40.07053784331046], [-74.77057839025647, 40.07084232692975], [-74.77105059367128, 40.071022338677736], [-74.77157224058017, 40.07115457060485], [-74.77189506478533, 40.07121100778992], [-74.77224198360457, 40.071086271879494], [-74.77241458808015, 40.07080942656385], [-74.77246125551271, 40.07006578962462], [-74.77255751292356, 40.06931250351256], [-74.77264360344739, 40.06912165290091], [-74.77248143625988, 40.06890278917932], [-74.77199660916423, 40.06866561840837], [-74.77185982771508, 40.06858968024033], [-74.77172406923366, 40.068771114390586]]], [[[-74.77396993742751, 40.067261492575525], [-74.7740929100769, 40.06776165293898], [-74.77391811555087, 40.068262517546785], [-74.77376121367195, 40.068584607020654], [-74.77358509893838, 40.068756606300866], [-74.77339962078186, 40.068914328802926], [-74.77422808539538, 40.068983863745196], [-74.7749540774102, 40.06902503880255], [-74.77508233967733, 40.06852428320071], [-74.77508064295192, 40.068102478394145], [-74.77526545315686, 40.06778032080663], [-74.77540350544783, 40.06740107964348], [-74.77518876749198, 40.067222857330975], [-74.77453697725224, 40.06711716416522], [-74.77412743711794, 40.06708953671865], [-74.77396993742751, 40.067261492575525]]], [[[-74.77288383550578, 40.06713834732776], [-74.77271105205347, 40.06736753190402], [-74.77238980202482, 40.06770192183191], [-74.77228022696521, 40.06822646163287], [-74.77221948191624, 40.068550706096175], [-74.7723635772557, 40.068710630945375], [-74.77265487044204, 40.06883565431574], [-74.77312649430166, 40.0688726730026], [-74.77344786053386, 40.068566878031895], [-74.77378128747155, 40.06817526202453], [-74.77387943656805, 40.06789859032971], [-74.7738409941855, 40.06759364426974], [-74.77376540787658, 40.06730785076958], [-74.7734669569079, 40.06713697235015], [-74.77288383550578, 40.06713834732776]]]]}, "properties": {"OBJECTID": 268, "COMPNAME": "FLORENCE LANDFILL, LLC ", "CUSTOMERTYPE": "Commercial", "SYSTEMSIZE": 7315.2, "YEAR": 2022, "SA_SUBSECTION": "t", "ACREAGE": 19.54941892, "ACCOUNT_NUMBER": "NJSTRE1547145400", "INSTALLADD": "RECOVERY BLVD", "INSTALLCITY": "FLORENCE", "STATE": "NJ", "EDC": "PSE&G", "LATITUDE": 40.06928855, "LONGITUDE": -74.77245602, "SHAPE_Length": 6477.373301282021, "SHAPE_Area": 851569.2817021586, "GLOBALID": "{0AB6B139-4B15-4E65-AE4D-E0D79E3201ED}"}}, {"type": "Feature", "id": 269, "geometry": {"type": "MultiPolygon", "coordinates": [[[[-75.01909582477263, 39.779115902343925], [-75.01813941589619, 39.77926316866179], [-75.01738287363798, 39.7792903759128], [-75.01727593037754, 39.779445761067805], [-75.01726200361624, 39.77964839571496], [-75.01737198099391, 39.77989814218871], [-75.01771289702629, 39.78005153031309], [-75.01813130009621, 39.780240319606804], [-75.01861147959461, 39.7804288313383], [-75.01907577048989, 39.7805578319823], [-75.01927770112698, 39.780711837034424], [-75.01996008918633, 39.78109009468938], [-75.02031717844434, 39.78133873087915], [-75.02115509521275, 39.78185927637197], [-75.02169706969615, 39.782047497728115], [-75.02197379932929, 39.7818794290283], [-75.02204939783513, 39.78166460048753], [-75.02192152645756, 39.7810932062622], [-75.02159172160768, 39.78036781117948], [-75.0212617439572, 39.77961858376691], [-75.02040867976994, 39.77913385481602], [-75.0198365624812, 39.77904109058746], [-75.01909582477263, 39.779115902343925]]], [[[-75.0230068422144, 39.77961073253417], [-75.02311747178122, 39.77994388280103], [-75.02342643041592, 39.779954405788935], [-75.023345151639, 39.779418550928476], [-75.02326396441035, 39.778894611579496], [-75.02319993589403, 39.77859699941532], [-75.02284501468962, 39.778634347020464], [-75.02262980237022, 39.77876639274777], [-75.02264858057545, 39.77920720140638], [-75.0227266082091, 39.77931409427964], [-75.02295798681129, 39.77927730379601], [-75.0230068422144, 39.77961073253417]]]]}, "properties": {"OBJECTID": 269, "COMPNAME": "SYCARPA GEMS,LLC", "CUSTOMERTYPE": "Commercial", "SYSTEMSIZE": 4499.91, "YEAR": 2022, "SA_SUBSECTION": "t", "ACREAGE": 18.86079085, "ACCOUNT_NUMBER": "NJSTRE1545349989", "INSTALLADD": "DIXON RD", "INSTALLCITY": "GLOUCESTER", "STATE": "NJ", "EDC": "ACE", "LATITUDE": 39.78037622, "LONGITUDE": -75.02015493, "SHAPE_Length": 5092.89173031672, "SHAPE_Area": 821572.7629397535, "GLOBALID": "{42386A2A-25E1-49F0-AA3E-268BC3320A32}"}}, {"type": "Feature", "id": 270, "geometry": {"type": "Polygon", "coordinates": [[[-75.03756162515526, 39.98609841510325], [-75.03788201675407, 39.98586814910959], [-75.03743232955203, 39.98541267581382], [-75.0370254206941, 39.985671938922586], [-75.03710081587194, 39.98580504435691], [-75.03694039528632, 39.985891579977334], [-75.03723996203729, 39.98616663387841], [-75.03742501700795, 39.98606091865952], [-75.03756162515526, 39.98609841510325]]]}, "properties": {"OBJECTID": 270, "COMPNAME": "EPP RENEWABLE ENERGY, LLC", "CUSTOMERTYPE": "Government Facility", "SYSTEMSIZE": 232.56, "YEAR": 2021, "SA_SUBSECTION": "t", "ACREAGE": 0.90879496, "ACCOUNT_NUMBER": "NJSTRE1545780995", "INSTALLADD": "9600 RIVER ROAD", "INSTALLCITY": "PENNSAUKEN", "STATE": "NJ", "EDC": "PSE&G", "LATITUDE": 39.98728652, "LONGITUDE": -75.03815874, "SHAPE_Length": 822.9631713441511, "SHAPE_Area": 39586.95023099858, "GLOBALID": "{D19C827C-8AFA-4938-82BE-F3D8B1BC74D8}"}}, {"type": "Feature", "id": 271, "geometry": {"type": "MultiPolygon", "coordinates": [[[[-75.15015238062907, 40.617612880742904], [-75.14979702698695, 40.617729257665616], [-75.14952921307975, 40.618166826582474], [-75.14926146491375, 40.61861154304637], [-75.14917925281475, 40.61884075921602], [-75.14894081807772, 40.6194068356819], [-75.14884011887912, 40.61966474970937], [-75.14871016980223, 40.619808450948796], [-75.14894586787895, 40.61992865234198], [-75.14909672339276, 40.620006438757294], [-75.14944416321735, 40.620040228304994], [-75.14980036088843, 40.62000963047779], [-75.1504379853539, 40.61997744690642], [-75.15120603931294, 40.61985159314854], [-75.15177674474509, 40.61969110539526], [-75.1524120701084, 40.61942302137523], [-75.15279424834743, 40.61917066213664], [-75.15272628679118, 40.61893514371182], [-75.1526586039989, 40.618728217911254], [-75.15260120664128, 40.61861416525839], [-75.15227982902027, 40.618365781109986], [-75.15200361954454, 40.617938426978235], [-75.15175882039627, 40.61784687739776], [-75.15129826830578, 40.61775654420553], [-75.15084675114669, 40.61763041543614], [-75.15056443242433, 40.617539074746645], [-75.15015238062907, 40.617612880742904]]], [[[-75.15498874862226, 40.61813599281682], [-75.15454022217723, 40.61831724975288], [-75.15435351562265, 40.61841123906486], [-75.15468581705166, 40.618816823864464], [-75.15477275626812, 40.619073679219525], [-75.15461432985886, 40.61918180573031], [-75.15420241211298, 40.61926992253167], [-75.15369717292299, 40.619408606048545], [-75.15318262040572, 40.61955448859141], [-75.15277202051429, 40.6197784155035], [-75.15274533909952, 40.61992868609094], [-75.15303983625391, 40.62030589494674], [-75.15315303422544, 40.620369591854846], [-75.15334128011115, 40.620432864119564], [-75.15545438989614, 40.619706034628386], [-75.15614549573812, 40.619387573582976], [-75.15526953913813, 40.61807006295648], [-75.15498874862226, 40.61813599281682]]]]}, "properties": {"OBJECTID": 271, "COMPNAME": "NJR CLEAN ENERGY VENTURES - HOLLAND SOLAR FARM", "CUSTOMERTYPE": "Commercial", "SYSTEMSIZE": 8010.95, "YEAR": 2022, "SA_SUBSECTION": "t", "ACREAGE": 23.85407738, "ACCOUNT_NUMBER": "NJSTRE1546752491", "INSTALLADD": "10 MILL RD", "INSTALLCITY": "HOLLAND", "STATE": "NJ", "EDC": "JCP&L", "LATITUDE": 40.61540906, "LONGITUDE": -75.15696201, "SHAPE_Length": 6105.200327430569, "SHAPE_Area": 1039079.4542200973, "GLOBALID": "{2C98E5C7-3527-49F7-8244-308E409B91F7}"}}, {"type": "Feature", "id": 272, "geometry": {"type": "Polygon", "coordinates": [[[-74.88067210023175, 40.05775938104846], [-74.88274424911444, 40.05645853033014], [-74.88128043037887, 40.05506209315188], [-74.8792083747959, 40.05637721628499], [-74.88067210023175, 40.05775938104846]]]}, "properties": {"OBJECTID": 272, "COMPNAME": "STAG INDUSTRIAL", "CUSTOMERTYPE": "Commercial", "SYSTEMSIZE": 4779, "YEAR": 2020, "SA_SUBSECTION": "r", "ACREAGE": 11.2196374, "ACCOUNT_NUMBER": "NJSTRE1545516217", "INSTALLADD": "6 CAMPUS DRIVE", "INSTALLCITY": "BURLINGTON", "STATE": "NJ", "EDC": "PSE&G", "LATITUDE": 40.05674, "LONGITUDE": -74.880898, "SHAPE_Length": 2803.467882097322, "SHAPE_Area": 488725.4503016722, "GLOBALID": "{BD1D823B-5B89-4D6F-9AD3-A8509C52F651}"}}, {"type": "Feature", "id": 273, "geometry": {"type": "Polygon", "coordinates": [[[-74.42347383733528, 40.31630429241911], [-74.42359380100103, 40.31620786009614], [-74.42358913133681, 40.31620785701204], [-74.4237526660772, 40.316122176804924], [-74.42395818718, 40.31607226901306], [-74.42417777290815, 40.31597232701312], [-74.42431328050233, 40.315893776646554], [-74.42457482821798, 40.31585105340568], [-74.42475695210376, 40.31584402298962], [-74.4255183860852, 40.31558715137612], [-74.42602755817322, 40.31541947633784], [-74.42610704674503, 40.31532301550603], [-74.42621925339132, 40.31519797944909], [-74.42634077549289, 40.31509439624162], [-74.4264903030792, 40.315001554217446], [-74.42667718299042, 40.314912310182564], [-74.42685937741467, 40.31483736090268], [-74.42693881403994, 40.31478736802347], [-74.42701825439619, 40.31473380058645], [-74.42715836817294, 40.31470886735295], [-74.42736852141194, 40.31468755244677], [-74.42734527321481, 40.314594600712844], [-74.42733612950543, 40.314412295198295], [-74.42727555584625, 40.31429072395291], [-74.42722430610371, 40.314183456561004], [-74.42716365220151, 40.31413694981906], [-74.42713106928403, 40.31404041765045], [-74.42713588094634, 40.31390816397168], [-74.42708469322488, 40.31374370445747], [-74.42701483936155, 40.31356850962422], [-74.42693566617866, 40.313375436328286], [-74.42685643174302, 40.31323955503116], [-74.42677243551336, 40.31318945881072], [-74.42673047607583, 40.31312866564033], [-74.42669321321691, 40.31304285388655], [-74.42668867518904, 40.312921317798], [-74.42660013387959, 40.31275683436584], [-74.42652551214827, 40.31267457335125], [-74.42651160074836, 40.31258520185347], [-74.42650240529386, 40.312452939269846], [-74.4264651547247, 40.31235640392059], [-74.42642325426459, 40.312241993067104], [-74.42632532134404, 40.31212754652785], [-74.42623203479438, 40.31203454990733], [-74.42583038625308, 40.31210935775642], [-74.42551273081833, 40.312234261412144], [-74.42547995079006, 40.31232002846313], [-74.42547985256758, 40.31240939106565], [-74.42557311897951, 40.31252026080631], [-74.42567109430297, 40.31259538843028], [-74.42553090975247, 40.31268823544971], [-74.42538611833211, 40.31272388722437], [-74.42520848698408, 40.31289892333968], [-74.42499824766676, 40.313002447917945], [-74.4237835936115, 40.31353425550398], [-74.42358738681419, 40.3136127652086], [-74.42349233438455, 40.3137068310422], [-74.42347383733528, 40.31630429241911]]]}, "properties": {"OBJECTID": 273, "COMPNAME": "MONROE SOLAR FARM, LLC - HISTORIC FILL", "CUSTOMERTYPE": "Commercial", "SYSTEMSIZE": 12021.300000000001, "YEAR": 2020, "SA_SUBSECTION": "t", "ACREAGE": 22.74106908, "ACCOUNT_NUMBER": "NJSTRE1545516220", "INSTALLADD": "335 HOFFMAN STATION ROAD", "INSTALLCITY": "MONROE TWP", "STATE": "NJ", "EDC": "JCP&L", "LATITUDE": 40.314257, "LONGITUDE": -74.42221099999999, "SHAPE_Length": 4367.590940093871, "SHAPE_Area": 990597.0067130546, "GLOBALID": "{2A7B44B1-F0F8-4172-9F67-4A381E9E7F4F}"}}, {"type": "Feature", "id": 274, "geometry": {"type": "Polygon", "coordinates": [[[-74.42347383733528, 40.31630429241907], [-74.42349233438455, 40.313706831042154], [-74.42349236800023, 40.313677043516186], [-74.42336028803308, 40.31348035827423], [-74.42311936954965, 40.31318232292863], [-74.42297146960684, 40.31321201210171], [-74.42123502576331, 40.31403893678357], [-74.42126605207733, 40.314128320540355], [-74.42139024795452, 40.31440840791757], [-74.42151445865072, 40.31467658014106], [-74.4216231257346, 40.31492686916487], [-74.42252414696225, 40.316470470519135], [-74.42285881430095, 40.316464736648776], [-74.42347383733528, 40.31630429241907]]]}, "properties": {"OBJECTID": 274, "COMPNAME": "MONROE SOLAR FARM, LLC - LANDFILL", "CUSTOMERTYPE": "Commercial", "SYSTEMSIZE": 2677.32, "YEAR": 2020, "SA_SUBSECTION": "t", "ACREAGE": 11.70055567, "ACCOUNT_NUMBER": "NJSTRE1545516223", "INSTALLADD": "335 HOFFMAN STATION ROAD", "INSTALLCITY": "MONROE TWP", "STATE": "NJ", "EDC": "JCP&L", "LATITUDE": 40.314257, "LONGITUDE": -74.42221099999999, "SHAPE_Length": 3009.7005973547266, "SHAPE_Area": 509674.16645784036, "GLOBALID": "{9DD44EF7-5C2A-4072-BF2A-D2EB4D703DD8}"}}, {"type": "Feature", "id": 275, "geometry": {"type": "Polygon", "coordinates": [[[-74.35089689748615, 40.06572745027885], [-74.35113911824814, 40.06559430786073], [-74.35132568434781, 40.06538006794553], [-74.35173003603744, 40.06485630292366], [-74.35213442274168, 40.06431347163805], [-74.34868889508978, 40.06274570541619], [-74.34845919143807, 40.06283119702611], [-74.34844653183418, 40.06294556957041], [-74.34850213793793, 40.06304573275848], [-74.34870046835843, 40.063122251327016], [-74.3486071053204, 40.0632651157389], [-74.34871227367367, 40.06339394084693], [-74.34879884353772, 40.06351797537422], [-74.34905900728693, 40.063685132031736], [-74.34927572910996, 40.06386176401761], [-74.34936845128634, 40.064009637172575], [-74.34954795573164, 40.06418622024655], [-74.34964084657787, 40.06425783401026], [-74.3498636703182, 40.06448213491356], [-74.34978892803093, 40.06462025816183], [-74.349484937801, 40.06463416226944], [-74.34938547602806, 40.0647293572363], [-74.34970116098886, 40.06503957091359], [-74.34986805315722, 40.06531146131463], [-74.34988633877597, 40.065459237538185], [-74.3503515666456, 40.06546937181121], [-74.35062429400857, 40.06556981418392], [-74.35077301785647, 40.065641498996996], [-74.35089689748615, 40.06572745027885]]]}, "properties": {"OBJECTID": 275, "COMPNAME": "JACKSON TOWNSHIP", "CUSTOMERTYPE": "Government Facility", "SYSTEMSIZE": 3981.6, "YEAR": 2022, "SA_SUBSECTION": "t", "ACREAGE": 11.01791073, "ACCOUNT_NUMBER": "NJSTRE1545349988", "INSTALLADD": "LAKEHURST AVENUE AND DOROTHYS LANE", "INSTALLCITY": "JACKSON", "STATE": "NJ", "EDC": "JCP&L", "LATITUDE": 40.0646634, "LONGITUDE": -74.35041183, "SHAPE_Length": 3393.8267900999945, "SHAPE_Area": 479938.2716007879, "GLOBALID": "{027392ED-828F-4EB5-933B-9EF5094BEC90}"}}, {"type": "Feature", "id": 276, "geometry": {"type": "Polygon", "coordinates": [[[-74.62394392599663, 40.93195389906592], [-74.6239941239323, 40.93191572113888], [-74.62408836973205, 40.931910854262355], [-74.6241638984014, 40.93197748988916], [-74.62432728232643, 40.93198207934018], [-74.62446548693968, 40.931962868266105], [-74.62453442814815, 40.931867483931015], [-74.62457182567665, 40.93170541670278], [-74.62440821000129, 40.93157692497205], [-74.6240625933146, 40.931567766347435], [-74.6239305394523, 40.9315154878997], [-74.62386753425065, 40.931425011185354], [-74.62379201540381, 40.931363140842585], [-74.62357212507773, 40.93138243867796], [-74.62336485500522, 40.93143031556553], [-74.62306330400791, 40.93146399625215], [-74.62276155864718, 40.9313928354577], [-74.62245377669966, 40.93145511415662], [-74.62225922214456, 40.93158398897385], [-74.62191438533259, 40.93199895215316], [-74.62187696362982, 40.932151487549476], [-74.62186488665282, 40.93241836801967], [-74.62197832623772, 40.93259933686947], [-74.6221295214774, 40.93280885858534], [-74.62224916714516, 40.932946931135035], [-74.62241281721607, 40.93309448783866], [-74.62272704047824, 40.93311321580794], [-74.6230473708442, 40.93303662652289], [-74.62394392599663, 40.93195389906592]]]}, "properties": {"OBJECTID": 276, "COMPNAME": "BOROUGH OF MOUNT ARLINGTON", "CUSTOMERTYPE": "Government Facility", "SYSTEMSIZE": 2257.35, "YEAR": 2022, "SA_SUBSECTION": "t", "ACREAGE": 6.51071257, "ACCOUNT_NUMBER": "NJSTRE1545349990", "INSTALLADD": "BERKSHIRE AVENUE", "INSTALLCITY": "MOUNT ARLINGTON", "STATE": "NJ", "EDC": "JCP&L", "LATITUDE": 40.93215149, "LONGITUDE": -74.62305351, "SHAPE_Length": 2251.619078173569, "SHAPE_Area": 283605.5049188931, "GLOBALID": "{0DF59143-234A-4BEA-8AB6-EF45A117D195}"}}, {"type": "Feature", "id": 277, "geometry": {"type": "MultiPolygon", "coordinates": [[[[-74.23759189859408, 39.990272731994516], [-74.2435714009948, 39.9903099462809], [-74.24362464552357, 39.98849888231518], [-74.24416682253299, 39.988500080266746], [-74.24421791664156, 39.987260963075705], [-74.23851746269335, 39.98723632789223], [-74.23854381027503, 39.98845178584726], [-74.23811020566907, 39.98841505994497], [-74.23809926525034, 39.987223468050786], [-74.23761910608081, 39.987210466457256], [-74.23759189859408, 39.990272731994516]]], [[[-74.23036857445096, 39.979539184472976], [-74.2307077636436, 39.97954354767179], [-74.23070796009156, 39.97949350224031], [-74.23088453151877, 39.979493912311916], [-74.23088951467551, 39.97940813092931], [-74.23096850705853, 39.9794083142916], [-74.23097806661933, 39.97934041705712], [-74.23106635213745, 39.97934062192017], [-74.2310668706252, 39.97920835898479], [-74.23119704538186, 39.97919078739427], [-74.23120653465594, 39.97914076350784], [-74.23149466538416, 39.97913070716707], [-74.23148695159237, 39.97753994466544], [-74.23019991766996, 39.97752623207937], [-74.23020850778344, 39.97770498744372], [-74.23003660153131, 39.97770101250443], [-74.23003998209148, 39.9780227440307], [-74.22987732586333, 39.978029514518305], [-74.22989053357301, 39.97821543006434], [-74.22971861198022, 39.97821502932383], [-74.22972767972033, 39.978272245778776], [-74.22957434412056, 39.97827188815799], [-74.22957382277256, 39.97840415109852], [-74.22941581214026, 39.97841093177477], [-74.22941406387353, 39.97885419133086], [-74.22958129821988, 39.978865305709796], [-74.22958084732666, 39.97897969526837], [-74.22973412817863, 39.97899435158067], [-74.22973360712538, 39.97912661450644], [-74.22992410329555, 39.97913063321228], [-74.22993287580712, 39.97926291778924], [-74.23009086022707, 39.979263285762734], [-74.23009987215713, 39.979334800874085], [-74.2302996621418, 39.97933884060276], [-74.23030402768843, 39.979410344886716], [-74.23036446172704, 39.9794033360676], [-74.23036857445096, 39.979539184472976]]], [[[-74.23854749606836, 39.98565637718274], [-74.24174464008412, 39.985668310917504], [-74.24174163850786, 39.98481990798114], [-74.23853214209437, 39.98480794633651], [-74.23854749606836, 39.98565637718274]]], [[[-74.23229535229419, 39.979469534762806], [-74.23181202977155, 39.97948748263267], [-74.23181186207799, 39.97953037872071], [-74.23163836964494, 39.97953474346507], [-74.23165055554819, 39.97958720070221], [-74.23148325846039, 39.97959157955655], [-74.23148923009698, 39.9796487886895], [-74.23134050069454, 39.9796579766219], [-74.23133355855126, 39.97984861152689], [-74.23116627948588, 39.97984822368987], [-74.23118380148613, 39.980119941982586], [-74.23134486700333, 39.98012508166867], [-74.23135033460926, 39.98031097904597], [-74.23149279524343, 39.980320841680225], [-74.2314985244334, 39.98044001181063], [-74.23164719957789, 39.980445122375755], [-74.23164697584143, 39.98050231714949], [-74.23180179081186, 39.98052174055334], [-74.23179537161647, 39.98057892099176], [-74.23198741620044, 39.980584131461086], [-74.23197482018271, 39.980636531352864], [-74.23227217142434, 39.98064675107335], [-74.23229696867837, 39.98064299532549], [-74.23229100558596, 39.98058340312575], [-74.2324738033104, 39.980576675747365], [-74.2324711702041, 39.98045751281209], [-74.23261988262014, 39.98045308966692], [-74.2326232033306, 39.98039590203376], [-74.23324899309912, 39.98038781128177], [-74.23324926183224, 39.980318700919696], [-74.2335528630066, 39.980314632913064], [-74.23355308515256, 39.980257438128625], [-74.23388461597753, 39.98024056450801], [-74.23386848848662, 39.97960661291861], [-74.23358970948101, 39.97960120625703], [-74.23357186339628, 39.97941051423029], [-74.23229561267982, 39.979402807511285], [-74.23229535229419, 39.979469534762806]]], [[[-74.23346822774877, 39.9821651824526], [-74.23355454218137, 39.98227500517072], [-74.23367224276116, 39.98228004193687], [-74.23372154967076, 39.98234688303695], [-74.23419860379929, 39.98235274422392], [-74.2342115862638, 39.98220025325731], [-74.23429214927923, 39.98219567168603], [-74.2342876336128, 39.98176193046921], [-74.23446111308286, 39.98176232801034], [-74.23445545244903, 39.98162409311131], [-74.23546540396563, 39.98161210356119], [-74.23547183858405, 39.98155015668832], [-74.2358002461723, 39.981541373135734], [-74.23580314649912, 39.98078830845111], [-74.23561110101897, 39.980783104301004], [-74.23560567694433, 39.980582908404195], [-74.23476313210163, 39.980566684728444], [-74.23476848000404, 39.98078594558563], [-74.23450201355068, 39.98079963438398], [-74.2343282780936, 39.980865964158376], [-74.23432169483699, 39.9809660408262], [-74.23417294446728, 39.980979998614465], [-74.23419053404912, 39.98123741774502], [-74.23404178306491, 39.98125137536229], [-74.23399207001422, 39.98128939147869], [-74.23389906127257, 39.9813082430939], [-74.23386760223607, 39.98143209398688], [-74.23371259959409, 39.981460335648045], [-74.23368731732519, 39.98158896695149], [-74.23345802163256, 39.98160273873848], [-74.23346338394487, 39.9818172333725], [-74.23329606298776, 39.98182638105474], [-74.23328281911516, 39.982045599149295], [-74.23345012208833, 39.98204121771884], [-74.23346822774877, 39.9821651824526]]], [[[-74.23608210338621, 39.98209078210755], [-74.2359194541148, 39.98209339058688], [-74.23592310855307, 39.9821499984073], [-74.23561331051879, 39.98215227112644], [-74.23560920855522, 39.98221184018482], [-74.23529936425562, 39.982226027641914], [-74.23528751733583, 39.98228557900126], [-74.23509386585422, 39.98229407335887], [-74.23509362426965, 39.982356630140075], [-74.23479544231714, 39.982358927218826], [-74.2347952234939, 39.9824155262094], [-74.23464031810687, 39.982418150610265], [-74.23461464073795, 39.98304962295037], [-74.23481207465754, 39.98306496941233], [-74.23478455333492, 39.9831721475731], [-74.23469545381589, 39.98318088043476], [-74.23469102837576, 39.983323858472396], [-74.2350240430907, 39.98332759913965], [-74.23519472761323, 39.98325053727345], [-74.23573071324522, 39.98283769058222], [-74.23593261551213, 39.982698141459956], [-74.23607227273544, 39.982632923284065], [-74.23621575622784, 39.98257962932866], [-74.23622841568566, 39.98230857636038], [-74.23628266281737, 39.9822997630296], [-74.23627205364346, 39.98203759386457], [-74.23607458795541, 39.98203118657956], [-74.23608210338621, 39.98209078210755]]], [[[-74.2414267216884, 39.98699858308358], [-74.24246847551652, 39.98699494451213], [-74.24247268118958, 39.98587488037609], [-74.24188405447629, 39.98587357109218], [-74.24189531338604, 39.98596892157363], [-74.24143837502521, 39.985961945349345], [-74.2414267216884, 39.98699858308358]]], [[[-74.23450378440043, 39.98034207609549], [-74.23578626689824, 39.98034500644762], [-74.23578949766923, 39.97950614940479], [-74.23450704929854, 39.97949845290616], [-74.23450378440043, 39.98034207609549]]], [[[-74.2364442939268, 39.982562275663106], [-74.23694381636581, 39.982566389285275], [-74.2369440448411, 39.982506811391715], [-74.23743199546973, 39.9824989809654], [-74.23742092575813, 39.98235596769702], [-74.2372699043406, 39.98235562548992], [-74.23726624878064, 39.98229901771036], [-74.23709977237807, 39.98228970348772], [-74.23709616262991, 39.9822211801231], [-74.23694903669613, 39.982214888491924], [-74.23693765959014, 39.982152305336065], [-74.23678666148774, 39.98214600471105], [-74.236790773855, 39.98208345671209], [-74.23644229863358, 39.98207372813207], [-74.2364442939268, 39.982562275663106]]], [[[-74.23754972469196, 39.98310396844686], [-74.23789437846563, 39.98310176937856], [-74.23788897856602, 39.98248809954256], [-74.23753660596842, 39.982484323279145], [-74.23754972469196, 39.98310396844686]]]]}, "properties": {"OBJECTID": 277, "COMPNAME": "TOMS RIVER MERCHANT SOLAR, LLC", "CUSTOMERTYPE": "Commercial", "SYSTEMSIZE": 27342.12, "YEAR": 2021, "SA_SUBSECTION": "t", "ACREAGE": 77.43593919, "ACCOUNT_NUMBER": "NJSTRE1545096843", "INSTALLADD": "227 OAK RIDGE PARKWAY", "INSTALLCITY": "TOMS RIVER", "STATE": "NJ", "EDC": "JCP&L", "LATITUDE": 39.9828997, "LONGITUDE": -74.23542875, "SHAPE_Length": 22750.748824930695, "SHAPE_Area": 3373096.0186187276, "GLOBALID": "{F6C9E813-CE98-498C-B40F-4AF8E6A2EB5A}"}}, {"type": "Feature", "id": 278, "geometry": {"type": "Polygon", "coordinates": [[[-74.6763305023924, 40.9264537100655], [-74.6765657101439, 40.92629966285361], [-74.67650418363698, 40.92619968158564], [-74.67639066983295, 40.92604259383865], [-74.67624910119878, 40.925967753704434], [-74.67599939660617, 40.92598600570644], [-74.67572622502955, 40.92604003416815], [-74.67542476968745, 40.92609053088966], [-74.67512807337664, 40.92615889021358], [-74.6748454851527, 40.926216505012334], [-74.6745439625009, 40.926241980667335], [-74.6742048161126, 40.92629610536676], [-74.67395532527513, 40.92639655746088], [-74.67375774431827, 40.92652552379434], [-74.67364489135855, 40.926618620997075], [-74.67356980238922, 40.926736680115425], [-74.67354190226277, 40.926879687037975], [-74.67354694190614, 40.927004773765056], [-74.67381088180075, 40.92702224685023], [-74.67398523976578, 40.92702198391128], [-74.67474820235525, 40.926852846443225], [-74.67527568504332, 40.92673767393976], [-74.67595384728138, 40.92657937972377], [-74.6761468826113, 40.92651475079581], [-74.6763305023924, 40.9264537100655]]]}, "properties": {"OBJECTID": 278, "COMPNAME": "HOPATCONG LANDFILL", "CUSTOMERTYPE": "Government Facility", "SYSTEMSIZE": 1538.46, "YEAR": 2022, "SA_SUBSECTION": "t", "ACREAGE": 3.9324116399999998, "ACCOUNT_NUMBER": "NJSTRE1545516221", "INSTALLADD": "DURBAN AND FLORA AVENUES", "INSTALLCITY": "HOPATCONG", "STATE": "NJ", "EDC": "JCP&L", "LATITUDE": 40.926618, "LONGITUDE": -74.67488573, "SHAPE_Length": 1962.3670976846042, "SHAPE_Area": 171295.16601488527, "GLOBALID": "{5F4B929F-AED3-4562-9107-BCF833400EFD}"}}, {"type": "Feature", "id": 279, "geometry": {"type": "Polygon", "coordinates": [[[-74.98412445763432, 39.702782426612494], [-74.9865921099297, 39.70139002233754], [-74.98655925006294, 39.70128384546256], [-74.98569764198056, 39.700755879814785], [-74.98538466947902, 39.700611891933086], [-74.9849992153108, 39.70059932730756], [-74.98473911289997, 39.700798867349846], [-74.98465551865338, 39.70130952631173], [-74.98445448172198, 39.70142731130156], [-74.98427196797958, 39.70156982542402], [-74.98419536528856, 39.70176859875977], [-74.9840354417318, 39.70186140483357], [-74.98391296149117, 39.70206036921401], [-74.98383117562031, 39.70217411224353], [-74.98375846584665, 39.702273642125014], [-74.98370452717793, 39.702433338683655], [-74.98374670707918, 39.70256074043651], [-74.98384411274724, 39.70271271878667], [-74.98400527637791, 39.7027970987458], [-74.98412445763432, 39.702782426612494]]]}, "properties": {"OBJECTID": 279, "COMPNAME": "NJR CLEAN ENERGY VENTURES III CORPORATION", "CUSTOMERTYPE": "Commercial", "SYSTEMSIZE": 2259.9, "YEAR": 2025, "SA_SUBSECTION": null, "ACREAGE": 7.00599725, "ACCOUNT_NUMBER": "NJSTRE1548368116", "INSTALLADD": "739 SICKLERVILLE RD", "INSTALLCITY": "WILLIAMSTOWN", "STATE": "NJ", "EDC": "ACE", "LATITUDE": 39.701777, "LONGITUDE": -74.984762, "SHAPE_Length": 2414.2671491094643, "SHAPE_Area": 305181.240008027, "GLOBALID": "{431E63F2-322E-48B9-8389-A2E02BC399D1}"}}, {"type": "Feature", "id": 280, "geometry": {"type": "Polygon", "coordinates": [[[-74.89572814249294, 39.81876034072076], [-74.8948059062983, 39.818751564201484], [-74.89457970526382, 39.81883576152416], [-74.89435377615716, 39.81896763053861], [-74.89417418971028, 39.819095368928465], [-74.8939639412591, 39.81926691145427], [-74.8938096362403, 39.8193111355856], [-74.89367634633781, 39.81942679779172], [-74.8935794814447, 39.81960590036105], [-74.89349344089514, 39.81987633948339], [-74.89340179473757, 39.82006734245559], [-74.89335597146992, 39.820162843913096], [-74.89337757567425, 39.820337571842956], [-74.89347105747802, 39.8204683557412], [-74.89355414515934, 39.82058328380245], [-74.89372474777764, 39.8206859965996], [-74.89404995414418, 39.82079612968607], [-74.89427668443115, 39.82080330494709], [-74.89444131904071, 39.82076301783905], [-74.89468300503307, 39.82068274088418], [-74.89491422744781, 39.82057468976526], [-74.8951140144193, 39.82037537190324], [-74.8952727445072, 39.82020400284636], [-74.89548741565565, 39.81990531477459], [-74.89559925317788, 39.81964273174202], [-74.89571193291913, 39.81952713762838], [-74.89571529621746, 39.81936803730965], [-74.89572293231991, 39.8190068104316], [-74.89572814249294, 39.81876034072076]]]}, "properties": {"OBJECTID": 280, "COMPNAME": "NJR CLEAN ENERGY VENTURES", "CUSTOMERTYPE": "Commercial", "SYSTEMSIZE": 2772.77, "YEAR": 2023, "SA_SUBSECTION": null, "ACREAGE": 8.00351453, "ACCOUNT_NUMBER": "NJCSRE1556308427", "INSTALLADD": "KETTLE RUN ROAD", "INSTALLCITY": "EVESHAM", "STATE": "NJ", "EDC": "ACE", "LATITUDE": 39.819761, "LONGITUDE": -74.894579, "SHAPE_Length": 2264.2069698987207, "SHAPE_Area": 348633.0927734596, "GLOBALID": "{4860DD3D-49BA-4078-8EA4-BC5B1FF517E1}"}}]}