id,name,avg_revenue,avg_bills
1,City Print,3638217.11,3141876.93
2,Wawa,3289830.89,2464508.02
3,Brigantine Freshery,1580915.5,1484637.94
4,Ocean Beverage,4657422.64,2994408.06
5,Staples,2701335.74,1985963.89
6,Messaging Architects,3625949.37,3272977.62
7,ShopRite,4023723.8,2582152.34
8,New Jersey DMV,4388819.89,3825448.6
9,Target,88074.73,53320.94
10,BJ's Wholesale Club,912655.76,726628.7
11,Unnamed,544535.97,372366.43
12,Forman Mills,1505151.33,1053935.87
13,24/7 Convenience Store,1022320.51,958192.12
14,Kirkland's,2190155.03,1447093.76
15,Grocery Outlet,4306570.81,3367722.99
16,Pep Boys,2862150.15,1872616.67
17,Bennett Chevrolet,3672201.55,2874385.16
18,Ashton Marsh Elementary School,1325608.7,1255271.56
19,Emma Attales Middle School,1969509.49,1813362.52
20,Starbucks,2902437.81,2233255.91
21,Barnes & Noble,4376815.29,3738174.31
22,David's Bridal,2260361.56,1580509.74
23,Old Navy,1224025.03,1128820.35
24,Dick's Sporting Goods,3008967.73,2712044.78
25,McDonald's,4653266.56,3098296.22
26,Jiffly Lube,3181071.0,2755706.44
27,Canal's Discount Liquor,4900524.28,4109148.52
28,Miracle Dry Cleaners,979948.88,790535.72
29,Joe Canal's Discount Liquor,4831934.04,3296153.85
30,Dawes Avenue Elementary School,2624164.87,1725295.04
31,McNaughton's Garden Centre,3938493.08,3494868.96
32,Five Below,3513805.94,2971029.96
33,Advance Auto Parts,3323411.45,2639971.93
34,Big Lots,2816809.51,1817599.83
35,EZ Food Mart,2955575.09,1952253.15
36,Raymour & Flanigan,1246099.37,898727.09
37,La-Z-Boy,1734136.14,1402871.66
38,Acme,435662.69,324223.43
39,Lanoka Harbor Elementary School,1212103.53,1128398.19
40,Hebertsville Elementary School,3351984.31,2050750.06
41,Memorial Middle School,524519.31,422188.59
42,Ocean Road Elementary School,2593011.2,1675218.41
43,Point Pleasant Beach High School,1142068.3,872179.91
44,Veterans Memorial Middle School,79066.15,62136.65
45,Veterans Memorial Elementary School,1115153.16,682420.04
46,Nellie F Bennett Elementary School,989404.25,631068.13
47,Midstreams Elementary School,4946210.03,3771844.04
48,Saint Dominics School,4766054.24,2959325.7
49,Southard Elementary School,2949405.38,2356982.87
50,Saint Veronica Elementary School,3072086.54,2457388.47
51,Aldrich Elementary School,238790.06,173446.45
52,Princeton Avenue School,2686667.74,1932274.16
53,Sylvia Rosenauer Elementary School,1481042.41,1120089.22
54,Arthur Rann School,2230405.01,2037513.08
55,Township Middle School,403361.04,349870.31
56,Upper Township Primary School,3067696.41,2321888.44
57,New York Avenue School,4523970.06,3152327.14
58,Green Grove Elementary School,1199691.52,1050869.25
59,Asbury Park Middle School,2232639.42,1784891.76
60,Township School Number 1,3328311.98,2796553.79
61,Township School Number 5,2617967.97,2087535.23
62,Township School Number 9,153877.98,126388.68
63,Saint Peter School,2050307.82,1703905.83
64,Pine Acres Early Childhood Center School,4769104.38,3550886.02
65,Abram Morris Elementary School,3763907.72,2927888.66
66,Adams School,1608645.68,1342085.02
67,Albion School,3787451.96,3361953.31
68,Ernest J Finizio-Aldene Elementary School,4240094.53,2931504.51
69,Alfred Reed School,1085500.8,823009.65
70,Atlantic Rehabilitation Institute,2544034.26,2314716.87
71,Alpine Public School,897415.92,772542.32
72,Harrison Elementary School,4791174.29,3808976.68
73,Annunciation Regional School,2603457.42,2271261.09
74,Arbor Elementary School,3627525.56,2827694.51
75,Aronson Bell School,1659659.76,1340242.2
76,Assumption School,4527769.17,3999487.42
77,Wood-Ridge Intermediate School,1386081.72,927670.23
78,Augusta Elementary School,3378534.48,2749012.41
79,Bacon School,4025073.26,2881268.86
80,Bacons Neck School,543853.9,441480.92
81,Barber Avenue School,166056.09,114483.95
82,Barber Elementary School,4856311.08,3997611.15
83,Bates Mill School,1118790.43,1052140.78
84,Battin Middle School,3031565.14,2261245.16
85,Torey J Sabatini Elementary School,1913211.67,1467358.54
86,Beers School,2085633.02,1782617.55
87,Carrier Clinic,2471513.73,1949093.82
88,Bender Memorial Academy,3356914.13,2480477.69
89,Benedictine Academy,4169789.25,3607398.77
90,Bergen Square School,4279823.05,3342523.98
91,Berkley Street Elementary School,3018006.39,2649379.1
92,Berkeley Terrace Elementary School,527859.75,348858.54
93,Berlin Community Elementary School,3324888.5,2355918.24
94,Beth Israel School,196359.16,163707.9
95,Beth Shalom School,1732373.68,1524531.74
96,Bethlehem School,269145.18,190820.93
97,Billingsport Elementary School,4267021.16,2859503.19
98,Blessed Sacrament School,933508.76,777132.45
99,Bonnie Brae School,1376454.85,994735.94
100,Seth Boyden Elementary School,3394366.5,3057953.47
101,Bradley Elementary School,515868.3,435578.81
102,Bresinger School,3587786.86,2449972.51
103,Britt School,3142563.55,2114441.52
104,Broad Street School,3895426.23,3303651.25
105,Broadway School,1831670.06,1406892.39
106,Brookside Campus,1622741.15,1424470.55
107,Brookside School,646553.28,494224.1
108,Brown School,1536805.78,1114597.54
109,Bruce Street School,2219599.13,1491969.56
110,Bruriah School for Girls,4690180.22,3386421.26
111,Edward H Bryan Elementary School,2823880.9,1770440.04
112,Bryant Elementary School,3251573.38,2035982.99
113,Buffalo Avenue School,1998650.0,1398781.42
114,Burnet Hill Elementary School,4479367.35,3512924.23
115,Butler Avenue School,3750012.45,3352181.23
116,Richard E Byrd Elementary School,3902051.0,2958030.51
117,Calno School,2013556.81,1508017.71
118,Campbell School,2598033.83,2460978.85
119,Camplain Road School,678331.76,643779.64
120,Canton School,607014.11,404264.52
121,Cartaret Junior School,338555.5,281613.26
122,Cartaret Senior School,3606497.78,3372541.22
123,Catto Elementary School,914238.58,575072.16
124,Cecil School Number 8,1597996.3,1426688.02
125,Central Park Elementary School,2718051.48,2505707.09
126,Central School,603497.37,549883.97
127,Central Elementary School,4662369.83,3681820.62
128,Cherry Hill Elementary School,2240098.4,1891309.02
129,Cherry Hills School,227440.85,207981.83
130,Clara Barton Elementary School,2334621.02,1472767.88
131,Clayville School,2807868.39,1975897.45
132,Cleveland School,3733267.82,2796949.49
133,Cleveland Street School,77957.91,50399.23
134,Clinton Elementary School,1840708.82,1313274.43
135,Clara E Coleman Elementary School,2190632.38,1648640.12
136,College Of Saint Elizabeth,2798130.4,1827670.26
137,Collingswood Senior High School,4169238.34,3826531.91
138,G W Carver Institute,3368967.09,2877904.65
139,American Boychoir School,1235503.26,894229.0
140,Columbus Elementary School,3151378.13,2690072.35
141,Christopher Columbus Elementary School,2837332.96,2395259.51
142,Peterstown Elementary School,3433928.18,2824883.12
143,Calvin Coolidge Elementary School,2787508.87,2324661.3
144,Corpus Christi School,933307.67,767882.72
145,Covenant Nursery School,1684893.07,1340751.91
146,Mister Robert L Craig Elementary School,522837.23,381461.5
147,Cramer Elementary School,1560743.02,986396.09
148,Crescent Park School,3262688.31,2675545.98
149,Culver School,973040.93,737037.67
150,Cicely Tyson School of Performing and Fine Arts,985290.55,818601.45
151,Davis Elementary School,2307988.22,1762203.09
152,Jonathan Dayton High School,1919500.84,1735619.46
153,Charles DeWolf Middle School,1796649.77,1224962.34
154,Delaware Park School,4649073.19,3620023.83
155,Delaware Valley Junior Academy School,4656973.46,3262176.91
156,T Baldwin Demarest Elementary School,2081090.24,1953455.22
157,Doctor Mennies School,4781682.42,3283404.84
158,Don Bosco Technical School,1594272.02,989939.46
159,Don Bosco Prep,1299628.98,882055.71
160,Douglas College,167643.35,146520.91
161,Dwight-Englewood School,267445.21,223437.54
162,East End Elementary School,2795073.5,2110231.07
163,East Vineland School,1433051.36,1203986.95
164,Eastern Christian Institute,1620504.75,1141784.04
165,Edgarton Memorial Elementary School,2382365.65,1707094.98
166,Edgemont Elementary School,949406.9,637907.22
167,Edgewater Park School,982669.6,753987.77
168,Edison Middle School,3746490.9,2761838.44
169,Thomas A Edison Elementary School,4114120.2,2843793.56
170,Eldora School,4084341.82,3359275.65
171,Eleanor G Hewitt Elementary School,4519929.91,4220797.25
172,Elizabeth Haddon Elementary School,2912415.31,2502612.71
173,Westfield Board of Education,2140434.86,1561585.19
174,Langston Hughes School,83372.45,54298.08
175,Elsinboro School,697325.47,493502.86
176,Elsmere School,271792.44,238510.78
177,Emerson Elementary School,3570566.92,2566913.54
178,Luther Lee Emerson Elementary School,1348465.42,1015480.49
179,Epithany School,2376319.7,2203227.15
180,Evergreen Avenue Elementary School,588911.94,478980.09
181,Evergreen Elementary School,1943296.19,1699442.09
182,Fairmount School,2107763.21,1489064.2
183,Fairmount Elementary School,4965030.18,3084345.6
184,Fairview Elementary School,2644965.95,2093714.32
185,Yavneh Academy,1422380.46,1057960.37
186,Far Hills Country Day School,3444379.59,2672563.02
187,Field Street Elementary School,1569173.77,1424628.98
188,Fielding School (School District Offices),1614328.6,1404505.14
189,Fifty-Fourth Street School,406725.62,326902.47
190,George B Fine Elementary School,910770.24,639301.28
191,Fisk School,3495987.72,2159321.55
192,Fleetwood Elementary School,966362.96,866859.61
193,Florence Avenue Elementary School,3852248.61,3050610.15
194,Forest Street Elementary School,3302065.82,3097138.14
195,Benjamin Franklin Elementary School,2120891.83,1862677.34
196,Franklin School,1465118.58,1071785.92
197,Franklin Elementary School,3214687.71,2114554.29
198,Whitney E Houston Academy Elementary School,3918328.82,2481412.51
199,Freeman Elementary School,3641010.88,2549703.47
200,Ganter Avenue Elementary School,4923450.94,4415029.54
201,James A Garfield Elementary School,3900173.06,3210809.95
202,Garfield Elementary School,131937.72,113475.77
203,Lincoln Elementary School,848989.11,636510.31
204,Gateway Regional High School,1709637.84,1297015.66
205,George G White Elementary School,145429.94,135075.76
206,Gibbs School,3918236.27,3148883.52
207,Bertram F Gibbs Elementary School,4669585.25,3272583.66
208,Gilbert Avenue Elementary School,1461976.27,1065581.41
209,Glendola School,1544259.2,1023124.25
210,Godwin School,1449264.43,947497.5
211,Good Intent Elementary School,2062616.18,1789216.82
212,Grant School,1512936.53,1135124.74
213,Grant Elementary School,4292990.5,2589652.24
214,Benjamin C Gregory Elementary School,2918625.53,1999940.33
215,Greystone Park Psychiatric Hospital,3835965.18,2971542.12
216,Grove Street Elementary School,1522423.17,1356208.27
217,Grover Cleveland Junior High School,4793388.05,4146093.06
218,Hagaman Heights School,4620074.12,2871983.99
219,Haines Memorial Sixth Grade Center School,1659788.38,1349942.04
220,J. Christian Bollwage Finance Academy,4733984.93,3127223.06
221,Hamilton Middle School,2850506.37,2152763.25
222,Hamilton School,1314145.82,1179955.34
223,Harmony Township Elementary School,1478832.7,946549.27
224,Henry E Harris Number 1 Elementary School,2137781.59,1494953.05
225,Harrison School,1770685.24,1647691.05
226,Hartridge School,4905789.8,4349449.81
227,Hawthorne Elementary School,3607807.54,2914486.52
228,Hazel Avenue Elementary School,1536915.13,1117371.55
229,Heulings-Coles School,566671.21,480032.45
230,Highland Regional High School,3181210.69,2654836.96
231,John Hill Elementary School,3739646.88,2881110.53
232,Hillcrest School,1418579.06,1332285.82
233,Fanny M Hillers Elementary School,1392929.09,1005808.45
234,Walter O Krumbiegel Elementary School,4441036.49,4068399.18
235,Hillside Elementary School,3667455.28,3339508.06
236,NuView Academy,2963979.18,2685929.33
237,Holy Cross School Building,2219073.28,1472561.93
238,Holy Cross School,390599.25,271995.01
239,Holy Family Academy,3757036.4,2463781.39
240,Holy Family Elementary School,2765142.93,2450146.6
241,Good Shepherd Academy,188206.16,161955.42
242,Holy Trinity Regional School,2075871.73,1653744.12
243,Holy Rosary School,1149073.13,815525.41
244,Holy Saviour Regional School,636741.97,563653.27
245,Hopewell School,4925328.82,3651891.65
246,Horace Mann Elementary School,3201520.61,2010120.49
247,Howell School,4923587.64,4614774.38
248,Hubbard Middle School,2623928.52,2389321.62
249,Hurden-Looker Elementary School,4723124.35,3090023.32
250,Felician University,3037463.02,2248613.17
251,Immaculate Conception Seminary,3113096.29,2471563.4
252,Immaculate Heart of Mary School,1110242.33,666153.83
253,Jefferson Elementary School,1834443.64,1222152.66
254,Thomas Jefferson Middle School,326418.09,270307.28
255,Jericho School,4620046.62,3238172.37
256,New Jersey City University,1176687.34,1079165.06
257,John F Kennedy Memorial Elementary School,2334869.04,1632131.94
258,John Glenn Elementary School,410631.38,268093.19
259,Marquis de Lafayette Elementary School,4128936.79,3715340.72
260,Junior High School Number 5,3212198.64,2339247.46
261,Kealy School,2802907.78,2345327.51
262,Kingman School,3501712.67,2877600.65
263,Kingston Elementary School,4921450.83,2975005.0
264,Kingsway Regional High School,950346.41,888775.32
265,A Russell Knight Elementary School,2929827.23,2490858.09
266,LaMonte Elementary School,3784526.41,2678629.66
267,Lafayette Elementary School,4023944.05,2768701.36
268,Lafayette School,2753995.1,2399341.95
269,Lafayette Learning Center,2534739.21,1602971.38
270,Lake School,4611427.36,3751119.39
271,Lake Tract Elementary School,1614827.47,1445381.32
272,Lanning School,3464497.3,2334647.02
273,Lanning Square Elementary School,3614643.46,2344083.17
274,Captain James Lawrence Elementary School,4464383.5,3695440.0
275,Leesburg School,3993480.13,2907224.73
276,Charles W Lewis Middle School,750979.19,602593.74
277,Liberty School,3411193.19,2989137.09
278,Lincoln High School,3379499.76,2760928.89
279,Doctor Charles C Polk School,3830962.66,3619895.43
280,Dionne Warwick Institute,4130371.43,2649736.01
281,Lincoln School,874891.86,587750.09
282,Number 9 Elementary School,1603503.8,1324693.98
283,Lincoln middle School,86844.34,63202.13
284,Abraham Lincoln Elementary School,2145716.4,1554248.35
285,Carlstadt Public School,4316459.87,3114878.66
286,Lindbergh Elementary School,4910642.43,3763851.58
287,Linden Avenue Elementary School,2990669.17,2095058.87
288,Little School,2736545.88,2242734.89
289,Livingston Park Elementary School,2516079.95,1997457.77
290,Longfellow Elementary School,793718.25,527108.39
291,Loudenslager Elementary School,950729.55,646386.84
292,Lowell Elementary School,4842614.21,3504892.25
293,Lower Berkshire Valley School,1094662.02,775289.04
294,Ludlams School,92741.02,83444.3
295,Martin Luther Christian School,4672141.41,3163185.46
296,Lyncrest Elementary School,633657.64,462699.01
297,Malcolm S Mackay Elementary School,86380.74,77874.84
298,Kings Road Elementary School,2603876.97,1634040.52
299,Mantua Terrace School,1172174.59,941386.55
300,Marist High School,1731311.3,1245702.28
301,Mark Twain School,4621404.35,2832015.64
302,Marylawn of the Oranges High School,2784931.04,2439064.67
303,McGinnis School,1064202.74,978617.03
304,McKee City School,3291256.59,3101367.84
305,McKenzie School,4412613.33,3109697.16
306,McKinley School,3456567.69,2075554.99
307,Myles J McManus Elementary School,1982674.95,1813274.4
308,Merritt Memorial Elementary School,2729831.15,1681238.39
309,Midland Elementary School,3495026.18,2684344.93
310,Midland Elementary School Number 1,1642804.43,1496106.89
311,Magowan Elementary School,553379.33,447249.7
312,Samuel Miller School,3213180.12,2634942.22
313,Milton Avenue Elementary School,2128030.13,1409093.93
314,Private Nicholas Minue Elementary School,575867.08,420044.84
315,Madison-Monroe Elementary School,3500688.34,2657499.41
316,Montclair Academy,3133853.46,2053747.49
317,Montgomery Street High School,171390.6,134614.98
318,Memorial Elementary School,3835441.41,3514088.28
319,Monument Elementary School,1839595.43,1238410.58
320,Irvington High School,2488914.49,1873385.03
321,Morris Park School Site,4311028.78,3450968.29
322,Robert Morris Elementary School;Robert Morris School,348255.57,231062.56
323,Morrow Schools,1637851.6,1010931.91
324,Mott Elementary School,2340996.43,1879010.01
325,Mount Carmel School,3891306.27,3249702.17
326,Passaic Arts & Science Charter School,2559415.51,1727538.58
327,Our Lady of Mount Carmel School,3223213.06,2910783.73
328,Buzz Aldrin Middle School,846006.13,717910.38
329,Mount Pleasant School,2208270.33,1915822.9
330,Former Mount Saint Francis School,763591.02,624536.18
331,Mount Saint Mary Academy High School,4376895.15,2678260.06
332,Mountainside School,4832117.46,4519880.54
333,Victor Mravlag Elementary School,3470389.93,2855792.4
334,Alfred S Faust School,4432707.03,3722869.92
335,Peter Muschal School,4019470.65,2854950.48
336,Ecole T Louverture Elementary School,61123.97,40588.92
337,Nathan Hale Elementary School,106715.44,65641.82
338,Nesco School,2364980.95,1681191.98
339,New Albany Elementary School,3878204.21,3616342.65
340,Newark Academy,3790921.78,3339454.41
341,Mark Newbie Elementary School,4756985.4,2899318.79
342,Newstead School,162222.35,138122.31
343,Nishuane Elementary School,375823.76,354799.65
344,Gould-Mountain Elementary School,4403683.95,3840281.48
345,North School,1640330.41,1108443.47
346,Oak View Elementary School,2614272.9,2357238.02
347,Oakwood Avenue Elementary School,3149411.22,2604506.51
348,Oratory School,1961673.26,1376361.72
349,Dane Barse School,766587.74,580024.19
350,Our Lady of Lourdes School,3792886.82,3145957.46
351,Our Lady of Peace School,1723454.19,1336880.23
352,Our Lady of Sorrows School,4759556.76,3822102.56
353,Our Lady Help of the Christians Parochial School,4774346.21,3722944.82
354,Our Lady of Grace Holy Rosary Regional School,2631908.7,2066144.38
355,Our Lady of Mercy School,1933874.29,1497129.76
356,Park Avenue Elementary School,1981607.42,1640047.2
357,Parker Elementary School,4878298.4,3702787.82
358,Parkview Elementary School,114765.09,100224.72
359,Pascack Valley Regional High School,527895.3,348037.4
360,Penn School,4753517.51,3816867.09
361,Howard M Phifer Middle School,4195097.32,3952707.64
362,Lafayette Pershing Elementary School,1701520.7,1588905.36
363,Pierrepont Elementary School,3751769.17,2954693.81
364,Number 1 Elementary School,2845307.9,2103353.72
365,Prospect Park Elementary School,1169412.51,747168.31
366,Number 10 Elementary School,1812278.34,1394329.9
367,Number 11 Elementary School,3256369.23,2722922.34
368,Number 12 Elementary School,3514170.96,2210502.18
369,John M Bailey Number 12 Elementary School,3929718.15,3675035.45
370,Elementary School 14,2563656.14,2046320.76
371,Elementary School 15,4513382.02,3562852.39
372,School 20,3298722.42,2931269.61
373,Number 24 Elementary School,604397.76,404999.15
374,Number 25 Elementary School,1701708.55,1554860.02
375,Number 3 Elementary School,2466371.49,1743384.45
376,School 3,4155015.73,3510144.25
377,Number 4 Elementary School,4294126.89,3635015.53
378,Number 5 Elementary School,3096372.73,1860152.81
379,Elementary School 5,153880.63,135505.4
380,Pulaski Elementary School,2096087.61,1890185.0
381,Mastery High School,1756425.24,1261637.65
382,Queen of Peace Grammar School,1303498.83,886594.47
383,Queen of the Rosary School,2732490.0,2290756.38
384,Quenten School,1667716.79,1569159.81
385,Quitman Community School,2121504.92,1507177.8
386,Rava Farms School,4483657.41,4156729.32
387,Red Bank School Number 1,2434172.54,2278723.85
388,Red Bank Elementary School,2679572.95,1942271.43
389,Reese School,4655333.03,3797413.89
390,J Harvey Rodgers School,4391834.05,3923106.89
391,Mabel G. Holmes School No. 5,2914328.04,2597968.38
392,Roosevelt Elementary School,4693394.9,4049050.01
393,Roosevelt School,4062393.95,3200605.09
394,John A Forrest Elementary School,4249480.44,3738186.28
395,Rudeville School,4067634.8,2526953.49
396,Rutgers College of Agriculture,2038614.05,1918296.77
397,Kearny Christian Academy,4249272.68,3854804.2
398,Sacred Heart Elementary School,3580922.4,3033589.6
399,Sacred Heart School,683999.43,486631.35
400,Sacred Heart Schools,3456128.23,2547392.95
401,Saint Aedans School,1008680.11,797714.74
402,Saint Agnes School,462266.26,361307.93
403,Saint Aloysius Academy,1498876.89,1360144.81
404,Saint Aloysius School,3094312.98,2782691.67
405,Saint Andrews School,838768.48,787061.36
406,Saint Annes School,902765.73,550176.42
407,Saint Anne's School,308778.74,203019.42
408,Saint Anthonys School,4589538.86,3598154.89
409,Saint Anthony's School,360870.37,329343.81
410,Saint Bernards School,2609201.88,1906865.26
411,Gill Saint Bernards School,4867717.78,3940444.43
412,Saint Brendan School,758592.8,533256.56
413,Saint Casimir Elementary School,452547.39,338641.89
414,Saint Cassian School,4004823.66,3631275.77
415,Saint Catherine School,4153359.77,3162107.34
416,Saint Catherines School,2105012.76,1879820.07
417,Saint Cecilia Elementary School,1330722.63,1227930.28
418,Saint Cecilias School,3190249.82,2918197.48
419,Saint Christophers School,1728786.44,1448709.1
420,Saint Cloud Elementary School,1546434.24,1107168.25
421,Collier High School,3540618.46,2345947.61
422,Saint Edwards School,1484978.08,1336320.5
423,Saint Elias School,4642535.61,2852307.28
424,Saint Elizabeths School,2149723.61,1485076.65
425,Saint Francis de Sales Regional School,1052192.61,860733.75
426,Saint Geneview School,4867327.33,3008606.71
427,Saint George School,3433410.36,3028007.56
428,Saint Hedwig School,846560.76,746183.8
429,Saint Henrys School,762669.06,462817.01
430,Bishop Guilfoyle Regional Catholic School,4083795.0,2940019.05
431,Saint James School,4100213.94,3752398.93
432,Saint Joachims School,4592699.78,3173162.57
433,Saint John the Baptist School,959191.89,869490.36
434,Saint Johns Academy,1952628.25,1841143.17
435,Saint Johns School,4989786.28,3579685.57
436,Saint Joseph School,2162577.37,1489710.94
437,Saint Joseph's Preparatory Seminary,1558255.0,1396780.48
438,Saint Josephs School,1989297.43,1698092.21
439,Saint Joseph Elementary School,3363090.84,2569874.19
440,Saint Lawrence Regional School,3910699.92,2409351.63
441,Saint Leos School,1200431.33,747382.74
442,Saint Luke Catholic School,1464116.66,950881.86
443,Saint Margarets School,4628542.61,4346420.22
444,Saint Marguerites School,4165173.15,3000526.3
445,Saint Marys High School,182153.72,160884.79
446,Saint Marys School,1925829.75,1161622.25
447,Saint Marys Early Childhood Center School,472082.56,400505.26
448,Saint Mary of the Assumption High School,623992.24,423576.89
449,Saint Matthew School,1937011.71,1472427.45
450,Saint Matthews School,640777.49,573715.57
451,Guardian Angels Regional Catholic School,1064365.36,860102.88
452,Saint Michaels School,1036320.1,717923.31
453,Saint Nicholas School,311191.72,188529.99
454,Saint Patrick School,1223294.81,1136687.94
455,Saint Patrick Elementary School,1686801.47,1336979.0
456,Saint Patrick's Grammar School,4021424.03,3540922.05
457,Saint Patricks School,4665205.88,4264737.81
458,Saint Pauls School,1766843.82,1212114.54
459,Resurrection Catholic School,1310387.37,1191158.55
460,Saint Peter Academy,1789195.25,1269455.32
461,Saint Phillip the Apostle School,2329136.81,2076720.21
462,Aquinas Academy School,3832350.02,3615932.1
463,Saint Stanislaus Kostka School,3811442.8,3566992.72
464,Saint Stephens School,718353.86,599022.75
465,Saint Teresa Regional School,2770277.52,2046288.44
466,Saint Theresa's School,4334319.42,3126169.65
467,Saint Thereses School,1083319.33,1004752.94
468,Saint Vincent de Paul School,1821403.87,1545907.33
469,Saints Peter and Paul School,2368866.25,2246730.92
470,Saybrook Elementary School,1536740.46,1330691.96
471,Mullica Township Elementary School,356188.8,229536.74
472,Thomas Jefferson Elementary School,975283.25,650519.74
473,Highland Avenue Elementary School,1736199.39,1529190.82
474,School Number 10,1523418.79,1060045.07
475,Midtown Community Elementary School,4084416.44,2641964.36
476,William B. Cruise Veterans Memorial School No. 11,2725117.02,2087878.53
477,Julia A Barnes Number 12 Elementary School,3186735.38,1982503.75
478,Number 14 Elementary School,4836773.3,2949291.35
479,Whitney M Young Junior Middle School,3594624.58,2522734.33
480,Cornelia F. Bradford Number 16 Elementary School,295861.6,187159.64
481,Evergreen Youth Center,4067353.22,3375213.07
482,Joseph H Brensinger Number 17 Elementary School,1413860.81,1103832.02
483,School Number 18,2399553.11,1989127.73
484,Anthony V Ceres Elementary School,1811736.81,1519466.04
485,Phillip G Vroom Number 2 Elementary School,1736013.66,1154646.76
486,School Number 2,720275.6,655624.92
487,Slocum-Skewes Elementary School,2366042.25,2247229.47
488,Number 2 Elementary School,3907240.88,2488579.45
489,Number 20 Elementary School,1561673.58,1102418.82
490,Number 23 Elementary School,1309037.68,1018734.75
491,Nicolas Copernicus Number 25 Elementary School,3734151.44,2379269.43
492,School Number 3,1053300.21,770595.91
493,Haviland Avenue Elementary School,504586.82,436641.33
494,Anthony J Infante Number 31 Elementary School,1780034.34,1289098.14
495,Fort Lee School № 3,3422995.34,2989949.0
496,E Roy Bixby Elementary School,1136277.34,1075174.56
497,Alexander D. Sullivan Number 30 Elementary School,3755606.04,3270610.01
498,PS 34: Barack Obama Elementary School,4003421.53,2533569.54
499,James F Murray Number 38 Elementary School,4981735.99,3336745.62
500,Doctor Charles P DeFuccio Number 39 Elementary School,4999568.02,3602962.04
501,School Number 4,390007.71,244485.82
502,Bangs Avenue Elementary School,4301106.64,3221562.46
503,School Number 41,4567763.36,3880225.57
504,School Number 5,1365655.02,1188679.07
505,Lindenwold Number Five Elementary School,1497351.73,1357874.42
506,Lincoln Number 5 Elementary School,1750829.69,1586577.88
507,Number 6 Elementary School,2772597.52,2567817.63
508,Horace Mann Number 6 Elementary School,4378898.29,3813787.15
509,Jotham W. Wakeman No. 6. Elementary School,3482406.13,3222834.1
510,Martin Luther King Junior School,645172.03,542810.38
511,Number 7 Elementary School,171616.62,146597.14
512,School Number 7,4205100.5,3634219.32
513,Number 8 Elementary School,2206078.19,1649722.06
514,School Number 9,3335037.32,2174992.85
515,Childrens Specialized Hospital School,3988314.18,2823194.85
516,East Orange STEM Academy,4080259.51,3180998.99
517,Winfield Scott Elementary School,2908047.65,2346708.62
518,Seventh Avenue Elementary School,822588.57,536497.64
519,Shackamaxon School,4321286.68,3869370.55
520,Shady Lane Elementary School,151654.97,139954.19
521,Shaler Academy,1960408.59,1192529.6
522,Thomas Sharp Elementary School,2524221.47,2126351.65
523,Sherman Elementary School,897182.04,780672.42
524,Shimer School,1283843.16,1008269.26
525,Sinai School,3706193.24,3465875.06
526,Sitgreaves School,1468036.48,1021216.7
527,J Spencer Smith Elementary School,2213800.8,1689083.82
528,Henry Snyder High School,3887134.04,3582339.9
529,Somerdale School,2547508.09,1698065.83
530,Somerset Elementary School,4070476.89,3454408.02
531,Former Martin Luther King Junior Elementary School,3692051.69,2356080.06
532,Squiretown School,724514.21,545438.92
533,Steelmanville School,2891614.36,2718926.44
534,Charles H Stillman Elementary School,4631616.88,3472296.05
535,Walter Stillman Elementary School,671080.62,611106.34
536,Gordon Parks Academy Elementary School,3801620.77,3057972.59
537,Joseph Stokes Memorial Elementary School,1387769.77,1057626.54
538,Stony Brook School,2315506.01,2191385.16
539,Stoy Elementary School,4695823.48,3640684.18
540,Stratford Academy,1323521.28,1102539.27
541,Summit Avenue School,2018782.96,1576122.37
542,Suz Anne School,2114347.06,1910168.02
543,Tansboro School,872623.5,625844.49
544,William P Tatem Elementary School,914678.82,858958.97
545,J Fithian Tatem Elementary School,976931.46,887026.4
546,Technical School,2192757.62,2033259.29
547,Tenafly High School,589421.71,488636.27
548,Tenakill Middle School,3407457.7,3199864.01
549,Township Central School,684198.73,537110.1
550,Treat School,2258724.75,1664175.05
551,Tuscan Elementary School,4001494.37,2656400.06
552,Union Avenue Middle School,3376485.97,2116120.88
553,Union School,2809207.26,1909307.53
554,Union Elementary School,3836800.16,2455656.42
555,United Hebrew School,1613966.5,1242952.79
556,Upper Pittsgrove School,2149930.01,1782097.32
557,Vail School,1957894.48,1702487.18
558,Eleanor Van Gelder Elementary School,1936551.09,1582565.92
559,Van Sciver Elementary School,1662184.31,1520846.12
560,Village School,1084831.62,964674.71
561,Mary E Volz Elementary School,2713688.2,2275764.83
562,Wade School,1633753.54,1094360.42
563,W C K Walls Elementary School,974999.2,647273.09
564,Walsh High School,2460176.58,1580941.08
565,Wanamassa Elementary School,2887391.03,1819911.05
566,Samuel S Yellin Elementary School,2257855.68,1363009.04
567,Washington Irving Elementary School,841792.93,528840.22
568,Washington School,2621116.56,1683366.73
569,Washington Community Elementary School,1047194.37,840697.25
570,Washington Elementary School,624745.17,388111.49
571,Washington Number 9 Elementary School,4861751.13,3103742.75
572,Washington Academy Elementary School,349905.45,286351.8
573,Washington Street Elementary School,1681411.2,1262030.84
574,Watchung Elementary School,3260562.32,2401135.56
575,Watchung School,2166110.94,1993605.03
576,Weber School,3928485.26,3205490.9
577,Weequahic High School,2418879.94,1822911.45
578,West Amwell School,1281511.23,831226.69
579,West Milford School,1375411.69,1023538.5
580,Western School,1619485.74,1046412.59
581,Westminster Choir College,4796661.72,3734623.56
582,Anne Blanch Smith School,2050186.37,1567016.61
583,Whited Brown School,1425781.11,1188769.07
584,J G Whittier Elementary School,4117329.77,3492464.34
585,Whittier Elementary School,4221940.58,2816567.11
586,Willis School,2969517.97,2272006.96
587,Woodrow Wilson Elementary School,1206653.55,1107799.77
588,Woodrow Wilson Number 10 Elementary School,1724484.0,1618181.74
589,North Arlington Middle School,2953640.41,2644611.16
590,Wilson School Number 5,4930917.77,4271259.47
591,Windsor Elementary School,4124076.83,3436351.79
592,Wood-Ridge High School,1375023.11,936801.07
593,Woodcroft School,4125033.91,2544484.12
594,Woodland Elementary School,4128156.21,3050879.01
595,River Dell Middle School,1886083.78,1629553.34
596,Wilson Elementary School,1021659.68,629257.61
597,Wyncoop School,2743438.03,1888913.57
598,Yantacaw Elementary School,2700091.34,2040660.86
599,Yeshiva School,4733621.01,4127316.32
600,Zane North Elementary School,1437009.39,877641.68
601,Intermedial School,4193245.74,3024624.91
602,Markham Place Elementary School,2504772.97,2098094.98
603,Mahala F Atchison Elementary School,1403029.53,1112237.9
604,Oakhurst School,1726722.62,1150373.2
605,Wolf Hill Elementary School,4202002.4,2611603.34
606,River Plaza Elementary School,1086909.03,704854.23
607,River Street School,4408344.6,2818829.94
608,Rumson Fair Haven Regional High School,4975267.17,3301215.21
609,Shrewsbury Elementary School,3493588.47,2212829.73
610,Margaret L Vetter Elementary School,159614.48,107778.94
611,Bordentown Seminary,395006.76,345685.85
612,Nutley High School,697711.49,489915.8
613,Teaneck High School,4074743.98,3304056.88
614,Beers Street Elementary School,3421799.37,2097928.02
615,Raritan Valley Elementary School,2314297.79,1475197.46
616,Cove Road School,2518449.06,1779987.21
617,Indian Hill Elementary School,4788699.8,3944921.89
618,Landis Junior High School,480635.03,366874.4
619,Delsea Regional High School,4161477.85,3384698.48
620,Woodbury Junior Senior High School,2351357.04,1983053.82
621,Holmdel High School,4977175.9,3316917.44
622,Strathmore Elementary School,4911547.29,4319165.99
623,Lloyd Road Elementary School,1566466.45,990569.44
624,Saint Benedict School,3196863.23,2043398.29
625,Bayshore Higher Education Center,4567916.14,3798227.69
626,Consolidated School,2142713.41,1890485.05
627,Columbia School,2300139.82,1793180.52
628,Burnt Hill Road School,4925848.17,3768983.41
629,Princeton Montessori School,3395896.07,2227213.98
630,Montgomery Township High School,1728481.27,1563078.59
631,Princeton Child Development Institute School,3839082.89,3312535.52
632,Princeton Day School,1450296.29,984780.78
633,Johnson Park School,137407.89,99276.91
634,Community Park Elementary School,702790.79,490281.0
635,Littlebrook Elementary School,3478904.27,2515091.69
636,New Jersey School for the Deaf Katzenbach Campus,4741510.24,3121777.27
637,Boys Vocational School,4739592.21,4223738.35
638,MacAfee Road Elementary School,276792.25,233696.38
639,South River School,4503048.98,2887300.85
640,Saint Marys of Ostrabrama School,1545389.74,1212595.55
641,Willett School,4589258.82,3276218.08
642,Saint Bartholomew School,4422549.71,4134491.22
643,E Raymond Appleby Elementary School,4315587.97,3330384.62
644,Our Lady Lourdes Elementary School,2688527.94,1901863.11
645,Lawrence Brook Elementary School,4749539.49,3835830.02
646,Redshaw School,4317912.53,3300726.93
647,Joseph J Catena Elementary School,4633160.52,3936772.27
648,Dwight D Eisenhower Middle School,2917820.14,2020231.22
649,Conover Road Elementary School,4076681.92,3805642.06
650,Village Elementary School,4090508.52,2535886.37
651,Oak Hill Academy School,3021894.57,2180725.0
652,Elmwood Park Memorial Senior High School,4166952.23,3566977.72
653,Elmwood Park Middle School,976620.95,872205.53
654,Indian Fields Elementary at Dayton School,229727.28,192778.01
655,Our Lady of Mount Virgin School,2218382.5,1778844.13
656,Lake Nelson Seventh Day Adventist School,1153597.28,1045133.56
657,Saint Ladislaus School,3915407.82,2821321.41
658,St. Mark Coptic Christian Academy,4404461.5,3751437.17
659,Applegarth Elementary School,3403137.51,2858643.81
660,Cambridge Elementary School,1689248.32,1434820.75
661,Claremont Avenue Elementary School,4599565.67,3159370.42
662,Constable Elementary School,1277371.62,939816.92
663,MCMS School of Arts,762769.99,634781.64
664,Grace M Breckwedel Middle School,1139645.27,683928.71
665,Indian Fields Elementary School,3504594.43,2940108.38
666,John F Kennedy Elementary School,1254963.03,890580.17
667,Livingston Elementary School,2247206.61,1653293.19
668,Lynn Crest School #22,2510425.99,2241428.62
669,Middlesex High School,3419000.83,2386350.27
670,Mill Lake Elementary School,1219019.86,966544.84
671,Monmouth Junction Elementary School,3280860.72,2739868.08
672,New Brunswick Middle School,1402255.55,998813.5
673,New Brunswick Vocational School,1666156.26,1488373.02
674,North Brunswick Township High School,1915010.96,1559071.63
675,Piscataway Vocational Technical High School,1493702.38,1411490.83
676,Randolphville Elementary School,2265099.97,1718556.04
677,William C McGinnis Middle School,3538356.04,2318972.95
678,New Jersey Training School for Boys,64591.41,54149.59
679,Perth Amboy Catholic Intermediate School,820685.57,557381.86
680,Our Lady of Peace Elementary School,4168945.51,3547285.68
681,Perth Amboy Catholic Primary School,1605639.56,1227716.71
682,Most Holy Rosary School,514146.72,455530.6
683,Our Lady of Fatima School,1349336.13,978254.98
684,Cardinal McCarrick High School,754683.01,703076.66
685,Jonas Salk Middle School,1454872.8,1281701.74
686,Raymond E Voorhees Elementary School,2346138.11,2172988.38
687,Saint John Vianney School,413846.87,288780.6
688,High Bridge Elementary School,4489950.93,3731837.05
689,High Bridge Middle School,2963887.97,2688075.9
690,Old Turnpike Middle School,1396644.41,1324188.29
691,Sawmill Elementary School,1190946.17,1016638.14
692,Spruce Run Elementary School,2538465.64,1710160.67
693,Union Township Elementary School,4346258.57,4121994.15
694,Three Bridges Elementary School,3190491.59,2507343.74
695,Whitehouse Elementary School,3453674.1,2937943.4
696,Hope Township Elementary School,3706924.6,2601178.66
697,Princeton Graduate College,4787821.26,4011363.33
698,Willow Grove Elementary School,2853952.67,2096032.01
699,Saint Mary's Parochial School,2274817.54,1833673.36
700,Maranatha Christian Academy,3322964.74,2914468.69
701,Saint John Vianney Regional High School,2988714.6,2396046.23
702,Bayshore Middle School,4667115.26,3522118.37
703,Highlands Elementary School,1908328.24,1449072.69
704,Keansburg High School,3228261.19,2170867.73
705,Leonardo Elementary School,4375903.91,3032595.37
706,Union Beach Memorial School,4962999.91,3643547.62
707,Port Monmouth Elementary School,2646679.38,2448893.81
708,Monmouth County Fire and Police Academy,2804754.19,1900945.35
709,Avon Elementary School,3718155.16,2582632.39
710,Betty McElmon Elementary School,729491.25,634798.1
711,Brielle Elementary School,1464392.7,1385606.86
712,C Richard Applegate Elementary School,4977845.19,3170298.62
713,Clark Mills Elementary School,4032260.46,2825304.76
714,Clifton T Barkalow Middle School,1241943.74,1097198.64
715,Colts Neck High School,1495386.47,982983.85
716,Deal Elementary School,4250016.93,3862502.61
717,Deane Porter Elementary School,3227710.56,2271952.62
718,Farmingdale Elementary School,2205278.13,1957822.45
719,Forrestdale Middle School,167822.35,129037.41
720,Frank Antonides Elementary School,3160453.81,2077552.36
721,Frank Defino Central Elementary School,3198557.09,2987902.7
722,Freehold Learning Center Elementary School,1972649.4,1503579.47
723,Freehold Township High School,4602157.31,3616723.26
724,Lafayette Mills Elementary School,1175742.52,1054096.55
725,Manasquan Elementary School,2419733.36,2253970.56
726,Manasquan High School,4746200.11,3417263.98
727,Maple Place Elementary School,3119806.2,2255203.81
728,Milford Brook Elementary School,3553052.1,2648812.94
729,Monmouth Beach Elementary School,1905829.87,1226765.99
730,Nut Swamp Elementary School,513878.65,393605.01
731,Ocean Township Elementary School,545101.07,389581.28
732,Ocean Township High School,87803.69,66113.16
733,Pine Brook Elementary School,2290739.65,1481361.43
734,Point Road Elementary School,3896134.15,3145017.72
735,Red Bank Primary School,3517959.92,3339576.53
736,Shark River Hills Elementary School,2673098.15,2186632.1
737,Spring Lake Heights Elementary School,4690192.83,3260648.71
738,Swimming River Elementary School,649734.86,407743.85
739,Thompson Middle School,3455623.62,2771390.15
740,Wayside Elementary School,768911.88,622789.49
741,West Freehold Elementary School,4296875.23,3127417.54
742,Summerfield Elementary School,2404418.87,1890667.2
743,Wall High School,3275703.85,2484924.1
744,Mother Teresa Regional School,3113920.93,2121655.14
745,Freehold Intermediate School,2487279.51,1958976.9
746,Saint Rose of Lima School,4898327.91,3139408.49
747,Academy of Saint Elizabeth School,3402204.07,2988049.61
748,Long Valley Middle School,701013.6,531160.52
749,Old Farmers Road Elementary School,808889.18,553942.26
750,Howard C Johnson Elementary School,2296827.28,1448568.01
751,Saint Peter's School,1540118.36,1131061.92
752,Riverview Annex,326396.37,308530.54
753,Alfred C MacKinnon Middle School,4026521.03,2864148.33
754,Bee Meadow Elementary School,4261430.32,2558601.91
755,Boonton High School,4251539.67,2857597.94
756,Bragg Elementary School,3346126.62,2322405.74
757,Canfield Avenue Elementary School,4210814.34,2616642.01
758,Eastlake Elementary School,879565.5,798831.54
759,Eisenhower Middle School,1905162.51,1194693.5
760,Ellen T Briggs Elementary School,91553.57,58711.64
761,Fernbrook Elementary School,2979100.21,2740145.51
762,Hilldale Elementary School,2260438.05,1903320.67
763,Hilltop Elementary School,2843650.67,2462537.57
764,Intervale Elementary School,2478396.86,1745661.94
765,Ironia Elementary School,1404322.24,1086239.43
766,Kennedy Elementary School,3974951.89,3085211.0
767,Knollwood Elementary School,752813.08,538503.83
768,Lake Drive School for the Hearing Impaired,4784164.73,3123621.34
769,Lake Hiawatha School,2460449.41,1853494.22
770,Lakeview Elementary School,722425.61,620492.28
771,Lincoln Park Elementary School,482575.29,422677.3
772,Lincoln-Roosevelt Elementary School,670917.02,527823.8
773,Mendham Township Elementary School,3576189.52,2300902.68
774,Mountain View School Elementary School,1239944.7,1160348.25
775,Mount Tabor Elementary School,3163385.99,2279374.68
776,Mountview Road Elementary School,253484.5,197184.45
777,Normandy Park Elementary School,2028817.83,1671953.83
778,North Dover Elementary School,2696901.76,2439509.91
779,Northvail Elementary School,1621354.66,1387314.85
780,Rockaway Valley Elementary School,1794013.56,1486529.96
781,School Street Elementary School,3498679.38,3065347.86
782,Shongum Elementary School,1383568.2,988823.8
783,Stonybrook Elementary School,4852717.96,4288485.2
784,Tinc Road Elementary School,2309842.31,1714516.3
785,Troy Hills Elementary School,3158384.36,2014791.18
786,Valley View Elementary School,569633.64,510106.24
787,West Morris Central High School,1522739.94,1441782.96
788,Woodland Avenue Elementary School,1757136.58,1477508.01
789,Villa Walsh College,4466641.25,2742607.27
790,Assumption College for Sisters,613932.94,483062.91
791,Central Middle School,1434436.6,1119299.42
792,Chatham High School,4732002.99,3740404.61
793,Harding Township Elementary School,1717759.33,1051406.63
794,Millington Elementary School,1336435.13,1086833.08
795,Woodmont Elementary School,3945503.91,3610433.21
796,The Calais School,4421501.35,3721225.33
797,Community Park School,3591226.98,2891421.97
798,Hibernia School,2437994.78,1486981.24
799,Morris Catholic High School,1919203.02,1707712.15
800,Wilson School,4371253.52,2658587.63
801,County College of Morris,2059395.49,1933074.87
802,Center Grove Elementary School,1468650.61,1224749.01
803,White Rock Elementary School,1248711.07,955669.51
804,Number 13 Elementary School,697955.92,661747.8
805,Martin Luther King Elementary School,3088850.32,2413170.42
806,Elementary School 27,3566848.89,2905940.61
807,Rosa Parks Arts High School,1401142.2,971119.95
808,Hawthorne High School,2846983.84,1716302.86
809,High Mountain Middle School,3907490.58,2655962.94
810,Peter Cooper Elementary School,1112853.22,818849.2
811,Robert Erskine Elementary School,2944861.84,2496436.29
812,Apshawa Elementary School,697300.64,576764.13
813,Father English Community Center,2330608.25,2040542.61
814,Saint Gerard Majella Roman Catholic School,425699.81,301516.14
815,Saint Nicholas Roman Catholic School,241222.87,174378.68
816,Saint Joseph's School,4631706.8,2787714.46
817,Number 5 Middle School,431730.25,307699.9
818,Saint Stephen's School,498995.73,408851.08
819,Etta Gero Number 9 Elementary School,2880229.56,1930179.95
820,Haworth Elementary School,2738641.07,1693390.46
821,County Road Elementary School,1986710.35,1520889.9
822,Demarest Middle School,2860552.4,2298769.29
823,Ridgefield Park Junior-Senior High School,3614000.66,3099707.22
824,Oradell Elementary School,2829334.35,1705341.76
825,River Dell Regional High School,1203637.0,963246.68
826,Maywood Avenue Elementary School,2174564.38,1519898.16
827,Emerson Junior-Senior High School,1702889.67,1251343.24
828,Charles A Selzer Elementary School,3494513.75,3270718.96
829,Ho-Ho-Kus Elementary School,3720242.46,2791699.72
830,Glen Rock High School,3773586.02,2900136.92
831,Garfield High School,193053.85,145316.57
832,Nellie K Parker Elementary School,3445285.25,2609628.67
833,Hackensack High School,3575638.69,2809007.72
834,Lillian M Steen Elementary School,2402729.23,2215087.19
835,Bogota High School,3952797.92,3377804.66
836,Sicomac Elementary School,3168872.65,2275580.46
837,High Mountain Road Elementary School,3941323.73,3630911.59
838,Dorchester Elementary School,3618368.51,2956719.1
839,Woodcliff Middle School,93668.07,79817.65
840,Fieldstone Middle School,4153415.64,3911692.04
841,East Brook Elementary School,1253884.8,948509.69
842,West Ridge Elementary School,746684.57,574986.74
843,Park Ridge High School,3000660.76,2665166.15
844,Emil A Cavallini Middle School,2809626.23,1847403.92
845,Woodside Avenue Elementary School,4057654.94,2474821.77
846,Mary A Hubbard Elementary School,3770466.79,2465594.32
847,Northern Highlands Regional High School,2060465.3,1415487.02
848,Heights Elementary School,309376.14,292695.99
849,Manito Elementary School,1227280.79,869810.4
850,Indian Hills High School,4717078.76,4273446.69
851,George Washington Elementary School,2468663.97,2125931.84
852,Betsy Ross Elementary School,3997506.6,3144639.31
853,Ramapo Ridge Middle School,981796.45,637331.74
854,Joyce Kilmer Elementary School,1345632.03,1179608.3
855,Brookside Elementary School,4216714.51,3123112.29
856,Holdrum Middle School,1348833.22,1174680.29
857,Benjamin Franklin Middle School,1250246.0,780915.06
858,Saint Elizabeth School,4296936.02,3323062.68
859,Apple Montessori Schools,472200.89,356237.96
860,Bergen Catholic High School,4351288.42,3347274.05
861,Paramus Catholic High School,352471.28,291107.6
862,Fair Lawn High School,1962776.56,1302924.57
863,Roberge Elementary School,1339161.59,1168636.23
864,Chatsworth Elementary School,2760639.99,1817999.82
865,Fort Lee Education Center,4604282.18,3545887.4
866,Ridgefield Memorial High School,3006735.37,1969646.61
867,Saint Joseph's Parochial School,131813.22,96869.62
868,South Bergen Hebrew Institute,2796717.31,2267719.53
869,Al-Hikma Elementary School,2763346.3,1812652.57
870,Westminster Preschool,1319236.32,1086993.72
871,Hilda S Frame School,3034683.48,1936458.53
872,Cedarbrook Elementary School,4578742.72,4173100.62
873,Joseph E Soehl Middle School,1628116.07,1005736.37
874,Roselle Park High School,3398530.06,2082606.77
875,Union Senior High School,3598173.57,2949810.57
876,William J McGinn Elementary School,1238230.68,984603.78
877,J Ackerman Coles Elementary School,2230539.61,1480681.21
878,Terrill Middle School,417623.08,266082.88
879,Saint Bartholomew Interparochial School,4033237.56,3664410.54
880,Immaculate Conception School,378586.7,346353.65
881,Christ the King School,2867583.92,2333284.89
882,Saint Adalbert School,527009.06,464589.42
883,Mabel G. Holmes School No. 5 Annex Building,2444608.45,2053738.83
884,Scotch Plains Baptist School,1009953.32,738966.99
885,Reilly Middle School,3616616.65,2822920.22
886,Howard B Brunner Elementary School,2155850.46,1707100.95
887,Blessed Sacrament Roman Catholic School,4409169.76,2712584.63
888,Saint Patrick's High School,1846229.44,1157828.99
889,Monmouth School,2987605.09,2204769.63
890,Jackson Academy,3929238.04,2664665.43
891,Our Lady of Good Counsel Grade School,2753316.63,1687358.9
892,Essex County Isolation Hospital,3430359.3,2948247.2
893,Irvington Adult High School,1387443.04,870393.61
894,Belleville Middle School,1681639.16,1534833.99
895,Bloomfield High School,2172711.93,1669513.63
896,Chancellor Avenue Elementary School,2114359.73,1395594.21
897,Collins Elementary School,1499693.24,1015726.6
898,Doctor John Howard Junior Elementary School,709898.95,563192.74
899,Essex Fells Elementary School,3539677.94,2450502.27
900,Glen Ridge High School,3552663.5,2276188.51
901,J Garfield Jackson Senior Academy Elementary School,1166820.09,1023520.4
902,John L Costley Senior Middle School,2651068.83,1772364.22
903,Johnnie L Cochran Junior Academy Elementary School,2689037.61,1930762.13
904,Mount Pleasant Middle School,1048872.8,801037.62
905,Patrick Francis Healy Middle School,1017587.76,907772.87
906,Pleasantdale Elementary School,1149363.38,798120.3
907,Radcliffe Elementary School,1224059.29,927855.58
908,Redwood Elementary School,4847120.0,3862147.4
909,Riker Hill Elementary School,1159620.77,1017479.14
910,Roseville Avenue Elementary School,1074993.29,776247.41
911,Samuel L Berliner School,2411068.37,1769996.96
912,Sojourner Truth Middle School,67747.6,42668.04
913,University Middle School,3775880.42,2760625.31
914,Watsessing Elementary School,410640.91,295051.71
915,West Orange High School,3417311.15,2677879.41
916,Saint Paul the Apostle School,3266992.37,2012636.19
917,Saint John's School,4735601.12,3393115.26
918,Number 29 Elementary School,1103980.99,969449.9
919,Number 33 Elementary School,59066.12,36301.79
920,Academy II School,3080255.8,2484005.97
921,Our Lady of Victories School,394676.81,296629.89
922,Saint Dominic Academy,3239012.64,2829333.82
923,Saint Joseph's Grammar School,4168289.41,3351664.56
924,Saint Paul of the Cross School,4074059.63,3102246.29
925,Seton Hall Preparatory School,4597282.94,3814843.27
926,Resurrection Parish School,176385.26,147003.56
927,Resurrection School,1571129.81,1258045.88
928,Saint Anthony's High School,775132.0,719241.84
929,Saint Mary's Junior-Senior High School,3765340.16,2966318.86
930,Saint Peter's Preparatory School,327919.51,286070.2
931,Saint Cecilia School,1889353.83,1520267.05
932,Mohawk Avenue Elementary School,4283164.12,3007455.91
933,Durban Avenue Elementary School,2860638.22,2212006.72
934,Hardyston Township Elementary School,1232292.74,1084691.94
935,Helen Morgan Elementary School,447055.25,336301.52
936,Long Pond School,4232953.03,2832724.75
937,Ogdensburg Elementary School,2424027.08,1515947.65
938,Sussex County Technical Vocational School,2196039.8,1807392.76
939,Valley Road Elementary School,102446.2,91407.3
940,Somerset Christian College (Historical),177836.07,133196.58
941,Somerset County Technology Institute School,4358346.14,3925710.35
942,Bayberry Elementary School,1817547.22,1485890.33
943,Bedminster Township Elementary School,906633.95,801655.74
944,Bedwell Elementary School,1599668.46,1052627.91
945,Bernardsville Middle School,1224449.33,1094501.44
946,Bradley Gardens Elementary School,2778328.65,2509559.52
947,Bridgewater Raritan Middle School,599905.0,391340.78
948,Cedar Hill Elementary School,1498711.85,1187709.75
949,Conerly Road Elementary School,998861.86,858363.91
950,Crim Elementary School,4555624.87,4050600.1
951,Green Brook Middle School,571816.77,542768.03
952,Hillside Intermediate School,4008138.3,2578339.83
953,Irene E Feldkirchner Elementary School,4688648.2,2830913.0
954,John F Kennedy Primary School,2139676.55,1889155.88
955,Liberty Corner Elementary School,803804.07,524384.07
956,Mount Horeb Elementary School,949289.39,850784.24
957,Stony Brook Elementary School,1236466.86,1161729.32
958,Valley View Middle School,2585305.56,2319920.22
959,Van Holten Elementary School,2917799.73,2354094.74
960,William Annin Middle School,3011186.47,2600536.51
961,Woodfern Elementary School,4565280.98,4117800.32
962,Somerset Academy,3398425.45,2414805.54
963,Lawrenceville Elementary School,2426025.88,2038581.35
964,Riverside Elementary School,4104379.73,2715965.37
965,Princeton Township School,1785620.04,1182893.1
966,Hoboken Catholic Academy,3358588.44,2591286.16
967,Sacred Heart of Jesus School,3815047.13,3423103.72
968,Felician School for Exceptional Children,3158337.52,2738539.51
969,Immaculate Conception High School,1467847.93,934420.8
970,Escola Infante D Henrique School,4506337.73,3760793.6
971,Solomon Schecter Day School,3442345.34,2605199.62
972,Cornerstone Christian School,3406680.31,2797492.04
973,Moshe Aaron Yeshiva High School,1677702.83,1126621.84
974,Hope Academy Charter School,1816031.48,1293217.09
975,Thurgood Marshall Elementary School,1886698.17,1337489.38
976,Saint James Elementary School,467855.75,385045.33
977,Red Bank Charter School,1960739.94,1692892.27
978,Saint Leo the Great Roman Catholic School,2893415.88,2409350.51
979,Saint Peters Lyceum,1698849.02,1306329.17
980,Anshe Emeth Religious School,3929982.77,3489133.15
981,School of Saint John the Baptist,3938017.69,3556414.27
982,Our Lady Star of the Sea School,1207585.44,1087604.64
983,John H Winslow Elementary School,1130916.75,995080.32
984,Laurelton School,3830254.57,2926011.22
985,Holly Heights Elementary School,2595109.73,1711559.76
986,Bais Faiga Park Avenue Campus School,4079766.56,2691960.36
987,Maud H Abrams Elementary School,1517291.16,1229020.37
988,Mount Pleasant Elementary School,1619927.26,1145849.12
989,Warren E Sooy Junior Elementary School,2035679.46,1797379.88
990,Lighthouse Christian Academy,1432825.57,1249476.77
991,Beth Medrash Govoha Forest Ave Campus,4658289.44,3817955.76
992,Indian Avenue Elementary School,2960472.1,2752627.45
993,Faith Lutheran Nursery School,4482658.17,2934676.29
994,Creative Achievement Academy Grape Street School,4593760.31,4088183.24
995,Garden State Academy,3700177.37,2576236.49
996,Mullica Township Middle School,4869688.39,4442591.79
997,Maurice Fels Elementary School,4826210.36,4557235.29
998,Creative Achievement Academy Wood Street Elementary School,1578846.98,1141718.56
999,Avalon Elementary School,1675364.92,1255069.15
1000,Cumberland Christian School,2671894.63,1875361.12
1001,Mainland Baptist Christian School,3991002.19,3597921.71
1002,Oceanville Kindergarten Learning Center School,656277.44,434626.4
1003,Saint Thomas Christian Academy,1417477.17,1042201.22
1004,Lower Cape May Regional High School,950907.79,762610.69
1005,Woodruff Middle School,3026603.93,2612880.95
1006,Excel School,239367.49,166721.27
1007,Blessed Sacrament Regional Elementary School,2120790.92,1322712.01
1008,Elizabeth F Moore Elementary School,723821.49,621653.11
1009,Yeshiva K'tana of Lakewood,4706172.17,4276761.78
1010,Hammonton Early Childhood Education Center School,2703218.27,2194488.79
1011,Bais Faiga School,2285193.33,1855140.2
1012,South Vineland Elementary School,337730.65,230122.57
1013,Geraldyn O Foster Early Childhood Center Preschool,2831618.99,2450386.71
1014,Lillian M Dunfee Preschool,2993817.04,2758985.67
1015,Downe Township Elementary School,2009813.55,1419911.01
1016,Cherry Street Elementary School,4587491.05,4084533.29
1017,Bezal-el Yeshiva School,3599947.26,2540883.83
1018,Silver Run Elementary School,2668023.29,1787445.32
1019,Dennis Township Middle School,3661307.75,2899266.74
1020,Dennis Township Elementary School,4078438.33,2651261.6
1021,New Egypt Elementary School,3486677.53,2159387.37
1022,Calvary Academy School,2483025.18,1664063.02
1023,Fairton Christian Center,3782489.36,3572325.77
1024,Saint Francis of Assisi School,1985737.51,1265695.74
1025,Dr William Mennies Elementary School,1057124.34,920440.96
1026,Sand Castles Early Childhood Center School,3861896.45,2442417.9
1027,New Jersey Center for Judaic Study,1607092.81,1375097.08
1028,Early Learning Center,4728732.8,3277087.74
1029,Glenwood Avenue Elementary School,4893029.84,2982711.34
1030,Meridian Academy Special Education School,4047061.3,3843617.04
1031,Anita Metzger Memorial School,3362496.22,2253521.95
1032,Saint Augustine Regional Elementary School,1203182.64,761270.04
1033,Cumberland County Technical Education Center School,660420.04,533960.32
1034,Ambassador Christian Academy Elementary School,3019633.22,1880541.05
1035,Tashbar of Lakewood,4117808.58,3702948.01
1036,Collings Lake Elementary School,2760009.1,2342017.83
1037,Maurice River Township Elementary School,572117.91,373790.56
1038,Mckinley Avenue Elementary School,1546179.92,989613.38
1039,Lehmann School and Technical Education Center,3124340.44,2842972.12
1040,Ocean Day School,1892518.19,1381035.79
1041,Creative Achievement Academy West Avenue School,309614.94,264660.88
1042,New Life Academy School,2358094.15,2237188.94
1043,Vineland Adult Education Center,274256.03,194503.03
1044,Ocean Early Childhood Center Elementary School,2425783.13,2090980.35
1045,Hopewell Crest Elementary School,1424594.66,920649.58
1046,Maranatha Baptist School,1182422.8,738216.31
1047,Woodland Country Day School,2106909.4,1722309.54
1048,Stafford Intermediate School,2746259.71,2396211.2
1049,Crest Memorial Elementary School,3133034.21,2892651.79
1050,Holy Family School,2177847.42,1687890.85
1051,Margaret Mace Elementary School,4001861.77,3496755.4
1052,Sandman Consolidated Elementary School,3180743.17,2381036.0
1053,Saint Paul's Christian School,2588376.78,1975187.01
1054,Hammonton Middle School,2620265.95,2310238.08
1055,Upper Deerfield Preschool,1867860.53,1607016.49
1056,Johnstone Elementary School,241634.43,214865.56
1057,Upper Township Elementary School,1944470.66,1453617.03
1058,Venice Park Elementary School,4449783.2,3283356.05
1059,Devereux New Jersey Center School,3758379.17,3132615.22
1060,Saint Vincent de Paul Regional School,1846180.47,1745179.24
1061,Little Acres Learning Center School,1768569.49,1433482.03
1062,Pineland Learning Center Elementary School,4556135.64,4245788.19
1063,Anthony Rossi Intermediate School,3941510.14,2678457.02
1064,The Pilgrim Academy School,639388.12,385734.66
1065,Cape May County Technical High School,1392978.74,1315392.7
1066,Cape May County Alternative High School,3708031.75,2552232.56
1067,Hammonton High School,3150731.46,2719483.1
1068,Robert L Horbelt Intermediate School,1433912.4,1350525.47
1069,Woodbine Elementary School,2197587.26,1999246.09
1070,Bais Chinuch L'Bonos Bayis Ruchel School,2909571.4,2015486.78
1071,Folsom Elementary School,4984335.85,3022113.31
1072,Richard M Teitelman Middle School,972696.9,805847.98
1073,C F Seabrook Elementary School,4287801.68,2959949.58
1074,Christa McAuliffe Middle School,2381777.53,1910975.86
1075,Saint Joseph High School,3026345.34,2750506.96
1076,Crawford Rodriquez Elementary School,2140763.71,1393447.63
1077,Buckshutem Road Elementary School,4668456.63,2922381.9
1078,West Cape May Elementary School,4218799.94,2739929.25
1079,Margate Municipal Building,191534.37,116032.65
1080,Lakewood Cheder School for Boys,3792722.36,3259250.41
1081,Myron L Powell Elementary School,1423154.79,1114545.27
1082,Emmanuel Day School,2461096.95,1964224.44
1083,Fanny D Rittenberg Elementary School,4440722.96,4096926.4
1084,Oak and Main School Kindergarten Center,197261.4,160061.43
1085,Brick Community Primary Learning Center School,971632.7,735497.71
1086,Thomas W Wallace Junior Middle School,596356.29,414364.85
1087,Petway Elementary School,2021704.16,1610907.18
1088,Nash Education Center Preschool,4061527.72,3105647.56
1089,The Education Academy Day School,2482886.79,2172557.57
1090,Rieck Avenue Elementary School,3256395.7,2838436.92
1091,Child Family Center Preschool,637386.26,584508.01
1092,Lakeside Middle School,4048368.07,2507284.16
1093,Alder Avenue Middle School,123070.86,108177.99
1094,Dr Joy D Miller Elementary School,2109250.15,1519377.6
1095,English Creek Academy PreSchool,3571563.48,2347636.43
1096,Galloway Community Charter School,490481.01,295205.72
1097,Bishop McHugh Regional Catholic School,2293512.63,1717380.3
1098,Haleyville Mauricetown Elementary School,1080112.46,907369.08
1099,Pineland Learning Center Middle School,4123392.34,2829760.84
1100,Berkeley Township Elementary School,4545144.46,4158975.1
1101,High Road School of Ocean County,714964.78,439417.98
1102,Ocean Academy Day School,1447168.42,985358.43
1103,Cherry Lane Child Care and Learning Center,1566776.19,941663.18
1104,Vineland Alternative High School,3381749.99,2679763.71
1105,Cumberland Regional High School,2226218.82,2045974.78
1106,Meinders Primary Learning Center School,620535.45,435528.1
1107,Lakewood Multicultural Preschool,4330285.82,2645419.58
1108,Jackson Township Adult High School,4089968.22,3600722.79
1109,Visitation Academy,2571947.23,1975613.63
1110,Hovnanian Armenian School,3579731.98,3080828.29
1111,Hua Xia Edison Chinese School,2777493.74,2100998.72
1112,Al-Ghazaly High School,1091967.73,700221.05
1113,Red Bank Catholic High School,3788017.72,3264203.31
1114,Alice Costello Elementary School,1212227.3,1099562.57
1115,Archbishop Damiano School,2285952.79,1385232.68
1116,Baptist High School,1799234.11,1300342.29
1117,Beneath the Tree Center,4819436.86,3226768.05
1118,Booker T Washington Alternative School,3383653.62,2705723.1
1119,Brown Street Elementary School,2102371.77,1675674.94
1120,Camden County Vocational Technical School,1283839.81,1172937.57
1121,Carusi Middle School,3617311.88,2915407.5
1122,Collingswood Middle School,3465106.92,3184009.77
1123,Collins Tract Elementary School,2526175.14,1935057.86
1124,Durand Academy,3950873.63,2987129.16
1125,Fetters Alternative High School,2664278.39,1619855.28
1126,Glen Landing Middle School,3642182.1,3071833.14
1127,Greenwich Elementary School,3647293.52,2358526.38
1128,Haddonfield Middle School,4724991.36,4188133.18
1129,Kings Christian High School,4241551.75,3304313.7
1130,Kingsway Learning Center,2429306.8,2286859.6
1131,Lawnside Elementary School,4487648.29,2974635.05
1132,Mansion Avenue Elementary School,2281007.19,2078607.73
1133,Mary E Costello Elementary School,4146606.82,3509572.26
1134,Maude M Wilkins Elementary School,4983392.15,4501522.56
1135,Mickle Elementary School,4459518.42,2945153.46
1136,Montessori Academy of New Jersey,2870469.91,2253535.69
1137,Nehaunsey Middle School,1987950.47,1407393.95
1138,Oaklyn Junior High School,4288905.36,2794667.36
1139,Paulsboro High School,485911.51,386996.18
1140,Pennsauken Elementary School Number Five,3118696.8,2637512.26
1141,Ralph J Steinhauer Elementary School,2277320.3,2086731.36
1142,Riverside Middle and High School,2685225.9,2421428.74
1143,Samuel M Ridgeway School,2146667.02,1329095.48
1144,Calvary Christian Academy,121117.09,81548.66
1145,Our Lady of Consolation Academy,3374399.83,2444857.83
1146,"Morris County Academy For Mathmatics, Science And Engineering",4242065.64,3907415.49
1147,Christ The King Preparatory High School,2742451.07,2460630.83
1148,Deron School of New Jersey I,2386727.82,1572993.47
1149,Peppermint Tree Child Care Center School,3646272.94,3331429.79
1150,Good Shepherd Childrens Center School,2178386.07,1709676.47
1151,L'Academy Montessori School,2402252.67,1801838.81
1152,Community Middle School,2656567.79,2278267.85
1153,Perth Amboy Catholic Middle School,1672055.15,1400349.37
1154,Harry B Kellman Academy School,2492717.11,1637166.43
1155,Bethany Baptist Christian School,417510.78,283910.24
1156,Olivet Elementary School,2375520.91,2230148.72
1157,Seashore School,1085340.76,790243.69
1158,Atco Elementary School,1661470.04,1457630.43
1159,Alloway Township School,2758731.37,1714607.25
1160,Delsea Regional Middle School,3167415.9,1946221.45
1161,Academy Charter High School,4258950.86,2807982.1
1162,Burlington County Special Services Junior Senior High School,117374.24,87376.88
1163,Environmental Montessori School,4568361.57,3890195.87
1164,Sprout House School,132665.61,111818.35
1165,The Studio for Experiential Learning School,4719948.83,3427996.18
1166,Featherbed Lane School,3266166.41,2493493.57
1167,Yeshiva Tiferes Naftol Central School,2596407.32,2200797.71
1168,New Jersey Regional Day School,568155.39,345986.6
1169,Temple Shaari Emeth Preschool,1502642.98,1141936.68
1170,Preschool Place Kindergarten School,128969.92,91074.74
1171,Regional Alternative School,1409063.88,980889.63
1172,Montgomery Academy School,1753590.14,1382787.17
1173,Hillel High School,3658106.59,3273583.16
1174,Childrens Workshop School,2906957.8,1908649.49
1175,Palmer School,4356295.15,3942782.58
1176,Camden Catholic High School,4171138.21,3869698.75
1177,Winslow Township Elementary School Number 2,4329368.62,3517127.55
1178,Southampton Township School Number 1,1517212.23,1310287.78
1179,Discovery Elementary School,4501394.89,3997522.01
1180,Under The Sun Learning Center School,1843954.62,1132943.49
1181,Samuel M Ridgway Middle School,1579205.99,1196588.02
1182,Haddonfield Friends School,72230.02,61615.46
1183,John Brainerd Elementary School,2405455.37,1876967.85
1184,Thomas Paine Elementary School,2038096.19,1514932.62
1185,ESC School,3347386.76,2595240.4
1186,Burlington County Special Services School Westampton Campus,1878321.9,1280970.23
1187,Burlington County Institute of Technology School - Medford,4984057.08,4113510.74
1188,Luis Munoz Rivera Elementary School,2685331.76,2240697.86
1189,Franklin Charter School,4523391.46,3145865.5
1190,Lindenwold Middle School,1654796.91,1166795.86
1191,Oaklyn Elementary School,3488276.82,3162259.43
1192,South Camden Alternative Middle School,2781540.68,2032252.15
1193,Congregation M'kor Shalom Preschool,3318220.6,2659995.95
1194,Waterford Elementary School,3828685.28,2673242.78
1195,Christopher Academy School,1209114.77,969900.41
1196,Samuel Smith Elementary School,2665153.35,1861784.14
1197,Camden County Youth Detention Center,3981282.17,3397629.76
1198,Start Rite Nursery School,4404647.59,4034055.63
1199,Messiah Lutheran School,267852.62,218081.16
1200,Yorkship Elementary School,4379411.25,3462422.47
1201,Politz Day School of Cherry Hill,468022.39,328689.17
1202,William R Satz Intermediate School,864158.73,661133.21
1203,Winslow Township Elementary School Number 1,709242.5,633909.5
1204,Archway Lower School,561268.71,403588.99
1205,ECLC School of New Jersey,1027590.0,971009.66
1206,Durand Academy School,4719840.52,4368544.82
1207,Childrens Montessori School House,2332558.88,2126052.32
1208,Somerset Hills School,4903094.1,3933326.45
1209,Wee People Preschool,4569065.48,2940039.78
1210,Bancroft Elementary Program School,2046060.79,1505243.57
1211,New Sharon School,334292.1,307358.46
1212,Beverly Elementary School,1591568.36,1334474.73
1213,The First Class Childcare School,1113546.51,770973.77
1214,Peppermint Tree Too Preschool,570721.82,460967.84
1215,Deal Yeshiva School,4857832.88,4279288.3
1216,Heirs of Promise Christian School,3454058.47,2345834.77
1217,Westfield YMCA Childrens Center School,4165894.49,3081244.54
1218,Beadleston High School,342445.61,224189.58
1219,Saint Jude Regional School,642644.47,488540.96
1220,Meadow View Junior Academy,1832517.06,1699573.78
1221,Port Monmouth Road School,3130130.26,2825013.03
1222,All Saints School,753593.09,662361.61
1223,Providence Christian Academy School,2692878.95,2521562.97
1224,Erial Elementary School,2818417.04,2457244.36
1225,Hope Community Charter School,2804796.04,2265369.73
1226,The Kings Christian School,4451075.16,3927172.22
1227,Christ The King Regional School,306589.62,218003.63
1228,Robbins Elementary School,4023568.61,3273817.1
1229,Cranberry Pines Elementary School,1791364.54,1455162.3
1230,TLC Nursery School,3412873.87,2806587.35
1231,Saint Stephens Preschool,2180250.03,1866006.09
1232,Pleasant Valley Nursery School,1640656.9,1086021.64
1233,Villa Walsh Academy School,3955424.29,3321350.98
1234,Star Bright Christian Learning Center School,2839570.02,2653656.0
1235,Early Childhood Center Hamilton Terrace School,2032383.61,1699117.53
1236,Summit Child Care Center School,1767144.09,1659416.66
1237,Our Lady of Perpetual Help School,2235017.44,1455999.3
1238,Kings Academy School,4047852.5,3074649.72
1239,Thomas Richards Elementary School,4701527.06,4151341.25
1240,Vincent S Mastro Montessori Academy School,2244221.6,1359144.58
1241,Trenton Community Charter School,1157557.24,902706.78
1242,Brookfield Academy School,4882197.96,4402138.01
1243,South Harrison Township Elementary School,985253.71,722284.82
1244,Rosa International Middle School,1054910.15,691530.59
1245,Challenger Elementary School,548086.96,408201.12
1246,Creative Arts High School,188424.87,178594.4
1247,Temple Beth Shalom School,1472666.23,1292911.77
1248,Acorn Montessori School,781767.23,565042.64
1249,Tabernacle Elementary School,2295501.81,2011215.76
1250,Green Street Elementary School,3272194.82,2213955.89
1251,Andover Morris Elementary School,4597984.92,3150656.06
1252,Clyde S Jennings Elementary School,3540725.94,3089196.31
1253,Gloucester Catholic High School,189653.51,131330.86
1254,Brass Castle Elementary School,2784126.04,2332647.87
1255,Marlboro Montessori School,2945155.5,1810513.01
1256,Mountain Hill School,4832778.25,3709504.12
1257,Moorestown Childrens Preschool,3685827.43,2514478.95
1258,Woodstown High School,3466812.91,2473451.22
1259,Twin Hills Elementary School,1636825.97,1255719.61
1260,Holly Hills Elementary School,480921.39,382508.03
1261,Taunton Forge Elementary School,1830455.37,1572646.22
1262,Kingsway Regional Middle School,2785449.78,2346844.31
1263,New Life Christian School,1335367.68,992003.93
1264,Koinonia Academy School,3663883.8,2760158.92
1265,Jewish Community Center of Central New Jersey Preschool,4759620.6,4137693.36
1266,Robbins Nest Preschool,80382.02,66300.66
1267,Radix Elementary School,2367852.99,2165593.05
1268,Clayton Middle School,944365.91,683192.58
1269,Norma School,3669582.11,3110285.15
1270,Oak Valley Elementary School,4785022.29,4134773.49
1271,Phillipsburg Christian Academy School,4266467.39,3693662.99
1272,Columbia Elementary School,1685025.32,1416191.81
1273,Delair Elementary School,1326429.56,1097597.58
1274,New Hanover Township Elementary School,4958193.14,3476327.94
1275,Medford Memorial Middle School,2524787.41,1595972.54
1276,Holy Innocents Elementary School,2797778.23,1727654.89
1277,Saint Thomas More Nursery School,1448558.35,875315.44
1278,ESC Academy at Tewksbury School,131392.16,121562.47
1279,Atlantic Avenue Elementary School,638829.3,402742.88
1280,A Childs Place School,154346.15,110981.18
1281,Katz Jewish Community Center Preschool,3357895.83,2386296.87
1282,Saint Mary School,4635968.05,3881761.11
1283,Laurel Springs Elementary School,3665371.15,3360680.51
1284,The Littlest Angels Nursery School,4071676.99,2681538.43
1285,Barclay Brook Elementary School,3400445.4,2578048.92
1286,Saint Thomas the Apostle School,1846045.1,1717911.02
1287,Nokomis Elementary School,997639.47,610276.05
1288,Cheesequake Elementary School,2634960.82,1684223.8
1289,Auten Road Intermediate School,4692415.32,3855022.05
1290,Pope John XXIII Regional School,4913853.0,3060866.0
1291,Ambassador Christian Academy,2400332.72,1463139.8
1292,Pittsgrove Township Middle School,2170328.06,1344641.62
1293,Saints Philip and James School,3188532.84,2082252.98
1294,Hurffville Elementary School,714570.33,429570.03
1295,MacFarland Junior School,4762581.24,3882028.89
1296,Christian Playcare Center Daycare and Preschool,4568422.39,3234454.55
1297,Ranney School,4511821.64,3409919.34
1298,Center Square Elementary School,529282.78,425824.39
1299,Governor Charles C Stratton School,1775802.47,1338909.01
1300,Lambs Road Academy School,3689563.09,2502484.11
1301,Beacon Academy Preschool and Kindergarten,2100061.23,1906011.24
1302,Pennsville Adult High School,3579974.46,2898625.63
1303,Quinton Township Elementary School,597966.71,417127.71
1304,Oakhurst Country Day School,1430070.27,1264707.42
1305,Union Township Middle School,3492683.09,2993760.31
1306,Freedom Academy Charter School,3057864.24,2514140.13
1307,Livingston Huaxia Chinese School,4660251.69,2834226.2
1308,Y A L E School - Southeast,3662439.59,2868141.32
1309,Archway Upper School,3397094.9,2960637.77
1310,Castle Academy Elementary School,2423274.89,1538781.29
1311,Stratford Classical Christian Academy School,2469493.09,2074667.33
1312,Timber Creek High School,434772.68,303625.7
1313,Union Valley Elementary School,2801082.31,2164349.8
1314,Bankbridge Regional School,1148601.73,889035.16
1315,Gloucester County Alternative High School,2635079.15,1710624.13
1316,Gloucester County Adult Regional High School,4473864.09,3349615.62
1317,Environment Community Opportunity Charter School,3053199.25,2366163.86
1318,Distinctions in Urban Education Season Charter School,4158761.38,3274403.34
1319,Brookfield Elementary School,1071365.33,897155.08
1320,Bancroft School - Cherry Hill,3428134.09,2728552.55
1321,William G Rohrer Middle School,1453246.89,1208906.88
1322,Gloucester City Adult High School,2154033.92,1713575.13
1323,Saint John Regional Catholic School,2999587.93,2084209.43
1324,Ashbrook Elementary School,4224356.75,3353079.13
1325,Springville Elementary School,4328258.3,3305912.47
1326,Saint Andrews Nursery School and Kindergarten,842077.24,736232.02
1327,Pioneer Academy of Science School South Jersey,4008753.87,2859629.3
1328,Temple Emanuel Preschool,1715476.93,1444847.66
1329,Pennsauken Intermediate School,1845634.79,1547652.4
1330,Kingsway Learning Center School,4773841.15,4336326.49
1331,Y A L E School - North Neeta,2207253.52,1578250.84
1332,Y A L E School - North Nokomis,4213083.57,3136157.31
1333,Hampton Academy School,1591262.02,1172058.54
1334,CPC High Point Adolescent School,1070810.53,863175.98
1335,Millstone Township Elementary School,4651897.48,3547936.96
1336,Friends Academy School of Westampton,506716.35,341614.14
1337,Excel Learning Center School,384175.44,283616.03
1338,Orchard Friends School,1076242.74,915792.37
1339,Conover Road Primary School,3958885.68,3359996.95
1340,Home Away From Home Academy School,4604982.1,3393726.67
1341,Developmental Learning Center School,3970462.29,2811177.64
1342,B E S T Academy School,1855012.98,1748789.45
1343,Summer Hill Preschool,4622537.79,2901044.21
1344,Kiddie Academy School of Neptune,3653200.73,2196785.66
1345,Neptune Township Early Childhood Development Center School,2148658.08,1973507.65
1346,Morris Avenue School,1537105.84,1003297.29
1347,Class Academy School,1214041.65,913436.51
1348,Red Oak Preschool,4469860.15,4136145.6
1349,Cambridge Park School,2591290.37,1710766.48
1350,Communications High School,3390999.82,2410360.16
1351,Biotechnology High School,3419306.31,2163717.7
1352,Johanna Huntowski Academy School,3608823.4,2223328.38
1353,Monmouth Adult Education Community School,2772196.88,2002815.9
1354,Creative Learning Center School,1698486.57,1417471.77
1355,West Side Christian Academy,1931276.67,1333711.54
1356,The Academy Preschool,3836088.63,3606370.32
1357,Saint Leo the Great School,2167038.3,1815579.35
1358,John I Dawes Early Learning Center School,4544619.42,4001847.21
1359,Freehold Township Early Childhood Learning Center School,2606015.42,2135547.4
1360,Liberty Christian School,3060326.45,2833917.49
1361,Goddard School,3116112.45,2402591.58
1362,The Rugby School at Woodfield,2815454.1,2330683.05
1363,Sisters Academy,3377196.92,2902112.49
1364,Atlantis Preparatory School,4381922.75,3771653.68
1365,Montessori Family School,2680712.32,2340251.75
1366,Chesterbrook Academy Elementary School,1173109.93,1026271.4
1367,Rainbow World Preschool,4416863.05,3746089.61
1368,Holmdel Preschool Center,557408.78,505827.89
1369,Saint Denis Elementary School,99113.9,74304.93
1370,Matawan Childrens Center School,4631232.95,2793205.15
1371,Kiddie Academy School of Marlboro,1583146.47,1309139.34
1372,Kinder College Early Childhood Preschool,2167280.48,1888140.88
1373,Kindercare Learning Center School,3512515.79,2214209.41
1374,Brookdale Community College Eastern Monmouth Campus,4209805.34,3638469.81
1375,Bridge Academy School,2987587.74,2488396.04
1376,Foundation Academy Charter School,2890109.77,2260874.08
1377,Mercer County Performing Arts High School,3097968.65,2704458.26
1378,Trenton County High School Medical Arts Academy,816375.86,768522.13
1379,Daylight Twilight High School South Ward,165329.47,125387.42
1380,Daylight Twilight High School,3331099.86,3106053.59
1381,Career Education and Life Skills Center School,334818.22,278154.42
1382,Robbins Annex Elementary School,2262849.02,1433119.37
1383,Princeton French School,4238847.91,2972981.18
1384,Douglas Rutgers Child Study Center School,3793828.77,2497734.57
1385,Paul Robeson Community Elementary School Annex,1973487.67,1429663.83
1386,South River Primary School,4246482.89,3346784.53
1387,Kiddie Academy School of Cranbury,1937421.82,1234707.99
1388,Early Learning Center Preschool,2539454.53,1962157.28
1389,First Class School,91086.76,68582.6
1390,An Noor Academy School,203267.4,152380.63
1391,Robert Wood Johnson Medical School - New Brunswick,4702318.79,3637945.82
1392,Baytul Iman Academy School,4165904.05,3680377.01
1393,Kindercare Learning Center - Old Bridge,2364214.96,1819520.21
1394,Good Day Preschool,555585.45,476096.73
1395,Children First Christian Montessori School,3306045.82,2375005.08
1396,Pixie Preschool,4857066.64,4311968.29
1397,Childrens House Montessori School,406695.65,374379.69
1398,You and Me Preschool,2873167.26,2724999.88
1399,Rabbi Pesach Raymon Yeshiva School,2079911.38,1717341.17
1400,Apple Montessori School,528953.67,452911.52
1401,Keith Wold Johnson Child Care Center School,1784337.32,1221266.68
1402,Bright Beginnings Preschool,3963281.64,3670541.65
1403,Knowledge Beginnings School,1883174.55,1402563.05
1404,Childrens Choice School,2900387.81,1822494.33
1405,Darul Arqam School,1259172.44,986406.65
1406,Goddard School - Woodbridge,4429235.4,3132639.95
1407,Rainbow Academy School,2906792.07,1909634.34
1408,Academy Learning Center School,906515.8,795782.4
1409,NuView Academy School,3148501.87,2585979.8
1410,Bright Beginnings Learning Center School Annex II,201721.59,133600.7
1411,Middlesex County Magnet Schools Board of Education,341826.32,230394.16
1412,Keyboard Kids Preschool,2260160.65,1916241.39
1413,Montgomery Township Lower Middle School,4881923.02,3910518.74
1414,Johnson and Johnson Child Development Center School,4463254.69,2961738.47
1415,Green Brook Academy School,3178985.48,2763953.92
1416,North Plainfield Adult High School,3775092.05,3507415.78
1417,Somerset Hills Learning Institute School,2235063.78,1416377.89
1418,Jerry Davis Early Childhood Center School,140429.97,86983.62
1419,Kangaroo Kids Learning Center School,3367424.08,3183520.37
1420,Apples Books Bugs And Sticks Preschool,2315916.93,1714801.28
1421,Mendham Country Day School,1811958.59,1238132.96
1422,Zimmer Preschool,2097108.09,1767689.57
1423,Willow School,980819.79,697586.52
1424,Raritan Valley Montessori Academy School,758968.53,696565.56
1425,Saint Martins School,4488264.66,2718012.39
1426,Milltown School,1009783.13,866097.72
1427,Somerset County Vocational Technical High School,2747776.28,2480167.54
1428,Mulberry Child Care Preschool,2441479.24,2232797.52
1429,Mountain Top Preschool,2956231.95,2644027.75
1430,Sage Day School,906727.21,728386.4
1431,Kiddie Academy School of Lebanaon,4696341.46,3117652.13
1432,First Step of Lebanon Preschool,559645.01,472882.94
1433,Stanton Learning Center School,3929651.99,3116893.21
1434,The Ginger Tree Preschool of the Arts,2330343.67,2047982.04
1435,J P Case Middle School,3129924.65,2828221.87
1436,Tewksbury Elementary School,2169148.41,1957669.37
1437,Bloomsbury Elementary School,2704228.73,1866024.41
1438,Holland Township Middle School,2930934.26,2485395.69
1439,Clinton Township Middle School,1485830.32,1189778.87
1440,Hunterdon Christian Academy School,2255651.82,1733435.84
1441,Flemington Country Day School,1591800.01,1076977.53
1442,Hunterdon County Polytech Academy School Central Campus,2284601.3,1445202.73
1443,Lopatcong Township Middle School,795931.87,682440.73
1444,Warren County Special Services School,301521.48,183501.69
1445,Kiddie Academy School of Lopatcong,4623407.3,3680709.97
1446,Daytop Preparatory School,2332374.9,2105868.73
1447,Shepard High School,4616773.36,3627817.44
1448,Shephard Academy School,4816172.72,3457536.45
1449,Montessori Childrens Academy School,4623209.68,3760873.78
1450,Chatham Day School,1298700.13,930216.09
1451,B'nai Jeshurun Early Childhood School,275269.9,191679.97
1452,Summit Speech School,4129672.82,2714077.25
1453,Holy Cross Christian Kindergarten School,1281161.91,788968.26
1454,Cornerstone Day School,3977177.48,2982904.85
1455,Temple Beth Ahm Preschool,1925294.0,1468556.72
1456,The ARC Kohler School,93230.49,60003.21
1457,Presbyterian Kindergarten School,3603063.04,3401063.18
1458,Crossroads School,1543526.97,1414588.57
1459,Hillcrest Academy South School,1440261.08,877779.95
1460,Newmark High School,776711.25,541391.85
1461,Union County TEAMS Charter School,4226644.26,2870940.88
1462,Queen City Academy Charter School,178458.48,152917.58
1463,Jardine Academy School - Cranford,3496748.01,2863308.81
1464,Geraldine Nursery School,4954934.01,3581892.17
1465,Mother Seton Regional High School,3397338.08,3075645.84
1466,Dudley Elementary School,173512.23,109495.89
1467,Rainbow Montessori School,4865674.34,4458195.15
1468,Hollydell School,3353728.23,2393192.13
1469,Penns Grove High School,4667968.22,4121804.5
1470,Solomon Schechter Day School of Greater Monmouth County,1843866.9,1453203.13
1471,Coastal Learning Center School,4049078.73,3468261.84
1472,Winslow Township Elementary School Number 6,3564516.19,2307893.24
1473,Montessori Childrens House School,3948744.74,2917189.19
1474,Warren County Technical School,514624.03,474571.93
1475,King of Kings School,2384880.09,1696232.25
1476,Emily Fisher Charter School of Advanced Studies,3824772.87,2318886.3
1477,James W Lilley Elementary School,3598045.26,2385854.88
1478,Thomas B Conley Elementary School,2655449.31,2161946.82
1479,Clearview Regional Middle School,2372818.85,2047445.33
1480,Marlton Christian Academy School,1045621.97,957756.93
1481,Timothy Christian Academy School,196159.32,133438.21
1482,Golda Olch,545405.35,507080.63
1483,Beechwood School,4498341.69,2955300.44
1484,Holy Name School,641953.84,565927.02
1485,Valley Brook Country Day School,2672265.91,1875872.84
1486,Solomon Schechter Day School,2354556.01,1505460.71
1487,Delaware Valley School for Exceptional Children,2819896.72,2029332.32
1488,Life Center Academy School,1054947.17,881152.44
1489,Warwick Christian Academy School,2260218.35,1423764.96
1490,Woodbury Heights Elementary School,1281136.53,1105051.29
1491,Salem Middle School,3300466.46,2821582.68
1492,Monmouth County Career Center School,4047038.63,2866971.5
1493,Merck Child Learn Center School,3986664.73,3047265.74
1494,Search Day Program School,2538310.45,1968764.46
1495,Sewell Elementary School,2243427.05,2073310.46
1496,Mary F Janvier Elementary School,2589033.55,2303150.11
1497,Albrook Montessori School,3629582.36,2488043.64
1498,Woodlynne School District,2606823.98,2075505.75
1499,Frances S. DeMasi Elementary School,2240954.98,1822984.64
1500,John A Carusi Middle School,1578263.48,1453756.58
1501,Village Montessori School,1395755.54,901315.11
1502,School for Children,3707138.56,2389028.98
1503,Hillel Yeshiva School,1371158.23,903064.07
1504,Fort Dix Elementary School,646221.74,432389.19
1505,Schroth School and Technical Education Center,4737945.56,3496865.68
1506,Mesivta Keser Torah School,2744756.14,1951108.45
1507,Howard R Yocum Elementary School,2541352.58,1649008.66
1508,Trinity Cathedral Academy School,906097.09,770646.26
1509,Magic Kingdom Day Nursery School,2022948.27,1768386.86
1510,Young World Montessori School,770601.91,516331.62
1511,Alpine Montessori of Millburn,2346540.44,2167434.01
1512,Yeshiva Shaarie Tzion School,1998923.56,1380186.16
1513,Warren Hills Middle School,519760.37,315604.71
1514,Alexandria Middle School,398815.51,336525.92
1515,McAuley School,2829966.71,2432800.64
1516,East Mountain School,3860855.37,2959156.79
1517,Gloucester County Institute of Technology School,3329389.82,2018041.07
1518,Apples and Books Learning Center School,4155160.99,3039465.0
1519,The Titusville Academy,4453293.52,3845903.41
1520,Crossroads Christian Academy School,3192150.95,2235354.12
1521,Erial Community Church School,3162278.56,2964799.7
1522,All Day Learning Centers School,4153617.86,3944867.47
1523,Temple B'nai Shalom Preschool,4237425.29,2668836.43
1524,Williamstown Middle School,3771175.38,3095779.93
1525,Ambassador Christian Academy School,1623484.31,1416941.89
1526,Notre Dame Regional School,1545526.82,1255340.85
1527,Jesus School,2505442.5,1992509.05
1528,Burlington County Institute of Technology School - Westampton,67813.78,57631.5
1529,Larc School,2346978.92,1802855.1
1530,LEAP Academy University Charter School,3475347.37,2507480.71
1531,Westlake School,1415888.84,1061682.36
1532,Crossroads Early Learning Center,4778990.82,4419668.34
1533,A B Z Academy School,4238647.53,3085131.85
1534,Saint Mary Elementary School,4518398.93,3658183.56
1535,Rutgers Livingston Day Care School,509550.87,426749.87
1536,Collingwood Park Seventh Day Adventist School,801737.65,671594.42
1537,Stewartsville Middle School,4117018.44,3284165.31
1538,Park Bible Academy School,3215929.33,2694481.16
1539,Winslow Township Elementary School Number 5,1773395.88,1652027.77
1540,Grace A Dunn Middle School,2768898.73,2214961.96
1541,Hillcrest Academy North School,2793149.95,2007882.0
1542,Montessori Academy of New Jersey School,585192.31,373463.66
1543,Calvary Christian School,4876466.42,3700854.83
1544,Intermediate Middle School,2259999.87,1527574.24
1545,Winslow Township Elementary School Number 3,4859859.53,3311099.47
1546,International Charter School of Trenton,1734427.54,1629624.32
1547,Islamic Day School,3686561.96,3431049.82
1548,Sister Georgine School,3045032.14,2690219.28
1549,Gateway School,2815922.0,1887940.17
1550,Rabbi Jacob Joseph Yeshiva School,1519058.19,1286585.22
1551,School of Saint Elizabeth,3232027.64,2291514.25
1552,Indian Mills Elementary School,3552418.06,3232845.56
1553,Atlantis Elementary School,2175506.08,1871878.7
1554,Zarephath Christian School (Historical),2804803.68,1969682.96
1555,Hopewell Country Day School,1820607.25,1686804.84
1556,Kenneth R Olson Middle School,103563.38,79784.93
1557,Strawbridge Elementary School,2751900.81,2366155.46
1558,Shirley B Foster Elementary School,2292544.68,2128474.06
1559,Centre City Elementary School,424471.9,309971.57
1560,Garden Academy,1887039.76,1135515.77
1561,Dorothy L Bullock School,320313.01,226830.17
1562,Somerset Hills Montessori School,1497745.81,1157589.83
1563,Friends School - Mullica Hill,2116125.11,1787309.85
1564,Helping Hands Learning Center School,4985243.12,4429271.27
1565,Timothy Christian School,2496682.53,1905307.84
1566,Noor-ul-iman School,4314641.4,3396208.54
1567,The Children's Corner,1377825.08,1038594.43
1568,Warren Glen Academy,294945.77,229903.22
1569,Family Guidance Center Childrens Day School,1316465.8,941797.06
1570,Riverton Elementary School,4260627.62,3976284.3
1571,Parkway Elementary School,3887180.25,3186046.09
1572,Nicholas Montessori School,419537.89,356922.7
1573,The Nest School of Somerset,959073.5,660603.09
1574,Arthur P Schalick High School,2481056.91,1900041.98
1575,Central Jersey Arts Charter School,1915150.92,1441700.34
1576,Saint Jerome Elementary School,1494912.59,1279931.66
1577,Thomas E Harrington Middle School,2004979.92,1457020.58
1578,CPC High Point Elementary School,1321469.13,1121620.39
1579,Madison Montessori School,4320929.39,3619899.74
1580,Lincroft Center For Children Preschool,2340792.46,1860396.58
1581,Good Shepherd Christian Academy School,3710746.24,3443049.43
1582,Metuchen Christian Academy,4163611.49,3209629.88
1583,Cathedral Preparatory Academy,2569607.24,1979722.63
1584,Samuel Mickle Elementary School,4891839.86,4053921.73
1585,Childrens Corner of BUMC School,665677.5,427871.03
1586,Frances S. DeMasi Middle School,2057495.05,1419626.16
1587,Suburban Hills School,4287435.02,2640207.27
1588,Broad Street Elementary School,4229164.32,3775349.58
1589,Princeton Charter School,411881.26,363906.34
1590,Wall Primary School,558837.92,456157.97
1591,Tree of Life Christian Academy School,3637737.03,2895191.34
1592,Blackwood Elementary School,3476384.92,2419221.87
1593,Victory Christian School,480942.34,406202.62
1594,Logan Elementary School,763723.31,528828.77
1595,Franklin Township Elementary School,3397775.74,2634539.35
1596,Just Children Preschool,1030859.08,865583.57
1597,Waldorf School of Princeton,1838070.17,1344238.52
1598,Early Childhood Development Center School,409468.65,352083.13
1599,Flemington Montessori School,2644514.12,1843536.76
1600,Saint Judes Regional School South Annex,3797592.78,3107154.2
1601,Woodstown Middle School,551512.71,432340.16
1602,Our Lady of Mercy Academy School,580602.52,517295.42
1603,Marine Academy of Science and Technology High School,4399196.74,3888939.72
1604,Orchard Hill Elementary School,142177.41,118892.95
1605,Baptist Regional School,2776794.47,2486115.15
1606,Jeffrey Clark Elementary School,1531866.16,1042279.98
1607,Plaza Child Care School,3626521.16,2751160.0
1608,Josa Nursery School and Kindergarten,4702390.13,3317949.49
1609,Our Redeemer Lutheran School,3761114.52,2944685.22
1610,John Kennedy Child Care Center School,1250842.68,981544.59
1611,Pats Day Care Center School,3873714.1,2966362.63
1612,Oakcrest Academy School,1169629.4,748964.76
1613,Tower Hill School,4775700.42,3762933.83
1614,Sundance School,4230508.41,3376151.29
1615,Holy Trinity Elementary School,3620693.25,2677715.41
1616,Pennsville Memorial High School,2005996.55,1704836.23
1617,Cathedral of Love Christian Academy Preschool,4238665.34,3746084.31
1618,Bethany Christian Academy School,4174983.61,2841607.69
1619,Childrens Center of Monmouth County School,3700436.31,3135061.14
1620,Gloucester Township Elementary School,3271842.28,2497832.91
1621,West End Memorial Elementary School,3053086.46,2753274.69
1622,Edward T Hamilton Elementary School,3422643.65,2095843.74
1623,Viola L Sickles Elementary School,4444768.56,3373666.26
1624,Gloucester County Christian School,3417400.09,2068572.97
1625,Saint Peters Elementary School,3729398.11,2861030.22
1626,Saint Pauls Day School,817719.71,718422.0
1627,Spring Run School,2019101.39,1812979.05
1628,Bobbys Run Elementary School,303750.05,221923.52
1629,Alpha Elementary School,4231231.82,3621359.31
1630,Saint Bernard Preschool,1446524.84,1114462.68
1631,Port Colden Elementary School,2396575.79,2062267.86
1632,Children of the King Academy School,4591031.18,3760458.59
1633,Strang School Ranch Hope for Boys,3135076.52,2350427.92
1634,Lumberton Middle School,1350991.2,1201641.17
1635,Merchantville Elementary School,132673.56,81310.64
1636,Yeshiva Shaarei Tzion Boys School,421674.77,365176.32
1637,Von E Mauger Middle School,2556927.59,1642503.31
1638,Kings Daughters Day School,4140960.83,3513100.1
1639,Unitarian Montessori School,3109136.92,2667111.83
1640,Purnell School,1062237.4,892397.25
1641,Riverside High School,3286183.04,2728787.62
1642,John Fenwick Elementary School,2215732.12,2085337.09
1643,Saint Paul Christian School,3423761.47,3157679.67
1644,Woodcliff Academy School,3373364.3,2553444.66
1645,Winston School,2455945.6,2065873.44
1646,Oakwood School,3294741.09,2570571.84
1647,Ethel Hoppock Middle School,197573.74,138037.55
1648,ARC of Essex County Stepping Stones School,4597446.71,2825727.03
1649,World Harvest Christian Academy School,477483.23,372482.39
1650,South Mountain Nursury and Kindergarten,299820.65,282227.93
1651,Lord Stirling School,1482928.84,1166730.21
1652,High Road Upper School,813531.74,553391.31
1653,Kingwood Township Elementary School,1099431.64,724624.35
1654,Millstone Township Primary School,3238072.6,2508999.14
1655,Elmer Elementary School,4790150.38,3281763.69
1656,Jewish Community Center School Metro West,3671590.33,3412036.09
1657,Westmont Montessori School,4389673.51,2806000.12
1658,Metuchen Edison Community Day School,840604.78,666932.19
1659,Millstone River Elementary School,4248900.96,2818517.82
1660,Westfield Day Care Center School,2092957.42,1414239.79
1661,Indian Mills Memorial Elementary School,3025363.73,2276161.02
1662,Herma S Simmons Elementary School,4408531.95,3990604.24
1663,Heritage Christian Academy School,4873398.28,3574165.04
1664,Burlington County Special Services School Lumberton Campus,2059565.68,1638196.44
1665,Whitehall Elementary School,3504981.75,2717587.17
1666,Camelot School,4694817.46,2817708.17
1667,Y A L E School - Cherry Hill,3224508.64,2233568.05
1668,Montgomery Township Upper Middle School,2619560.55,2009127.67
1669,Winding Brook School,1837276.89,1677522.68
1670,Warren Middle School,2022135.68,1829377.23
1671,Willow Tree Nursery School,4819216.08,3649955.76
1672,Growing Tree Preschool,2797169.8,2575286.87
1673,Holy Cross Lutheran School,1623553.28,1347948.78
1674,Archway School - Washington Township,3704747.17,3336104.81
1675,Midway School,1459226.72,1117438.06
1676,Cherry Hill Alternative High School,1447565.18,1148040.78
1677,Holland Township Elementary School,2284089.5,1631557.18
1678,Veritas Christian Academy,1967892.77,1627053.81
1679,Lowe's,4658769.35,3299538.59
1680,Nabisco Center for Advanced Food Technology,3886429.54,3341966.18
1681,Prospect Park Municipal Court,3936219.5,3281287.47
1682,Pennsauken Bureau of Fire Prevention,3428489.86,2146543.03
1683,Berkeley Township Fire Department,3191501.67,2016458.01
1684,Irvington Municipal Building,3488010.71,3239344.67
1685,New Brunswick City Hall,398995.06,363903.16
1686,Hackensack City Hall Complex,3794726.3,3210693.43
1687,Bayonne City Hall,3751685.89,3243586.28
1688,Garfield City Hall,3110945.05,2184159.61
1689,Rochelle Park Town Hall,4172209.84,3794373.54
1690,Teaneck Town Hall,449287.17,426003.7
1691,Borough Of Chatham,4938712.62,3797209.04
1692,Morris County Hall of Records,1243805.42,1049958.41
1693,Bioresource Engineering Buildings,1909426.89,1288044.56
1694,Merchantville Boro Hall,322689.11,290502.46
1695,Kohl's,4119676.79,3185166.79
1696,Wawayanda Shelter,1853524.55,1700117.26
1697,Casello Jewellers,69065.23,63912.57
1698,Aversa Bakery,1326261.07,917897.49
1699,Ace Hardware,4197000.24,2546580.39
1700,Keller Williams Realty,1632087.14,1506191.12
1701,Beachcomber Collectibles,1463325.26,1041216.22
1702,LilliRose,225350.55,211465.4
1703,Riptide Bait and Tackle,3333530.7,2675863.16
1704,Wally's,501461.03,303279.2
1705,Martin's Cleaners,206991.94,195454.08
1706,Save-A-Lot,3239554.65,2155448.66
1707,Family Dollar,2563968.54,1725815.7
1708,Dollar Tree,458023.64,276844.77
1709,PetSmart,3240177.74,2013991.54
1710,Lenape Meadows School,4951156.33,3284793.77
1711,Faith & Begorra,4759872.95,3106198.58
1712,Birth Boutique,3191317.9,2033069.51
1713,Rita Rosa Bridal Boutique,2337689.23,2011579.73
1714,Seabra Foods,4253647.43,3060718.4
1715,Jersey Farms,250719.53,169298.81
1716,Dunkin',1390756.67,1112479.74
1717,Miss Art Hair Salon,696441.65,436764.76
1718,Dunkin' Donuts,119388.11,108252.29
1719,Welsh Farms,327226.27,263056.21
1720,Primal Surf,1915650.08,1563561.7
1721,Wallace & Woerner,54803.55,35697.69
1722,Burns & Klemm,2063684.23,1811791.4
1723,Risso Realty,1183945.25,775806.99
1724,Circle Cleaners,3885913.67,2992561.35
1725,The Laundry Room,1646287.76,1296894.18
1726,Berkshire Hathaway HomeServices,4276732.67,3871723.42
1727,QuickStop,4487767.39,3074498.98
1728,Asia Supermarket,2005998.55,1696050.14
1729,Decatur Liquor,4307513.87,3104811.78
1730,AA Bail Bonds,772751.34,492648.83
1731,Divorce Centre,392080.78,285280.68
1732,Pleasantville Grocery,2601882.58,2258233.36
1733,Sherwin-Williams,3645453.04,2893707.78
1734,Auto Lenders,1917521.5,1474471.03
1735,Matt Blatt Kia,2505174.87,2104584.32
1736,TJ Maxx,712418.66,620410.85
1737,7-Eleven,1871524.45,1730824.84
1738,All About Bikes & Wheels,976602.08,850934.86
1739,Cynthia's Barber Shop,1539904.9,1327048.95
1740,Surf Sundries,3164122.52,2772980.65
1741,Good Diehl Auto Repair,1388934.91,1205532.16
1742,Stop & Shop,4325943.6,3998283.53
1743,Eastern Christian Schools,2846510.44,2004948.87
1744,The Dancing Crab,2863567.75,2486619.2
1745,Coastal Living LLC‎,776872.15,591031.08
1746,Finalé,4731263.81,3809675.81
1747,Homer's Auto Repair,3321187.8,2598127.96
1748,South Jersey Auto Body,2828086.62,1994543.94
1749,Jiffy Lube,2217561.77,1896812.74
1750,U-Haul,1304928.96,1016030.16
1751,Subway,3740105.88,3476549.11
1752,Merkord's Garage,2355326.81,1525907.16
1753,Clark Municipal Building,3479028.84,2291129.33
1754,Michaels,3280233.16,2878400.88
1755,DSW,1723399.09,1511920.78
1756,GameStop,721121.82,561784.47
1757,Ethan Allen,832603.08,775614.02
1758,Avenue,2953738.96,1837935.74
1759,AT&T,3709026.68,2240483.49
1760,Party City,1048728.47,651540.03
1761,Books-A-Million,757401.03,694668.07
1762,Helzberg Diamonds,4768592.67,3390472.15
1763,Liberty Travel,2426519.81,1914657.59
1764,Ross,2306154.86,2047992.03
1765,Marshalls,257760.57,212473.42
1766,Keates-Plum Funeral Home,91910.53,56039.67
1767,Kim's Nails,492028.38,333375.88
1768,All Things Fun!,4204342.63,3028761.42
1769,Cedar Food Market,3698133.92,2497938.86
1770,Blitz's Market,4257568.16,3276715.45
1771,Super Liquors;Boulevard Super Liquors,4921772.11,3535339.9
1772,QuickChek,1041987.39,633317.98
1773,Cricket Wireless,697176.74,571493.6
1774,Jersey Discount,1473945.57,978495.87
1775,J.Crew,363459.32,329038.83
1776,Guess,3099412.29,2629788.46
1777,Guess Factory Outlet,273449.19,257617.03
1778,PacSun,3169220.97,1958525.51
1779,Polo Ralph Lauren Factory Store,2852698.24,2358123.97
1780,Tommy Hilfiger,3440271.51,2261817.1
1781,Wilsons Leather,1639118.05,1098632.86
1782,Banana Republic,3165190.43,2406952.92
1783,Calvin Klein Outlet,4074991.39,2709423.13
1784,Eddie Bauer Outlet,3323245.35,2700804.52
1785,Affliction,3459002.36,2519768.65
1786,Kitchen Collection,3886443.82,2970259.16
1787,Finish Line,4845183.02,3511738.19
1788,Nike Factory Outlet,3356925.43,2452957.39
1789,Converse Factory Outlet,4607384.1,3908301.09
1790,Abercrombie & Fitch,4514756.04,3687210.72
1791,The Children's Place Outlet,1421952.12,976345.26
1792,Lane Bryant,452982.63,422755.96
1793,Carter's,2010463.39,1343775.07
1794,Michael Kors,2234356.33,1626702.79
1795,Van Huesen,1949117.15,1292695.72
1796,Forever 21,2599352.11,2337005.44
1797,Brooks Brothers Factory Outlet,3943074.23,3468515.02
1798,Fossil Outlet,3708354.61,2387948.83
1799,Coach Factory,1237250.42,787662.1
1800,Aldo,2858792.39,2460892.43
1801,Perry Ellis,4496011.7,3236281.73
1802,BCBG Maxazria,714078.29,610385.9
1803,St. Joseph's Academy,3324947.97,2153739.51
1804,RE/MAX,4033850.83,3284052.18
1805,Best Buy,1154530.5,1082999.69
1806,Subaru,2522896.85,1515321.34
1807,Heritages,2395220.82,2103917.84
1808,CVS Pharmacy,595361.88,558395.67
1809,Guitar Center,174436.7,106200.77
1810,Island Automotive,4314711.57,3983083.2
1811,Spevack Legal Team,2042886.79,1788418.97
1812,Haddon Township Memorial High School,483117.7,440879.0
1813,Krauszer's,4598031.3,2934025.38
1814,Bed Bath & Beyond,3217002.59,2427961.46
1815,Christmas Tree Shops,1983640.86,1728529.01
1816,Whole Foods Market,378171.95,269423.09
1817,AirFleet Training Systems,3779123.2,2815842.37
1818,Kings,3101488.23,2278661.94
1819,FedEx Office,3845634.58,3186314.59
1820,T-Mobile,3468502.94,2086400.0
1821,Snip-Its Hair Cuts For Kids,4789065.19,3262700.27
1822,Ulta Beauty,3124250.92,1884194.9
1823,Eden Gourmet,4118317.6,3344566.18
1824,3-in-1 Deli,3753000.41,2617787.28
1825,Quick Stop,4830763.32,4171457.05
1826,West Shore Spirits,1368910.58,1103681.11
1827,Gans Media Computer Services,3509917.52,2358279.62
1828,Atlantic Chrysler Jeep,220742.39,153098.82
1829,Monro Muffler Brake,3214528.54,2805871.9
1830,One Stop Car Audio,4430528.96,3911510.91
1831,Boardwalk Honda,2141020.76,1791359.11
1832,BMW of Atlantic City,2287209.14,1770749.43
1833,Avalon Tile and Flooring,2614096.48,1695267.15
1834,Tilton Body Shop,639432.8,401454.72
1835,Gentilini Ford,2369933.71,1855937.9
1836,Tilton Market,2505541.13,2254841.11
1837,Hoys,1966485.05,1669679.2
1838,Vaughan's Farm & Garden,4081280.02,3350997.41
1839,Yesterday's,425649.25,311353.05
1840,Captain Obadiah's Seafood Market,1394762.99,864765.42
1841,Toyota Scion of Mays Landing,4376737.49,4121433.09
1842,Macy's,3372157.13,2320628.84
1843,Sears,4099953.83,3229494.78
1844,JCPenney,4623500.02,3237919.53
1845,M&S Produce & Deli,3754860.57,2955404.33
1846,Shoprite Liquors,4340550.61,2688150.88
1847,Extra Supermarket,3422410.14,2377149.77
1848,Trader Joe's,3398311.11,2454777.82
1849,Carlo's Bake Shop,4986759.04,3894218.14
1850,Rite Aid,347192.89,236176.02
1851,"Joseph Hart, Inc. Plumbing",4234637.39,2742683.78
1852,Genie Salon,3688411.04,3017480.48
1853,Art Is....,3732932.41,2711011.71
1854,Food Emporium,3362148.91,2046170.72
1855,Dairy Queen,2010438.96,1465922.75
1856,O'Johnies,4025055.73,3725003.77
1857,Clarktown Shoping Center,3927880.79,2377635.65
1858,Town Hardware,2793599.9,2564570.69
1859,NJ Department of Labor,4675182.34,3803395.39
1860,Sunny Market,3572977.33,3010565.84
1861,Slaybaugh Elementary School,2655816.38,1855541.55
1862,Kings Super Market,2136865.32,1635592.43
1863,Celebrity Salons,2258338.8,1508901.36
1864,Best Nail,4359663.31,4064803.5
1865,Circle Stationery,2572341.05,1615057.59
1866,Dorset Hardware,566669.98,368723.73
1867,Brigantine Auto & Marine,57155.6,48323.8
1868,Cedarbrook Liquors,3052506.32,2383442.12
1869,Morris County Duplicating Corporation,2107833.06,1724631.93
1870,Krauser's,511826.3,411031.83
1871,Quick market,945743.67,674032.89
1872,Daily Planet Gifts,1598030.18,1461702.61
1873,Blockhead Hair,4976465.62,3167586.25
1874,Herritage's,1696550.91,1188044.87
1875,Bagel Express and Mini Mart,1319160.54,1142631.14
1876,Haddonfield High School,3719458.32,2582121.44
1877,Pine bay Liqours,4044184.61,3564819.19
1878,Pitman Bakery,1934319.48,1357158.6
1879,All the King's Men Chess and Game Center,1448383.39,888785.89
1880,Lori's Loft,3721930.84,2557601.95
1881,My Fair Lady,1300775.81,842023.34
1882,Victoria's Garden,962806.56,907657.17
1883,Health Garden,3850695.34,3359570.95
1884,Alfred Stephen's Salon and Barber,2294414.81,1600753.18
1885,Just Cookies,2240458.57,1883699.48
1886,Antonia's Bridal,2307904.49,1697560.4
1887,Pitman Jewelry Shop,1432625.48,902070.38
1888,Pegasus' Closet,4371647.26,4080139.86
1889,Tiffany Nail and Spa,2971910.59,1863540.16
1890,Charles Stecher Jewelers,3289693.16,2544144.7
1891,Fred's Auto,1303683.43,1176071.77
1892,Verizon,323309.8,305089.54
1893,Bon Cheveux Hair Salon,4597046.34,2892903.32
1894,Reflections Hair Salon,1061426.29,806115.14
1895,McMahon Insurance Agency,2741229.48,2316142.87
1896,John's Friendly Market,2742318.74,2326539.39
1897,Avenue Salon,1565097.52,959111.13
1898,Bruno's,3991905.08,2858695.82
1899,Country Farm Convenience,570897.47,355143.72
1900,Del Buono's Bakery,1785562.2,1157548.21
1901,Joe Canal's,309261.5,189311.16
1902,Lowe's Garden Center,4354439.92,3651885.52
1903,Victor's Liquor,3287887.15,2265436.96
1904,Audubon Plumbing Supply,4560602.72,3623565.29
1905,Audubon Hardware,100642.38,68155.37
1906,Sprint,67097.58,58736.88
1907,Whipporwhill Food Store,1628635.44,1048485.68
1908,Little Egg Harbor Soap Company,3720721.28,3259015.63
1909,Clark's Auto Repair,4743089.08,3006686.67
1910,Dawn's Florist,1916479.06,1425542.57
1911,Heritage's Dairy,3469265.88,2189130.19
1912,Richards' Liquors,72699.77,58779.22
1913,The Islander Store,2110213.31,1611386.03
1914,Warrenville Paint and Hardware,4544087.95,3446944.47
1915,Indulgence Salon and Spa,4703555.16,4374969.91
1916,Goodfellows Motor Sports,4596700.39,2848071.42
1917,Car Wash and Lube,1494315.48,1010941.66
1918,HaddonField Florist,3523137.76,3014036.29
1919,First Auto Services,237112.93,150687.64
1920,Nail Works,4441321.06,4070502.47
1921,Cresskill Liquors,4405683.58,3401768.99
1922,Flowers Flowers,2035519.26,1476161.11
1923,House of Fish,3097003.93,1874302.08
1924,Curiousity Jewelers Inc.,3277598.88,2640099.47
1925,Jan's Barber Shop,1864079.56,1357690.81
1926,Hair Cuttery,3457817.49,2453448.19
1927,Mattress Firm,4702116.53,3703113.57
1928,RadioShack,3472274.26,2153215.45
1929,Sally Beauty,353856.63,332486.04
1930,Hallmark,967311.65,732361.14
1931,Olly Shoes,3575062.29,2880348.9
1932,Westwood Laundramat,4289823.24,2958909.75
1933,Former Kmart,3269552.12,2454762.02
1934,Goldberg's Bagels,3242645.26,2957612.41
1935,A & P Liquors,97355.57,59728.11
1936,Westwood Cycle,827572.29,628732.42
1937,Andrew's Liquors,1960330.44,1624493.25
1938,RPM Autos,3551834.99,3320467.12
1939,Center Convienence,957272.35,617535.87
1940,Jamaican Me Crazy,2095418.59,1664718.64
1941,Indulgence Cubcakery,2737244.35,2405714.83
1942,Wiseley W Jewelers,186680.45,122543.93
1943,Pipsqueak,2104282.4,1266773.37
1944,English Gardener Gift Shop,1940714.5,1813395.8
1945,Computers Made Easy,4818643.44,3927210.38
1946,Free Ride,4460143.8,3228992.67
1947,Pantry 1,2073868.95,1935551.42
1948,Farmer's Market,4141540.25,3594715.46
1949,Quik Mart,3734120.71,2624475.24
1950,Jaeger Lumber,1799244.26,1141378.46
1951,Kwrasers,1118003.31,780757.61
1952,Middlesex Auto,4183792.18,3090691.74
1953,Re/Max Realtor,2004399.61,1266882.2
1954,Boyar's Market,232908.4,146801.44
1955,The Seagull Shop,1377979.91,1160879.87
1956,Mallon's Homemade Sticky Buns,79976.87,59972.7
1957,Berger Realtor,3284968.48,2128420.09
1958,Prudential Fox & Roach Real Estate,2388266.1,1983373.53
1959,D'Angelo Italian Market,897948.77,772751.63
1960,Garden Cleaners,2502577.13,1583495.78
1961,Get Potted Garden Florist,2847174.48,2152945.81
1962,Haydes Gulf,204871.19,165699.53
1963,Liquor Factory,4611099.09,4212309.24
1964,Debs Auto Parts Inc,1780748.15,1195432.36
1965,Hoy's,1128814.83,1062281.77
1966,Nail Q II,3891104.7,2960870.52
1967,Men's Wearhouse,2874724.77,2642829.65
1968,Sports Authority,4121824.25,3200665.29
1969,P.C. Richards,3959824.2,2584316.81
1970,Pet Goods,1073829.13,734239.48
1971,Batteries Plus Bulbs,3081670.88,2332663.02
1972,DXL Men's Apparel,857903.6,682563.82
1973,Accu-Clean cleaners,622812.91,509374.58
1974,Jersey Success Realty,4069975.47,3167800.82
1975,Kasper,4203571.41,3419170.81
1976,Ramsey Outdoor,502941.98,375750.95
1977,William Denzler and Associates Community Planning Consultants,2406589.58,1805781.99
1978,The Spa at The Urban Muse,2217588.68,1800060.53
1979,Lake Surgical Supply,594779.19,387271.62
1980,On The Run (Exxon),2264112.06,2091063.38
1981,17 Farmer's Market,3227767.28,2836158.57
1982,McCaffrey's Food Markets,4986859.09,4302039.62
1983,Highland Park Laundry and Dry Cleaning,850874.9,583750.22
1984,Academy of Art of Highland Park,1901585.72,1171690.21
1985,Author's Bookshop,3654216.71,3415650.24
1986,Spirits,2298502.32,2062770.79
1987,Pantry 1 Food Mart,2258972.05,2023234.64
1988,Matt Blatt Nissan,4687634.4,4345160.09
1989,7 Mile Design,2632770.18,1962944.86
1990,Frank and Anita's Hair Styling,186918.19,126757.11
1991,Krauszers,2047125.61,1844809.92
1992,John Wiley & Sons,4019377.56,3691982.88
1993,Burlington,2275316.29,1474883.95
1994,Almo Swimming Pools Inc,4412473.17,2929077.97
1995,Alpine Ski Shop,2976606.91,2049815.25
1996,Rafa Socorro Auto,3002768.47,2569176.84
1997,Hanover Mart,352855.7,305419.98
1998,Krauser's Convenience Store,3506678.17,2300038.47
1999,Trek Bicycle Stirling,2373753.95,1721023.51
2000,Carlo's Family Hair Styling,1809479.5,1447227.82
2001,Bubba Rose Biscuit Company,3041582.58,1924709.6
2002,Deptford Cuts and Color s,4711894.42,3942918.83
2003,IGA grocery store,1805000.44,1412644.45
2004,Natali Vineyards,3763086.17,2394513.97
2005,Hi-Tech Auto & Truck Repair,3501323.8,2522165.03
2006,South Jersey AutoParts,3567096.37,2962835.98
2007,Rio Grande Auto Body,2733363.84,2430977.05
2008,Hand's Farm Market,3222695.86,2261960.82
2009,Winterwood Gift & Christmas,2186798.06,1379818.81
2010,AutoZone,4059099.14,3121921.91
2011,Joe Canal's Rio Grande,3328743.35,2446229.41
2012,Radical Hobbies,462283.86,372988.52
2013,Bowerstown School,1704388.09,1564758.37
2014,Washington Bakery,1804324.83,1318730.23
2015,Bobby's Corner Store,3654383.06,2975159.81
2016,Family Affair Florist,2728422.14,2211654.62
2017,Simply Thrifty Thrift Store,1165861.31,778460.93
2018,Buzby’s Chatsworth General Store,4890425.67,4196483.17
2019,ATK Motorcycles-Griffin Vhcl,4002498.04,3241201.93
2020,Landmark Liquors,2107627.09,1827128.3
2021,Pioneer Wines & Liquors,641804.85,603262.34
2022,Sunrise Hot Bagels,1508877.18,1131692.16
2023,John C. Milanesi Elementary School,4497637.21,3247614.22
2024,Foxe's Market,3506815.81,2469604.53
2025,Gap,1006481.39,811027.34
2026,Academy Engraving & Awards,4128903.48,3867260.79
2027,"Ostrow Originals, Embroidery & Screen Printing",3768849.61,2947113.24
2028,Moore Brothers Wine Company in New Jersey,1910724.68,1579016.74
2029,Surfs Up Salon,2859813.84,1993379.54
2030,Pops Homemade Italian Ice,3897217.08,2940600.96
2031,Delicious,4184944.18,2867075.4
2032,Grand Union,294223.21,207569.04
2033,HHgregg,4580336.34,3941626.23
2034,Super Suds Laundry Mat,2785549.99,1785293.52
2035,Stop 'N' Shop,4298050.32,3787015.95
2036,Crown Cleaners,4229905.17,3563236.0
2037,Santori's Produce & Deli Market,1715768.33,1200026.62
2038,Hair Culture,4508010.43,3974638.48
2039,Luscious and Sweet Gourmet Bakery,650142.78,500926.68
2040,Ridgefield Park Town Hall,410689.3,308040.21
2041,Garden Farmers Market Inc,4796518.53,4493906.57
2042,Krauzer's Food Store,4381462.64,4062643.62
2043,Emiliani Beauty Supply,3912131.89,3041979.15
2044,Plaza Laundromat,3409174.0,2176282.4
2045,A Touch of Elegance,1549650.37,1321441.53
2046,Washington Flooring,609019.77,563215.08
2047,Norman's Hallmark,4427504.64,4078736.28
2048,Creamy Acres Garden Center,4334656.01,3729804.3
2049,Twin Towers Service Station,2852360.03,1889519.66
2050,Justice,1483604.34,1074713.74
2051,Lopatcong Township Public Works,326075.47,308758.29
2052,Party Fair,2346684.26,1790043.63
2053,Farmers Market,548256.49,334375.48
2054,Plainsboro Wine & Liquor,4056106.52,2782097.72
2055,Venus Jewelers,4278648.93,3152044.6
2056,The Bath Gallery,2316463.69,1708102.15
2057,STS Tire and Auto Center,537977.62,323677.46
2058,Guidolume Furniture,4782386.9,4522444.44
2059,Long Beach Municipal Complex,3826615.2,2697632.31
2060,River Place Food Store,2692271.83,1706756.15
2061,Century 21,1105303.18,1013008.39
2062,Easy Street Haircuts,848128.31,787964.77
2063,Klean King Cleaners,3607261.03,2683558.59
2064,H&R Block,4972959.58,3072721.72
2065,Goldcore Jewelers,4947165.47,3870365.04
2066,The UPS Store,898900.58,754300.68
2067,Supercuts,1752413.68,1348545.95
2068,Plainsboro Florist,842342.42,516941.55
2069,The Missing Piece Puzzle Company,4325009.02,3980831.03
2070,Apple Farm Market,180639.8,136966.45
2071,Heritage Surf & Sport,2651434.69,2013238.2
2072,Air Circus,295760.41,235189.22
2073,Ocean Treasures,387774.96,351523.17
2074,George's Candies,2380398.87,2237942.2
2075,7th Street Surf Shop,3472352.74,2513600.26
2076,Napa Auto Care Center,391419.3,248653.67
2077,Diamond Cleaners,1682339.64,1198854.78
2078,Art On Asbury,4777898.31,3100410.05
2079,Salon Del Mare,1541528.25,1094412.34
2080,Harbor Outfitters,3695041.53,3434133.22
2081,Hoy's 5 & 10,2222211.16,1675105.49
2082,Bennie's Bread,525693.29,370519.83
2083,Open Road Acura - East Brunswick,2779663.5,2625885.29
2084,Patel Brothers,3851398.99,2850062.04
2085,Plaza Cleaners,3059980.04,2401067.44
2086,Chatham Wine & Liquor,4433631.75,2977076.93
2087,Hickory Tree Delicatessen,451694.99,415298.41
2088,Woodland Bakery,885111.18,674993.31
2089,Studio 360 Salon,2669704.77,1985082.57
2090,Village Market,4922530.82,3271595.31
2091,Lil' Reading Scientists,3984903.97,2984102.59
2092,Tons of Toys,1088578.38,838507.47
2093,Jenne's Nails,4511254.69,4255744.24
2094,Jardiniere fine flowers,3926196.63,2932229.69
2095,Alstede Farms,4911130.54,3204271.36
2096,Shear Madness Salon,1797136.85,1298787.68
2097,Pathmark,3000291.16,2454689.62
2098,H Mart,3441578.51,2565811.11
2099,Borough of Tinton Falls,1711951.71,1183385.72
2100,M&M Liquor Store,2917906.59,1942228.0
2101,Braunschweiger's Jewelers,3587425.74,3307016.2
2102,Providence Liquors,2345654.26,2010312.66
2103,Jersey Joe's Bagels & Deli,4043513.22,3781769.89
2104,Price and Price Elder Law,4643892.53,3878566.3
2105,Election Board & Social Services,3926611.1,2822367.26
2106,Linwood Wine & Liquor Company,4478819.77,3476008.62
2107,Bernards Township Board of Education,4460118.83,3769049.13
2108,Lucky Brand,4268360.72,3796401.42
2109,Victoria's Secret,1748532.38,1482648.63
2110,Ann Taylor,1884999.31,1453627.43
2111,claire's,2782375.42,1706038.82
2112,Crumbs,3199428.63,2562836.71
2113,Sole Italian Shoes,2910372.19,1991587.89
2114,The Children's Place,1605969.29,1108647.56
2115,Blue Mercury,859671.8,673112.74
2116,Chico's,200258.95,174107.2
2117,Juxtapose Gallery,4811536.65,3333363.39
2118,Papyrus,441911.21,288799.23
2119,Randal's Shoes,3895273.24,2387004.46
2120,Ellen Fisher,1832876.69,1347356.97
2121,Towne Barber Shop,708042.74,615032.44
2122,Tuxedos by Cozy,3123481.77,2318673.27
2123,Coldwater Creek,4428338.56,4183356.17
2124,JoS. A. Bank,185054.36,138213.29
2125,Learning Express,4127902.29,2808212.4
2126,Liquor Basket,1439038.96,949357.47
2127,Westfield Running Company,2457873.28,2030449.45
2128,Stu Leonard's Wine and Liquor,2192679.47,1867019.82
2129,B&H Auto Repair,3819303.32,2344652.46
2130,Town & Country Cleaners,4231039.41,3184003.36
2131,Perotti's Quality Meats,3764878.26,2805969.55
2132,Norwood Car Parts,3897543.08,3277307.5
2133,Tom Hoy Auto Repair,3124987.64,2059250.84
2134,Marty's Shoes,1383601.12,1309850.91
2135,Breadsmith,3016786.99,1941745.97
2136,Jeweler,4200413.68,2849840.06
2137,Peter's Fish Market,3201458.52,2031917.53
2138,Cafasso's Fairway Market,70190.26,55934.34
2139,Juniper Tree Salon,1894425.85,1745966.36
2140,Dollar General,1315438.21,932406.01
2141,Fish & Wings,2028387.66,1698400.91
2142,Denville Florist,4884029.3,4102855.14
2143,Denville Laundry,2396667.17,1637396.58
2144,Glen Gardner Liquors and Deli,1771033.75,1217055.27
2145,Wine and Spirts,212393.81,186038.99
2146,Han Nam,3610548.89,2790477.0
2147,"Alloy Software, Inc.",2027719.4,1911547.01
2148,H-Mart,4050309.58,3844585.11
2149,Spot Free,4832537.55,3994337.26
2150,46 Quick Mart,4312358.0,4009327.43
2151,Snow,793776.74,531915.25
2152,Oak Tree Wine and Spirits,3732091.85,3458855.76
2153,P. C. Richard & Son,4167759.7,3814511.53
2154,Jack's Health Food Country,3697567.1,2654274.68
2155,Walmart Supercenter,1046714.64,965998.74
2156,Hobby Lobby,1549778.1,1069722.95
2157,Violet's Florist,656335.7,468398.36
2158,Supremo,1090698.28,895700.06
2159,Harbor Freight Tools,509829.26,337931.63
2160,Stop Chippin Barber Shop,321715.41,204026.6
2161,Botanica La Altagracia,2866095.36,2262783.8
2162,Ramona Beauty Salon,4473646.38,4169954.95
2163,JR's Auto Parts,3282312.68,2075030.67
2164,Divina's Beauty Salon and Spa,862092.93,699001.37
2165,Westfield Meat and Seafood,3358373.53,2621095.68
2166,Eastside Barber and Beauty Salon,2997463.08,1893330.23
2167,Tavares Supermarket,596807.6,539129.25
2168,Classic Barber shop,1098003.56,910898.01
2169,Miguelina's Bakery,793680.95,528687.36
2170,Lonnie's Hair Styling,2336480.06,1661828.05
2171,Luz Supermarket,3186662.41,2700297.3
2172,Linda's Deli Grocery,2976382.17,2157175.61
2173,Karl J Salon,4852983.26,4290658.48
2174,Lee Auto Supply,482029.86,290321.59
2175,Costa's Supermarket,988232.36,655679.19
2176,Sheer Ambiance,1327766.14,872687.5
2177,Clayton High School,2050180.65,1256341.73
2178,D' Elegance,2304712.62,1853707.76
2179,Margarita's Clothing Warehouse Outlet,1921420.76,1555549.51
2180,Dress Express,1783443.36,1313980.7
2181,Kids City,2227120.71,1418848.11
2182,Pretty Girl,3246490.23,2556187.38
2183,Bargain Man,406414.26,316580.89
2184,Lourdes Hair Salon Unisex,4631781.53,4357824.76
2185,Foxy Lady Salon,3963099.82,3365352.02
2186,Tresses Salon,1573238.67,1038048.11
2187,First Take Salon,613905.17,434921.34
2188,Diana's Salon,2694905.66,2380692.69
2189,Children Learning Center,2325272.21,1512713.93
2190,Cleaning Village Laundromat,4986438.64,3538302.84
2191,Angel's Salon,2642858.5,1749846.35
2192,Jenny's Flower Gift Shop,3793372.8,2430628.9
2193,ShopRite Wines & Spirits of Hackettstown,477632.35,408979.51
2194,Laundry Basket Laundromat,2112846.85,1706613.49
2195,Delran Auto Body,643083.61,533517.61
2196,Public Wine & Spirits,3313316.22,2967535.01
2197,Labyrinth Books,1710057.36,1474813.7
2198,Hamilton Jewelers,3364712.58,2988744.74
2199,Arhaus,1973839.81,1767888.21
2200,McDowell Posternock,738546.76,665236.64
2201,Certified Auto Exchange Inc,2414860.75,2119217.6
2202,Sparkle Cleaners,3254578.64,2820406.09
2203,Brock Farm & Garden Center,2680047.17,1815818.94
2204,Delicious Orchards,1111779.17,754222.48
2205,Gemtor,123486.38,99162.96
2206,Bayway Lumber,1933687.2,1662335.54
2207,Evelyn G. Rafter and Associates Realty,564772.62,488013.28
2208,Paris Baguette,985415.86,874160.95
2209,Jolie Toi Salon and Spa,3363891.88,3117365.83
2210,Berceli Kitchen and Home Design,2837902.0,1946671.09
2211,Classic Cleaners,3700030.85,3184491.98
2212,Metropolitan Plant and Flower Exchange,2433154.61,1988550.51
2213,Allendale Liquor Store,2664484.52,2244360.18
2214,Allendale Hair Studios,3882354.43,2340125.24
2215,"Linode, LLC",496370.82,404327.61
2216,Whole Earth Center,482467.44,339372.63
2217,Bagel Express,4020835.62,2944379.27
2218,Bike Pad,838179.6,540470.63
2219,Queen of Peace High School,4981606.25,4427714.79
2220,Heritage's Dairy Stores,2992946.65,1830991.75
2221,Lachowicz and Company,2626210.31,2190438.2
2222,Bill Auto Repair,3456099.1,2491550.11
2223,Taste of Italy,4716991.34,3204328.41
2224,Roxie's Liquors,468733.96,376520.76
2225,Scissor Sisters,1263937.23,885438.35
2226,Madison' Produce,4997760.21,3715301.43
2227,Lackland Self Storage,1450713.07,1323388.71
2228,Medford Cedar Products,1678695.54,1337641.67
2229,Mr Mattress,2761132.17,1981618.53
2230,Goodyear,493913.59,369783.37
2231,Pearle Vision,4354724.02,3300213.97
2232,Lynnes Nissan West,4224120.6,2839155.01
2233,RPM Foreign Auto Parts Inc,1673197.5,1083606.95
2234,Wine Warehouse,4640147.14,3631279.46
2235,Super Buy Rite Liquors,117017.72,90653.43
2236,HomeGoods,4617931.27,4117476.95
2237,Gillette Liquors Super Saver,4572014.36,3622152.03
2238,Wine World,3280735.99,2019558.73
2239,Douglas Volkswagen,4058901.2,3388966.98
2240,Pompton Lakes Bakery,4355405.0,2839269.0
2241,Ripley's Believe It Or Not!,3654657.47,2676768.83
2242,H&M,2564264.17,2031498.84
2243,Golden Dynasty,4201272.43,3274137.78
2244,Aeropostale,336503.4,208051.57
2245,Hanesbrands,485996.15,406271.21
2246,Zumiez,1304368.82,1049834.9
2247,Adidas,1285115.14,1058428.77
2248,Puma,609369.79,412688.37
2249,American Eagle Outfitters,1501466.47,1080903.99
2250,Columbia,3813530.64,2851588.85
2251,Bob's Discount Furniture,4273222.04,3978466.19
2252,Bloomingdale's,2588571.6,2049697.01
2253,Neiman Marcus,4067090.38,2711953.59
2254,Nordstrom,4937591.31,3809379.03
2255,Walmart,3900919.3,2884758.86
2256,$10 and Under,2800558.38,2076574.34
2257,Stults Farmstand,4544810.56,3317662.1
2258,Rocky Mountain Chocolate Factory,2726163.45,1788968.35
2259,"Cake, Bake, and Roll",703376.06,426549.33
2260,H & K & Sons Inc.,4870722.57,3211657.2
2261,In & Out,278318.74,218530.42
2262,Marathon Data Systems,3315885.2,2001645.37
2263,Eastern Mountain Sports,182264.89,171415.64
2264,TuTu Time!,275232.11,241939.18
2265,Mall Barber Shop,4858762.68,4454613.65
2266,R & M Hardware,820671.11,536001.91
2267,Pompton Cycle,1926363.47,1491026.77
2268,Technology Assistance Center,2277050.74,1603799.48
2269,"Intercar, Inc.",4992530.09,4214500.06
2270,Franklin Township Municipal Building,1474381.5,1275369.53
2271,Fireside Furniture,2179948.03,1395756.06
2272,Nature's Pavilion,1999147.38,1641617.08
2273,Buy-Rite Liquors,3107861.85,2824396.53
2274,Soccer Zone USA,4122438.8,3894645.57
2275,Harmon Face Values,4844912.63,2910466.06
2276,Famous Footwear,1949726.28,1346020.45
2277,Jack's Super Foodtown of Wayne,1682938.96,1324616.1
2278,Walgreens,2414518.38,1898786.03
2279,Gary's Buy Rite,2238434.4,1747747.83
2280,Ski Barn,4517543.45,3691916.71
2281,Buy Buy Baby,3053613.18,1886211.74
2282,Aquaridise,2416805.86,1762927.46
2283,Eco-Friendly Cleaners,2696196.61,1776304.35
2284,STS Tire & Auto Center,2246491.91,1980773.55
2285,George's Market,3269997.98,3045470.27
2286,Krauszer's Liquor Wine and Spirit,2786800.67,2613417.94
2287,002 Auto Parts,4420706.7,2659672.61
2288,Jersey Pride Deli & Catering,2867325.02,1944496.08
2289,Heritage Dairy,4210441.54,2794321.12
2290,Woodstown Borough Hall,2933031.51,2251744.72
2291,Woodstown Ice & Coal - Ace,4415004.1,3867971.39
2292,Cowtown Rodeo & Market,537768.81,413109.3
2293,NJ Motor Vehicle Commission,3911936.1,2514663.72
2294,"Scheidel & Sullivan CPA, LLC",1336772.89,978033.89
2295,Kars4kids Car Donation,401880.79,379826.03
2296,Protek computer repairs,1321310.36,1213041.24
2297,Closet Butler,299176.78,246474.71
2298,European Exchange Inc.,2422158.32,2033674.52
2299,"Law Offices of Feitlin, Youngman, Karas & Gerson, LLC",53485.45,37969.83
2300,Gibraltar & Amkel Van Lines,4987021.19,3021132.48
2301,LB Commercial Realty LLC,2367873.19,1628721.06
2302,Modern Propane,67433.3,63053.3
2303,Shades of Soho,969006.4,598355.5
2304,Pedroso Legal Services LLC,1634478.47,1317394.19
2305,Linwood Bike Shop,3650431.73,2251929.55
2306,Chester Bagel & Deli,3658214.87,2962680.41
2307,Liquor Locker,3397499.5,2903292.22
2308,Floor Expo,2919129.2,2102775.79
2309,Jay and Silent Bob's Secret Stash,1539916.12,1235091.52
2310,2500 Delicatessan,906326.31,661819.91
2311,Ad Server Solutions - Ad Serving Technology,2773776.54,2130466.27
2312,Brownie Points,344914.66,250216.23
2313,"Ideal Tile Studio Group, Inc",2494128.36,1799095.61
2314,Avalon Supermarket,3862832.61,3258244.26
2315,Maplewood Village Optical,4369975.74,3460057.45
2316,Maplewood Nails & Spa,4867847.19,3979723.21
2317,Kokoro,432866.98,406264.38
2318,Maplewood Stationers,3652421.31,3060830.81
2319,Kim's Nail & Spa,703211.74,541061.78
2320,[words],4694656.44,3523042.44
2321,La Salon & Spa,2583351.45,1986954.01
2322,Suki's,2915014.3,2241021.39
2323,Bunchers True Value Hardware,3916955.82,2483808.17
2324,Buxton's Boxes,4838428.09,3246742.34
2325,Buxton's Garden Center,1617177.1,1438374.91
2326,DNA Testing,1729128.03,1068790.1
2327,Sweet Cupcakes,4209551.13,3483925.03
2328,Liberty Convenience,2010560.98,1714771.54
2329,"Village Computer Center, Inc.",3663553.89,3069369.98
2330,Boscov's,1622081.84,1345011.6
2331,Restaurant Depot,101920.4,78268.44
2332,Walker's Auto Repair,4325097.64,3608705.73
2333,Olivia's Barber Shop,2101987.39,1534767.65
2334,Bob's Seafood,387390.09,320115.24
2335,Edible Arangements,1007775.44,657470.02
2336,State Farm,4708739.68,3692207.22
2337,Charles Schwab,371257.48,336190.65
2338,Fleet Feet,2340648.67,2150522.36
2339,Braunschwieger Jewlers,2231424.7,1921110.19
2340,I Do... I Do...,2260055.37,1964396.4
2341,Elite Jewelers,121131.61,95826.63
2342,Plaza Barber Shop,2011563.73,1279360.17
2343,Apple,3207657.74,2918251.32
2344,Wholesale Photo,2127841.0,1545793.78
2345,NP Bagel Cafe,1532848.4,994772.28
2346,"O'Connor, Parsons, Lane & Noble LLC",4132372.81,2659083.52
2347,Rutgers Book Store,1368573.35,852667.73
2348,Imprinsic Marketing Group,71113.71,47599.31
2349,The Bath Connection,4697062.15,3240361.41
2350,Green Way Markets,4873377.48,3168375.41
2351,Mountainside Deli,3244490.14,2184951.5
2352,Kings Highway Glatt Meat,2758568.87,2195094.08
2353,Heritages Dairy Store,4643390.59,3025245.76
2354,Kings Liquor,1963008.14,1754792.17
2355,"MapText, Inc.",3383402.41,2910302.95
2356,Fred Harz,2232922.83,1675208.49
2357,Third Base Sports & Trophies,465468.69,299225.26
2358,Tan Terrific,3746609.17,2284151.31
2359,Elite Realty,3546288.57,2719900.63
2360,Byram Carpet & Furniture,617656.44,493955.05
2361,Prevision Systems LLC,661829.3,600073.28
2362,"Patrick & Kevin Bent, CPAs",3377957.38,2846696.53
2363,Snap Creative,2072936.43,1810153.68
2364,Cambridge Beauty Supply,596794.86,386499.92
2365,Liberty Laundry,1402801.32,1021465.36
2366,Lamont Medical Equipment,3919230.62,3087282.97
2367,Rent-A-Center,3663199.02,2790813.74
2368,West Automotive & Tire,910960.64,569518.83
2369,Ursala's Hype Hair,3087369.19,2108119.05
2370,Melo Food Market,1111414.62,888130.95
2371,M & M Deli & Pizza,4816934.77,3531059.96
2372,Michael's Liquors,1925611.27,1545872.74
2373,Tip Top Toe Nails,4543157.84,4286757.8
2374,Angelo's Automotive Service,2003804.07,1279223.12
2375,Atlantic Transmissions,4627182.64,2978620.75
2376,Second Glance Salon,4048944.09,3460293.16
2377,Watchung Deli,3704855.56,2617723.73
2378,Cafe Clair,4402980.72,3014827.01
2379,ShamRock School of Music,4264546.08,2891474.95
2380,Edward Jones,4227342.33,2873739.54
2381,Oak Knoll School,3871680.2,2817873.6
2382,Undergraduate Admissions,4059599.54,2782514.19
2383,Bagel Stop & Deli,4058714.34,3407060.51
2384,Sam's Bagel and Deli,2088156.12,1494315.78
2385,Corrado's,3086373.31,2529917.96
2386,Passaic County Technical Institute LPN Program,2820120.63,1730407.7
2387,2nd Street Bakery,3379058.05,2571990.43
2388,Bagel Loops,1467298.87,1105774.45
2389,Paul Miller Performance Collision Center,3802349.05,3326265.58
2390,Park Ridge Automotive Repair,1588763.5,960800.84
2391,Gencarelli's Bakery,3967005.76,3295893.1
2392,Entenmann's Bakery Outlet,496993.75,438764.45
2393,Advanced Eyecare Of Washington,2106083.33,1415588.36
2394,Oxford Barber Shop,144189.76,117527.29
2395,Main Street Tobacco & Confectioners,1759944.11,1475261.17
2396,Doris' Finders Keepers,3653026.68,2238440.09
2397,Kathy's Kove & Kafe',2533757.18,2006918.38
2398,Fliegauf Jewelers,3080638.13,2868823.89
2399,Nail By Diana,376415.02,318619.71
2400,Rediscovered & Little Sprouts Consignment,3322154.89,2964219.15
2401,Washington Carpet Outlet,1142398.26,769242.17
2402,Get a Grip & More,356870.28,266239.51
2403,New York Styles Salon,2012050.68,1449641.36
2404,Pandora's Box,3055676.35,2052834.03
2405,Clara's Stained Glass,4932722.84,3760736.8
2406,Black Diamond Tattoo,4521474.6,3530756.54
2407,Computer Rx,4774986.89,3101197.88
2408,Elle Photography,3756701.5,2970032.95
2409,Washington Health Foods,85225.92,71127.85
2410,Muheisen's Bagels & Deli,801987.49,727841.74
2411,S&S Cleaners,753214.05,591297.01
2412,A&S Pork Store,3260756.07,2316955.03
2413,Andy's Barber Shop,1953723.24,1712546.6
2414,Headliners,278507.99,249464.65
2415,North Jersey Media Group,2125426.74,1276701.31
2416,Sisters Deli,4863774.45,3953495.46
2417,McBride Convenience & Lottery,2069386.85,1514083.99
2418,Fudge Kitchen,180894.02,154829.51
2419,Food World,2426048.0,1685835.33
2420,Rivers Kitchens,3925107.46,2626156.01
2421,Blooming Deals NJ,3806912.09,3235503.43
2422,Valley Pediatric Associates,469054.45,405802.55
2423,Papa Leone's Deli,4142496.65,3888183.71
2424,Mahwah Deli,3495202.33,2894604.5
2425,Fantasy Games and Hobbies,2576040.43,2044990.81
2426,Your Own Winery,2508582.84,1710367.64
2427,Valvoline,1165804.18,1014204.35
2428,Polask Smak,4848920.03,4377405.71
2429,Red Bank Antiques booth #86 2nd floor,3091012.18,2388898.49
2430,Fuda Table,1620706.98,1409300.88
2431,Petco,2541803.42,2098428.96
2432,Cartridge World,1968827.36,1437037.14
2433,Metro Hair Salon,3556766.29,2263166.52
2434,Suburban Trends,235984.76,195964.2
2435,Cooks Liquors,3727179.85,2722137.51
2436,jaZams,1308671.11,1124580.83
2437,Mason Gross School of the Arts,3297345.92,3076246.74
2438,Sears Appliance & Mattress,2142336.04,1308756.68
2439,Annie Sez,4276135.62,3046627.35
2440,Beechwood Wine and Liquors,1839396.79,1636120.23
2441,FedEx,3995017.3,3394591.97
2442,Art Studio,1356662.91,1287673.75
2443,Oakland Hardware,618877.63,542217.52
2444,Giant Farmers Market,1362358.75,1132845.68
2445,Oakland Wine & Liquor,959529.58,858441.34
2446,Benjamin Moore,978368.96,680838.35
2447,Apple Store,1708738.65,1348557.97
2448,Hollister,3623388.03,3323353.35
2449,Coach,1788592.21,1250680.79
2450,Uniqlo,4893179.83,3029927.88
2451,Urban Outfitters,2316629.09,1473531.93
2452,Tiffany & Company,684664.26,626136.64
2453,Gucci,136609.1,86041.07
2454,Louis Vuitton,1844394.7,1630514.41
2455,Tommy Bahama,638817.0,449341.2
2456,Anthropologie,2738570.64,2112964.83
2457,Foot Locker,4260792.46,2813700.46
2458,Skechers,4728244.49,3165730.14
2459,Saks Off 5th,1635849.07,1331730.8
2460,Gap Factory,1219452.88,1026396.4
2461,Adidas Outlet Store,1324899.45,807822.12
2462,Banana Republic Factory Store,1487492.43,1050330.49
2463,US Polo Assoc.,1121587.39,901538.89
2464,Nike Factory Store,3062209.94,2388857.03
2465,Guess Factory Store,1305051.52,1049015.47
2466,Disney Store,3198338.77,2021439.24
2467,REI,227312.9,205451.18
2468,Lidl,839120.94,703728.37
2469,Sandy's,1592218.84,1444291.58
2470,Sam Ash,2675774.16,2522510.24
2471,Babies R Us,2097622.35,1284876.01
2472,Little Falls Municipal Bldg,4390629.95,2676242.98
2473,Giannone Wine & Liquor Co.,4028663.52,2547963.54
2474,The Vitamin Shoppe,1199836.85,766020.61
2475,Bovella's,1366239.37,1153330.21
2476,Walter Bauman Jewelers,3794718.95,3557968.14
2477,XOMA Salon and Spa,1603731.63,1224178.1
2478,Harmon Discount,908751.36,784226.95
2479,Massage Envy,2108116.73,1569042.26
2480,European Wax Center,1363132.04,1273296.61
2481,"Pro Site Marketing, LLC",1313360.21,847284.29
2482,Firestone,432691.97,270754.3
2483,Ashley HomeStore,623630.98,378025.19
2484,Deterding's Family Market,2296482.49,1791053.7
2485,Princeton Tuxedo,3973013.77,2501309.22
2486,BJs Automotive,3860435.18,3606673.98
2487,Motochanic,2037546.83,1902591.74
2488,Jumping Brook Spirits,2652207.39,2161200.81
2489,Pitney Italian Market,929686.92,568523.46
2490,B&B Department Store,3197713.28,2219315.66
2491,Lavallette Hardware,3111585.61,2483057.75
2492,Cornerstone Liquor,2438215.13,1883109.37
2493,NJ Surf Shop,3770816.92,2925666.81
2494,Perrine GMC Buick Pontiac,2198563.87,1472152.07
2495,Midas,4000678.0,2641935.57
2496,Concord Pet Foods & Supplies,2457441.45,1864705.01
2497,Music Center,157186.03,113025.64
2498,Sunnywoods Florist,3458302.85,2839485.23
2499,Keyport Nails & Spa,1052631.09,822198.17
2500,NY/NJ Baykeeper,67380.81,62118.87
2501,FJ & Sons,4235796.67,3677348.77
2502,Carsmetics,550954.22,429439.37
2503,Kevin's Auto Repair,246601.36,200585.68
2504,V & F Auto Body,1683686.36,1443203.31
2505,Suburban Discount Tire,3244813.86,2893576.45
2506,Unlimited Autos Inc,4742718.59,3727007.4
2507,"Henry S. Rinkewich, CPA",2813114.79,2002896.03
2508,Respect Hair Studio,359419.43,329669.11
2509,JMS Jewelers,3253038.24,2837348.8
2510,D & D Cash Register,4372866.09,3727933.96
2511,Day Funeral Home,3940187.78,2547617.38
2512,Zipline Laundry,386390.83,242852.07
2513,Country Farms Food Store,97106.57,83096.7
2514,Turk Collections,4593514.6,4352835.63
2515,C & M Auto Body,4652635.56,3186989.1
2516,Maaco Collision Repair & Auto Painting,4858267.7,3547928.49
2517,Bayshore Auto Service,3979190.62,2975286.29
2518,Fausto's Salon,4818400.18,4103434.9
2519,Elmwood sweet shop,4638803.19,4164287.03
2520,Nats Deli,4456237.64,3470465.79
2521,Krauszer's Food & Liquor,4609620.78,4051246.26
2522,Hillview Farms,597737.37,466144.77
2523,Tiger Mart,4844423.78,3673973.69
2524,Bident Services,2782370.25,2192059.51
2525,Abandoned Factory,3331916.49,3124445.19
2526,National News,3245243.66,2775228.1
2527,99¢,1426936.04,941969.55
2528,Misty 2 Deli & Grocery,191474.47,181174.84
2529,P.C. Richard & Son,4836181.03,3193022.99
2530,Crossroads Corporate Center,4585960.98,3762039.83
2531,The Container Store,2785990.53,2565200.52
2532,Gallery U Boutique,148425.73,114017.92
2533,Starbucks at Cafe Diem,925791.51,557915.53
2534,Little Daisy Bake Shop,1710888.31,1073533.01
2535,Sephora,4296828.47,4054016.81
2536,Shell We,2858000.83,2709432.31
2537,Jewelry Box Of Historic Smithville,790412.81,687121.87
2538,The Grand,1724348.25,1513649.62
2539,Smith's Ace Hardware,4464461.83,4156269.68
2540,Dogs & Cats Rule,644027.72,444686.06
2541,"Natural Stone, Brick, Pavers & Lanscape Materials",4648024.8,3273529.09
2542,Deli,4138621.61,2638821.72
2543,Russo's Orchard Lane Farm,2005746.14,1877536.06
2544,Chesterfield General Store,1162237.15,766464.11
2545,Chesterfield Floral Company,575975.13,453541.43
2546,Tire King,2114263.37,1668362.91
2547,Bob & Bill's,359540.05,240288.31
2548,Magarino Ford,1057353.28,638048.21
2549,Franklin Sussex Chrysler Jeep,4259348.29,2938603.76
2550,Hampton House Furniture,1439315.18,887552.17
2551,West Caldwell Civic Center,4213792.1,3737012.65
2552,Herbert's Market,1101393.31,853687.85
2553,PHH,4429382.34,3365922.19
2554,Creme de la creme,3568405.59,2625101.91
2555,Express Supermarket,583166.84,531578.43
2556,Nail Rainbow,750146.76,666356.75
2557,Kenilworth Garden Center,3402370.37,3193229.42
2558,Perfect Vision,4091941.51,3065359.49
2559,Bella Gente,2577064.34,2169143.8
2560,Cammarota Real Estate,4541400.97,3300627.78
2561,Kenilworth Discount Liquors,3812869.59,3451643.15
2562,Gian's Hair Studio,2698326.38,2120894.09
2563,J&K Nail Salon,1919997.67,1677216.99
2564,Midtown Barbers,409184.66,356822.64
2565,Law Office of Pollack and Zuckerman,2649469.31,1824270.98
2566,Massimo Italian Delicatessen,595017.97,383613.36
2567,National Home Improvements,3947982.77,2811216.6
2568,Phoenix Antiques,4992006.95,3089992.85
2569,Fresh for All: Camden,3320830.45,2693455.19
2570,Fresh for All: Abundant Life Fellowship,1776163.49,1124264.01
2571,Fresh for All: Paulsboro,521397.19,368954.58
2572,Fresh for All: Glassboro,4631622.35,4199166.63
2573,Mission 50 Workspaces,2866544.07,1766470.64
2574,Wine Chateau,1223455.85,828349.7
2575,Asian Food Market,1816389.58,1290414.21
2576,Village Beauty Supply,1143860.74,852529.15
2577,Snowhite Dry Cleaner,3026761.29,2645156.79
2578,Qi Qi Massage,1902911.04,1174594.74
2579,Nails & Spa,125418.77,97334.62
2580,Goodwill,4084683.94,3191467.35
2581,Dollar Dreams,851206.1,560538.94
2582,Dawn Treader Christian School,4998555.52,4411977.61
2583,La Casa de Don Pedro,1632421.52,1185434.5
2584,THRIVE Academy,4183106.03,2975016.38
2585,Spirits Unlimited,2812468.31,2479165.42
2586,Behre Bait and Tackle,178427.54,151252.38
2587,Artisan Vapor Company - Vapor Store NJ,4426588.41,3655803.36
2588,Liquorama,4861032.09,3489679.77
2589,Jackson Hewitt,95412.88,75544.75
2590,DiNaso & Son's,2640021.27,2328760.19
2591,Nails,1045693.18,980379.21
2592,DTLR,496061.84,338380.15
2593,Rainbow,4920383.99,3288510.76
2594,J&K Hi-tech Laundromat,1040035.9,707041.73
2595,Black Horse,277798.35,231122.17
2596,Diva Hair Designs,306607.09,203493.26
2597,6th Street Mini Market,2207068.95,1532106.85
2598,B&B Grocery,1705802.48,1027375.31
2599,Wine Outlet,290676.89,174641.55
2600,Bath & Body Works,3187351.92,2948384.87
2601,Duran Grocery,4957589.42,3118546.62
2602,Crystal Cleaners,692936.42,433282.03
2603,F.R. Grocery,510924.65,415161.26
2604,Triangle Liquor Store,932794.31,708142.55
2605,Thomas Lene's Family Barbershop,343186.68,254726.91
2606,David's Tire and Auto Repair,64607.19,44840.64
2607,El Taller Auto Repair,3716699.46,2283900.39
2608,Yorkship Laundromatt,4187265.61,3860501.74
2609,Square Mini Market,2240312.29,1582198.86
2610,Fernando Supermarket,394599.82,259749.06
2611,Milly's Auto Repair,1681131.99,1064507.72
2612,Fairview Vision,2838439.39,2337674.89
2613,Bella Beauty,1208419.96,871450.84
2614,Golden Gate Grocery,3105327.11,2538856.42
2615,Spanky's Tattoo Studio,2621917.87,1974894.94
2616,Henriquez Grocery Store,151546.58,138018.41
2617,Powell-Peters Real Estate,3291930.29,2514776.68
2618,B's,4356719.04,3078357.82
2619,Boyd's,3827505.08,2925256.75
2620,Caribe Laundromat,842723.09,639139.66
2621,Mt. Ephraim Grocery,418149.9,383421.81
2622,1st Born Queens,2438843.79,2239372.62
2623,Off the Top,358804.64,303038.07
2624,Mike's Cold Cuts & Grocery,3192839.67,2452119.54
2625,Ruthie's Hair Salon,3851403.15,3516122.71
2626,Joy Perfume & Variety Store,3765255.36,2873869.66
2627,Matou's African Hair Braiding,2728587.8,1667982.76
2628,Magic Carpet,169406.15,114143.99
2629,Twisted Tattoo,1238709.11,1111700.62
2630,Pee Wei's Tonsorial Parlor,2493564.18,1708539.56
2631,People's Drycleaners,3768315.23,3496021.1
2632,5 Star Barber Shop,1586962.75,1453131.18
2633,M&C Insurance,3272601.78,2659093.05
2634,H&H Grocery,3485800.91,2115826.37
2635,India Food Market,1679825.45,1442352.98
2636,Kizzazz Hair Studio,484717.13,398094.56
2637,Exclusive Cuts,417173.25,278097.88
2638,Dollar Plus,1208654.23,933919.89
2639,Halal Foods Plus,199342.11,167294.59
2640,Raissa Hair Braiding,3711673.6,2762889.14
2641,Quazee's Hair Company,2382938.02,1604811.1
2642,Fortuna Mini Mart,1723854.72,1581289.46
2643,Metro by T-Mobile,2218516.42,1761277.51
2644,Lori's,457804.28,391344.44
2645,Eddy's Grocery,4564547.77,4277658.76
2646,Next Level,3373157.62,3124274.46
2647,Yoyo's African Hair Braiding,718628.8,506147.08
2648,Supreme Clientele,236778.09,157214.94
2649,OK Cleaners,3014708.96,2294907.68
2650,Fashion House,1231251.18,956261.24
2651,Top Model,1646073.02,1551058.0
2652,Krazy Discount,3687520.11,2374700.91
2653,Just Kids Children's Apparel,3865687.26,2971618.02
2654,Master Food Center,1062898.36,990335.46
2655,Erain Motors,1477950.64,960866.68
2656,United Mini Mart,2182526.85,1659161.09
2657,Santana's Bakery,3655457.22,3314980.49
2658,Cramer Hill Supermarket,221848.73,205890.04
2659,Bartra Travel,4123456.09,2761466.5
2660,Bartra Tax Professional Services,2619403.56,1919266.85
2661,J & J Supermarket & Grocery,986801.56,833767.02
2662,Dalal Insurance,2214277.88,1455439.9
2663,G&N Supermarket,390282.08,279588.82
2664,New Look Beauty Salon,4086166.15,2544835.62
2665,J E Mini Mart,1242474.01,1073698.84
2666,Edgar's Auto Body,279964.07,209409.28
2667,La Moda Jewelers,2486156.43,2218242.58
2668,A&M Food Market,2205863.33,2002226.63
2669,Lynn's Bakery,3846882.09,3380122.13
2670,All Star Barber Shop,165535.17,119403.59
2671,Westfield Gold,2483756.09,2090528.38
2672,Juan's Beauty Salon,1229279.91,957092.55
2673,Jimenez Grocery,4845794.7,3741212.87
2674,VIP Barber Shop,2813655.13,2202358.61
2675,Impressive Nails,1450149.16,954592.98
2676,Gomez Grocery,4343872.55,2754968.93
2677,EZ Plus,2284385.42,1924500.48
2678,The Latin Connection,4686933.38,3469629.84
2679,W. Fuller Professional Services,2623714.98,1735946.43
2680,Cartun Hardware,2531140.26,2373502.78
2681,Andre Barber Shop,1492017.18,1239274.68
2682,El Encanto Food Market,3108076.21,2518049.11
2683,Holmdel Bagels,1674871.64,1450671.25
2684,Great Clips,530409.52,485783.48
2685,Holmdel Dry Cleaners,714547.37,500455.84
2686,GNC,3475151.73,2450437.87
2687,Buy Rite Wines and Liquors,3956186.54,2386010.59
2688,America's Best Contacts & Eyeglasses,314534.34,206048.81
2689,Charle's Dry Cleaners,2937012.33,2785362.82
2690,Master Super Market,3126249.39,2352173.43
2691,Roldany Meat Market,946919.21,826990.68
2692,Westfield Laundromat,1807027.04,1260341.38
2693,Mario's Live Poultry,308393.79,233948.0
2694,Stockton Liquors,215275.1,192739.34
2695,J&F Deli Market,1809219.08,1577895.88
2696,Almonte Food Market,2677572.78,2002885.02
2697,Boost Mobile,1609474.41,1287831.32
2698,Real McCoy,4535803.79,3775847.15
2699,Plaza Tepis Sports,3624242.19,2730215.21
2700,Botanica Yemaya,68817.96,58222.46
2701,Quisquaya Food Market,238991.45,185161.34
2702,Universal Foto Estudio,4923559.07,4313454.53
2703,Marquiso Jewelry,1593286.81,1173969.98
2704,Lomas,2408808.88,2061351.26
2705,Hing's Laundromat,1781079.05,1183183.01
2706,Changaros Record Shop,3190778.18,2684860.98
2707,Tropical Nail Spa and Beauty Salon,1570135.27,1376441.18
2708,VK Music and Clothing,1264399.57,989533.07
2709,Instant Tax Service,1414408.95,964448.68
2710,99cent Value,3049820.64,1846426.41
2711,La Hacienda Tienda Mexicana,2851176.51,2343023.45
2712,Espacio Saludable,4619803.12,3461421.44
2713,Labor Team,482951.71,395862.27
2714,B-J Stores,3584909.68,2709223.6
2715,San Lucas Bakery & Grocery,1009153.64,640435.19
2716,Federal Liquor,3300643.8,3019083.47
2717,Pasteleria Y Panaderia El Payaso,3628336.37,2233354.33
2718,Cameo,2761820.1,2321152.08
2719,Sweet Sunnah: The Islamic Market Place,3931071.91,3000674.99
2720,Marlton Discount Beauty Supply,4989894.47,3410164.76
2721,Em-Gee One Hour Cleaners,2679256.11,1800464.64
2722,Marlton Electronics & Records,3758174.91,2845585.6
2723,Pyramid Barbershop,272290.82,227570.29
2724,Super Deal Supermarket,3787308.49,2489564.91
2725,Hilltop Bicycles,4745490.22,2883691.5
2726,T&C Food Market,3718050.53,3125582.65
2727,Frank's Convenience Store,2654128.47,1953202.06
2728,Family Food Center & Deli,2741271.18,2001899.24
2729,Camden Liquor,3861966.4,2773362.55
2730,Expressions,3014036.91,2173346.32
2731,Crest Discount Beauty Supplies,2952926.62,2800995.17
2732,Akunimo,2832387.93,2458889.43
2733,Leyba Grocery Store,1643047.61,988992.72
2734,Martinez Grocery Store,1461664.48,1049453.45
2735,Liberty Tax Service,1393911.93,958623.55
2736,Fairview Liquors,1347400.66,1187633.06
2737,Jonathan Groceries,3538707.66,3173186.85
2738,Brilliant Nails,4648436.3,3474557.99
2739,Affordable Insurance,858533.6,628471.56
2740,Amarilli's Grocery,1898361.84,1545611.22
2741,Elizabeth Grocery,4087081.11,3634280.2
2742,F&S Food Market,4920915.58,3118098.48
2743,Rodriguez Discount,4628775.03,3482277.08
2744,Nueva Era Grocery,2289766.67,1853022.15
2745,Agramonte Grocery,2092241.86,1386479.09
2746,Perez Grocery,1133224.03,952257.65
2747,Los Compadres Grocery Store,2995612.5,2684279.03
2748,New York's Finest,678942.21,452704.19
2749,William Grocery,2116461.95,1903766.6
2750,4th & York Mini Market,891452.84,607885.36
2751,Bernard Grocery Store,2416564.15,1678984.8
2752,La Esquina Food Market,4478842.82,2777045.64
2753,Caribbean Barber Shop,438022.14,373358.61
2754,"All Marble, Granite & Tile Imports, Inc.",280538.7,236292.64
2755,Dollar Value,2253988.16,2115068.87
2756,Value Pet,2394839.42,1806797.61
2757,Best Buy Furniture,3533021.29,3125408.94
2758,Blue Rose Nails & Spa,1831367.09,1714782.8
2759,Fasion Casuals,2395324.67,1489233.99
2760,Head 2 Toe Beauty Supply,3748371.87,2344360.18
2761,Super Dollar City,371303.2,320049.27
2762,Shop N Bag,3922190.03,3392173.85
2763,Hopewell Valley Vineyards,57432.0,48103.66
2764,Cordas Music,4266783.39,3543658.28
2765,Nail Spa,2608357.28,2131452.13
2766,Summit News,1631846.35,1362679.2
2767,Casa Blanca,2774750.33,2541782.04
2768,Michael's Deli and Groceries,1716728.16,1530313.85
2769,Sky Cannabis,4196621.35,2659251.74
2770,Oldwick General Store,4621625.63,3601020.95
2771,Cones by Design,126684.78,110731.82
2772,Navitend,1507943.39,1324787.01
2773,Re-Designs Thrift Shoppe,1822475.54,1182285.71
2774,Kantor & Linderoth,3350009.86,2114947.43
2775,Corrigan Law,1536201.23,1216073.23
2776,FASTCopy Printing Center,2493917.71,1905674.56
2777,Fat Kat Tattoo,2757386.01,2147497.58
2778,New Jupiter Media,2775575.29,2522752.57
2779,resorb networks,4038978.45,2703001.23
2780,Taboo Tatoos,2002366.34,1384171.3
2781,Army & Navy Trading Hut,1054886.05,656780.94
2782,Rinse Cycle,833239.41,677736.39
2783,Platinum Nails,2279441.36,1729726.37
2784,Shore Point Funeral Home & Cremation Services Inc,247923.78,197790.93
2785,Family Service Center,4547977.25,3236190.71
2786,Drazin & Warshaw,3748418.04,2734030.56
2787,Lee Myles,3008626.74,1861862.48
2788,Auto City Repair,1208706.27,1134180.3
2789,Quality Car Care,4754891.42,3562545.28
2790,Old Time Bagels,4295391.59,3701238.99
2791,Pep Boys Auto Parts & Service,3190400.64,2958910.69
2792,Cerlione's Lawn & Garden Equipment,3039664.84,2794186.43
2793,Astra Cleaners,4771725.16,3467664.35
2794,STS Tire & Auto,837857.71,761887.83
2795,Pet Supplies Plus,1853990.39,1494885.29
2796,Bethany Wines & Liquors,1297354.28,1191007.21
2797,DnR Carpet,356661.75,257917.61
2798,Union Ave Auto Sales,1627540.97,1300067.05
2799,Best Buy Liquors,2581015.99,2194083.53
2800,A Kar Auto Sales,477153.59,429292.82
2801,Atlantic Bait & Tackle,3343299.29,2800076.82
2802,Fastrak Oil & Lube,1452928.72,1073176.65
2803,General Plumbing Supply,4462654.59,3568316.52
2804,Meineke,224518.4,211620.09
2805,Middletown Trailer Supply,1284501.26,1115520.78
2806,Dosil's,2702302.22,2373135.82
2807,Bob's Motor Works LLC,4750468.75,4180498.36
2808,Iron Horse Motors,50356.26,36606.81
2809,NJ Auto Wholesale,3996011.3,2409062.43
2810,Township Hardware,2675927.76,2367868.94
2811,Port Monmouth Automotive,1571969.8,1387847.2
2812,B Young Pool & Spa,2261899.66,1870926.41
2813,Bayshore Construction,3227080.06,2778096.94
2814,Yardworks,4606869.62,4300710.02
2815,Levinson Axelrod,744590.44,539029.23
2816,One Stop Food Store,220975.99,159780.31
2817,Thassian Mechanical Contracting Inc,4923241.17,3982981.69
2818,Norwood Auto Parts,2748782.37,2178702.91
2819,C & C Air Conditioning & Heating,4755443.06,3062508.74
2820,Auto Body Contours,4072749.56,2472138.94
2821,Brian's Auto Tech,1195040.28,1035969.07
2822,Jean's Canvas Products,185867.18,112789.71
2823,John P Condon Funeral Home,3571678.02,2583386.09
2824,Wine Academy Superstores,623701.01,509212.35
2825,ALDI,4749550.63,3018592.62
2826,Dearborn Farms,4961187.36,4244492.39
2827,Kim's Jewelers,4007031.15,3539408.89
2828,Nails Spa & Beyond,3070409.84,2013844.21
2829,Crumbl Cookies,4893739.47,3403393.52
2830,Mr. Good Lube 10 Minute Oil Change,4198881.73,2963886.34
2831,Revere Picture Framing,3017371.91,2398882.02
2832,Hassock House,3675480.07,3344628.01
2833,Evergreen Memorial Funeral Home,196324.9,155772.01
2834,Tractor Supply Company,3646705.8,2691878.28
2835,Harmony Natural Foods,3352700.49,2741176.96
2836,Painter's Express,2352264.7,2180145.66
2837,Add-on Pools,2985990.07,2098367.21
2838,Bobby's Precision Auto Repair,3303786.6,2439987.13
2839,All America Chevrolet,286470.51,181950.67
2840,Craig's Service Center,1154961.56,982491.06
2841,Pink Salon,3807242.0,3057418.11
2842,Custom Photo & Framing,1760550.31,1336245.37
2843,Onyx Nails,1083739.33,805666.28
2844,Livoti's Old World Supermarket,1475864.85,952773.21
2845,Bijoux Botique,4277281.42,3705007.69
2846,Auto Works,3252166.07,2007267.24
2847,Carpet Value Center Outlet Store,3729167.61,2870522.51
2848,Heritage House - Sotheby's,1310977.29,1222728.46
2849,Caldwell Banker Residential Brockerage,162223.1,129576.34
2850,Allstate Insurance - Luis Ponce,3402240.96,2147471.72
2851,AAA Insurance,2072548.52,1851023.9
2852,K9 Resorts of Middletown,2149279.15,1407603.59
2853,T&M Associates,2243854.94,1988358.32
2854,Stafford Tire Center,3191619.37,2357835.64
2855,K Hovnanian Homes,3838800.5,3086865.84
2856,John E. Day Funeral Home,2706643.37,2088432.75
2857,Cycles At 117,3194176.32,2857668.64
2858,Wig-A-Do,1019148.46,831234.28
2859,Macco Truck Center,1668394.55,1423299.23
2860,Coolvines,4258728.06,3654625.14
2861,Birnbaum & Isanuk,377542.83,350859.42
2862,Professional Countertops,1560968.43,1312247.58
2863,Aladdin Glass & Vape,2717685.29,1927315.93
2864,Oreck,2017271.3,1262169.75
2865,Fidelity Investments,142751.43,113368.21
2866,Perfect Pawn,2013363.16,1486572.53
2867,Bassett,4136730.04,3805411.84
2868,Golf Galaxy,627681.06,520950.11
2869,Casa de Montecristo by JR Cigar,2800259.94,1896593.47
2870,Pool Tables Plus,3487666.59,2205925.7
2871,Mercedes-Benz of Cherry Hill,1048213.75,641606.8
2872,Giannone Wine,1674272.89,1537128.5
2873,Windsor Learning Center,4630670.99,4240628.22
2874,The Hair Club,913481.34,646437.95
2875,Riverdale Food Store,1080408.35,813005.04
2876,Bicycle Source,1388684.84,1309884.77
2877,Wayne Electronics,3639897.14,2883030.8
2878,Community Charter School of Paterson,908569.8,608413.35
2879,The Windsor Academy,3535468.49,2366505.05
2880,Market Express,1380587.14,1286185.82
2881,John F. Kennedy Educational Complex,1038819.45,862516.05
2882,Unique Thrift,2120999.54,1367513.65
2883,John P. Holland Charter School,4042836.62,3556573.83
2884,Consulate of Peru,104757.06,76835.07
2885,Modell's Sporting Goods,3356111.63,3134986.34
2886,PCCC Bookstore,788859.26,583702.02
2887,Elementary School 12,810088.52,601480.43
2888,Belgiovine Delicatessan,2194879.54,1856031.5
2889,Fleet Feet Sports,4894248.55,3264302.35
2890,Bilco Bike Repair,1879828.93,1404001.58
2891,Comtex,3078032.41,1847350.64
2892,Bagel Stadium,2407507.75,2259990.45
2893,Hair Bazaar,1792805.58,1360630.73
2894,"Quality Optical, Inc.",1005912.32,915201.0
2895,Inglesby-Givnish Funeral Home,4488486.72,2987108.58
2896,Randolf's Bakery,1772782.12,1501844.58
2897,L&S Chocolate Store,3224189.71,2328975.63
2898,Maple Shade Arts & Drafting,4196416.43,3235113.38
2899,Motor Car Garage,3647974.73,2237232.39
2900,Ed & Sons Glass Shop,2014658.26,1481817.89
2901,Maple Shade Auto Repair Center,232033.78,160221.06
2902,Sterre Health,2345134.81,1943800.04
2903,Reebok,2559062.39,2400388.91
2904,Levi's,249547.2,210414.37
2905,David Bradley Chocolatier,4833441.44,4345015.51
2906,Broadway Medical Supply,1480478.77,946528.59
2907,Mount Everest,1207391.43,1012809.93
2908,Fairview Automotive,1198997.71,809791.01
2909,Bergen County Camera,4047693.42,2837353.31
2910,Denbeaux & Denbeaux Attorney's at Law,1607648.12,1165080.24
2911,Celgene,3888980.91,2339023.4
2912,Segal Labate Commercial Real Estate,4414322.86,3810002.47
2913,Code for Trenton,3852938.84,2893151.07
2914,Tease Salon,1972474.52,1541922.33
2915,New Jersey Water Supply Authority,719691.88,658300.15
2916,The Granite & Marble Shop,3311658.19,2340735.99
2917,"Apsan Law Offices, LLC.",4093959.84,3697625.75
2918,Shred Nations,4038550.54,3355061.69
2919,Liquor Saver,4684014.13,3834393.72
2920,JP's Deli & Catering,472642.1,294852.76
2921,Joy Cleaners,2069688.16,1304836.08
2922,NJ MVC - Somerville,3424203.14,2169143.85
2923,Phillipsburg Easton Hyundai,3758647.26,2700545.07
2924,Allstate Insurance: Wayne Douglas,4442189.55,2888984.72
2925,Tobacco Barn,896663.21,596789.55
2926,Edgewood Properties Corporate Office,2015802.03,1649628.97
2927,Food Bazaar Supermarket,139450.6,105161.11
2928,Roebling Liquors,1641031.79,1132047.55
2929,Mercer County Prosecutor's Office,2173340.53,2032107.58
2930,Jersey City Hardwood Flooring,526523.54,407968.23
2931,Targeteers Sporting Goods,1631757.97,1442012.67
2932,Fante's Auto Body Inc,2525924.38,2046576.93
2933,DeBragga & Spitler,3225389.38,2165394.21
2934,Crane Farm,1295088.48,969329.58
2935,Cutting Edge Barber Shop,2108429.17,1858278.52
2936,Decoraport USA,4108315.74,2566974.31
2937,Zoo Co.,4089094.8,3352695.48
2938,Cape May Market,3322322.65,2230175.94
2939,Seaside Cheese Company,3875188.37,2428636.95
2940,Galvanic,2627499.55,1891470.93
2941,Making Waves,2834121.94,2382759.01
2942,Victorious Jewelry,361907.5,322507.02
2943,Across the Way,2125998.88,1297687.14
2944,Fralinger's Original Salt Water Taffy,146060.76,91521.36
2945,Beaches & Creme,1328201.24,1103175.21
2946,Casale's Shoes,1507671.45,1049582.54
2947,Cape May Fish Market,4760409.44,3658468.17
2948,Just for Laughs,3597467.53,2631701.7
2949,Kaleidescope,1012986.52,840369.96
2950,Authentic Resortwear,2127545.94,1877658.25
2951,Sunshine Daydream,3912570.14,3016793.19
2952,Winterwood Gift Shop,1514172.41,913364.03
2953,Cotton Company,3481089.61,2352124.08
2954,The Original Fudge Kitchen,2381689.16,1443719.55
2955,Seaside Sweets,2312540.7,2124964.88
2956,Cape May City Elementary School,4582145.35,3402980.08
2957,Melchor Realty,3245820.52,2147932.1
2958,A Place on Earth Soap Factory,2861029.67,2252550.45
2959,Bagel Time Café,2329152.35,1910816.58
2960,George's Auto Repair,3309082.15,2529039.08
2961,The Wine Cellar,972725.34,833605.16
2962,Moorestown Town Hall,4927877.29,4212988.36
2963,Department of Motor Vehicles,3823122.29,3507888.07
2964,New Wave Barber Shop,3243571.93,2240153.23
2965,Greenberg Traurig,4765138.1,3609568.42
2966,Romi Romi Salon & Spa,3435800.95,2727949.24
2967,Intermediate Elementary School,4986256.24,4149808.68
2968,Bob's Bicycle Shop,3007288.47,2068597.41
2969,Jilly's T-Shirt Factory,1195831.84,886267.26
2970,Lans Jasabe Tax & Financial Services,2379854.57,2062753.62
2971,Ashwood Deli,2445901.01,1481659.52
2972,Summit Bagel,913342.44,712417.85
2973,Rons Comic World,2426009.97,1997626.51
2974,Casa de tia,4214011.06,2616471.81
2975,Taller Chapin Pride Auto Repair,1097625.52,1019095.17
2976,Asian Food,319839.71,270873.41
2977,Herrera Deli Market,3889017.46,2472407.54
2978,Mueller's Bakery,4009261.58,2788961.81
2979,Terrignos Bakery,1414496.89,1028103.57
2980,Affordable Appliance,4473232.3,3129899.93
2981,Rudolph's,1168533.87,957678.13
2982,Buckshutem School,3711045.33,3274543.12
2983,Terrys Ice Cream,3622069.61,2662208.05
2984,Dollar Store,2615469.07,2206849.92
2985,Randys Place,323202.12,212082.05
2986,Paint Store,599566.77,463555.05
2987,Pre-School,1631350.33,1227631.81
2988,Tourist Info,4442695.79,3126658.11
2989,Ramon's,1096748.89,806185.49
2990,CK Nails,2401984.54,1459621.53
2991,Bob Novick Auto Mall,4232067.61,3349338.55
2992,Liquor Xpress,2991866.3,2235243.98
2993,Shiloh Market,559051.88,366405.47
2994,Indian Fields,469192.38,290730.22
2995,Ollie's Bargain Outlet,1829377.17,1298055.53
2996,Cumberland County Child Advocacy Center,1118888.18,781667.58
2997,Webers Auto Electric,3004871.24,1821463.48
2998,Dominion Title Services,959448.1,704591.15
2999,Century,1597695.93,1253391.74
3000,NAPA Auto Parts,2115355.56,1685514.19
3001,Antonios,1156996.47,787762.29
3002,Key Auto Repair,1819910.24,1488178.29
3003,Racers Edge,3176918.05,2751769.42
3004,Kohr Brother's,3605226.22,2918266.03
3005,Eds Body Shop,731407.45,446589.34
3006,Andersons Country Store,4197568.43,3107387.36
3007,Joe's Butcher Shop,979159.45,739482.75
3008,Yogo Factory,3532953.85,2988902.07
3009,Rental Country,2910666.59,2317177.63
3010,Charter School,2187826.15,1675067.94
3011,cae,1656114.66,1521087.31
3012,ALK Technologies,2610442.6,1934531.65
3013,Admin Building,1539426.22,1448962.13
3014,Maison De Cheveux,453339.53,307488.49
3015,Amish Market,3971574.32,3646706.88
3016,Nick's,2703928.62,2411353.28
3017,Park Deli Too,4363820.77,3896984.58
3018,Exxon,4157112.44,3225514.08
3019,Park Convenience,2213225.47,1955858.78
3020,Ernest & Son,2961291.2,1949239.77
3021,Carrier Sotheby's,4357962.48,2855699.9
3022,Feathers Hair Salon,1248388.57,988114.34
3023,Colorado Snow and Skate,1249186.23,816036.66
3024,Elephante Music,299477.02,229276.9
3025,Tee4nails,944303.16,597131.15
3026,Safa's Jewelry,4573682.38,3496205.56
3027,Dollar Brunswick,2625066.6,2460407.34
3028,Kampy's Corner,1812819.56,1239539.53
3029,Super Saver Discount Liquor,1302174.09,871383.64
3030,American Laundromat,2521789.56,2112882.97
3031,Scissorhands,847064.33,676600.38
3032,Vertigo Vaporium,2556526.21,1816403.69
3033,RU Pride,2759148.13,2163852.23
3034,LMTD Supply,3020622.31,2283166.4
3035,"Rebel Brown Law Group, LLC",2138790.83,1713450.22
3036,Law Office Of Ingrid Echeverria,3590319.22,3392719.5
3037,George Street Camera,135085.15,115829.28
3038,"Wysoker, Glassner, Weingartner, Gonzalez, and Lockspeiser",4552331.33,2803183.16
3039,Upper Saddle River Boro Hall,3649902.13,3054823.28
3040,Redmond's Appliance Sales & Service,1459088.31,999811.43
3041,Hounds Town,1037613.28,849465.61
3042,Ramapo Valley Industries Inc,1398401.82,940434.42
3043,JS Tax & Immigration Services,2116636.86,1652327.42
3044,Hocus Pocus Tattoo,2568408.58,1796414.22
3045,South Street Cleaners,2162908.25,1604988.4
3046,Divine Organic Nail Salon,4040963.69,2616444.95
3047,Zoom,4565140.82,3673041.64
3048,White Eagle Barber Shop,332765.42,245939.35
3049,Sunrise Nails,855853.36,738983.59
3050,Senor Bubbles Laundromat,2238988.05,1865707.79
3051,Vonage,1693666.35,1390486.13
3052,Wine Shoppe,1708528.21,1262991.14
3053,Gary L. Goldberg Esq.,1825658.98,1336235.01
3054,"Claire Scully, Esq. L.L.C.",2759069.71,1878671.58
3055,Garden Farm Market,1658254.53,1357851.96
3056,Ehrich Electric,4825942.53,3653994.17
3057,Crest Florist,490512.48,318237.74
3058,Nova Technology,688172.67,444537.16
3059,AQUA DOCTOR,393067.77,296838.66
3060,Hadley Auto Repair,1996837.96,1603637.99
3061,Metro Mechanical,1306128.21,1045568.23
3062,Viking Wood Floors,4325279.29,3259378.28
3063,Jonah Electronics,3859229.71,2740111.03
3064,Julius Machine and Tool,3305946.35,2504712.95
3065,The Academy,1894884.92,1327916.58
3066,Eunice Laundromat,1750150.88,1508183.52
3067,Eye Candy Opticians,2485516.83,1840381.45
3068,C & H Auto Repair LLC,2697617.14,2020801.53
3069,Rezem Funeral Home,2981870.06,2501076.39
3070,Mosseri Realty LLC,3637517.99,2635228.78
3071,Friendly Laundromat,4197038.64,3188793.06
3072,Puchu's Grocery & Deli,2433367.38,2188612.91
3073,Sun Ray Dry Cleaners,3428206.21,2774148.04
3074,Just Hair,2474539.39,1682887.72
3075,Vencore Labs,769081.23,680392.92
3076,JCP&L,2206152.34,1351029.92
3077,High Point Solutions,741110.56,466087.46
3078,UBS,1296872.52,1213341.84
3079,Prometric,211777.77,143739.99
3080,Magnus Salon,2146279.52,1374751.14
3081,Latin Bistro,1819117.07,1106624.64
3082,Quality Automotive Co.,1062900.49,722762.18
3083,Rumson Therapeutic & Sports Massage Center,1016289.12,710122.06
3084,Bruce L. Throckmorton Esq.,4145738.96,3036358.62
3085,Kryston's Paint and Hardware,370061.63,324671.52
3086,Graceful Nail Spa 2,1701668.01,1562222.65
3087,Marrazzo's Thriftway,3175950.14,2303196.18
3088,Math Monkey,3538508.45,2978279.56
3089,Mellinger Sanders & Kartzman LLC,3060064.44,2157425.32
3090,Little Dog Brewing Company,542318.65,451209.12
3091,Vidalia y Quisqueya Deli & Grocery,684118.44,412584.01
3092,All Clean Cleaners,3441637.24,2732376.83
3093,Rising Lotus Holistic,4560293.94,3050096.51
3094,The Vanity Room Beauty Boutique,215441.93,174964.55
3095,Bravo,4168988.96,3897275.49
3096,Mastapeter Funel Home,3459822.07,2257968.23
3097,Ocean Mental Health Services,2209087.61,1823265.99
3098,La Meche Salon,1038979.35,970811.29
3099,Tronix Auto Sports,4077353.41,2881837.87
3100,Media Trends,2857121.32,2639702.4
3101,Interiors By Aleman,4344280.37,2991394.92
3102,The CoWorking Space,4751403.52,4347229.07
3103,Work and Play,4299946.68,2705281.21
3104,JuiceTank,4892943.78,4435141.15
3105,C3 Workplace,1488928.49,1102561.74
3106,Just Jersey,302574.37,259809.45
3107,Swiss Chalet Bakery,772043.44,728636.87
3108,Debs Auto Parts,4178057.44,3059353.81
3109,Unique Architectural Solutions,3962041.99,3753572.07
3110,Jerry's Artist Outlet,1800741.33,1519332.44
3111,Tomorrow's Treasures,81369.99,66025.93
3112,Sainmona Wine and Liquor,4982187.35,4175595.21
3113,west elm,3426424.79,3031100.38
3114,The Wine List of Summit,1555978.54,1329455.88
3115,Sandelands Eyet LLP Attorneys At Law,4805467.2,3588096.79
3116,Galloway Auto & Tire,2506866.07,2239449.83
3117,Chester's Pastry Pantry Bakery,1251754.89,1084240.33
3118,B&W Bakery,2298134.44,2061379.9
3119,Villas Country Liquor Store,971773.34,905944.69
3120,Eternal Etchings,3815238.64,2451910.79
3121,Bayside Eye Center,4700303.2,4449728.83
3122,Bayshore Laundry & Linen,3294094.18,3069659.37
3123,Adele's Jeweled Treasures,781718.08,501074.9
3124,NAPA Auto Parts - Genuine Parts Company,4181594.16,3940953.53
3125,Robinson's Deli & Produce,4169575.52,2966306.13
3126,Snippers Salon,4191891.87,2558258.11
3127,Anco Home Center,2424846.22,2119732.81
3128,The Studio Hair & Makeup,4915583.64,4598034.8
3129,Bayside Bakery,3455874.21,2539347.4
3130,Lucky 7 Gold & CONSIGNMENT,1079740.7,655163.99
3131,Game Star & Wireless,946022.17,582938.42
3132,Gaiss Market,1327316.62,1052487.41
3133,Ink Emporium,3961191.74,2762324.65
3134,Remax At the Shore,4563856.31,3562961.27
3135,Find's Furniture,4287219.15,3215361.28
3136,Barbara's Sea Shell Florist,1231406.94,833749.75
3137,Bayside Auto Repair,3311279.34,2616412.75
3138,R & H Auto Sales,3709944.98,3397962.06
3139,The Greeting Place,667673.32,484082.25
3140,Motorcycle Mall,58191.03,38106.95
3141,Aroma Di Napoli,953993.7,743020.01
3142,Havana's Cigar Vault,3909829.49,2549895.4
3143,Henry's Liquors,3756314.24,2381616.71
3144,New Jersey Motor Vehicle Commission - Paterson,2928564.27,2555430.84
3145,Wayne PTO Browse N Shop,4032684.54,3707705.67
3146,Grand Bazaar Food,3981347.58,3349501.17
3147,Habitat for Humanity ReStore,1969125.62,1432497.82
3148,Taida Orchids Inc,4151306.13,3698919.31
3149,Salvation Army Thrift Store,2884417.27,2097711.02
3150,Child Protection and Permanency,1021080.72,922661.56
3151,Eurica Home,3786621.13,3188148.88
3152,Elk Township Municipal Clerk,3252593.51,2016601.06
3153,Olive with a Twist,4315268.0,3799315.37
3154,Star Optical,1066535.5,932759.23
3155,Game Mania,4993101.63,4433268.36
3156,Pete Clark and Sons Auto Body,4350101.25,3105040.57
3157,S & R Mechanical Inc,3673699.61,2987445.55
3158,Lisa's Italian Deli,2744207.33,2075248.62
3159,E&J Discount Store,3985647.46,3508791.28
3160,Dominican Barber Shop,137179.28,108739.32
3161,Food Depot Supermarket,1643674.92,1232952.51
3162,"Virtual Endeavors, LLC",1473945.04,1182179.56
3163,The Pink Bunny Boutique,4239349.4,3096835.9
3164,CUMAC Community Closet,4037856.42,3309240.27
3165,Silk City Academy,4792865.88,3532505.06
3166,Paterson Adult & Continuing Education,4485903.29,4110904.19
3167,Laundry Warehouse,735375.44,638944.96
3168,Sunflower Organic Cleaners,3109835.64,2446278.58
3169,Lakeside Deli,2647998.96,2090203.05
3170,Santa's Beauty Hair Salon,4966189.5,3076427.67
3171,One Touch Bridal,872001.16,727503.48
3172,Science Building,4622484.14,2828866.6
3173,Professional Studies Building,4211319.02,3930556.1
3174,Gilligan Student Union Building,3273639.18,2287663.7
3175,Rossey Hall,1312446.03,949637.48
3176,Hepburn Hall,1595359.77,1376336.95
3177,Grossnickle Hall,3865905.36,3462483.37
3178,Fries Hall,3841465.33,3504758.66
3179,Vodra Hall,4683653.2,3013294.83
3180,Karnautsos Building,4777265.01,3852186.17
3181,Hohokus School of Trade and Technical Sciences (Building 5),198388.27,147742.2
3182,Season Pass Processing,304593.38,229751.27
3183,Hat Shop Madison,4538811.55,4177051.92
3184,Madison Vac,4332892.95,3775089.35
3185,Fast Lane,4975467.13,3467509.13
3186,Lucky 7 Deli,2761915.52,1985911.78
3187,Union Auto Body,2310332.17,1808178.12
3188,Union Beach Adult School,1362020.4,1217648.27
3189,Cuozzo Studio for Hair,2694372.7,1843144.91
3190,Beachwood Bicycles,3162388.79,2659703.13
3191,Ashley Furiture Homestore,1414928.78,978744.83
3192,Green Lea Florist,3506475.22,2439211.83
3193,Green Lea Garden Center,1023091.76,922024.53
3194,New Jersey Law & Public Safety Department,329263.26,252586.81
3195,New Jersey Department of Banking & Insurance,1498085.47,1187014.15
3196,Sparrow Wine & Liquor Co,1643355.04,1158048.86
3197,Heaven Spa,4697726.27,3971033.25
3198,East Coast Salon Services,4046646.66,3585665.96
3199,The Budding Artist,2789273.4,1700540.25
3200,Tous Les Jours,1461300.8,1321174.2
3201,Colonial Bakery,719090.85,504557.15
3202,Sorrento,2786444.53,2535505.49
3203,Longford Landscape,1548006.01,952186.46
3204,Longford Garden Center,880077.35,824660.63
3205,APLC - Associated Property Loss Consultants,652586.3,437836.56
3206,Lewis Sigler Institute,3661075.63,2415415.02
3207,Fredon School,3461389.8,2644617.31
3208,Chez Alice,3754146.51,2315552.74
3209,Miya Table & Home,1799880.41,1596578.58
3210,Thomas Sweet Chocolates,3555176.93,2834920.68
3211,Theunis Dey Elementary School,4435867.11,3385287.64
3212,Varsity Liquors,3842313.11,2822844.85
3213,Theo's Salon,4722373.81,2981062.09
3214,Nassau Street Seafood & Produce Co.,3465894.48,2534576.3
3215,Beauty Salon Barbershop,3228327.93,2027079.66
3216,Incogneeto,1979699.44,1246068.37
3217,Sport Clips,584534.34,483614.1
3218,Redelico's Paint & Decorating Center,4678108.88,3443490.56
3219,Day Spa,4911487.59,3591806.97
3220,Edge Learning Center,4543385.82,4086545.45
3221,Stickley Furniture,910445.03,793920.7
3222,Main Street Coin Shop,3232151.58,2774957.03
3223,Somerville Smoke Shop,2612995.11,1724324.9
3224,Path Liquors,3888249.84,3645233.22
3225,Wayne's Wash World II,3022716.48,2858271.85
3226,ABC Physical Theray,1311040.57,1214208.83
3227,TigerLabs,2389936.21,1526600.59
3228,Weidel Realtors,493410.06,305155.61
3229,Viburnum Designs,2407531.7,1594769.82
3230,Nearly New,3417891.78,2698494.31
3231,Cullen and Dykman LLP,4063214.62,3393217.42
3232,Berkshire Hathaway Fox & Roach,2245453.61,1926695.81
3233,Nassau Liquors Grape & Grain,3007831.81,2065587.37
3234,Greene Street,1387779.85,971422.56
3235,Eastern Relax,2022556.96,1612292.47
3236,Cosmo Bleu,2017687.78,1851907.5
3237,Christian Science Reading Room,287931.59,208547.92
3238,Shop the World,4286196.89,3236337.41
3239,Village Silver,1238369.17,938087.75
3240,J. McLaughlin,4524660.36,3256472.04
3241,Godfrey Fitzgerald Salon,1277340.37,1177938.36
3242,H1912,1889215.32,1347635.62
3243,Princeton Running Company,4969539.46,2992991.92
3244,Princeton University Store,3836418.9,2730618.26
3245,MacLean Insurance Agency,4686231.78,4028894.28
3246,Princeton Printer,4733528.99,3109159.9
3247,Polo Ralph Lauren,3486308.02,3275488.96
3248,Princeton University Art Musem Store,2970490.7,2425120.03
3249,Dandelion,3899113.62,2552025.35
3250,Lace Silhouettes Lingerie,754737.9,668181.31
3251,Olsson's Fine Foods,3708521.38,3305515.15
3252,Morgenthal Frederics,1028799.6,686797.49
3253,Lindt,4284884.35,3559365.09
3254,ToobyDoo,2803544.42,2032189.98
3255,Barbour,2316872.45,1782949.87
3256,bluemercury,4761671.13,3167067.59
3257,Paper Source,958446.24,705381.08
3258,Princeton Village Psychic,561453.83,476646.99
3259,Mandalay Trading Company,2870644.77,1992986.71
3260,House of Cupcakes,1906183.44,1167180.56
3261,A Little Taste of Cuba,219932.55,143549.72
3262,Morning Glory,2046179.88,1711091.81
3263,The Red Onion,1318659.02,869202.02
3264,Lululemon,2517491.15,1557285.75
3265,jane,1121075.37,838256.93
3266,Finance of America Mortgage,4682084.97,2925107.24
3267,Mike's Barbershop,4099679.74,3751828.93
3268,Salon Pure,4309164.4,3346475.47
3269,Princeton Corkscrew Wine Shop,3182429.69,2752258.22
3270,Princeton Entrepreneurial Hub,1074023.73,911888.74
3271,Schoenefeld Law Firm LLC,2401890.08,1651991.65
3272,Stockton Real Estate,428368.59,380231.95
3273,Nassau Place Barbers,4754394.76,3901296.31
3274,Callaway Henderson Sotheby's,1974900.78,1747582.36
3275,Princeton Nails,2863708.51,2576629.66
3276,Coldwell Banker,1560619.31,1132396.29
3277,Altour American Express,2541831.29,2199540.8
3278,TOTE,3076766.32,1954067.05
3279,The Pastry & Coffee Room,4332708.69,3549223.9
3280,Chelsea Crimper's,4197596.92,3889986.3
3281,Hinkson's,4832511.09,3334682.82
3282,Princeton Barber Shop,4694994.56,3339405.7
3283,The Little Chef,1348530.26,1184512.09
3284,Pristine Fine Dry Cleaning,3142838.74,2502180.84
3285,Princeton Heritage Real Estate,4959519.17,3251942.15
3286,Idilia's Prêt À Porter,4362977.4,3523930.96
3287,Pink Nails,4155310.95,3928428.9
3288,Thompson Land Management,351339.43,229057.52
3289,Hedy Shepard,2882133.49,2532186.84
3290,New York Camera,1650871.71,1303228.38
3291,Morford & Dodds Realty,1166389.4,770946.99
3292,Criterion Chocolates,549097.77,442456.81
3293,Nirvana,2692120.83,2212224.72
3294,All Good Things,4790636.03,3647167.99
3295,Five Dollar Shoe Store,1594499.4,1221033.37
3296,MJ Sportswear,3384381.07,2989731.81
3297,Monkey Trails,744093.56,695855.43
3298,Lakeside Family Haircutters,772439.33,464828.04
3299,Cleaner's Haven,4884781.18,4552172.95
3300,casa,3139672.51,1959398.11
3301,Microtech Computers-New Jersey Hights,710343.68,486386.01
3302,Royal Bagel & Deli,1181077.79,1086986.6
3303,Albazar,563884.44,401623.24
3304,South Moon Under,661620.27,492630.03
3305,Lacrosse Unlimited,2558926.72,2309336.66
3306,Oil & Vinegar,1436464.62,903608.77
3307,Parkland Cleaners,685764.16,531238.83
3308,Krauszer's Church Plaza Shop,3300773.44,2431019.18
3309,Tiziano Boutique,3077599.98,2600632.51
3310,Esthetica Salon,1291176.66,795523.02
3311,Montclair Antique Center,3175894.23,2096604.54
3312,Amanti Vino,4848894.07,3884815.97
3313,The Outdoor Store,3324559.19,2022100.21
3314,Rocklin Styling Opticians,2107487.19,1446594.89
3315,Gleek & Howard,4802065.65,4481744.42
3316,Cha Ma Gu Dao,4350518.56,3460294.79
3317,Java Love,1215555.75,1007478.27
3318,Comb Classic Barber Shop,4920658.96,2996513.67
3319,Merrit Fine Wine & Liquor,4974409.83,3383110.02
3320,Hip Chic,3122974.04,2833655.55
3321,Rocky's Crystals,2981155.94,1803352.74
3322,Power House Tattoo Co.,1054222.73,985913.65
3323,Eastern Gift,929617.32,827437.54
3324,The Wine Guys,3278957.67,2765720.97
3325,Just Kidding Around,4190719.56,3591291.28
3326,Romany Liquor Shop,4103103.17,2974213.64
3327,Parlor Hair Studio,2449736.14,1791225.89
3328,Montclair Book Center,3367742.57,2253568.51
3329,East Side Mags,2476209.2,1696857.07
3330,Red Star Paint,4249604.6,3747150.11
3331,Takeover,2115719.01,1432742.53
3332,Vsosa Grooming Bar,1704831.27,1144635.84
3333,Fume Cigar Shop,4123892.73,3445213.17
3334,Diamond Cycle,1333299.48,901823.74
3335,Pinot's Palette,1579820.96,1301291.22
3336,Inner Eye Boutique,3048253.88,1955129.58
3337,ProStock Auto Parts,2049541.4,1354776.73
3338,Bobbi Brown Studio,4921945.35,3905087.14
3339,John's Automotive,3075553.4,2728681.38
3340,Nordstrom Rack,4718089.45,3690226.68
3341,Floor & Decor,318809.22,273725.67
3342,K&G Fashion Superstore,4185946.49,3143060.15
3343,Anderson Insurance Agency,3466729.97,2777274.21
3344,M Color Unisex Beauty Salon,2185783.13,1909536.51
3345,Ely's Aquatic Farms,665642.66,575415.11
3346,Franks Auto Repair & Auto Body Inc.,4922743.15,4159709.15
3347,The Curchin Group,993362.04,816185.76
3348,Netwave Interactive Marketing Inc.,2302718.6,2083105.58
3349,Get A Rate,3581345.87,2329918.43
3350,Confections of A Rock$tar Bakery,4739946.19,3942217.27
3351,Rebel Supply Co.,554035.64,461441.08
3352,Interwoven,1122906.48,999159.45
3353,Footsteps in Paradise,3157418.98,1934289.36
3354,Red Moon life & home,3806542.39,3382634.74
3355,Glide Surf,158457.71,135525.55
3356,Purple Glaze Donuts,873926.27,763726.71
3357,Chop Chop Bang Bang,2114517.18,1458052.17
3358,Old Glory Tattoo Co.,3928956.68,3492247.67
3359,Asbury Park Academy of Dance,3270165.45,2105668.8
3360,Hold Fast,2412568.77,2047119.46
3361,Paranormal Books & Curiosities,2150167.65,1395512.48
3362,etc.,3571632.4,2757830.35
3363,Uncorked Wine Inspired Creations,117901.78,74740.65
3364,Foolish Ginger,4425153.83,2851082.67
3365,Fitness Lifestyles,4992400.4,3384497.42
3366,Russo Music,1491281.4,1381083.65
3367,Trading Post AP,591875.28,492444.72
3368,Kill Screen Games,3080990.8,2519457.04
3369,Groovy Graveyard,612578.74,472141.55
3370,Antique Emporium,2839351.25,1921839.19
3371,Lush Wines,4125734.66,3868447.34
3372,Shelter Home,1899999.79,1388661.28
3373,Asbury Park Music Foundation,757662.49,609631.8
3374,B Unique Clothing,4368514.14,2625416.72
3375,Heaven Art & Antiques,1276907.77,1104669.25
3376,Asbury Jewelery,3833719.15,3052482.13
3377,Old Mill Antique Mall,4582481.74,3031152.47
3378,21st Century Hughes-Riggs Realty,4375166.84,3790713.16
3379,Old General Store,465761.53,287658.04
3380,Sisters,3041744.22,2144300.55
3381,Gathering Room Interiors,93056.3,83819.53
3382,Chic Boutique,3365961.52,2891360.02
3383,Amazing Grace Resource Center,744032.93,483937.34
3384,Hollywood Grooming Mullica Hill,3443258.94,2519186.05
3385,Union Cycle Center,365808.44,266992.54
3386,ABC Super Store,58955.3,51504.58
3387,Loren's,4635497.37,3139676.25
3388,Uceda School English,168540.92,121434.97
3389,Zoni English,3713232.02,2408229.74
3390,Bud's Market,2345608.09,1672139.72
3391,sharkk,1062790.8,966625.42
3392,Red Feast Wine & Liquors,1743702.41,1130014.01
3393,RE/MAX of Brigantine,3456517.53,3065673.96
3394,Beach Tobacco Cigar & Convenience,2874432.29,2268331.07
3395,Dairy Delight,4516478.46,3887168.75
3396,Peebles,2923709.76,2760023.38
3397,Wildwood Dog Beach,244667.39,221185.23
3398,Max's Deli,2640320.51,1868735.76
3399,Packanack Bakery,2047395.81,1570149.0
3400,23 Shop,2945014.25,2558511.23
3401,OshKosh B'gosh,2213270.02,1719450.03
3402,Quicklane Tire & Auto Center,3189611.21,2681153.92
3403,Cabinets Direct USA,4610887.3,4138599.78
3404,23 Vape Lounge,2443197.93,1627389.99
3405,Pool Depot,3995586.25,2486026.81
3406,John's Hair Place,1379832.37,1061618.24
3407,1MobileBicycleShop,4455277.03,3541956.89
3408,Jersey Auto Body,537976.55,378374.77
3409,Dillon's Laundromat,3433726.32,3137545.25
3410,Red Rook Tattoo,3449888.77,2743165.43
3411,Camptown Coins & Collectibles,814102.56,711378.27
3412,Nizar's Tailor Shop,1865712.64,1398556.44
3413,Edible Arrangements,3324002.41,2184113.68
3414,Mimi Nails 2000,2394092.79,1604376.27
3415,Good Guy Vapes,3718662.58,3437438.42
3416,Juicy Deli,2147764.09,1901750.05
3417,Avenue Hair Cutters,4566489.98,2745892.87
3418,Mb Grocery,2366559.39,1917114.2
3419,Da Shop,1289349.4,899583.73
3420,Noypi Filipino-Asian Grocery,672256.85,597652.62
3421,Home Field Advantage Sporting Goods,2283920.51,1884465.42
3422,Charisma 7 Antiques,3158669.04,2148871.63
3423,Las Jocoteñas,1477180.21,1191348.16
3424,J&N Liquors,4836398.62,3607242.98
3425,Cherished Bridals,2543702.78,2111080.31
3426,Elite Supplement Center of Pompton Lakes,726646.76,646337.24
3427,The Closet Shopper,175304.04,157603.11
3428,La Placita Mixteca,3214016.3,2841555.43
3429,Zayna's Cuts for Kids,3775555.63,3451296.22
3430,Flipside Records,4980904.13,3778871.04
3431,Tom's Barber Shop,3216436.15,2741904.23
3432,Station 1 Books & Vinyl,3387235.83,2471536.61
3433,Empire Wine & Liquors,4572419.58,3323774.4
3434,Violet's Vintage Vault,3712186.45,2504059.17
3435,Tatiana's Tailor & Dry Cleaners,2250922.94,1525450.0
3436,Lakeland Laundromat,4825201.57,2907528.42
3437,A & Z Auto Body,2749054.05,2135951.04
3438,Just-A-Buck & Beyond,3018353.69,2513639.03
3439,Eden Salon and Nails,144448.97,124964.26
3440,The Paper Store,1795402.36,1359766.94
3441,Quick Stop Food Store,1549483.59,1138314.21
3442,T&T Auto,1507930.24,1360415.68
3443,Accurate Auto Care,4449243.81,3102521.24
3444,King Deli Mart,1636651.85,1260217.31
3445,A&P Wines & Spirits,2232719.04,1384515.37
3446,Lakeland Auto Parts,4935851.53,4359473.91
3447,Valentine Beauty Supply,4436267.21,2706694.95
3448,King Locksmith,337605.03,259411.31
3449,DC Superheroes Store,845880.62,511207.96
3450,The Flash Pass Headquarters,3565084.6,3234556.74
3451,Funhouse Gifts,4464833.81,3733168.55
3452,Rock & Mineral Shop,3988145.35,3724440.9
3453,Junke & Treasures,4837895.13,4063534.92
3454,New Fashion,3853119.58,2736151.15
3455,NJ Waves,2117718.2,1877597.15
3456,Wild Planet,3650403.39,3032678.38
3457,Liquor Mart,2210189.33,1904246.31
3458,Winterwood Gift & Christmas Shoppe,2625255.75,1878670.28
3459,Ocean World Gift,2944055.28,2788394.53
3460,Seagull Sportswear,803266.26,510907.02
3461,Eastside Surf Shop,3414739.37,2093412.54
3462,Sunglass Emporium,3974169.04,3548911.88
3463,Antique Images,1541243.09,1169959.35
3464,Magic Seashells,1097726.76,958611.12
3465,Ayces Printing,1958142.23,1759042.91
3466,Five Mile Marketplace,982600.61,787066.65
3467,Fortune Sportswear,2067026.65,1387908.96
3468,Fantasy Airbrush,174669.71,147467.33
3469,Bautista's Grocery,2125497.87,2014693.92
3470,French American Academy - Morris Plains Campus,2800986.81,1956105.65
3471,Noah's Bagels,90166.32,64597.84
3472,Bloomers,4423442.71,3329790.32
3473,Steel's Fudge,2525902.09,2140884.79
3474,Fralinger's Salt Water Taffy,761516.46,652351.47
3475,Shivers Salt Water Taffy & Fudge,1517225.45,1354254.79
3476,Supreme Team Barbershop,2827116.73,2583811.88
3477,Nails by Sarah,2602464.51,1764938.39
3478,Gem's House of Bagels,4272870.4,2630254.8
3479,Cherry Grove Farm Store,3763710.37,2677437.27
3480,Madison's Bakery,2436012.39,1792109.25
3481,New Jersey Transit,1514309.19,1374190.88
3482,Express Newark,616166.13,458900.7
3483,Great Oaks Legacy Downtown Middle School,827775.39,742123.53
3484,KIPP Spark Academy,4740047.56,3745418.56
3485,NJPAC Center for Arts Education,454323.86,280947.8
3486,Audible.com,4885671.26,3463409.53
3487,The Cloak & Dagger,3489680.08,3020076.87
3488,West Marine,776371.51,716435.86
3489,True World Tackle (okuma),3884020.09,2666184.24
3490,Halsey Cleaners,2379445.75,2127933.2
3491,White Star Nails,3799798.3,3075885.1
3492,Halsey News,2329141.7,2076258.38
3493,Hanna's Deli,2216488.12,1652140.06
3494,Park Place News,4015519.26,3388010.38
3495,Reynolds Garden Shop,853641.73,606030.55
3496,Reynolds Floral Market,3601364.75,2705741.4
3497,Kline Brothers Landscaping Center,2814166.99,1952712.99
3498,Hua Kong Health Center,1856830.63,1168704.28
3499,Pets Plus,737332.15,500886.08
3500,Home Front,2565728.37,1862784.87
3501,Allstate,1931500.95,1369259.17
3502,Bathroom Remodeling In New Jersey,2894915.02,2276009.59
3503,Design Within Reach,332054.82,282726.87
3504,Style Rocket,3849334.24,3258019.6
3505,Sols,4144900.28,3321158.65
3506,Pennington Quality Market,750124.37,578471.24
3507,Borough Barbers,597423.4,413178.14
3508,ShopeRite Wines & Spirits,3012319.24,2480490.81
3509,Music & Arts,4502942.92,4215899.48
3510,Wren Kitchens,2648464.36,1892954.28
3511,Halter's Cycles,4710815.67,3011880.55
3512,Number 17 Elementary School,607271.59,564340.14
3513,Refresh & Co.,1928735.16,1707015.61
3514,Stephanie's Salon & Day Spa,3294357.0,2554547.91
3515,Cumberland Regional,2171121.95,1441790.3
3516,Action Auto World,3145972.91,1996986.99
3517,The Mall At Voorhees Town Center,3182622.21,2133154.92
3518,Mallins Fudge,1187987.02,1040421.78
3519,Rapunzels,2481485.93,2188667.96
3520,St. George's Beach Outlet,1052413.62,993747.95
3521,Splash Zone Tickets,2594975.48,2396673.3
3522,Blue Moon Acres Farm Store,547567.03,371525.19
3523,Clikz Digital,2593013.35,1809506.73
3524,Wine Vista,2377569.01,1441038.3
3525,Once Bitten Donuts,1961121.81,1774427.86
3526,Krauzer's,2121109.46,1554875.89
3527,Truck-Repair & Collision inc,3229025.64,2252811.87
3528,Central Farmers Market,1884460.31,1597034.93
3529,Village Garage,4597684.29,3485147.58
3530,WICK IT Candle Factory,1390495.3,986263.32
3531,Aqui Market,1777887.11,1163510.89
3532,"Petrelli Previtera Schimmel, LLC",4804084.37,3534391.49
3533,Value City Furniture,4940251.95,3441708.18
3534,A Harry Moore School,3702804.59,2261146.65
3535,The Academy I Middle School,1491367.79,1230600.48
3536,Towne Delicatessen,1057640.68,1003143.33
3537,Luxe Limo Service,2073288.03,1263477.1
3538,"Hanover Wine, Liquor & Beer",4161909.95,3397354.37
3539,IRS,314294.49,252971.36
3540,Dyson Service Center,1942030.26,1204938.71
3541,Pet Valu,428827.62,396122.35
3542,Küche + Cucina,3082091.83,2436908.17
3543,The Dance Bag,165957.72,109951.91
3544,Bambi Baby,1719145.84,1401553.04
3545,Scuba Learning Center,2208177.14,2087090.12
3546,L.L.Bean,3938410.96,2953213.13
3547,Leslie's Pool Supplies,2512832.36,1914823.15
3548,WindowRama,316960.3,210286.09
3549,Prestige Collision Center,3720203.26,2448583.93
3550,The Ridgewood Conservatory,1653995.26,1196547.0
3551,Stephen Corn Furs,4544934.32,3962177.65
3552,Penske Truck Rental,1045165.15,946310.52
3553,Farmers Insurance,4197355.94,3315483.57
3554,Jennifer Furniture,4786477.35,4095241.21
3555,Fortunoff Backyard Store,2913416.2,2649224.85
3556,Eco Dreams,146541.93,104278.66
3557,Capitol Lighting,2112403.5,1741802.17
3558,Tomasella Furniture,2353378.83,1446725.9
3559,Globe Shoes,2989730.32,2196851.54
3560,Bazaar Rugs & Home,2060385.4,1400716.45
3561,Signature Detailing New Jersey,1956947.19,1273447.92
3562,Kids' Consignments,1342382.81,1001069.96
3563,Marc Anthony Full Service Salon,3085713.92,2629954.59
3564,National Wholesale Liquidators,1676110.13,1223170.87
3565,Philippine Bread House,4424185.34,3984587.81
3566,American Flyers,4961812.23,3664150.37
3567,WHQ,3200686.15,2877199.33
3568,Dorrance,443104.03,286721.53
3569,R&D,409646.12,310772.49
3570,Tech Center,2878946.84,1759826.81
3571,Building 81,527475.11,462322.3
3572,Pilot Plant,642534.16,430119.21
3573,CEC,656026.48,479242.38
3574,BB&Z Auto Repair,1751266.64,1271401.85
3575,Green Life Market,998652.56,835124.39
3576,Roserne's Wines & Liquor,4898193.47,3238865.46
3577,Riombolo,3089927.16,2557138.94
3578,Chatham Cleaners,3277220.78,2676257.61
3579,Buy Rite Liquor,2352249.38,2067526.15
3580,Windsor Preparatory High School,768831.28,705216.65
3581,Beach Trend,3027219.41,2328932.24
3582,C Club,3558452.78,2856917.13
3583,Boardwalk Gift Shop,1631398.07,1270952.06
3584,The Beef Jerky Outlet,1045121.13,693851.02
3585,Hot Topic,1129259.77,971727.76
3586,Lacoste Boutique,4982171.16,3607201.39
3587,Jockey Outlet,2815931.36,2341549.35
3588,U.S. Polo Assn. Outlet,3545117.47,2529724.33
3589,Bass Factory Outlet,4673656.26,2899162.03
3590,Under Armour Factory House,1064254.44,880452.45
3591,DKNY,2615225.33,1860046.59
3592,Reebok Outlet,3097749.12,2433714.38
3593,Golf & Repair,815784.39,753482.73
3594,PC Repair Laptop Screen Replacement,1378368.83,1163646.5
3595,Woof Gang Bakery & Grooming,2856869.34,2451387.53
3596,Em Nails & Spa,835679.28,512181.24
3597,Speedy Mart,2312559.8,1600600.63
3598,Liberty Mutual Insurance,2305192.53,1407179.78
3599,La Bonbonniere Bake Shoppes,2416688.09,1925778.15
3600,Kettleman's Bagels,338882.18,239617.9
3601,Luxi Nail & Spa II,2550118.52,1661576.8
3602,Quality Cleaners,878759.59,648546.8
3603,Melissa DeSantis Real Estate Experts @ Remax Central,4326466.13,3409838.42
3604,Union County Charter school,4951172.98,3976343.42
3605,Marilyns Hair Design,533861.44,467661.17
3606,Bagel Chateau,3471382.78,2325535.6
3607,Morrissey's Auto Repair,4521217.44,2805767.31
3608,Craftsman Karl,3757272.96,3309348.78
3609,Master Memorials,1350196.82,1133624.8
3610,Yash Liquors,901162.08,612157.65
3611,Mullica Hill Floral Company,916343.28,717592.95
3612,Deluxe Nail & Spa 2,3526160.25,3021027.81
3613,Brakes On The Go,1914438.92,1402924.65
3614,Miracle Lash,1392396.04,892069.57
3615,5 Star Catering,3230244.64,2806204.61
3616,Williams Lamps,822575.59,777648.92
3617,Baby Gap,3214327.81,2399446.39
3618,Gap Kids,4618959.83,3874965.33
3619,Ambience Boutique,3377986.37,2083190.54
3620,Mercat,4666468.84,3151498.31
3621,Express,307644.57,205528.37
3622,Loft,1414096.86,995923.2
3623,LensCrafters,3106510.4,2037653.01
3624,True Food of Edgewater,4413734.94,3932700.18
3625,JJ Eyelashes,2041235.98,1732571.2
3626,Metromix,3116049.31,1952627.97
3627,Cookie Cutters Haircuts For Kids,2718253.63,2157665.6
3628,ShopRite Wines & Spirits,2613867.89,2184061.91
3629,Jewelry Alain & Co.,3890313.94,3568791.82
3630,Schumacher Insurance Agency,343487.91,271337.64
3631,Village Office Supply,2723733.92,2337836.97
3632,Bristol-Myers Squibb,1810712.11,1610025.81
3633,Pellettieri Rabstein & Altman,1016087.87,621974.75
3634,Johnson Fittness & Wellness Store,4505407.99,2958873.57
3635,Hand & Stone Massage and Facial Spa,2040656.27,1338474.38
3636,School of Rock,2154746.15,1429044.05
3637,Packanack Lake Cleaners,2683069.19,2149981.6
3638,Fullblown Blow-Out & Beauty Lounge,560206.29,421762.55
3639,CosmoProf,4259228.88,2654402.49
3640,Texas Avenue Elementary School,3849872.34,3620031.95
3641,Gerardo's Auto Repair,2875836.06,1851415.47
3642,Forest Hill Properties,3847192.07,2894446.64
3643,South Beach Gift Shop,1339243.34,1190027.29
3644,South Beach Sweets,2273831.01,1849201.08
3645,Hungarian Meat Center,3307232.96,2831653.75
3646,Matawan Regional High School,1848504.37,1543482.93
3647,Hudson Montessori,1621057.15,1203716.65
3648,Metro Liquors,1559772.88,957388.26
3649,Laundromat Cleaners,1354317.87,1107888.24
3650,5 Corners Deli & Grocery,4261035.99,3505993.85
3651,Bottle King Liquors,2528155.92,1575145.37
3652,Jersey Wines & Spirits,818634.64,496449.21
3653,TesoLife,2449007.92,1954356.56
3654,Delight,352909.5,297408.8
3655,Bass Cleaners,289395.57,273680.95
3656,JustFoodForDogs,761791.44,644895.73
3657,Hoboken Man,317320.9,269311.87
3658,Sparrow Wine,3182194.8,2598062.19
3659,Morton Williams,1009222.49,751448.74
3660,Newport Wines,1854440.26,1335338.31
3661,Gateway Newstand,257973.69,213697.8
3662,Nothing Bundt Cakes,4247605.96,3937207.01
3663,Ferguson Supply,227965.66,139801.29
3664,Weldon Materials Inc.,1990155.57,1772598.31
3665,Williams-Sonoma,4924510.98,4633003.13
3666,The Shoppes at the Water Club,1519937.29,986650.11
3667,Real Estate Acquisitions Co.,1216749.11,765473.83
3668,Zen Spa Massage,2085047.91,1414454.62
3669,Mario & Gerard Hair Cutters,4565572.39,3662101.47
3670,Valley Brooke Cleaners,3520589.4,2855908.48
3671,T.L.C Nails,3854796.67,3202098.15
3672,Swift Home Buyers Co.,381233.16,303526.03
3673,Cattani Wines & Liquors,4279630.44,3955591.64
3674,Market Deli,4142993.4,3642867.28
3675,Pennsylvania Avenue School,2997147.12,1847950.51
3676,German Motors,2253331.63,1684723.94
3677,Fire & Safety Systems Co.,2573563.81,2249673.11
3678,Tide Dry Cleaners,4135224.75,3438319.62
3679,Designer Luggage Outlet,2247474.67,1618062.0
3680,ExhibitCraft,1550381.26,1211309.77
3681,Habonim USA,437141.46,308785.08
3682,Brush Magic Painting and Decorating llc,1311179.13,1196506.32
3683,AmeriGlide Wayne,3738455.66,2675890.4
3684,Fun Creation Studio,4247529.53,2973303.43
3685,Lighthouse 2nd Time Around,1726149.87,1329258.9
3686,Calvary Learning Center,3779690.17,3412627.81
3687,Colly Flowers,3403779.68,2403138.72
3688,Millburn Deli,1972795.12,1743822.82
3689,Four Seasons Wine & Liquor,3898856.58,3556812.1
3690,Morristown Bagels & Deli,4830651.34,3839933.92
3691,Golf Etc,3863521.64,3018970.21
3692,Status Vapes,4564773.77,3890351.07
3693,Cambridge Wines,4348325.17,2959829.22
3694,John's Delicatessen,1797239.58,1695147.74
3695,The Jury Box,3646911.76,3440837.06
3696,Athleta,1779369.21,1248502.39
3697,Madison Fine Wines,2180438.77,1597763.58
3698,Beauty World,773728.37,570980.88
3699,Real Estate Office,327660.8,207124.84
3700,Cammarota's Haircutters,1916586.32,1623266.87
3701,Massola Jewelers,2203564.39,1938288.96
3702,Marwan Tailor,4882303.81,3836812.6
3703,Zapp! Comics,3500543.39,3247866.89
3704,Harmon Cosmetics,2486504.16,2243739.1
3705,Wayne Valley Cleaners,3948917.62,2627143.86
3706,Wayne Valley Nails,4576543.01,3645821.56
3707,Wayne Liquor Locker,3313396.29,2087068.68
3708,Robert Bakelaar: Allstate Insurance,3750745.81,2648339.46
3709,C-Store,716862.66,469356.05
3710,Tenafly Gourmet Farm,2486849.62,2139448.23
3711,Celebrity Bagels,3524510.56,2444265.7
3712,Party Girl,3664880.21,2445880.63
3713,BBC Salon,3725523.96,2650393.61
3714,Passaic County Educational Services Commission,2019460.88,1771276.94
3715,Passaic County Public Safety Academy,2309365.03,1685760.28
3716,Hero's Salute Awards & Engraving Company,1643246.15,1099882.66
3717,Cambridge Kitchen Designs,3958132.81,2643668.71
3718,Design Nails,457758.43,374440.83
3719,Head 2 Toe Massage and Spa,410486.43,328993.01
3720,Anthony's Cleaners III,3240729.13,2079329.14
3721,"Image Makers Signs, Printing, Copies",1520931.62,983651.96
3722,Plaza Shade & Drapery,1479867.09,985657.83
3723,Studio L Salon,272774.06,178234.5
3724,Farmers Insurance - David Belgard,2980183.51,2667693.02
3725,Wayne Hearing Aid Center,1692901.22,1496680.4
3726,Beach Bum Tanning & Airbrush Salon,561227.76,384049.56
3727,$ Plus Kraze,4009642.79,2559990.84
3728,"Capezio Wayne, NJ",4979815.07,3748587.09
3729,Speedymart,3015274.93,2426512.96
3730,RubysTravel,1739506.39,1550022.65
3731,Williams Alexander & Associates Inc,2886478.64,1970615.07
3732,"GeoThermal Tools, Inc.",1051866.49,965160.15
3733,Secrets Salon & Spa,4067345.32,2745741.01
3734,Nora Shafer,2139813.67,2014386.83
3735,Happy Nails Bar and Spa,4151686.17,3424659.6
3736,Shoppers Paradise Liquors,3883975.36,3236119.05
3737,Wayne Tile Wayne Store,1082992.88,948226.81
3738,Wayne Barber Shop,481561.14,328967.24
3739,Christina by design,4899641.06,4341104.01
3740,Perfection Nails,1186986.75,974331.56
3741,1-800-Mattress,3001281.98,2194761.64
3742,Eastern Aerosol Association,1418638.74,1292061.38
3743,Kafafian Leon S CPA,2121852.64,1544188.39
3744,Atlantic Irrigation Specialties,2896481.79,2192018.01
3745,Wayne Mobile Storage,4296283.11,3474068.78
3746,Uncommon Fit LLC,2292944.62,1873278.6
3747,Shotsie's Tattoo,343345.82,249971.92
3748,Steve's Art of Framing,3854731.07,2431101.07
3749,Recyclingbin.com,4080705.21,2931984.94
3750,Dry Stacker,2129739.88,1505791.02
3751,Intercycle LLC,640492.23,512468.93
3752,Wayne Scooter & Cycle Sales,1107650.71,845821.62
3753,Ed Mege Motors,2418593.91,1479904.41
3754,Metro Packaging & Imaging Co,469527.22,415954.51
3755,Wayne Laundry,4861201.04,4027811.49
3756,Profile Nail & Spa,2186204.54,1658424.43
3757,Quantum Vapor,4128912.22,3872721.08
3758,Sorelle Salon and Spa,276917.31,239311.7
3759,Bagel O's Inc,4601995.87,2905818.04
3760,Must Love Dogs,2668419.94,2240626.82
3761,Patsy's Pet Stop Inc,2409369.89,2265928.7
3762,Mi Transport,570347.56,427461.42
3763,Aya's Auto Body,640942.43,432429.33
3764,Hope of the World,361875.72,310161.36
3765,Union Building Services U.S. Inc.,288795.49,273161.51
3766,Big Apple Bag Co,2635311.58,2325788.95
3767,Weapons Of SEO,3030343.59,2118048.28
3768,J & M Carting | Services,2421189.26,2248919.99
3769,Transmission Repair,3359694.77,2964719.55
3770,Jan Fence,2071404.72,1689538.8
3771,Aqua Kitchen & Bath Design Center,2553322.0,2281263.6
3772,Wayne Vending,4844453.1,3886250.24
3773,Quartz New Jersey,810652.97,592802.26
3774,Sharp Printing Plus,1053037.58,672926.9
3775,Mc Entee Investments,3781449.88,2592950.11
3776,Tektronix Calibration and Testing Lab,639464.6,516442.42
3777,Forgiveness Boutique,3121640.4,2694071.03
3778,Elements European Day Spa,212245.61,181214.09
3779,Hansa Enterprises,2248224.08,1797946.44
3780,J. Capri Salon & Spa,3682163.6,3160809.93
3781,M A G Entertainment,2986236.6,2491385.19
3782,Versailles Fashion Boutique,1403540.56,1329376.79
3783,Boardwalk Popcorn,3213354.89,2502102.05
3784,Jude Anthony Florist LLC,4094858.76,2461376.27
3785,Lighthouse Christian Store,4723766.25,4304740.76
3786,Coronet Engraving Co,4244599.06,3010977.17
3787,U.S.Auto Repair,327702.28,255947.59
3788,Posh Salon,1660656.71,1184498.28
3789,Bel Art Industries,1096057.08,924519.84
3790,Applied Coating Inc,2155688.84,1628045.08
3791,Dark Water Divers,3855894.03,3257773.84
3792,Crews-Farrell-Mead Co,3233948.39,1966480.53
3793,Farrell Co,4761002.42,3511953.21
3794,Mead-Wilbert Co,1577246.84,1453670.49
3795,aeromockups,2971344.86,2402260.19
3796,Maya Romanoff Studio,638002.08,429562.52
3797,Naturale Wallcovering,2780143.59,2374221.86
3798,Sellers & Josephson Wallcovering,3661015.09,3287315.08
3799,Donnelly Construction,143303.21,130273.13
3800,Apex Packaging Corporation,4724688.92,2848738.89
3801,Mediant,3761675.55,3250909.47
3802,Schindler Elevator Corporation,1563758.5,939416.49
3803,Salomone Redi Mix,2972942.01,2754959.74
3804,SBI Well Drilling,2344850.66,1567350.96
3805,Shamrock Mobile Units,513862.37,317793.89
3806,Z Transportation inc.,1747616.37,1225590.48
3807,Alliance Corporation,1645030.72,1235872.22
3808,Glamazon LLC,3670523.77,2982913.01
3809,Liberty Island Bookstore,1734937.96,1306563.11
3810,The Life Raft Group,988920.74,685639.66
3811,Arthur Linderman Esquire,3054206.24,2813626.46
3812,Shopping Mall,3394413.38,3065789.68
3813,DMC Energy Inc,910066.88,847026.85
3814,Feldman & Fiorello LLC,4761643.11,3388880.52
3815,Honeywell DMC,1628784.82,1483512.5
3816,Russ Rachel A,4335257.43,3092874.23
3817,N J Furniture Gallery,1724145.42,1295447.57
3818,Ultimate Fitness Superstore,2665675.44,1741985.81
3819,Tattoos are Forever NJ/NYC,980818.36,690866.73
3820,Gallo Jewelry,1323115.56,917389.64
3821,RSFA Rising Stars Fencing Academy,4634117.52,3378555.88
3822,Jewelry By Marcus,931679.42,588658.7
3823,Cash It In,4772273.17,3895307.82
3824,My Vision LLC,1406762.56,1083644.98
3825,Extra Space Storage,94052.76,68118.08
3826,At Home,4765858.14,3009358.79
3827,Shami Fine Watchmaking,4155109.98,3125735.33
3828,Diligent Board Member Services Inc,2418786.65,1529442.0
3829,Patrick Rafferty - Primerica - Regional Vice President,640962.57,577277.48
3830,"Robert M. Marshall, L.L.C.",3152695.95,2135337.66
3831,Verp Martin,4085074.33,3424116.57
3832,Fava Ronald S,1293671.91,811220.81
3833,Show Case Communications,353457.18,289018.5
3834,Insurance Insights,3678233.66,2612554.19
3835,Devereux Foundation,1899361.17,1615458.2
3836,Mack-Cali Realty Corporation,4891216.88,3250515.94
3837,URS Corporation,2810583.93,2193077.62
3838,Sweet Expressions,3446086.14,2940335.47
3839,Furniture Revival,2140879.77,1812627.46
3840,The SALON by InStyle Inside JCPenney,3767867.54,3575962.76
3841,JCPenney Home Store,456368.23,369035.25
3842,Costco Tire Center,4159754.34,2532949.53
3843,Costco Hearing Aid Center,3608798.31,2626194.12
3844,Costco Bakery,976749.08,696262.91
3845,Bridgestone,4690429.79,4283907.77
3846,Motherhood Maternity,599177.96,430828.9
3847,TD Ameritrade,670126.1,439920.31
3848,Alex Jewelry 1 LLC,2409859.45,1504296.35
3849,Video Theatre,1585121.05,1434241.68
3850,Red Wing,4804535.78,4352391.57
3851,Wayne Jewelry Exchange,3639360.68,2572698.64
3852,MA Jewelers,3349289.07,2256270.1
3853,Brilliant Diamonds,485816.48,399587.38
3854,D'Malke Jewelers,3338549.6,2195520.23
3855,Jewelry By Jakup Inc,4225531.22,3244943.57
3856,Bayar Jewelers,1243142.45,1157482.01
3857,Sunny Nails,186994.29,160295.35
3858,Shan Jiang Violins,400101.7,359539.16
3859,Zara,3122566.02,2705396.51
3860,American Coins & Gold,2825116.68,2257752.36
3861,Piercing Pagoda,449463.18,312545.69
3862,Armani Exchange,3872952.39,2893625.65
3863,NYX Professional Makeup,3995850.47,2792182.83
3864,Cotton On,3769604.48,2470136.75
3865,Gymboree,4623097.02,4232485.65
3866,Forever Flawless,3451037.05,2386911.74
3867,White House Black Market,4518028.38,4195351.49
3868,Zales,3760203.29,3426050.93
3869,Greek From Greece,2678709.25,2064638.05
3870,Steve Madden,4589267.44,3664684.19
3871,Victoria's Secret PINK,3799792.54,2989859.47
3872,MAC Cosmetics,3847579.67,2891511.39
3873,Sunglass Hut,4658161.04,3297890.38
3874,Yankee Candle,1141831.96,1074448.77
3875,Swarovski,3751860.23,2360707.48
3876,Pandora,1058376.94,713951.84
3877,Vera Bradley,3925606.81,2866655.67
3878,Willowbrook Spa,2631657.39,2368764.11
3879,Carlo's Bakery,4926414.21,3045971.15
3880,Amazon Pop-Up,4646523.93,3683737.77
3881,Street Corner News,148558.31,106904.53
3882,Best Buy Mobile,456566.18,419463.89
3883,Spectricite,806902.06,677956.75
3884,Footaction,1590520.34,1446193.99
3885,Champs Sports,1826342.21,1696621.04
3886,Picture People,3704452.02,2964720.63
3887,Against All Odds,4993325.37,3170032.32
3888,Willowbrook Tailor Shop,424670.12,396879.3
3889,Sears Garden Center,1223771.9,782783.93
3890,Scrubology,1958561.81,1196988.42
3891,BCBGeneration at Bloomingdales,1252889.7,851417.47
3892,US Polo Association Factory Outlet,583388.13,401603.02
3893,Kids 2 Go,4074986.5,3322564.93
3894,Journeys,1951039.19,1679812.36
3895,F21 XXI,1948541.78,1788338.35
3896,Qitopia,3518513.68,2488697.23
3897,Shapes Brow Bar,4414246.17,3388398.61
3898,Spencer's,2097023.82,1445136.49
3899,Kids Foot Locker,1898652.28,1240497.16
3900,Stride Rite,4059645.29,2939785.49
3901,Things Remembered,3195342.25,3026344.57
3902,Candy Plaza Inc,1139637.54,689365.02
3903,Call It Spring,1868077.3,1774067.22
3904,Michael Anthony Jewelers Inc,1070164.92,693700.74
3905,The Body Shop,4322736.21,2927302.34
3906,bareMinerals,613338.35,413215.92
3907,Littman Jewelers,1942148.04,1369136.0
3908,Garage,453216.33,345750.24
3909,francesca's,4557484.0,2742596.39
3910,Lush,3551941.76,2473395.79
3911,Lolli and Pops,1795305.93,1557850.77
3912,Leather and Shoes,133410.15,113323.58
3913,Tates,4033110.7,3459973.18
3914,Opinions,3966294.85,2867785.99
3915,Hair and Makeup Lounge,4595912.51,4102297.45
3916,Build-A-Bear Workshop,4257178.87,3856357.95
3917,Aetrex,2921804.11,2592419.91
3918,Perfume Point,2179778.44,1762545.16
3919,AEO & Aerie Store,2880373.1,2128891.62
3920,Clarks,1735408.78,1494486.78
3921,Sur La Table,2574240.9,2174853.19
3922,Microsoft Store - Willowbrook,4427241.71,3394302.79
3923,Mint Vapes,2205419.44,1749633.77
3924,Macy's Bridal Salon by Demetrios,4923421.4,3819501.85
3925,Origins,2703903.45,2049537.99
3926,Macy's Cosmetics,4492229.31,3183656.25
3927,Signature Day Spa,3236415.71,2625642.24
3928,Seva Beauty,3176166.69,2770264.86
3929,KicksUSA,3087394.32,2568654.55
3930,SIX:02,3857314.92,3283583.83
3931,Charlotte Russe,4700459.95,4154763.79
3932,Snap Photo,3144340.8,2336666.55
3933,Icing,4419280.62,3736853.58
3934,Enzo Marc,1524167.01,985100.63
3935,Lids,1943583.69,1519881.99
3936,Rite Solutions,2183289.55,1682961.73
3937,Jeff's Discount Golf Shop,900425.59,659420.27
3938,"DOBCO, INC",2734253.28,1809496.77
3939,Rein Teen Tours,706750.34,532244.14
3940,Hanson Professional Services Inc.,2821512.38,2007968.31
3941,Infinite Promotional Solutions,3827377.25,2604711.88
3942,Achieve Test Prep,4195401.72,2657025.77
3943,East Coast Test Prep,4322115.94,3201605.75
3944,Money Merchant Services,2409367.28,2288174.17
3945,Najmee Technologies,3729999.1,3280091.37
3946,Strategic Financial Solutions,2755665.2,2295822.52
3947,Stuart Kahlenberg & Associates,3600371.75,3003719.44
3948,World Marketing Alliance,4000192.51,2986115.99
3949,A Good Life Massage Therapy & Wellness,160769.23,123606.47
3950,Pastel Limo,2263109.68,1847597.97
3951,Tash Advertising Inc.,4426399.1,3911805.84
3952,"B.R.T. SVC, LLC",1450186.73,879437.51
3953,Emerson Limo,2678866.87,2488238.21
3954,Anscott Industries Inc,1709401.05,1411686.98
3955,Mother Natural,988918.25,777457.91
3956,Sunbelt Corporation,4705964.05,2929793.34
3957,Hanes Drive Outlet,2028091.43,1761656.64
3958,J & J Tristate,701433.04,568300.71
3959,Infinity Warehouse District Services,4896798.48,4646359.46
3960,Retirement Planner,3743956.78,2560585.97
3961,USA Medallion Funding,2134383.53,1791715.62
3962,BAE Systems,4456698.14,3072067.6
3963,Pioneer Canteen,2207179.06,1848425.23
3964,Game Day Sports,4819923.79,4292648.24
3965,Frick & Frack,4262412.03,3648217.92
3966,The Pool Boss,1789795.72,1293152.57
3967,X Salon,1264991.02,1185704.57
3968,Watch Tower,4907541.7,4451648.2
3969,Sound Exchange,81153.59,56012.12
3970,Top Nails,420423.98,319880.88
3971,Tobacco Depot,1324024.28,881476.36
3972,Tattoo Factory,316750.78,246112.11
3973,Exotic Nails,4167257.21,2692446.96
3974,Gemini Productions - DJ's & Video,4799102.92,4199619.53
3975,Kid-den Around,557283.2,417761.22
3976,Middle Eastern Grocery and Deli,4561326.3,3466848.18
3977,Wicked Images Tattoo,2952501.04,2530434.62
3978,Visual Miracles,4478442.24,3747085.57
3979,"Highland Financial Advisors, LLC",3798882.55,2539935.36
3980,Amsalem Tours & Travel LLC,2623039.8,2256353.52
3981,Merrill Lynch Wealth Management,2263943.89,1692941.95
3982,"Williams Caliri Miller & Otley, PC",2333972.55,1770840.41
3983,Capitol Securities Management,2001169.88,1822444.46
3984,Shvarts & Leiz,2134285.88,1869463.3
3985,"Sunshine Prosthetics and Orthotics, LLC",3979783.29,2519481.28
3986,Bryan Dunst,3652727.96,2405609.04
3987,Mrs Thimbles Cleaners & Tailor,3032104.85,2356403.08
3988,Patsy & Lee Hairdressers,208465.02,196037.58
3989,AC Digital Hearing Aid Center,594673.58,523867.67
3990,Penta Hearing Care,1215778.4,844039.33
3991,Loud & Clear,2912989.5,2262655.63
3992,Dollar Power and Deals,582184.03,414281.95
3993,Together Nail & Spa,2747926.87,2357761.41
3994,Laser Hair Removal Wayne NJ,4332657.78,3128780.94
3995,Accent on Leather Corporation,949337.61,846091.91
3996,Lucky nails & spa,1831992.2,1392699.28
3997,Maria Alawi - State Farm Insurance Agent,4878913.47,3303727.53
3998,Eye Level Learning Center Of Wayne,4830152.98,4174180.46
3999,Hair Gallery,1210516.52,998764.65
4000,Chase Mortgage,1701158.77,1414153.36
4001,Basic Home Infusion,1714712.11,1492644.73
4002,CyberExtruder,1338130.12,1097710.41
4003,"Law Office of Charles E. Tempio, LLC",1960942.18,1421069.68
4004,"MICHAEL R. MARCUS, CPA",351551.61,293277.59
4005,"Silverberg Associates, Inc.",1249243.58,928858.81
4006,Torino Lighting Design,193840.99,164093.69
4007,Upper Deerfield Township Municipal Building,905005.58,580913.98
4008,Oxygen,1109867.3,1002843.81
4009,E&G Exterminators,4744065.24,4481279.94
4010,Loran Electrolysis,4729294.54,4199268.71
4011,Tchaikovsky Music,4320353.73,2997359.73
4012,No Hassle Moving CORPORATION,1404059.55,899108.85
4013,Lucky Leo's Sweet Shop,700692.88,581335.49
4014,Van Houlten's Chocolates,4845345.91,3639235.62
4015,Deep Blue Boutique,3389298.98,2221411.84
4016,Jenkinson's Sweet Shop,3608414.89,3302726.82
4017,David Ezra Salon & Spa,4325019.79,3410416.5
4018,Bliss Development Corporation,1616517.3,1358643.25
4019,"David F Light - Ameriprise Financial Services, Inc.",3603932.29,2573948.8
4020,"Edward Landau - Ameriprise Financial Services, Inc.",3713297.27,3502781.31
4021,KappaEast Management Consultants,1842682.91,1599393.32
4022,Raymond James Financial Services,942642.68,844497.56
4023,Hallmark Capital Management Inc,3211437.72,2212959.38
4024,Robert Thomas Securities,2581314.32,2369552.09
4025,New Century Asset Management,1207910.59,987635.18
4026,T-Bowl Smoke Shop,3135095.19,2739984.64
4027,Janice & Jack's Jewelry and Coin,4896491.55,4407348.43
4028,Wayne Puppies,3565993.07,2465654.3
4029,T-Bowl Deluxe Cleaners,1927850.68,1796018.96
4030,Prestige Jewelers,2924302.2,1874872.66
4031,Public Image Ltd The Salon,4153190.01,3879093.98
4032,Aroma Spa Nail,4418471.89,3600677.32
4033,Nutrition Zone Wayne,4906965.95,3567899.2
4034,Wayne Pharmacy & Surgical Supply,3621979.41,2472673.25
4035,Glenn Matano - Prudential Financial,3270017.99,2456419.44
4036,High Point Property & Casualty,2479483.21,1797396.57
4037,Compact Auto Body Inc.,803217.28,605334.26
4038,Site Civil Engineering,948769.37,664460.82
4039,Wells Fargo Advisors,702869.72,434536.31
4040,CMS Funding,4125685.65,3551022.86
4041,Chegg,162917.7,139681.21
4042,"OpenVault, LLC",3783795.21,3428366.23
4043,Advanced Technologies and Services Inc.,2410376.74,1685311.43
4044,First Jersey Insurance,565086.77,373912.48
4045,InvenioForce,2535177.11,1891320.15
4046,CMS Technology Partners,4124548.97,3519490.84
4047,Einstein Associates,4751354.89,4105631.3
4048,"Scura, Wigfield, Heyer, Stevens & Cammarota, LLP",3922964.14,3060944.29
4049,Ronda Casson Cotroneo Esq.,1980019.07,1475537.11
4050,"Christopher Heyer, Esq",2289785.33,1684018.15
4051,March Associates Inc,3428616.2,3142151.67
4052,Flower Patch Gift Shop,4182242.27,3574580.15
4053,Donnelly & Warner LLC,1110224.09,843359.64
4054,Breur & Breur,4735677.58,3997253.77
4055,Paramount Title Agency,4806426.58,2998962.92
4056,Aspire Performing Arts Company,4971944.41,4454680.03
4057,Masters Fencing Academy,604672.81,521415.99
4058,Kelly Michael F,205113.76,147714.98
4059,Nutrition Works,113166.73,69972.02
4060,Florence Christian Home Center,275142.65,218788.97
4061,Gill ID Card Printers & ID System Installation,1713381.26,1549149.15
4062,Hanse Anderson LLP - Planning and Settling Estates for Private Clients,1942170.12,1783107.99
4063,Trapanese & Trapanese,2814730.4,1957894.76
4064,Polcari & Co,2482970.87,1945967.24
4065,John T Costa Agency,4265594.95,4038670.15
4066,Blooms of Wayne Florist,123828.05,112434.05
4067,Diamond Auto Body,1450475.7,875512.95
4068,Wayne Motors Auto Body,2778815.27,1736778.4
4069,John Inghram - Direct Lender,4751208.24,3460490.41
4070,Amazing Locksmith Service,113555.15,81055.2
4071,C & F Paint and Hardware,2957503.98,2273586.69
4072,Bagels Supreme,2496768.5,1627096.95
4073,Stone Cliff Cleaners,1131414.34,818281.73
4074,Carl Inc,2654009.02,1849362.44
4075,Matits Group LLC,2469072.85,1913078.09
4076,"Absolute Material Handling, Inc.",449782.42,352508.62
4077,Body Inkorporated,655545.28,450716.77
4078,Scissor Lounge,4145245.94,3499608.36
4079,William Paterson University Bookstore,3464137.77,2150181.8
4080,Classic Beauty Salon,3760567.07,3053941.42
4081,Gin Za Spa,4662410.14,4103780.98
4082,MSG Custom Tshirt Printing,2966176.65,1834517.45
4083,C-Town,2810333.31,2209707.65
4084,Med Solutions,2563915.21,1976657.14
4085,Abuel-Hawa Yousef,3871425.54,2489337.58
4086,WPU Project,694962.18,586496.26
4087,Atonement Medical Day Spa,2200325.18,1985909.17
4088,Antonette Solano,2152120.51,1531861.25
4089,Triarco Industries Inc,2070385.98,1816780.55
4090,Sunoco,917690.49,830243.59
4091,Ken Rose Associates Inc,1734584.03,1546439.25
4092,"Palumbo & Mastrogiovanni, LLC",2435705.45,1827608.59
4093,Victor At Allaire Inc,3527935.8,2553895.44
4094,"Dynamic Financial Consultants, Inc.",822915.43,547913.53
4095,Bitcon Productions Inc,2931279.35,2152289.2
4096,Complete Computer Solutions of New Jersey,3507664.81,2981902.84
4097,Direct Dimensional Design,634859.62,397597.85
4098,Salem Executive Search,1807058.08,1673746.04
4099,Red Ribbon Academy Adult,2142218.9,1699606.1
4100,"Page2, LLC",1506876.43,1361319.46
4101,Harrington & Lombardi,3247732.69,2822579.8
4102,Kopleton & Tambi,2608794.66,1660781.42
4103,Rowe Offroad,3093358.18,2387616.03
4104,Dilusso Therapeutic center,3300757.49,2501260.78
4105,Health Consultants of North Jersey,241955.73,213114.53
4106,Challenger Properties LLC,2034083.92,1226612.99
4107,Speziale For Sheriff,1049166.48,753968.03
4108,Clearview School,4552926.01,3694378.61
4109,Church of the Annunciation of the Blessed Virgin Mary,2347898.24,2185675.74
4110,Quality Transportation,3460383.5,2763422.64
4111,Air BP Lubricants,3633281.84,3014104.63
4112,Castrol Industrial,2711991.26,2186644.39
4113,Castrol Premium Lube Express,2695064.52,2239103.73
4114,Diamond Cutter Executive Services,1578675.98,1301404.16
4115,Oaktree Realty LLC,3422922.63,2545581.16
4116,Neighborhood Laundry,2182124.18,2062755.79
4117,Liquor Barn,4924697.78,4254297.48
4118,Krauszer's Food Store,1766040.46,1302505.8
4119,Raritan Laundromat,915756.52,782726.89
4120,Cold Stone Creamery,2730462.78,2066777.85
4121,"Fmj Taylor Reality, Inc.",4303043.43,2968812.61
4122,Wayne Adult Education,4988342.52,4456077.93
4123,Preakness School,3213890.21,2125462.42
4124,Women In Transition,1647441.79,993496.46
4125,Levco Associates,125670.67,97009.31
4126,Jaehoon Inc,2843013.37,2139101.61
4127,Raritan Music Center,941242.79,625577.74
4128,Food Mart,815984.33,713267.68
4129,Center Part Haircutters,4363565.94,3079990.72
4130,Wilkin Management Group,4049232.32,2480090.14
4131,ups,4885179.3,3534312.34
4132,Halidon Hill & Co,4976610.76,3208428.28
4133,Weiss Law Offices: Weiss Peter F,2912522.11,2469023.37
4134,Administrative & Lending Office,977140.92,740247.77
4135,Consumer Loans Credit Cards,518586.78,489754.75
4136,Personnel,1408833.41,1041595.87
4137,Cumberland Farms,2306099.47,1534719.25
4138,Odyssey Boutique,3709233.3,2829483.32
4139,The Image Gallery,1951973.37,1786779.5
4140,The Loft Salon LLC,447783.02,322775.59
4141,Concorde Mortgage Co,4726368.87,3042832.65
4142,New Life Floor Covering,3150441.08,2290015.14
4143,Seela's Paint & Wallpaper Co,2141310.39,1821802.96
4144,USA Wine Traders Club of Wayne,1571634.83,1297124.22
4145,targetappliance.com,3797395.37,2477014.4
4146,Urban Club Clothing Co.,512831.34,420163.41
4147,Moxie Salon And Beauty Bar,2633115.43,1830781.41
4148,Preakness Laundromat,1961613.99,1862393.34
4149,Anthony & Co,1007457.18,921302.76
4150,City Image Barber Shop,2026441.83,1576755.28
4151,Grooming Tails,4463623.88,2991934.64
4152,Preakness Gourmet Deli,1423581.2,1233271.14
4153,Nisha Nails,1200052.69,959226.53
4154,Bon Organic Cleaners,612992.12,556281.19
4155,Realty One Group Legend,544856.48,404663.27
4156,Crincoli Insurance,4554573.78,4282521.89
4157,GSL SEO Consulting,2346822.76,1805999.29
4158,Wells Fargo Home Mortgage,1175394.31,886161.07
4159,Weichert Real Estate School,2831243.01,2264049.02
4160,Fierce Salon & Spa,1889849.12,1500155.41
4161,Wayne Nails,1428094.15,1160875.79
4162,Paramount Staffing,738189.33,547504.7
4163,Jeffrey Robert G,176256.24,140518.8
4164,Advanced Personnel Services,2094377.78,1941571.71
4165,"Karen Goldberg, RDN, CDE",2237851.96,1424853.48
4166,Blue Realtors,1496793.18,991514.37
4167,Booth John M CPA,2682295.75,2424692.65
4168,Wayne Cleaners,51652.78,31526.34
4169,Pinky Nails,4996371.23,4073230.46
4170,B & S Protective Systems Inc,130873.74,93730.81
4171,Shooters Family Billiard,354527.48,244993.41
4172,DDM Entertainment,2284021.36,1382250.59
4173,Radical-Tunes,3720018.12,2538673.8
4174,Shearology Salon,2799422.09,2441387.41
4175,Supplement Center,139986.67,130139.66
4176,Tops Cleaners,3994196.64,2678959.96
4177,American Prosperity Group,424271.25,268927.73
4178,Mo & Jay Pastry,381842.14,337208.09
4179,International Micro Industries Inc,2950921.58,2677987.64
4180,Speedway,1508443.76,941577.22
4181,Circus Wines Beer & Spirits,4404419.59,2952934.29
4182,Salon Marc Joseph,4982470.28,4054622.49
4183,Elite Automotive Repair,1121774.42,1037988.6
4184,Wayne Reflex Spa,3485715.38,3054084.39
4185,Wayne NJ Coupons,1714969.99,1484552.15
4186,Kassover Jeffrey M,1086551.96,1011400.07
4187,Apollo Web Design,3119740.96,1898961.14
4188,Blue Asset Management LLC,2765811.26,2021373.94
4189,Wireless Network Group Inc,3866608.16,2588919.48
4190,Southern Property Management,4773122.06,3359100.44
4191,Farmers Insurance - Giovanni Conturso,2215869.61,1445644.01
4192,Derma Couture Permanent Cosmetic Institute,735109.68,695728.34
4193,CVS Photo,3914176.86,3416643.37
4194,Burlington Carpet One,4129920.06,2796019.57
4195,Joseph Jacob Jewelers,2454003.67,1779940.11
4196,Corrado's True Value,3691988.05,2258260.48
4197,International Jewelry Exchange,870669.6,706772.63
4198,John Paul Jewelers,4825464.02,4080211.6
4199,Blush Boutique,3173106.46,2660468.15
4200,Luxury Nails,3997409.38,3111565.1
4201,National French Cleaners,4822513.87,3981145.79
4202,Faces Plus Salon,2567284.62,1833769.93
4203,The Fine Grind - A Coffee Bar,2592171.45,1769107.76
4204,Corrado's Pet Market,3541162.52,2892296.78
4205,DunlapRault company,2326591.6,2170572.85
4206,Leemar Enterprises,3623302.12,2456759.91
4207,123 Accounting Services LLC,1152109.01,733132.99
4208,Whip-Smart Management Consulting LLC,391514.68,319563.84
4209,Clark Termite & Pest Control,171227.49,144963.61
4210,Magnetic Marketing,889410.49,668310.57
4211,Trevor Chin - Mortgage Loan Officer,2245030.47,1804053.25
4212,Haddonfield Fine Jewelers,4672951.18,3180066.14
4213,Queen Nails,4421272.7,3691068.62
4214,Let's Frame It,4329228.68,3506061.24
4215,"Glamour, Too",1446932.85,1208382.44
4216,Starbased Technologies Inc,993052.81,698921.47
4217,Oriental Spa,2754676.24,1712837.19
4218,Sankar Tailor Shop,4671828.62,4078306.2
4219,Dolce Hair Design,81413.44,71545.81
4220,Center for Electrolysis and Skin Radiance,1523715.48,935346.29
4221,Premier Facility Management,99219.94,77733.04
4222,Silent Siren tattoo,1657199.57,1260408.46
4223,Love Your Look Beauty Studio,756448.29,458665.18
4224,Design Accents LLC,3388835.46,2294255.0
4225,Tcr Referrals LLC,1349971.5,964068.82
4226,BlackBird Worldwide,2180970.36,1504319.73
4227,Basmouk LLC.,2960515.74,2167317.19
4228,Modern Nails,1757103.11,1238604.7
4229,Waldwick Bagels,228495.3,152266.25
4230,Eddies French Cleaners,2752379.18,2038167.37
4231,Simply Nails,4949600.98,3281017.65
4232,Waldwick Bar & Liquor,3818208.81,2586778.51
4233,Reinhold's Quality Bakery,3496587.61,2451437.3
4234,The Dry Clean Spa,4824874.86,4342167.58
4235,TCC Verizon Authorized Retailer,1170344.25,959051.44
4236,Nail 26,918999.79,758416.63
4237,Discount Liquors,4226906.05,3327073.94
4238,Cloud Aquatic,3700632.49,3482365.27
4239,Plaza Jewelers,2095394.26,1357545.24
4240,Morning Glow Hair Stylists,1966728.25,1804756.04
4241,Wayne School Special Education,648880.91,420546.03
4242,Image Sun Tanning Salon,572689.08,502571.11
4243,Concession Stand,3659695.97,3216667.3
4244,Waldwick Cleaners & Tailors,1207181.26,881894.49
4245,Bagel Nosh,4682009.62,3636411.42
4246,Thai Foot Spa,2216677.83,1955931.23
4247,Classique Day Spa,1759210.41,1384528.52
4248,New Day Pest Control,3258188.09,2043919.3
4249,ARC Automotive,3754421.62,3478504.56
4250,Spartan Pool And Spa,1788773.86,1219778.33
4251,Atlantic City Housing Authority,1241036.48,1020645.0
4252,Capital Health at Deborah - Emergency Department,4183055.01,2798379.99
4253,Weisman Children's Rehabilitation Hospital,390239.28,244121.69
4254,Sanctum Handmade,1219833.32,792525.75
4255,Chrissys Coffee,2903293.6,2054010.69
4256,T & T Glam Transformations,596157.73,389920.47
4257,Team Nissan,3454260.31,2901796.62
4258,RK Chevrolet,3969567.58,2790301.1
4259,RK Kia,1881707.57,1503677.6
4260,Toyota of Vineland,3888105.2,3228868.21
4261,Asian Massage,2955997.14,2463619.63
4262,Bob’s Furniture,3777725.91,2373677.86
4263,Cigar Shop,3876371.85,3299561.19
4264,Young's Market,4000717.13,2848598.39
4265,Gomez Mini Market,538533.76,373285.2
4266,The New Village Supermarket,3729140.02,2950894.8
4267,Tiger Foam Insulation,3996932.63,3666035.79
4268,Greatown Deli & Grocery,3351106.21,2533348.32
4269,Jesenia Grocery,4770544.03,2862941.6
4270,Neighborhood Food Market,4148833.39,2730574.61
4271,Arias Mini Mart,4593388.34,3955106.42
4272,R D Grocery,1794309.72,1206597.33
4273,Jennifer Grocery,1055042.05,837246.5
4274,Pos solutions,819554.32,547162.37
4275,Martinez Grocery,660254.36,524205.63
4276,Los Rios Mini Market,4108435.88,3719685.11
4277,Tiedeken Bros. Body Shop,833334.92,591608.57
4278,Delaney's Auto Sales,1717927.17,1498036.44
4279,Alpha Athletic Wear LLC,2343502.49,1671925.99
4280,American Vegan Society,4705252.58,3042554.5
4281,The Neighborhood Center,464079.14,309587.1
4282,Aguilera Grocery Store,2982102.11,2515407.62
4283,B&H International Association,3953431.0,3241694.78
4284,Center for Family Services,867280.99,679852.66
4285,Eddie's Liquor,2320567.39,1418546.94
4286,Martinez Grocery II,425539.82,366035.65
4287,May Funeral Home,2746510.42,2085818.84
4288,Newton Farmers Market,589114.22,385112.41
4289,Storage Center,2474152.89,2000926.68
4290,Cumberland Dairt,603176.99,526510.13
4291,Norma's Grocery Outlet,570937.57,516420.61
4292,Stelwagon Roofing Supply,1464565.09,1157684.7
4293,Zapata Grocery,3332771.44,2025486.17
4294,Eugene's Barber Shop,168771.75,134753.11
4295,Richard's Rapid Repairs,3155209.43,2949756.45
4296,New Jersey Motor Vehicle Commission - Wallington,4946208.36,3437155.74
4297,A-1 Uniform City,343960.34,316497.03
4298,Rosemary Mini Market,246224.58,210364.03
4299,Center Food Market,4910323.44,3340695.33
4300,Albright Auto Detailing,4373046.98,2931445.36
4301,Pan Am Imaging,4697562.51,3504360.21
4302,Bride of Christ Robes,1443656.18,966432.81
4303,Cooper Plaza Laundromat,2962495.45,1828065.59
4304,The Butterfly Program,1829355.22,1683694.91
4305,South Jersey AIDS Alliance,4296237.48,3649791.65
4306,Singh Convenience Store,2669947.75,2502793.12
4307,Check Cashing Services,1393087.57,867532.67
4308,Dion Gama Hair Braiding,4251570.97,2976765.71
4309,CMD All Stars,2473959.52,2188129.01
4310,Lutheran Social Ministries of Camden,1971141.72,1572762.02
4311,Hopeworks 'N Camden,915240.93,678748.76
4312,"Respond, Inc.",1151231.88,722095.89
4313,DeSales Service Works,2099902.43,1668722.57
4314,Northgate Deli & Grocery,4281025.74,3925381.37
4315,Plaza 5,4312285.36,3020600.34
4316,Adams Funeral Home,3450593.53,2997549.97
4317,Marrero Self-Service Laundromat,2227467.4,1829191.65
4318,The Parking Authority of the City of Camden,4192823.46,3768769.71
4319,Raul's Auto Repair,432079.31,335089.6
4320,Fernandes Supermarket,2279046.99,1807242.39
4321,Thermo Rooms Inc.,979367.36,805509.71
4322,Fermin Grocery Store,4452748.27,2954383.18
4323,Rossy's Beauty Salon,1801320.09,1636077.92
4324,Larry's Professional Services Center,2247288.38,1964483.42
4325,Marino's Barbershop,1802596.8,1569148.85
4326,Bultron Carpet,1935751.5,1684956.14
4327,Roman Professional Services,1392440.97,835480.12
4328,Discount Auto Repair,4874636.86,4341969.63
4329,Bmc LLC Group,868190.96,636120.93
4330,Appliances & Furniture Outlet,4243162.38,3814816.5
4331,Volunteers of America,4415964.45,3261758.58
4332,Bush Refrigeration,577508.96,487223.44
4333,U&S Distributors,1476606.68,895253.08
4334,X-Treme Auto Sales,4672011.94,3149515.87
4335,1 Stop Auto Sales,3339015.31,2340733.96
4336,YouthBuild,1630893.5,1090998.48
4337,Thrift Zone Furniture Outlet,4160003.34,3235046.49
4338,Precision Autoworks,3577506.96,3395919.84
4339,LC Services,4669660.63,3899261.66
4340,Roldany Supermarket & Deli,1797305.9,1396177.54
4341,Compare Foods,3276862.77,2447445.56
4342,Beepers Cellular Phones,661343.83,605835.97
4343,La Favorita Grocery Store,2753386.46,1878199.78
4344,Big Appliances,2354253.87,2175772.31
4345,TL Auto Body Repair,4286736.68,3195059.85
4346,Nicas Auto Repair,3518754.04,2476740.21
4347,JS&F Auto Repair,3503438.41,2496183.78
4348,Nunez Grocery,896009.65,773064.88
4349,Levelz Barbershop,4424246.43,3572871.01
4350,Harvinskins Seafood Market & Cafe,2537634.41,1776178.75
4351,J & R Used Appliances,2794921.57,2439240.94
4352,36 Appliances,3465631.65,3250288.01
4353,Urban Promise,2011980.56,1533577.82
4354,Q&P Used Auto Parts,2763525.4,2245683.09
4355,Troche Realty Co,1252073.95,1055043.09
4356,Contemporary Nail Salon,1109375.97,702045.72
4357,Bearing & Drive Solutions,2391803.24,2126289.38
4358,Maria's Unisex Beauty Salon,404177.64,329927.83
4359,Jimmy's Barber Shop,2260388.82,1729280.53
4360,Camden House of Ink,3045293.96,2484410.49
4361,Sun Wholesale,813780.78,560521.73
4362,Adelita Deli Grocery,2198152.49,1513683.88
4363,Fremont Stop & Shop,1322588.33,873630.38
4364,Eight Five Six Market,1484996.09,947862.63
4365,Saldana Supermarket,1441665.8,948460.65
4366,Al's Auto Repair,4150130.96,3828385.3
4367,D & B Pools Inc,4920905.74,4492586.7
4368,Lou's Firearms,1174012.28,992632.29
4369,Gaetano's Beauty Salon,932511.12,568945.86
4370,Raritan's Own Laundry,3545970.72,3214345.67
4371,Scott's Florist,2833639.99,2439637.57
4372,Isabel Beauty Salon,248510.9,181590.93
4373,J & J Haircutting,990818.71,770099.66
4374,Italian Bakery,4531236.88,3717017.33
4375,Nail Art,386674.39,274039.07
4376,Raritan Music Store,82744.68,70029.49
4377,Kamil Mabuhay Salon LLC,1315288.31,951357.72
4378,Safe Haven Computers,3016643.01,2398968.75
4379,Trinity Church Goods LLC,2722706.52,2493369.63
4380,Accounting Alternatives,3498914.45,2517287.72
4381,O'Donnell Insurance Agency,328422.86,272981.67
4382,The Patio Barber Shop,3376511.69,2618695.63
4383,Bibingkafe,3229365.4,2237319.44
4384,With Style And Grace,732375.67,654199.99
4385,A plus clothing alteration,4848315.46,3328950.74
4386,Tropiano & Son,2620540.16,2453323.05
4387,Phil-Am Raritan,4494297.98,3136860.61
4388,Yess Nails LLC,971408.88,620397.07
4389,E&M,305493.63,280002.17
4390,Lamp Doctor,196567.24,176613.55
4391,Razor's Edge,3591243.28,3181503.02
4392,Nayef Sweets,1131784.91,878707.21
4393,Greater Wildwood Chamber of Commerce,808278.67,647007.5
4394,M.S. Brown Jewelers,2685299.06,1887693.45
4395,Weichert Realtors,4731213.43,2981109.56
4396,Between the Lines,1638257.79,1360241.75
4397,Golden Gate,3977534.79,3509891.19
4398,Center City Video Outlet,134050.03,105679.09
4399,Friend's Market,3683666.04,2593835.13
4400,Lasorpresa,3404983.11,2051432.21
4401,Triple J Grocery,2095593.5,1729025.52
4402,Union News Mart,1669683.17,1023775.35
4403,Boardwalk Best,4258847.86,3272323.62
4404,Cap Swag,3194717.35,2300513.59
4405,bang bang,4725625.97,3526356.84
4406,The Phone Center,1590885.67,1363767.83
4407,Electric Beach,3948934.65,2914440.56
4408,Waves Sports Apparel,4206942.86,2847860.74
4409,Fame,3819783.59,2497062.22
4410,Deja Vue Nails,3422622.59,2168847.34
4411,Beach Haven Auto & Marine,606006.15,489492.67
4412,Deals All Year,3813169.38,2316944.03
4413,Circus Dollhouse,148969.34,101236.18
4414,Marburn Curtains,3132504.36,2471663.63
4415,The Jewelery Expo,3231108.25,2524956.58
4416,Standard Tile,2119777.59,1462225.6
4417,Blinds To Go,4665862.02,3300214.1
4418,Advanced Self Storage,110890.3,98902.21
4419,Brian P. Stack Civic Association,1606790.53,1406719.15
4420,Bodega,2828599.07,1910357.32
4421,Moda Caliente,2974332.33,2434512.48
4422,Alexa Mini Market,4443506.16,3466933.04
4423,Tiffany Cleaners,1742843.6,1567983.83
4424,The Residences At Carnevale Plaza,786841.11,708220.09
4425,"Angus U. Ejiofor, LLC",4754640.62,3494867.51
4426,Dow Asphalt Co. Inc.,4614103.63,3702326.21
4427,Tex's Liquor Store,4965778.45,4619858.55
4428,Trends Hair and Nail Design,690222.82,560737.58
4429,Gaspar Auto Service,2777883.52,1859130.38
4430,A Piece of Cake,4688291.14,3138521.9
4431,Scot's Bait and Tackle,2265329.48,1641340.78
4432,Country Farm,2148108.22,1837265.04
4433,TRU salon + spa,4883163.75,4172746.2
4434,Woodcliff Lake Wine and Liquors,3623394.85,3406302.58
4435,Alexis's Barber shop,2921896.27,2452756.72
4436,"Senior Travel Service, Inc.",4724800.27,4375970.57
4437,Ashley Stewart,2430723.68,2101988.05
4438,Ed's Barber Shop,4649146.24,3009834.36
4439,Georgio Mikaelis LLC,936172.48,744631.17
4440,Working Class Art,3291996.53,2338732.77
4441,KT Nails,1456043.89,1045728.08
4442,Bagels4u,1698731.78,1052114.3
4443,Corner Cleaners,3230969.98,2332836.82
4444,Kumon Math and Reading Center,3505183.42,2314419.23
4445,Advanced Eye MDs,52196.22,36721.3
4446,Holey Moley Tattoos & Body Piercing,339937.62,280051.6
4447,Kapricho,612465.5,547789.54
4448,Union City Discount,2593022.56,1883495.72
4449,L's Deli & Grocery,2681665.19,1762711.19
4450,Good Time Liquors,4991601.95,4365311.63
4451,J.S.H.U Corp.,1543308.1,1055747.05
4452,Jersey Footwear,590923.8,371217.56
4453,Cuban TV,1302093.72,822539.45
4454,K & S Super Store,2326221.82,1788260.19
4455,Padron Party & Craft,2351199.23,1704018.1
4456,Hookah King,1227726.66,903982.96
4457,Bottle King,3691022.73,2977277.37
4458,Kwik Trip,4263888.45,3126292.38
4459,Whizard Academy For Mathematics & English,3436453.67,2325792.29
4460,Happy Foot,606489.68,463806.82
4461,Town & Country Barber,3608209.72,2479310.66
4462,Bagel Market Deli & Grill,397239.53,325606.28
4463,Stewart's Hardware,2198006.35,1558029.16
4464,Mansfield Township Municipal Court,4771244.59,4093507.28
4465,NJEDA,3868490.21,3046882.65
4466,"Northeast Fire Equipment, LLC",211569.49,168535.5
4467,The King's Party House,333531.01,279817.64
4468,The Wonder Years Academy,958584.03,850912.94
4469,Grooming By Jessie,2809073.13,2639991.31
4470,Pipe Dream,4677678.32,3451146.3
4471,Bridgewater Bakery,91617.01,65000.75
4472,Jesus Book & Gift Store,4370685.04,2632550.97
4473,Bergen County Technical Schools-Paramus,3344130.02,2310003.03
4474,Dazzle Candy,3293514.59,2077464.15
4475,The Only Game in Town,2615999.43,1731524.61
4476,Comic Fortress,3963043.33,2493244.72
4477,Dr. Mike's Hearing Express,2371458.46,1667250.51
4478,Koo Chinese Academy,2891054.85,1904802.48
4479,"The Young Group, LLC",2797331.77,2271146.37
4480,Bright Future Learning Center,1128577.88,764430.86
4481,"Payworx Services, Inc",4128580.95,3769404.84
4482,Visiting Angels Living Assistance Services,4496825.78,3593177.85
4483,"Geolytics, Inc",1548083.43,1280097.56
4484,RE/MAX Classic Group,3365510.18,2099195.56
4485,"The Vertex Companies, Inc.",2287365.97,1386872.76
4486,"Transport Systems, Inc.",3492981.98,2709126.51
4487,Weismann Hamersky & Jones,3350281.65,2815019.88
4488,Konkus Corporation,4604290.16,2976809.62
4489,Kewaunee Scientific Corporation,911161.16,855448.48
4490,Innovare Medical Media,1264569.27,1026853.65
4491,"Fallone Group, LLC",1484230.77,1340614.85
4492,Dean of Chess,1536625.83,972776.06
4493,"Zetetic, LLC",2933532.1,1765829.29
4494,Storming Robots,4963816.55,3148555.75
4495,Zero Compression Back Brace,4573038.46,3994812.67
4496,Bella,2178733.31,1680982.62
4497,Pretty Tasty Cupcakes,1411156.68,1130261.11
4498,Weavers Farm Market,3020058.9,2291907.96
4499,Pick-It Deli,4705688.41,3869493.12
4500,Expedy Barbershop,2147310.17,1334319.0
4501,O'Bagel & Deli,1561634.03,1243073.88
4502,Dover Saddlery,2155302.05,1576351.36
4503,The Beach Nut,975765.45,742226.52
4504,The Art of Hair Salon,4371591.15,3622787.06
4505,Allstate Insurance,1292233.75,914319.23
4506,Kim's Nail Perfections II,1346995.04,1041340.59
4507,P&T Cleaners,1099553.26,741308.62
4508,Dr. Blumberg's Eye Care,3567338.29,2864794.47
4509,RE/MAX Innovations,2814636.61,2204406.52
4510,Vintage Wines,834279.45,520055.66
4511,The Village at Town Center,4436282.11,2944112.27
4512,"Les Hall & Associates, LLC",2014394.79,1492705.11
4513,Colonial Liquors,1860137.87,1532089.36
4514,The Fresh Market,2630627.8,2180635.42
4515,Boris’s Barber Shop,610857.86,421911.6
4516,Raritan Valley Liquors,3619117.66,3238035.98
4517,Bagels-4-U,1026603.57,814973.25
4518,First Stop Barber Shop,3557091.89,2440082.36
4519,Express Mart,463741.17,305014.9
4520,Distinctive Design Concepts,4667397.85,2893937.3
4521,Alarm Doctor,3767999.9,3527695.96
4522,NEC Laboratories America,1785373.08,1473466.1
4523,Spirit USA Beachwear,3264637.48,2389027.33
4524,Spirit Gifts,1387268.18,1317338.19
4525,Jujo Fruit & Scoop,2593534.73,2038496.19
4526,The Bargain Store,193936.12,148224.1
4527,Mr Deli Grocery,3675507.61,2261048.34
4528,Park Avenue Food Market,3273130.42,1981419.86
4529,Park Avenue Auto Repair,2114712.45,1467324.93
4530,Deli Grocery Store,2826792.54,2197248.59
4531,Ria Mar Laundromat,746957.16,678133.71
4532,New Jersey Courts - Essex County Courthouse,3673721.52,2795151.32
4533,Taylors Hardware,310743.19,228939.1
4534,Yeager Automotive,3059913.5,2593279.36
4535,Ryan’s Clip Joint,4866142.87,4114922.27
4536,Travel Mart,1756340.83,1346923.98
4537,Gene’s II Deli,2952782.9,2546152.86
4538,New York Bagel and Deli,1840949.6,1562443.63
4539,Leasing Center,1697995.25,1182361.71
4540,Elite Realty Group,3423009.63,2397053.59
4541,Merits Auto & Vans Sales,405413.35,329670.61
4542,All About Pets,2248580.66,1477507.51
4543,Eyes First Vision Center,4271176.92,3512215.64
4544,LCN Waxing,2779960.5,1795301.98
4545,Garrow Wellness Center,2514231.08,1802197.45
4546,Lemon Tree,1333453.17,1089119.58
4547,Bubbles,3818744.72,2687827.53
4548,Marstan Cleaners,2397232.97,2038191.17
4549,Kate's Paper Tree,4745127.94,3455651.02
4550,Ricciardi Brothers,4969017.27,3882339.84
4551,Tiki Image,586591.88,457800.81
4552,Campbell's Pharmacy,4770323.75,3178639.41
4553,J.Jill,4475906.45,2865887.36
4554,Massage Heights,2576878.58,1647429.49
4555,Lovely Nails,4326487.13,2692414.96
4556,Signature Cuts Hair Salon,4824814.27,3921667.07
4557,Bobby's Window Cleaning LLC,2055964.33,1247359.94
4558,517 Transmissions & Automotive,972927.03,811110.46
4559,A&M Rainbow Grocery & Deli,3468594.27,2387022.86
4560,J&C Grovery,1975177.3,1345819.59
4561,Zena's Salon,4079942.45,3691046.71
4562,Figueredo Auto Repair,4411004.18,3384981.53
4563,Hoboken Smoke Shop,603426.27,570939.09
4564,Bond,1940928.51,1333324.84
4565,Tunes,3019797.24,2504733.56
4566,Aspen Marketplace,1846905.78,1270726.35
4567,Basic Foods,383499.25,305491.03
4568,Sam’s Boonton Barber Shop,4921537.15,4408167.34
4569,Cookies Paws LLC,4896247.01,3922316.61
4570,Don’s Sandwich Shop,1502813.26,1188895.99
4571,Walter Bauman Jewler,983190.92,820648.62
4572,Rose City Chocolatier,2553882.29,1980101.41
4573,Boon Tunes,3284179.23,2988563.94
4574,Bearded dragon tattoo studio,3140869.13,2085874.79
4575,Joy’s Nails,2640090.56,1864882.67
4576,Bobby’s News And Gifts,303213.63,197062.61
4577,Ann’s Costume And Magic Shop,1613965.97,1420753.03
4578,Drummer’s Corner,4304584.49,2964421.52
4579,Highlander Games And Comics,4736135.68,3928627.14
4580,Wines & Spirits,4924944.75,4625421.66
4581,The Luchy's Style Beauty Salon,167540.6,152038.4
4582,London Salon Soa,285637.03,178731.18
4583,Image,1202590.3,749993.84
4584,Design With Tile,2786705.34,2524090.55
4585,Chardonnay,4048351.59,2694003.5
4586,Sakura Spa,3128313.09,2021460.62
4587,Rabbit Hair Studio,3935427.9,3246323.62
4588,Hendershot's Garage,2710282.24,1638377.29
4589,The Red Oaks School Middle School Campus,214480.53,179409.96
4590,Homestead Transportation & Taxi Services LLC,4970576.56,3284474.86
4591,La Catrachita Grocery,3662468.62,3311892.02
4592,P&P Taxi,1648304.91,1013914.93
4593,Morristown Auto Body And Towing,2388162.26,2143779.14
4594,Still Life,4353198.77,3728377.66
4595,Abbett Avenue Unlimited,2218630.42,2074894.2
4596,Mon-Town’s Hair Affair,2766993.49,1872255.05
4597,C&L Towing,4923553.83,3326374.82
4598,George’s Deli,4576964.9,4199603.95
4599,W.E.S Works LLC,1579065.9,1381562.84
4600,Morris County Organization For Hispanic Affairs,4333031.72,3347564.59
4601,"Louis Berger Group, Inc",2968283.54,2132970.26
4602,Berkley,1097271.32,875420.06
4603,Keystone Property Group,3868455.29,3207683.59
4604,Lonza,858990.03,695603.61
4605,Enstar,3422560.91,2505019.14
4606,Majesco,4469962.0,3445406.27
4607,P3 Communications,2253127.98,2021042.02
4608,ProSight Specialty Insurance,3521826.39,2795725.85
4609,Mott MacDonald,1870768.58,1601596.52
4610,TenFour,2009348.88,1241714.89
4611,"Massy, Quick, & Simon",408731.77,364290.0
4612,Samsung SDS America,410571.23,254712.65
4613,Tanliners Club & Spa,4253108.03,2954110.24
4614,Planet of Wine,2583473.64,1956242.2
4615,Authentic Barber Shop,2441844.15,2202261.73
4616,Nails For You,1923715.85,1158473.45
4617,Paramus Food Center,4764747.8,3665952.98
4618,Sherri Financial Services,4511582.31,3517895.77
4619,Lori Palmer Estate Sales,2206273.63,1331985.45
4620,Rios' Engraving,209426.67,189760.88
4621,"Kielu Capital Management, Inc",695375.14,439881.9
4622,Dressed To The Nines,1545345.95,1083861.54
4623,Renew Cryotherapy,4965257.12,3457180.7
4624,Fully Promoted,217178.51,200300.68
4625,"Stonebridge Financial Advisors, LLC",2355034.46,1613596.35
4626,Kiernan And Strenk Attornies At Law,4112785.18,3343840.36
4627,Mom’s Dry Cleaner,1120201.66,704500.34
4628,John L Sweeny Counsellor At Law,3496294.72,3294930.36
4629,Little Black Dress Paperie,4044513.6,2474093.62
4630,Finishing Touch Auto Electronics And Home Theater,4351574.42,3706050.57
4631,C&L Auto Body And Towing,1230615.07,941181.36
4632,HomeSense,2412418.45,1826255.76
4633,Amazon Fresh,559988.85,507585.71
4634,Pantosa's Ravioli and Deli,1687092.86,1497011.42
4635,Natales Deli,4214332.47,3771496.52
4636,Sierra,2997864.72,1809694.55
4637,Ted's North,101522.96,72046.24
4638,North Star Academy,2681720.12,1789250.35
4639,Easton Coach Company,647712.24,424685.47
4640,Sobel Westex,3570765.66,2682483.64
4641,Interlock Device of New Jersey,273432.98,181090.24
4642,First Limo Car Service,4891202.69,4278532.84
4643,Thomas A. Cataldo,4323412.22,3207591.5
4644,Townsend And Associates Inc.,1193737.99,1090486.63
4645,Seaquestor,1633999.51,1001483.96
4646,West Brook Middle School,636120.16,534913.61
4647,Ridge Ranch Elementary School,758663.49,501389.22
4648,East Brook Middle School,1805529.63,1199504.31
4649,Paramus High School,4984861.48,4161835.58
4650,Edwin B. Forsythe National Wildlife Refuge Administrative Building,3836894.36,2965597.27
4651,Xpectations Salon Dominican Style,2160774.34,1385777.34
4652,Paramus Public Schools,1586745.93,1010608.36
4653,A&B Bagel and Deli,1903714.63,1587283.34
4654,Puff n Pass Smoke Shop,2543351.88,1959793.06
4655,"Manfred F. Ricciaedelli, Jr. Injury Attorney",3077892.57,2463749.64
4656,Pontiac Realty,2405904.9,1859830.34
4657,Nathaniel Cheney - Raymond James,3780050.89,2774752.3
4658,"Spyglass Design, Inc.",4806870.26,4396101.08
4659,Egg Harbor Township Tax Collector,4919615.26,4408992.87
4660,Paramus Nails,826123.74,712174.32
4661,Foot Reflexology,3821122.0,2561018.47
4662,ReadingTown,3392643.94,2603948.34
4663,Copiers Plus EHT,143953.85,135204.51
4664,Bonterra Market,4514595.38,3971432.73
4665,Casa Payroll Services,2232857.76,1580924.02
4666,Somers Point City Engineers Office,3077513.74,2173721.25
4667,G & W Construction Group,2304011.63,1863207.68
4668,Northern Valley Regional High School at Old Tapan,1983446.63,1611932.96
4669,Wesley D Tisdale Elementary School,1783526.65,1681286.74
4670,Mahwah High School,1927083.07,1691071.5
4671,Pascack Hills High School,156151.31,138613.41
4672,Baker Boys,4829883.32,3605707.69
4673,Marjam,1757392.21,1616929.84
4674,Harrahs Fleet Maintenence,1877705.8,1592690.28
4675,De La Cruz Auto Repair,3972822.62,3576501.25
4676,Pleasantville Auto Service LLC,4023541.01,3399131.22
4677,# 1 Stop De La Cruz Auto and Truck Repair,3605048.52,2599172.81
4678,Seasons Olive Oil And Vinegar,4916512.36,3301066.64
4679,18 | 8 Fine Men’s Salons,2695528.77,2349861.87
4680,Market Street Tattoo Company,4002118.94,3338789.06
4681,Upper School,3510968.25,2931272.27
4682,Quick Cash,211152.03,184913.4
4683,Giovanny's Hair Salon & Spa,2948028.57,2469232.31
4684,Nicholas Jewelers,3118251.71,2310452.52
4685,Pleasantville Housing Authority — Towers Annex,4482060.46,2945502.44
4686,MEK Review,4066555.54,3488328.76
4687,Orange Street Tire,2927498.75,2205501.17
4688,Simons Center for Systems Biology,2464138.82,1644371.57
4689,The Music Shop,4971031.97,4497140.05
4690,Palisades Park Junior/Senior High School,888369.92,546968.96
4691,A Touch of Ambiance,2308356.11,1422482.21
4692,Salon CARU,1770963.96,1573976.46
4693,Ayers Garage & Body Shop,2607988.42,2095448.62
4694,Spa Virtue,2199978.88,1377606.63
4695,Hot Breads,2254330.94,2100085.39
4696,JSQ,1174854.58,1091152.94
4697,Hoboken Discount Liquor,3841308.47,2721730.36
4698,Hoboken Vine,4931445.61,3682622.31
4699,Daniel’s,1880180.88,1167371.53
4700,Jersey Farm,1694474.14,1275145.85
4701,State News,3606243.54,2614137.23
4702,The Central Square Supermarket,1319021.69,1094193.63
4703,DMart,3326957.81,2144449.63
4704,R. Jerome Jabbour,1667093.95,1551482.98
4705,"Carlson, Suedsma, Warner LLP Attorneys At Law",304190.72,279136.98
4706,New Jersey Association Of Independent Schools,1627024.39,1290962.03
4707,"Ross, Rosenthal, And Company, Llp",3099567.15,2500991.46
4708,Morristown Cycle,4393295.44,3711435.36
4709,"O’Donnell, McCoy, Heleniak Law Office",4960389.24,3440723.93
4710,NK Architects,524647.21,484695.0
4711,"Simio & Jones, LLP",3633328.81,2327330.55
4712,Francis P. Alai Attorney At Law,1474356.79,1371890.67
4713,Zufall Health Center,1196112.15,758440.43
4714,Anthony A. Boyadjis,495346.59,457118.41
4715,Murphy’s Garage,2113108.17,1998838.92
4716,West End Residential,543157.76,471635.45
4717,Law Offices Of Ludvico Aprigliano,1445320.85,1371719.25
4718,Rowe Furneral Home,243464.04,161974.33
4719,Chang Sheng Laundromat,1392612.29,1054737.94
4720,Argos Deli,1146373.07,894092.78
4721,Early Education Center,3298241.02,2717263.16
4722,Farmers Insurance - Peter Forde,2667268.33,2345668.12
4723,Brown's Janitorial Supplies,1082460.51,986633.0
4724,Brother's Carpet & Flooring,789455.19,710806.09
4725,Signarama,2285130.73,2130683.07
4726,Geri's Deli,1568051.15,1127214.9
4727,Consulting Engineers Inc.,2801873.32,2651910.44
4728,The Philip Ciarco Jr. Learning Center,2234192.45,1951483.57
4729,Montino's Full Service Salon,3031040.09,2659760.08
4730,Colombia Bakery,2850809.83,1844440.95
4731,Rinconcito Musical,4565478.83,2808070.46
4732,Conexion Latina,1333883.55,1252097.57
4733,Minitalia,1738465.96,1231552.43
4734,Save Way Discounts,3079346.6,2109624.77
4735,Kates Bros.,2838872.23,1918716.7
4736,"Main Street Eye, Inc.",940131.78,882768.14
4737,Barking On The Blvd,3753833.19,2927909.25
4738,Bergen County Debate Club,367136.32,285163.47
4739,Prestige Kia,1596927.16,1259630.13
4740,Oprandy's Wines & Liquors,3735075.41,3321013.49
4741,Aloha Therapy,3673927.29,2416275.86
4742,Framemaster,971398.27,888728.2
4743,Englewood Nails,3591471.87,2845392.7
4744,Englewood Jewelers by Greg B,4589707.64,3083589.04
4745,Buckley's Drug Store,4724997.78,3524390.86
4746,New Soho Nails,530165.19,344445.05
4747,Cape May Beach and Kite Shop,68803.4,59434.8
4748,Smart LED Lighting,2242025.13,1982223.79
4749,Willi's Auto Body,4818077.77,3006047.42
4750,Kranky Cycles,2469426.17,2018989.3
4751,Highland Hardware,3374110.03,2854783.53
4752,In The Garden,1938525.51,1179324.32
4753,Slimmer You Fitness,4938562.4,3849796.23
4754,Hamade Trading LLC,2963045.23,1953362.98
4755,Pleasantville Flowers,1283514.49,1078157.9
4756,Tanya L Freeman Of Weiner Law Group LLP,2585252.97,2251253.64
4757,Central Food Plaza,354496.19,296003.71
4758,Blue Store Liquor Store,2234274.54,1419043.52
4759,The Blue Star Barber Shop,201032.43,154987.78
4760,keene's korner,2836041.48,2152867.1
4761,Cibo Express Gourmet Market,783243.17,642643.24
4762,Departure Spa,3984808.64,2841047.04
4763,Dufry Duty Free,4852222.99,4534833.74
4764,InMotion,3861876.44,2880143.41
4765,Cibo Express,91687.95,73423.16
4766,America,2832155.1,1792942.58
4767,Tumi,2878584.52,2160024.19
4768,BlueWire,798078.43,669690.15
4769,Johnston & Murphy,991373.67,669767.78
4770,Lick,2634949.09,1788121.01
4771,Global Bazaar Food Hall,3786063.95,2445994.95
4772,L'Occitane,4358336.54,3088751.17
4773,Vanguard Market,2176682.51,1543107.75
4774,Hudson Booksellers,3824097.86,3252390.86
4775,Bordentown Barbershop,682134.45,600474.87
4776,Verdi Fresh,2288713.98,2006509.13
4777,N G Professionals Tax Service,4528911.74,2949790.98
4778,ACS Cleaning Service Inc.,1653022.01,1535938.24
4779,Frisch School,4039361.58,3661800.9
4780,EPIC School,1764038.96,1553463.81
4781,Silverton Bagels,116307.47,102214.55
4782,Duluth Trading,1748487.34,1445549.73
4783,Uncle Giuseppe's Marketplace,1676030.41,1087142.5
4784,Atlas Aluminum & Glass Co Inc,1010687.16,853285.76
4785,Cigar World,2822065.01,1781244.18
4786,Fishtown USA,1944423.75,1825480.11
4787,Wayne R. Lettieri Prudential Financial,306438.17,226793.99
4788,Psychic Readings by Theresa,1272797.58,1173459.83
4789,"The Law Office of Marc B. Schram, P.C.",1463349.52,1053056.26
4790,Gary's Wine,1216191.87,834722.12
4791,BJL Financial Services LLC,281338.74,189866.54
4792,Park Avenue BMW,3031694.33,2083251.97
4793,Hoboken Hair For Men,3927450.31,2582370.25
4794,Sun Tan City,3907876.56,2387680.8
4795,Symposia Bookstore,1945349.68,1355906.38
4796,Stew Leonard's,3387896.38,3204752.77
4797,Flo on Wheels,1628030.81,1055968.99
4798,Prime Gourmet,2355313.28,2145008.76
4799,Dollive Furniture,584705.97,484098.87
4800,The Macaroon Shop,3525285.72,2690748.36
4801,Salon 9,1261765.55,886510.15
4802,Jay Cee,3793488.79,3073717.82
4803,Forever Yours,4578525.42,4322030.26
4804,Paris Cosmetics,3175781.58,2851359.41
4805,Red Mango Cocohodo,3734740.71,2625525.54
4806,Bread Gourment Market,4487156.28,2717577.7
4807,K&S Auto Body,2088604.94,1883251.23
4808,La Esquina Chapina,1227948.95,813085.29
4809,Hana Music,4209821.64,2888127.14
4810,Han Song Trading,3860265.29,2920781.93
4811,All Brands Business Machines,3696452.72,3287216.97
4812,Shalom,2697996.47,2433548.79
4813,Hana Insurance,396990.88,370345.28
4814,"Rotolo, Bozanian & Yi, LLC.",251497.96,227545.33
4815,JAZZ,2333996.67,2185497.93
4816,NJIVision,932868.21,666902.48
4817,Cello,4842265.02,4523241.23
4818,DuPan,4010922.96,3523575.11
4819,J Sunah K Pop,3702788.5,2228498.5
4820,Noon & Eye,1994334.0,1326688.13
4821,K-Pop Star,1074163.77,885607.61
4822,BluMarz,2698941.81,1710440.17
4823,Christian Books & Supplies,1909796.33,1582258.42
4824,Han Kook Meats,2572919.09,2155331.35
4825,Grand Price,1228312.02,936155.05
4826,Hair We Are,2883182.02,2621041.57
4827,Hanmi,1220503.87,746490.94
4828,First Barber Shop,2917120.07,2304886.3
4829,Grand Shilla,454847.02,372062.49
4830,C Land,3438789.23,2539597.57
4831,Kang's,3222746.01,2661992.09
4832,"F. Silva Printing Co., Inc.",1822209.37,1430732.86
4833,MGM Cleaners,3553326.81,2608117.78
4834,Beautistar,3796653.2,2715527.32
4835,Gio,1166473.97,936658.48
4836,Lexy,4346292.25,3161867.86
4837,Somebody,2202257.6,2071510.22
4838,The Amore,2182783.13,1776580.57
4839,Beauty,2179248.55,1402755.48
4840,Hankook House,2699791.56,2111173.62
4841,Grand Furniture,4640115.38,2839181.19
4842,Tonymoly,3436797.62,2930665.01
4843,Magicastle,1522843.95,1094162.77
4844,Han Yang,975453.92,643033.41
4845,Sae Rom Video,3084777.56,2815639.6
4846,Jubilee,2927332.2,1942320.63
4847,Bling Bling,2844529.68,2466946.61
4848,Gold Medal,4899690.5,3369219.44
4849,Suki,374704.16,236462.92
4850,Palisades Park Bakery,382304.8,262639.06
4851,Shilla,4799726.95,3311823.57
4852,Taiji Oriential,3650956.29,2882457.01
4853,Nailism,1677337.9,1419063.88
4854,Shil La,3418777.32,3137417.01
4855,Fel Smusal,1532343.01,920163.29
4856,Eagle,1521571.57,1263566.52
4857,SM Square Academy,4285007.71,3086379.88
4858,Tae Design,1345917.38,1094057.61
4859,Kraut & Benson,4619738.15,3200469.93
4860,Banner,650628.16,569348.88
4861,Nostalgia,1573202.8,1148736.36
4862,SysMax,1691425.37,1387615.66
4863,Sema,544250.09,339798.95
4864,Choi,210927.77,185516.73
4865,Gim,2059767.27,1476663.19
4866,Hans Realty Group,2016293.97,1341264.66
4867,Good Morning Mart,1572708.87,1058868.87
4868,Boston Consulting Group,1658003.93,1399797.08
4869,Talbots,2832867.93,2048074.11
4870,Lands' End,480302.08,416026.53
4871,Value Dollars Store,2679054.7,1840398.04
4872,Flower Bar,764978.08,497480.26
4873,and That!,2944680.81,2672658.37
4874,World Market,3894899.57,3517649.38
4875,Paws Etc.,2165958.26,1313865.66
4876,Swan Nails & Wax,4345820.25,3902489.71
4877,Ecco Nails & Spa,2432146.46,1655398.21
4878,Town Home & Garden,615675.5,572306.07
4879,Anything Computer,4319493.03,2692970.84
4880,Emmy's Beauty Supplies,4609600.15,4289014.24
4881,Family Hair Care,319653.84,216618.18
4882,Printology LLC,4761954.86,3385112.39
4883,Tip Toe Nail & Spa,2280647.59,1597071.76
4884,Vintage Fusion Restorations,4627912.77,4367908.5
4885,Tesori Furniture,4830212.31,4015442.44
4886,Mr Pete,669026.59,435380.08
4887,Mayfair Antiques,4653040.43,3115494.33
4888,Iggies Curiosity Shoppe,4605030.94,3549469.29
4889,Boyds Interiors,4180015.79,3549091.32
4890,STuFF Antiques & Collectibles,2508472.12,1922781.08
4891,Fairway Estate Nursery & Garden Center,3237165.35,1961970.82
4892,Nail Symphony,457722.56,356961.58
4893,Lucero's Beauty Looks,2700337.91,2288304.14
4894,Heads Up Too!,3390445.03,2958904.53
4895,Wheelfine Imports,4583824.79,3054038.21
4896,Bergen County Technical Schools,1627496.94,1411701.11
4897,Bergen County Special Services School District,2037766.58,1552482.94
4898,All American Print & Copy Center,824353.02,582737.02
4899,Maple Avenue School,3364716.21,3006534.58
4900,Madison Plaza,1620863.52,1512283.88
4901,InSight Eye & Vision Care,4710175.59,3158965.17
4902,Voyage,3136639.53,1912970.23
4903,All You Need,2278246.72,2013761.56
4904,EJE Travel Retail,3622997.18,2302813.46
4905,Furniture Masters,3843170.05,3327521.57
4906,Marchesin Shoes,249368.98,162040.76
4907,Layers Salon,4343690.56,2991772.42
4908,Wayne Bedding,4269032.39,3638486.62
4909,Gate House Framemakers,1905662.62,1797877.93
4910,Guarino Wealth Management,140630.21,93536.75
4911,Dependable Insurance Agency Inc,2619857.28,2297867.75
4912,"Mandalay Group, Inc.",1914928.98,1721079.61
4913,SunSplash Caribbean Bakery,3261511.45,2886323.08
4914,The Pastry Chef,1737993.01,1132131.05
4915,Fishing Line,1418346.56,1008092.35
4916,Hershy's Bakery,1534268.97,960936.38
4917,Amazing Savings,604297.23,545069.59
4918,Strictly Bicycles,2664094.28,1797324.92
4919,Flash Bail Bonds,3100089.11,1866446.69
4920,All Brands Furniture,568304.19,415316.11
4921,Margarita's Deli,2695411.43,2214433.42
4922,Barron Realty,4792319.09,4300152.24
4923,Fried Chicken & Deli,1851598.41,1360463.79
4924,Sleep Number,4008028.24,3474344.12
4925,All American Turf,761867.46,609903.16
4926,La Poblanita Grocery & Restaurant,149186.42,104044.49
4927,American Chemical & Adhesives LLC,328713.81,203455.34
4928,Blumberg & Wolk,2115205.07,1863393.71
4929,Harvest Realty,1646932.51,1529489.58
4930,Mother Child Residential Services,4061569.03,2886893.84
4931,Woodbury Hardware,4116273.05,3824799.28
4932,Pure Energy Cycling,2658572.58,2103784.76
4933,Skip's Outdoors,1576161.47,1327941.97
4934,Aaron's,3272017.74,2714269.83
4935,Cycle Corner of Frenchtown,1274550.07,1162337.44
4936,JB Paverstones,4840725.97,4250586.56
4937,Cruizin With RC's,1867611.5,1396418.18
4938,Zen Nails,4727689.41,4247374.66
4939,Grooming Post,945299.76,708725.06
4940,Entertainment on Wheels,1680178.4,1578976.67
4941,Meticulous Cleaning Service,3147490.62,2279975.89
4942,AV Planners Inc.,1136474.38,1039531.98
4943,VA New Jersey Health Care System - Lyons Campus,1795483.73,1492333.72
4944,Fruti Mex Produce,2975548.85,2675366.86
4945,Puff n Stuff,1208513.26,790703.64
4946,Northwest Bergen Regional Health Commission,2164108.69,1460569.46
4947,Flowers By Joan,4233808.51,3290937.69
4948,Kallman Travel Services,3272527.83,2024248.76
4949,Hilltop Bikes,2201543.55,1881481.56
4950,Blikka Boutique,3242241.76,2608976.31
4951,Milk Money,3082885.2,2328146.63
4952,Cranford Barber Shop,846167.07,565568.18
4953,Corey Matthews,3084132.24,2438999.26
4954,Sofia's Hairdresser,2301996.49,2149468.11
4955,Union VW,4965319.16,3117794.71
4956,Microsoft Store,1539157.56,1115607.4
4957,Woman's Club of Rutherford,778536.48,616532.4
4958,St Antonius & St Mina Orthodox centre,2212178.6,1635616.56
4959,Nail Plaza,4655135.99,4120262.24
4960,Dovetails,4441544.63,3212302.59
4961,NJ Wine Seller,1377642.17,1160650.52
4962,Ditrick's Liquor Store,719879.8,502394.39
4963,Spavia,1424937.68,884178.4
4964,C2 Education,1184719.1,1053653.15
4965,Eye Care Wear,4008208.18,3143422.78
4966,Florham Park Liquors,1912931.59,1466672.13
4967,Gifted Cutters,1606059.01,1042046.0
4968,Dooley's Funeral Home,2837649.87,2308499.89
4969,Rekemeier Flower Shop,1679194.69,1566201.07
4970,Wolves Den,4475806.99,2760338.4
4971,Verizon Switch Office Succasunna,3441056.05,2295117.69
4972,Jungle Juice,431845.88,405038.25
4973,The Gourmet Deli,4857162.8,4302173.64
4974,Turnabout,2647305.58,1804413.87
4975,Benjamin Moore Waldwick Paint and Wallpaper,66017.37,44592.17
4976,Virile,2402376.15,2073310.46
4977,Royal Cleaners,156939.79,129091.56
4978,Community High School,3149503.27,2134528.22
4979,MMS Piano Moving Services LLC,1437558.42,926253.14
4980,Hair Cottage,2209676.45,1639139.83
4981,Mimi's Cookies,4811951.35,4548425.1
4982,Self Indulgence Hair Studio,1331022.88,978750.07
4983,Knitapestry,1723546.48,1293450.16
4984,Shoe Repair,279506.93,175707.69
4985,Twin Mart,2680233.29,2082103.13
4986,LBI Tanning,1913473.5,1716815.81
4987,Mango Jam,4375430.63,2697833.18
4988,Ridgewood Cycle Shop,1484421.17,1344137.51
4989,"John F. Russo, P.C. Attorney at Law",119594.86,94086.77
4990,Racefaster,3575409.36,2908216.91
4991,Patchi Alotchi,3543705.42,2473123.16
4992,Biltmore Tuxedos,1493959.49,941588.71
4993,Eat Your Spinach!,3135182.66,2803011.57
4994,Verizon Wireless Premium Retailer,4216505.15,2631765.24
4995,Alfred's Sport Shop,3314778.67,2867881.56
4996,Celtic Golf,3185356.73,2863238.32
4997,Rose City Jewelers,680796.64,635318.63
4998,Sugar Rush Candy,2074169.19,1457247.13
4999,K9 Resorts,3371814.05,2726725.69
5000,Antini's Bar Liquor,1057877.11,860093.95
5001,A&R Auto,703749.84,524396.84
5002,The Blue Purl,1537585.77,1062137.41
5003,Avenue Travel,483668.43,309575.02
5004,Burroughs Kohr & Dangler Homes,1566649.68,1109573.35
5005,Suburban Shoes,603606.01,419149.4
5006,Pangea Coins & Jewelry,2535032.35,1821067.4
5007,Exclusive Day Spa,2805032.76,1896442.76
5008,Beauty Club Salon,2485365.96,2112778.9
5009,Cozy Nails,563433.05,371057.61
5010,Lashful,4210710.03,3068047.57
5011,JMart,2598611.07,2275635.12
5012,Rita's Snips for Pips,4150630.16,3052459.51
5013,Sook Pastry,706307.31,587113.67
5014,Super Cellars,2596240.17,2043642.43
5015,Kilwins,955467.88,788612.47
5016,Bookends,4764284.3,4338455.9
5017,Gilsenan & Co.,1545556.76,1270103.15
5018,California Closets,2031381.43,1515189.46
5019,Little Steps,3049326.75,1853133.79
5020,Classic Look,684975.69,554704.85
5021,Color Me Mine,1224057.96,777885.4
5022,Cupcakes by Carousel,82540.16,49607.64
5023,D'Or Fine Jewelry,4178246.26,3085450.08
5024,Creatively Yours,4213173.27,2847418.49
5025,Arthur Groom & Co.,605982.46,432854.02
5026,Gattinolli Designer Dresses,1645674.76,1443851.02
5027,Krauzer's Food Stores,4932743.66,4444915.61
5028,Bergen News Plus,2467268.9,1650748.86
5029,Eden Nails,4957085.58,3695270.52
5030,The Kosher Nosh Deli,1900239.07,1607446.81
5031,Madison Mane Salon,1229452.89,1123489.98
5032,Dark Horse,2282845.42,1928711.29
5033,Strandz-Salon,215067.79,150693.07
5034,Waverly TV,68161.17,56179.44
5035,Hina's Salon,4695116.7,2913701.45
5036,Oriental Eden Day Spa,3813829.29,3124076.06
5037,Yellow Bear Cleaners,4468137.32,3342600.39
5038,Fresh Juice Press Co.,4598185.29,4246506.73
5039,Peachy Keen Kids,2771833.4,2123143.41
5040,Alex and Ani,4310497.85,2648186.83
5041,Chocolate Palace,4084317.2,3792745.39
5042,Rose Nails,4829812.5,4462546.79
5043,Quick Stop Wine & Liquor,1408893.12,928772.61
5044,Godwin Nail,586769.88,438299.67
5045,Gateway Cleaners,144956.92,121863.68
5046,Bagari Cleaners,4268294.37,2817108.6
5047,Industrie Hair Gurus,3108424.32,2656193.92
5048,Newark Fish Market,381055.34,306835.1
5049,Sue’s House of Fudge,4775268.26,3403347.06
5050,Diamonds by Dawn,867487.78,656258.39
5051,Riverdale Cleaners,516518.35,477933.68
5052,Ferrari of Central New Jersey,906529.62,762581.78
5053,Tint World,4729799.03,3802739.99
5054,Lincoln Financial Securities,3161544.98,2148667.51
5055,Laciofano & Perrone,3725900.58,3264061.64
5056,Waldwick Printing,3303819.22,2950285.77
5057,Aerus Electrolux,1491315.24,1145456.31
5058,The Wooden Keg,1058538.03,998041.41
5059,High Marquis Motor Cars,4501719.75,3732586.1
5060,Shade Tree Garage,4072865.08,3429194.75
5061,Argentina Bakery,619992.94,436224.97
5062,Bettie's Bombshells,3623558.32,2315784.43
5063,MHW International Corporation,1232938.96,845664.35
5064,Bodega LES,1642136.5,1107227.12
5065,Visionworks,1072857.55,967966.91
5066,Vlad's Denim,1873043.02,1739810.67
5067,Sea + Green,201741.94,135138.52
5068,Saraceno Funeral Home,2412227.25,1824695.4
5069,Red Barn Books,2807844.05,2557656.11
5070,Adult World,2796790.22,1831817.25
5071,Mattress Warehouse,3100996.36,2190579.6
5072,International Popcorn Co.,1224650.02,740541.81
5073,Labratory,4535725.97,3919531.09
5074,Enjou,2884474.07,2394888.85
5075,Mercy Beauty,2941125.63,1815356.31
5076,Reiss,3166314.32,3001133.72
5077,Beached,4116052.53,3137080.19
5078,Victory Dry Cleaners,3998840.97,3102056.62
5079,G&M One Stop Services & Deli,2075455.18,1966282.77
5080,La Casa Liquors,421853.88,331955.13
5081,Bond Cleaners,4648869.03,4007725.32
5082,tropics,4717897.87,4427399.61
5083,Jenna Janes Fashion Jewelery,415251.88,260030.89
5084,Cindy Kelly - Kitchen Design,875666.95,616525.97
5085,The Toy Store,2489564.63,1593438.31
5086,ABR Builders,1076477.06,798521.48
5087,Buddy's Pet Stop,2207100.64,2032156.68
5088,Silver Sun,3088203.89,2750217.57
5089,The Candy Store,2159713.58,1903075.05
5090,Cocounts,4823462.54,3073577.87
5091,Sea Breeze Realty,513593.47,405990.48
5092,Outlandish,3905712.48,3495502.32
5093,Wyndcrest Home,3240821.3,2472334.24
5094,Olde Tyme Smoke Shoppe,1820871.76,1488934.06
5095,Ellis Island Gift Shop,4742299.42,3294159.68
5096,Elmora Farmers Market,2514291.16,2248162.35
5097,Trailside Gardens,2313546.44,2049931.4
5098,Roger's Speed Shop,151813.62,116837.7
5099,Enchanted Treasures,722729.75,493866.97
5100,Jumbo Wash,1295255.17,1013355.86
5101,Luxie Spa & Nails,1173901.97,866884.19
5102,King Cleaners,3422005.06,2878901.12
5103,Alfano Kitchen & Bath,1376350.69,897707.81
5104,The Eyebrow Threading Bar,4801644.02,3736246.58
5105,Creations Hair & Spa,3143175.22,2973350.24
5106,Reclaiming You,3972549.56,3272439.37
5107,Adams,2794364.63,2262508.8
5108,DJ's Dry Cleaners,75577.39,70765.77
5109,Center Stationers,193781.04,173096.2
5110,Gelormini Auto Repair,2026322.0,1477970.27
5111,Flip Consignment,365161.37,294047.32
5112,Village Nails,2103245.02,1822011.62
5113,Endless Nails,372742.09,323329.43
5114,Ferdinand Jewelers,4488433.68,3993643.92
5115,Angie's Hair Salon,2948715.22,2321363.51
5116,Choice Pet,1000347.24,801761.99
5117,Jersey Fine Wines,1344528.21,1135996.62
5118,Elements Massage,625854.24,467360.94
5119,Towne Vision Center,4096086.04,2596462.76
5120,South Street Market,4593849.46,3526400.46
5121,Salon Voi-la,1237148.23,813049.77
5122,The Boardwalk,4874901.57,3379386.65
5123,Shovlin Mattress Factory,1501699.85,1352429.02
5124,C & P Auto Body,223929.08,168640.59
5125,Longfellow’s Sandwich & Deli,381875.8,275746.39
5126,The Hair Hut,4349036.64,3254271.03
5127,Capellini Hair Studio,4403912.62,3424841.7
5128,Glamour Nails & Spa,4209096.1,3199298.57
5129,Wyndecrest Home,2285753.42,1888712.03
5130,Brookdale Cycle Inc.,2692244.94,1999717.89
5131,Hamlyn Senior Marketing,2596743.06,2245947.09
5132,Ability & Drive,2928184.27,2204422.22
5133,AST Bearings LLC,3522525.88,2563240.86
5134,RDO Induction LLC,3303076.83,2068105.93
5135,Cell Spot,1495701.68,1094335.34
5136,Community Foundation Of New Jersey,1477669.12,1296564.45
5137,Wegmans Liquor,2030820.45,1824788.48
5138,Colonia Natural Pharmacy,4575909.3,2749525.05
5139,Turtle & Hughes Inc,3858473.15,3401602.95
5140,Turtle & Hughes Integrated Supply (THIS),595610.27,456753.23
5141,TW Metals Inc,4597823.74,3502120.35
5142,Stainless Tubular Products,747972.19,536994.33
5143,Downtown Liquors,2281765.15,1801786.08
5144,Atlantic Remodeling Consultants Inc.,1316204.78,1110475.97
5145,Auto Parts of Woodbridge,4523482.69,3364264.97
5146,Main Street Sports,3610801.3,2632140.76
5147,Laptop MD,2937645.78,2353473.6
5148,Wine Cellar Of Morristown,1042896.44,837344.34
5149,Smallcakes,4281421.77,3599728.24
5150,LBI Creative Minds,1319014.78,1065938.2
5151,a lovely universe,4941026.99,3376322.33
5152,Scouts BSA Troop 25 Delran,1009488.1,897507.31
5153,Exito Fresh Market,68799.81,51710.44
5154,McKinsey & Company,4127971.43,3209799.87
5155,Mavis Discount Tire,3481828.83,2514536.75
5156,Bardy Farms Automotive & Towing,3625483.15,2950368.13
5157,Nanno's Bakery and Ice Cream,3642744.15,3397669.19
5158,Nature's Corner Farmers Market,521794.16,421188.75
5159,Furnished with Love,442157.04,272388.48
5160,Shampoochies Grooming,4959971.68,4416737.75
5161,Rico Pan Bakery,4406965.54,3463895.19
5162,Laundry Land,3068670.57,1945815.52
5163,Baldwin Liquors & Wines,3129134.85,2277854.44
5164,Dominican Beauty Hair Design,741057.19,677018.62
5165,Quibus Paws,4339147.4,3570049.67
5166,Central Park Deli,3033003.49,2635727.59
5167,Beauty Castle,1547288.06,1311547.17
5168,Take Care Pharmacy,3627892.14,2712337.24
5169,Fancy Nails & Spa,3038033.95,2571274.38
5170,Main Street Barber Shop,137344.85,100029.58
5171,El Mora Nails,3730720.11,3077604.42
5172,Island Sun Jewelers,632570.25,415024.15
5173,Warren Township Municipal Building,2035959.4,1616728.09
5174,Total Wine,3818285.18,2494733.73
5175,Idelande Hair Salon,1483285.81,1268121.88
5176,Alman Liquors,151528.6,101880.92
5177,Nealtican Grocery & Deli,2539682.99,2106756.14
5178,Wireless & Multi Sevices,1270037.66,900435.29
5179,Fanta Professional African Hair Braiding Salon,4672951.54,4170737.19
5180,Las Americas Bakery,1510973.64,1049599.4
5181,Four Season Spa,4973645.42,3006072.85
5182,Salon Villa Roch,3609253.61,2864540.9
5183,Ana's Studio,553646.34,472117.0
5184,Progressive Achievement Center,433124.54,276974.73
5185,Ralph R. Strayaci,1860737.34,1385441.35
5186,Gensicke & Associates CPAs,1402169.24,1233061.59
5187,Rogut McCarthy LLC,4681435.55,2987554.87
5188,Augusta Mae,299728.0,252603.44
5189,Monarch Housing Associates,3011322.48,1971873.48
5190,Prudential,1640907.24,1271792.14
5191,Greatest Brothers Barber Shop,3561832.44,2319008.85
5192,Jerry's Leatherwork & Shoe Repair,378396.76,324562.81
5193,Dream Kitchen Designs,2721781.94,2362052.79
5194,Strands,3497196.82,3258711.2
5195,Look Twice/Look Again,2200028.25,1435303.53
5196,Elegance Nails,4046280.96,3050083.59
5197,Rogue Comics,3011251.69,2100896.47
5198,Northport Financial LLC,704756.09,564162.42
5199,Deco Hair Salon,2444346.69,2140700.42
5200,Marc Kelley Realtors,534902.25,352387.76
5201,DDV Architects,1091529.79,676538.54
5202,Cranford Custom Tailor,4536324.27,4138051.88
5203,Anthem Style & Gift,338690.09,268276.08
5204,The Porch Salon,3990941.91,3303687.87
5205,Golden Touch Jewelers,2307002.19,1579846.82
5206,Breen's,2051844.34,1483390.94
5207,Periwinkle's Fine Gifts & Home,4736276.01,3837085.24
5208,Simply...,1694739.51,1490738.42
5209,Sister's Nails I,1361032.06,879611.0
5210,Martin's Jewelers,1727940.05,1471662.64
5211,Esthetique Skin Beauty,1524488.19,1409128.3
5212,Evey's Nail Salon,1176072.41,875903.6
5213,Framing Center,4361994.05,3388813.75
5214,Witch Baby,1525816.67,1210649.33
5215,Young Nails,88954.81,58229.17
5216,Lola Salon,4254001.26,3895587.12
5217,Shades of Beach Haven,2335362.98,1843930.11
5218,Just Love,4079002.28,3848221.34
5219,Breezin' Up,2980897.23,2291120.15
5220,The Parlor of Beach Haven,176908.54,117155.9
5221,Song of the Sea,3541398.44,3005919.67
5222,iCIMS,2306560.74,1752577.92
5223,Sapphire Elite Day Spa,3755861.84,3207969.08
5224,Signs By Tomorrow - Green Brook,3771737.03,2334009.09
5225,Cranford Bakery & Dessert,208877.66,184767.81
5226,The Butcher Block,4435922.49,3917055.7
5227,Hair Republic Studio,197124.8,148538.71
5228,Hair Studio 924,2064545.21,1421561.89
5229,Al's Barber Shop,4545093.34,3425663.29
5230,Fama Salon,3674463.78,2496197.69
5231,Eye Decor Studio,3482147.48,3022794.63
5232,Mr. Kitchen & Bath,4034962.83,3360118.77
5233,Roselle Beauty Supply,4984346.92,3419427.74
5234,Vertyx Hair Salon,3742980.23,3167905.79
5235,River & Rail Wines & SPirits,1159904.36,952838.95
5236,The AMber Feather,3463382.85,2416381.99
5237,Lifeline Technology Solutions,4651911.15,3378282.59
5238,Voa Salon & Studio,349667.63,311452.26
5239,The Total Look,1729631.21,1350752.65
5240,Jumble Store,1501421.4,1025241.94
5241,Think D'Sign Print,3240801.33,2792040.0
5242,Flic Spa,4808463.82,4431298.03
5243,Little Fox Kitchen,2179881.63,1374917.69
5244,Kamie Agency Inc,1183837.94,930706.89
5245,Lure Lash,207441.44,180025.41
5246,Cherrybrook,2172068.07,1776361.18
5247,The Juice House,1410919.49,1044270.01
5248,JR's Mini-Mart,594598.69,526212.28
5249,New York Cleaners,3918302.5,3350366.01
5250,O'Donnell Agency,3113158.76,2439926.63
5251,Cougar Headquarters,2638478.42,2481681.79
5252,Terra Realtors,3554508.68,2753286.97
5253,Mavis Discount Tires,2166993.58,1485391.92
5254,Cut City Barber Shop,619878.99,448823.85
5255,Tattooing,1469363.49,982521.94
5256,Costamar,62563.4,45928.72
5257,Manino,3253920.54,2034895.91
5258,Short Cutz,2429979.24,1763378.48
5259,Ortiz Law Firm,3086723.36,2692589.28
5260,Alpha Agency LLC,580864.3,395255.04
5261,Rosita Chala,835444.99,758180.8
5262,Mr Discounts,4336936.74,2815909.69
5263,Rossy's Hair Design,1039647.79,980041.63
5264,Soccer Stop,934654.26,591153.3
5265,Ska Studio,980728.64,725561.93
5266,Amaral Accounting Services LLC,3595542.03,2750701.06
5267,Sonia'a Beuty Color Experience,3577813.9,3216581.21
5268,Deisy's Cafe Bakery,4797359.29,3975503.49
5269,HR Computer & Communication Services,4653918.0,4110967.0
5270,NJ Motor Vehicle Commission - Bayonne,4009845.68,2912702.23
5271,Sunflower Nail & Hair,1466509.8,1208573.57
5272,Bayonne Market,4094464.4,3540745.41
5273,House of Bubbles Laundromat,3642283.39,2856460.09
5274,Beauty Supplies,2448410.26,1650572.25
5275,City Line Discount Liquors,591915.6,427692.02
5276,6th Borough Salon,2901029.52,2681471.55
5277,Classic Man Cut & Shave,4687329.26,3087764.01
5278,Best Dry Cleaners,185482.25,139761.93
5279,Up & Out Blowout,2118955.23,1352997.98
5280,Hoboken Tech Solutions,3574006.35,2609862.2
5281,Lepore's Hoboken's Famous Chocolates,3531685.6,2314937.96
5282,Dor L'Dor,4583196.25,2755412.67
5283,Plump,4435612.18,4021540.78
5284,Luv Kuts,4522734.9,3171599.2
5285,Wise Vision,3130500.62,2814694.27
5286,Intimissimi,4071265.47,2817462.11
5287,LoveSac,1705199.26,1303483.07
5288,Prominent Properties Sotheby's,2991149.65,2486529.75
5289,Block Advisors,1270840.35,831091.67
5290,Right Angle Picture Framing,4019179.15,3106497.65
5291,Mile Square Frame,3004089.31,2258003.87
5292,Old German Bakery,3013831.37,1964252.76
5293,Mystique Beauty 2,4004012.85,3290335.37
5294,RS Development,621813.14,511947.22
5295,Bloom Spa,3161666.0,2619532.89
5296,Smoke & Vape Shop,858032.6,777077.42
5297,Delite Wine & Spirits,668784.22,512701.21
5298,Allendale Barber Shop,1429655.4,1192286.5
5299,aXd Boutique,3033992.66,2481461.92
5300,Washington General Store,4399324.44,4117532.94
5301,Medicine Man Pharmacy & Compounding,718662.22,514025.66
5302,R. Fiore Real Estate,4430885.84,3161553.48
5303,Hoboken Exotic,2799734.57,2496271.88
5304,B&M Contracting Inc.,4139834.87,3650793.54
5305,Kung Fu Tea,4609086.09,3733107.61
5306,Hoboken Mini Mart,3880276.68,2532670.01
5307,Fancy Nail Spa,1454105.69,1171626.14
5308,Stan's Sports Center,4318808.12,2694385.38
5309,Hoboken Pet,1336867.43,1186290.18
5310,Village Hoboken,1659523.73,1067743.78
5311,Hot Looks Salon,85472.18,52175.42
5312,PSE&G,1407036.98,1068774.42
5313,DeFalco & Co.,4618786.0,3078485.04
5314,Hunter Douglas by Interior Motif,4695068.7,4189767.82
5315,Lawton-Turso Funeral Home,2181515.32,1580428.27
5316,Davis Stationery,3412691.08,2157593.92
5317,Night Flowers,550913.46,351630.14
5318,Hoboken Hot Bagels,2518670.16,2057080.47
5319,Angelo Seafood Market,3463414.61,3140257.46
5320,Hoboken Lock & Supply Co.,4610268.04,4031880.06
5321,Hoboken Barbershop,2302024.57,1527932.51
5322,Unik Wax,427033.1,395233.05
5323,Beach Bum Tanning,418596.27,270712.73
5324,Sunset Wine & Spirits,1839170.78,1104484.21
5325,Frank's SPOT,2409702.87,2133340.56
5326,Alba Boutique,109831.98,95727.86
5327,Seven One Eight Beauty Bar,1232347.81,945874.85
5328,Fillir,4175589.55,3905467.49
5329,Moonlight Spa,2951845.78,2355829.83
5330,Modern Nails & Spa,980639.12,790274.55
5331,Milano Designer Imports,4906677.36,4580355.44
5332,Show Nail & Spa,4150297.65,3598969.59
5333,Vito's & Son Deli,921947.72,801592.54
5334,BB Gourmet,2776868.34,1683054.85
5335,Flash Tech,4058784.64,3079516.97
5336,Midtown Realty,2920353.69,1981363.45
5337,Muller Insurance,3742230.01,3206845.4
5338,Anyuna,2078496.19,1807165.86
5339,Peper & Parlor,1071177.96,737903.88
5340,Paris Spa,3159178.42,2551574.07
5341,LaserAway,4426137.79,3387208.31
5342,Realty Express LaBarbera,3953835.55,2395868.86
5343,2nd Street,1862747.98,1290690.8
5344,Prato Bakery,3423563.74,2237270.57
5345,Psychic Readings,1975399.33,1484981.57
5346,Acai Ya Later,189572.0,136985.13
5347,Bell Book & Candle Shop,2399553.17,1956714.47
5348,Howard Hanna,298374.96,205910.65
5349,Wine Station,4658668.62,3116610.43
5350,Quality Greens,1952478.71,1444574.48
5351,Hudson Flowers,649490.35,524475.7
5352,Stack & Stack Real Estate Brokers,1988909.43,1513404.02
5353,Baking Mama,3437667.58,2702671.86
5354,Hudson Legal Center,672657.68,434408.25
5355,Toni & Guy,1996750.54,1482775.2
5356,Citi Structure,4781889.3,3384928.17
5357,Hoboken Office Center,871647.43,758446.3
5358,Hoboken Cigars,3442773.04,3088302.61
5359,Eye Shoppe,1673157.3,1200627.98
5360,Nest Seekers International,3591323.46,2222477.56
5361,JP's Bagel Express,3432561.66,3129108.51
5362,Insomnia Cookies,4821935.86,4328719.03
5363,W. Kodak Jewelers,1218997.61,1146086.87
5364,Print Hoboken,4662631.03,2976485.82
5365,Natural & Plus,4279453.15,2941781.69
5366,Hoboken Cut & Shave,95885.29,78099.12
5367,Hoboken Diamond,553822.28,432701.23
5368,Noellery,3207533.11,2516935.75
5369,Brown Harris Stevens,4975357.12,3644179.0
5370,Corcoran Sawyer Smith,4954030.27,3614831.63
5371,City Paint & Ace Hardware,2299452.16,1909319.07
5372,Hudson Mart,1211430.29,949373.02
5373,J. Patryce Design,3874847.9,3612200.16
5374,Prime Time Convenience,3053778.88,2782432.27
5375,Ally Bridal & Tuxedo,2779674.63,2213027.37
5376,City Kidz,1855647.3,1576052.09
5377,Annie & Em's Bake Shop,1595244.02,1062871.27
5378,Garden Laundry,2598821.6,2335872.65
5379,Sunshine Deli & Grocery,3249423.85,2380197.71
5380,J&B Cleaners,1474320.44,971380.38
5381,Little City Books,4743538.62,4252251.23
5382,Little City Children's Book Annex,1847018.58,1720308.36
5383,Lorraine's House of Style,4297934.34,3429529.35
5384,Guitar Bar,2175828.5,2046860.29
5385,"Elite Brokers, LLC",334982.91,212651.24
5386,Nail Atelier,754986.94,547327.55
5387,Prime On Garden,1238717.32,1130874.29
5388,Luca Brasi's Italian Deli,4248112.24,3967460.96
5389,Prime,4235489.84,3796722.85
5390,Shipyard II Cleaners,1485163.43,951593.92
5391,Hoboken Dog Wash,2236489.28,1980640.57
5392,Hudson Smokes,1851931.2,1469346.63
5393,Octapharma,3304596.58,2756531.96
5394,Ernst & Young LLP,4312804.88,3206342.04
5395,Thomson Reuters,233153.86,156975.6
5396,Marsh & McLennan Companies,1188159.48,743685.25
5397,Bliss Spa,4218022.97,3619820.01
5398,Stevens Cooperative School,329181.78,280022.84
5399,Liberty Realty,727395.49,548085.67
5400,Litzky Public Relations,1776759.39,1240365.55
5401,Christie's International Real Estate,3822396.39,2328059.4
5402,Gatto,105489.39,73845.55
5403,Oran Boutique,3397558.8,3091641.21
5404,Framing on Washington,2797146.31,1717456.23
5405,Severino Real Estate,3041914.69,2888362.42
5406,Moxie Salon & Beauty Bar,2450691.02,1931603.56
5407,D&V Barbershop,3604732.83,2851222.87
5408,Oran Athleisure,116865.21,70635.49
5409,Up & Out Uptown,558844.03,523614.34
5410,Singleton Galmann Realty,1298214.52,1026314.42
5411,Right Angle Uptown,2498516.79,2179290.73
5412,V's Barber Shop,3361991.68,3165267.57
5413,M&P Biancamano Mini Market,2265728.1,1427426.22
5414,Hair Cult,3591930.67,3290493.35
5415,Smart Cleaners,1738774.34,1043670.09
5416,Tonsorium,3723157.61,2444919.82
5417,Swift Morris Interiors,2604482.58,2436090.33
5418,Wee Babe,313210.02,235259.87
5419,Blo-It-Out Lounge,2872983.67,1732065.87
5420,Sereine Salon,2767190.5,2318496.62
5421,Emme & Max,527329.12,373498.49
5422,Soho Nails,85497.1,77878.12
5423,Apple Cleaners,2008272.05,1388695.92
5424,Galatea Lingerie,4485215.23,3681257.91
5425,Taper and Tonic,3425345.52,2621391.09
5426,Hoboken General Store Deli,2333911.43,1506003.91
5427,Hudson County Art Supply,956322.49,594009.24
5428,NRJ Tailoring,942257.9,751089.56
5429,All Occasion Florist,1648425.24,1564883.47
5430,Carry's Cleaners,1070854.77,686993.78
5431,Willow Grocery & Liquors,1248621.23,780202.56
5432,Boss Cleaners,383799.12,237835.43
5433,Prime Stop,1857436.93,1183472.31
5434,Mark Daniel Barber Shop,2342833.88,1548773.53
5435,Wine Dad's,658523.02,598346.29
5436,Battaglia's Home,3668782.86,2770996.95
5437,Hoboken City Real Estate,3847171.4,2749214.54
5438,Flowers by Diane,1102703.26,826669.71
5439,Vintage On First,1916048.45,1753054.17
5440,Hudson Clifs Real Estate,3714677.03,2315264.77
5441,EyeShapes Hoboken,408350.23,270287.69
5442,Electric Symphony Media,2381046.2,1469826.25
5443,Corporate Realty,2951480.42,1922897.87
5444,Soho Flower Garden,1414059.24,943255.17
5445,Simply Juiced,2797409.4,2032764.54
5446,Daisy's Wearable Art,2422556.46,1759695.62
5447,Riverside Launromat & Dry Cleaning,1542824.12,1138095.63
5448,The Sparkle Salon,706685.98,497002.06
5449,AAA Organic Dry Cleaners,3500262.69,2543820.48
5450,Chill,4577241.08,2942424.38
5451,Restore Health Bar & Juicery,850147.38,552941.18
5452,Carla Nicole Properties LLC,2863914.39,2642085.06
5453,SafeCamp,623486.35,422065.89
5454,Lee's Dry Cleaners,1053437.67,778653.11
5455,The Green Room,4567621.18,3681619.47
5456,Sheds For Sale NJ,2587848.61,2311308.16
5457,Lunar Eclipse,4169336.62,3288972.4
5458,QuickCheck,979332.33,661832.13
5459,Franceca’s Bakery,3807083.69,2299439.4
5460,Slice Of India Indian Grocery,2279797.07,1803990.82
5461,Tiara Hair Salon,760103.95,542102.89
5462,Allwood Cleaners,4066226.27,2924616.4
5463,Agamie Delicatessen,2835138.17,2212228.94
5464,Allwood Laundromat,3919437.86,3077613.37
5465,Crystal Nails,4316417.24,2826615.07
5466,Bliss Dog Grooming,4128751.15,2834409.15
5467,Allwood Liquor Beer And Wine,327979.64,299198.1
5468,ETS,2341852.33,1632697.97
5469,The Original Canal's,1207556.77,1119807.75
5470,Major Hardware Supply,4602383.74,3313182.18
5471,Cedar Grove Liquors,930650.97,742827.44
5472,Time Warp Comics,2348198.33,2084877.69
5473,Amwell Pet Supply,1288079.66,1053482.53
5474,J & L Nails,187497.65,114091.64
5475,Hillsborough Barber Shop,447374.08,319933.96
5476,Sonia Beauty Salon,2943477.58,2456048.62
5477,Bounge,2167767.35,1714587.92
5478,Shop Rite Liquors & Wine,4912745.54,3150757.35
5479,Cumberland County Historical Society,1702399.63,1345446.67
5480,Financial Futures,1888994.27,1263997.33
5481,Pat's Deli Brielle,1583591.87,998685.22
5482,Sunny Slope Farms,765109.5,472840.18
5483,Salon Catarae,2744646.59,1667110.75
5484,Phenomenail,3527240.29,2788800.22
5485,Interior Views,1423161.34,1168442.25
5486,Bagels-4U,1645765.76,1148061.08
5487,Ciré,2592952.16,1708089.96
5488,Skybridge Realty,4458946.63,3727222.16
5489,Heavenly Sweets,4377176.17,2669123.15
5490,L&L Carpet,2516418.42,1628312.15
5491,Super C,2012294.7,1421707.12
5492,Diamond Nails,3908187.22,2707009.52
5493,Jersey Shore Paint Party,3586310.28,3250305.16
5494,Sea Point Shopping Center,4717191.13,4181169.21
5495,Brick Photo & Baseball Cards,4712283.31,3951000.23
5496,Brick Bicycle,3811878.8,3572649.81
5497,Roots Hair Devotion,2136531.21,1954650.39
5498,Barons Bagels,2390999.7,1437359.08
5499,Jovo's Deli,1794329.19,1361348.62
5500,Jersey Shore Florist,381838.16,244477.42
5501,Bay Leaf Deli,610928.64,528612.44
5502,Yoga M.A.T.T. Massage and TRX Training,4243585.5,3237764.54
5503,Vivi Nail & Spa,2500425.57,2306468.26
5504,Patidar Supermarket,4047387.44,3463940.51
5505,Legends Salon of Hillsborough,1063402.9,802606.4
5506,Fancy Nails,4853174.99,3061186.19
5507,Centre Cleaners,2888465.71,2529228.42
5508,VIP Tuxedos,1655797.16,1107001.9
5509,The Laughing Cat Tattoo,482395.04,426751.61
5510,News Land,3658688.07,2446913.25
5511,Van Holten's Homeade Chocolates,1290268.05,815866.55
5512,Mr. Allen's Original Florist,1055619.66,795158.66
5513,Exotix Body Piercing Studio,1272097.39,1171245.23
5514,Dream Nails,3760487.44,2404162.89
5515,Mike & Dom Auto Parts,396941.2,365856.81
5516,Rook Coffee,3380246.68,3198430.4
5517,The Crew On Point Hair Salon,571763.89,531323.85
5518,Food Shop,3382051.71,3175212.77
5519,Pastore,157943.59,145632.71
5520,Gas Up Barbershop & Shave Co.,3860914.27,2422772.64
5521,Primary Prep,1871242.2,1654652.43
5522,Hillsborough MUA,4205615.66,3189073.54
5523,Beyond the Fringe Hair,4408920.05,2928806.26
5524,221HR Massage,2607375.21,2247711.31
5525,La Costeñita,2901740.63,2175986.2
5526,1 Food Stop,1975605.91,1437053.75
5527,Fantastic Sams,2456897.44,2108380.19
5528,Amwell Mall Cleaners,133293.31,93634.1
5529,Adam & Eve,2528205.37,2145790.05
5530,Stardust Smoke Shop,1155392.94,921431.35
5531,Better Way,4029506.72,2594691.15
5532,The Day Spa at Hair Plus,4446980.22,2761652.82
5533,Mailbox B.C.,2837744.8,2303387.17
5534,Coin Op Laundry,3266416.93,2290725.21
5535,B&C Florist,964270.17,902485.76
5536,Bentley's Jewlery,2274360.96,2072837.41
5537,Y & C Cleaners,3879448.35,2436166.25
5538,Vision Center,594485.87,409855.58
5539,Home Wine & Market Place,655819.13,592643.86
5540,U.S. Dollar Plus,730699.83,507971.66
5541,Top Notch Janitorial,3723897.46,2551009.92
5542,Hair Salon - Candi Cutz,2179927.93,1966274.2
5543,Jersey Deli,1697773.49,1598361.61
5544,Living Well 4 Life,3581226.19,3148872.32
5545,Next Lash Studio,3670916.56,3479383.98
5546,Rorschach Gallery,3601318.66,2500987.03
5547,Above & Beyond Nails,4035443.66,3538385.62
5548,Elegant Spa,3050188.67,2456469.53
5549,Basil Garden,4779885.23,3566386.64
5550,Eye Care Studio,4051183.27,2483063.53
5551,Anthony LaPadula Accountant,4896436.08,3514394.11
5552,Kramer Portraits,3318725.51,2206285.39
5553,Boulder Run Cleaners,4250189.77,3573794.52
5554,Massage Luxe Spa,1278822.55,1146502.72
5555,Goldberg's Bagel Cafe,4374633.89,3585505.25
5556,Portraits Hair Design,4393058.99,3306002.78
5557,Amazing Lash Studio,3629139.62,2540436.56
5558,Angel Tips Nail Spa,630049.69,500448.26
5559,Wild & Hearty (formerly Samba Bowls),554475.13,444152.12
5560,Xfinity,4435424.81,3832652.97
5561,"Aretsky Law Group, P.C.",1953204.16,1269265.64
5562,Opdyke Design Center,2570044.65,1615755.86
5563,Laundromat,848552.99,589938.35
5564,Chase William Hair,1464896.43,909366.48
5565,Sunnside Gifts,4255033.07,2746677.1
5566,Homestead management Services,1237279.43,951800.28
5567,Simply Sweets,4797340.72,3497892.72
5568,PLK Law,345198.68,296410.73
5569,Primary Eye care,3434097.97,2141331.36
5570,Salon Dare,2265043.86,1723465.27
5571,Acupressure,961209.82,600771.5
5572,New Duncan,3896343.73,3200763.35
5573,Mendez,953955.45,889434.45
5574,Pyramid Food Market,4408883.4,4184412.56
5575,Patriot Sawcutting,196840.95,141988.89
5576,Englewood Department of Health,1524938.06,1077868.15
5577,Englewood Department of Public Works,3672865.43,2938058.37
5578,Concours Motors,4042288.3,3122388.78
5579,MoneyServ,2939020.84,2364737.63
5580,Tony Mini Market,3500053.55,3278553.51
5581,Ridgewood Realty Co.,4386569.08,3025535.54
5582,Coco Interior Design,1441437.86,1245799.28
5583,Clive Christian,173797.3,153650.36
5584,DoubleTake Consignment & Boutique,1584084.5,1398676.71
5585,Little Skye Children's Boutique,397321.19,369384.78
5586,Project Training Institute,704020.46,631518.43
5587,Madison Honda,3767920.97,3350876.24
5588,Palace Drugs and Liquors,794998.7,703007.59
5589,K&K,1205204.01,1118506.72
5590,Palm Place,925628.53,559969.34
5591,Rocio's Hair Salon,3691123.37,2349764.82
5592,Pheasant Landing Dry Cleaners,1288300.21,864881.66
5593,Sahara Hair Salon,4160312.47,3343545.83
5594,Banker Bill's,1620680.96,1287331.56
5595,Petrock's,3398162.38,2290550.89
5596,Milan Rose,3512945.86,2747925.12
5597,CC Nails,4778051.89,3373425.47
5598,StarGlow,267076.35,229846.14
5599,Max and Mia's,1042571.45,772392.85
5600,Royal,1138673.91,778368.77
5601,T B Liquors,2350247.7,1753447.01
5602,Corner Bagelry of Manasquan,3844847.92,3504596.65
5603,Manasquan Bicycle Shop,3220689.7,2070253.34
5604,Book Towne,4196867.79,3230676.25
5605,Manasquan Liquors,3351105.62,2613936.67
5606,Bouquets to Remember,4521337.22,3625146.0
5607,The Red Balloon,3873361.18,3328184.44
5608,Garret,4482755.17,3481125.66
5609,Marten's Jewelers,4634655.12,3445251.72
5610,Manasquan Lighting,586748.61,394155.65
5611,Nail Haven Spa,3031529.1,1849305.61
5612,Chantilly Too,1046361.36,737164.87
5613,Red Cargo West,1871053.09,1534990.95
5614,Quindereels's Toys,3557935.7,3085498.4
5615,Aunt D's Gift Shop,556826.07,511484.98
5616,Big Bang Music Center,1639378.63,1200059.95
5617,Ab Fab Coiffure,415685.54,290743.16
5618,Salon Tatyana,1701578.55,1049728.47
5619,kounson Nails,1584962.2,1137511.69
5620,Fruity Yogurt,2765050.52,1924602.37
5621,5 Starts Spa,1924304.26,1785204.89
5622,Top Line Nail Salon,1794484.38,1435070.72
5623,Salon Envy,4570722.03,3487423.3
5624,Top Massage,2485170.46,2132021.92
5625,New Horizon,3044868.18,2445949.39
5626,LuLi's Bridal Boutique,1301447.24,985246.26
5627,Renaissance Salon,814397.19,578292.58
5628,Revival Barbershop,1181208.68,1011014.69
5629,Sal's Tailor Shop & Tuxedos,4867712.48,3374686.21
5630,Sal's Professional Touch Dry Cleaners,2139871.98,1983601.06
5631,Bubbles & Bones,3092122.32,1921942.51
5632,Riverdale Therapy,2141534.3,1650757.71
5633,Skylands Area Fire Equipment & Training / SAFE-T,1194689.67,738724.67
5634,Teaneck Board of Education Central Administration Offices,4064050.55,2596689.64
5635,Martin’s,3078372.03,2291917.71
5636,United Way,4012799.39,2986722.68
5637,Bangz,2778913.91,2247097.67
5638,Barbershop,3721877.71,2808425.18
5639,Choppy’s Cleaners,4315962.85,2682127.27
5640,Doctors Barnes And Carter Family Eyecaare,1287084.27,951345.45
5641,Montclair Flowers And Gifts,3272971.82,1976565.06
5642,The Community Barbershop,208431.34,154945.09
5643,Hair Karma,3038165.0,1896102.79
5644,South End Liquors,4426017.34,3342733.44
5645,Montclair Pet Grooming,2663957.17,1783783.51
5646,Arc Beauty Salon,2668334.26,1721086.05
5647,Keco Engineered Controls,4202179.54,3322833.4
5648,Warby Parker,4022060.24,3698554.61
5649,Nike,3379991.22,2547205.33
5650,babyGap,3377609.73,2419402.65
5651,Prada,3804885.66,3065479.56
5652,Tom’s Tub,1838572.6,1683666.82
5653,Faktor,2493623.3,2027225.72
5654,Sam’s Barber Shop,1181700.92,727291.12
5655,Diamond's Nail,1655328.41,1234779.59
5656,Shamla's Beauty Salon,52417.95,33301.79
5657,The Hair Room JC,4851340.19,3495977.62
5658,Bloomfield Tech,4409873.61,3736058.47
5659,The American Yoga Academy,850386.56,554331.22
5660,Shoe-Inn,4336079.27,3150129.25
5661,Duxiana,762606.46,546865.9
5662,The Cookie Connect,4675591.44,4285603.63
5663,La Casita,404211.94,362150.41
5664,Ridgewood Eyewear,4875247.56,3481900.88
5665,Tina's Nails,2959556.35,2585242.38
5666,True Value,1329660.12,931973.33
5667,A&a,433620.57,402364.89
5668,Adcomm Advertising,4480192.82,3966887.1
5669,Hometown Deli & Grill,2554603.76,1696722.11
5670,Grocery Delicatassen,4104367.09,3481889.36
5671,Nayi D'Z Hair Salon,4642650.4,4150798.98
5672,Blossom Nail Spa,2147329.53,1552420.65
5673,Body Delights,2109851.37,1439804.92
5674,Nails of Asia,4222468.28,3536066.86
5675,V&M Furniture & Mattress,1430353.95,993153.51
5676,Jared,4364531.43,3954037.59
5677,A.C. Moore,803641.58,742506.11
5678,Curcio Mirzaian Sirot LLC,4885911.53,4240295.78
5679,Whole Body,3586970.22,3305607.34
5680,Around The Corner,971480.04,842146.27
5681,Zonny's Skincare Studio,2151170.03,1876436.17
5682,Orchid Hunters Inc,1806860.87,1393488.05
5683,Le Bon Choix,3864467.74,2985334.43
5684,21 Godwin Salon,256808.77,163276.46
5685,Lora Celli Salon,2753147.52,1970538.43
5686,"All Star Delivery Systems, Inc.",2929523.53,2732735.89
5687,Samsung Executive Briefing Center,1790867.25,1265697.65
5688,Victoria's Nursery,503194.37,468115.62
5689,Mulligan Motors,3042202.06,2732099.87
5690,The Table at Latona's,4117450.33,3620294.93
5691,Pierre & Michel Authentic French Bakery,3360244.67,2763983.87
5692,Red Velvet Luxe,3015946.59,1926757.16
5693,P. Smith & Co.,2401576.92,2142397.78
5694,The Originals Salon,606185.47,453817.68
5695,Victor's,875533.81,535620.41
5696,Oasis,401741.78,278051.32
5697,Moxie Blowdry & Beauty Bar,3256776.8,2702272.0
5698,The Ridgewood Man - The Village Barbershop,1749842.33,1533969.43
5699,Threading Station,1432421.54,1234978.61
5700,Gardiner & Co.,4107320.64,3755553.08
5701,Richter's Professional Tire & Auto Service,854882.16,760482.82
5702,Haruo Noro Salon,926110.29,716830.26
5703,Araya Rebirth,2100895.56,1314024.33
5704,Giblin & Lynch,965859.92,583981.88
5705,Elegant Tailoring,4096076.89,3574250.28
5706,Pazzazzed,4331635.36,4062350.57
5707,Serendipity Labs,700250.02,485281.35
5708,North Hudson Community Action Corporation,268400.37,246604.85
5709,JJ Elek Realty,2630934.72,2352741.76
5710,Oasis Home by NLM Design Interiors,258389.84,179668.17
5711,Denny Wiggers Landscapes & Garden Center,3302206.92,2039330.25
5712,Skie's Garden Center,1451609.61,1129589.13
5713,ARCTRUST,3960541.39,2552850.24
5714,3 Sisters Grocery & Supermarket,3749080.95,3038720.46
5715,Bottle Giant,3544371.93,2498496.06
5716,Hand and Stone,1961823.13,1656135.72
5717,Nye & Co Auctioneers,4680406.45,3844269.42
5718,Compass Self Storage,2225206.64,1424279.72
5719,JWJ Restaurant Equipment outlet,403553.64,305622.11
5720,Frenchtown Preserve,4846222.19,3847240.49
5721,Original kiosk,4938253.31,3796177.25
5722,"Antuofermo Design & Build Group, LLC",839459.23,559880.56
5723,B&L Recovery and Towing,2324489.1,2199478.42
5724,Cheyenne Mountain Outfitters,3445284.12,2834137.42
5725,Party Corner,572223.91,521576.25
5726,Marlow Candy & Nut Company,4435442.36,3276680.73
5727,German Auto Tech,1086782.52,787467.89
5728,APlus,885246.56,579157.6
5729,Lincroft Village Jewelers,593031.8,415348.51
5730,Medical Office Building - Browns Mills,439401.84,351235.79
5731,BP,3497405.55,2927417.12
5732,Olive Spa,2515691.79,1753062.93
5733,Zeppelin Hobbies,4367875.93,3011578.75
5734,Inheritance Loans USA,2606706.72,2358841.34
5735,Soft Surroundings,4452043.98,4106235.32
5736,Love Culture,3915978.46,2606534.69
5737,Glitter & Glam,2688782.96,2153940.59
5738,Mahtani Jewelers,2907138.25,2568431.09
5739,Custom T's,1894961.48,1516681.36
5740,Urban Chic,4745157.98,4374563.88
5741,Buddy's Sports Corner,840408.49,630755.26
5742,Torrid,1004298.81,924828.68
5743,Dough Life,4309464.21,3190452.16
5744,Kay Jewelers,3505281.05,2722613.1
5745,Brighton Collectibles,1590500.86,1171240.87
5746,Soma,841394.48,779457.32
5747,Fashion 5,4480941.8,2839532.84
5748,Qi'topia,2367389.94,1772375.49
5749,Brow Art 23,1823737.21,1545508.02
5750,Mr. Cupcakes,4217441.58,3021561.19
5751,Bentley Parsippany,738469.12,696221.89
5752,Rossi Honda,912355.22,595756.57
5753,Northeast Collision Inc.,4863533.51,4297312.32
5754,Cats Technology Solutions Group,4512429.89,4132641.58
5755,Nail Lounge,4958685.32,4520499.16
5756,Manor House,2504979.67,2295337.58
5757,Angelone's Florist,3215338.88,2406611.58
5758,Bella Grecia Studio,2575972.06,1702987.62
5759,Compugra Information Technology,4681715.87,4359398.32
5760,Lea Fur,4356363.22,3076693.54
5761,Arjay Food Market,4387837.46,3267705.54
5762,Rahi Stores,609601.84,559238.97
5763,Clean Air Cleaners,4953556.42,3742506.98
5764,Raritan Cleaners,3475066.79,2941721.81
5765,Buy Best Wines and Liquors,2320910.17,2126994.6
5766,Aquí Supermarket,4079614.89,3684507.28
5767,Mike's Auto Service,2896824.67,2284856.58
5768,Tempur-Pedic,236139.49,179103.63
5769,Alkin Kompressors,4907685.51,4000856.28
5770,Friendly Rx,2513574.89,2049533.31
5771,Colony Cleaners,692996.92,651233.28
5772,Carrasco's,2396417.38,1723047.53
5773,Bagel Junction,3142581.86,2516353.14
5774,Family Barber Shop,1296236.23,1039569.79
5775,Frank J. Cicarell Academy,187859.2,153316.92
5776,Thomas Jefferson Arts Academy,3237130.65,2845900.86
5777,SkillSoniq,1839353.11,1504860.62
5778,WoodsEdge Farm Store,3476285.52,2906903.63
5779,House of Beauty,778902.56,669810.94
5780,Little Nicki's,262718.76,218816.88
5781,Woof Cuts,1640286.03,999049.94
5782,Uncorked Wines & Spirits,4636866.88,3819278.85
5783,Frank's Tailoring,2744302.11,2517155.45
5784,The Hair Designers,592790.85,460493.96
5785,Antoinette Allande Interiors,3115316.06,2477192.1
5786,Hoboken Clique,3987921.73,2456359.26
5787,A&H Convenience Shop,2323911.1,2187771.11
5788,Ho-Ho-Kus Bagels,2130554.64,1848469.56
5789,Courthouse Sub Shop,2298265.1,2175353.7
5790,Menfaro Auto Repair,2392676.62,2212722.97
5791,South Street Laundromat,4038467.05,3192309.37
5792,Seal Master,2013988.68,1811020.94
5793,South Main Street Auto Inc,3367828.08,2100894.93
5794,The Hair House,1663931.62,1454289.16
5795,HSS Computer,2864377.12,2244346.69
5796,Jewelry Watch Repair,4792447.43,3227724.5
5797,Super Touch Beauty Salon,1079685.56,918701.38
5798,WheelHouse Vape,3469854.43,2739184.1
5799,New Clean Massage,2073819.09,1453446.38
5800,Angele's Liberty Barber Shop & Stylist,4166527.59,3332731.13
5801,European Deli,3104882.15,1870604.44
5802,Emmanuel Unisex Barber,1826010.69,1420333.05
5803,Manville Food & Tobacco,2506565.75,2343816.9
5804,World Taxes,798604.54,718180.43
5805,Stop N Go,3585779.12,2590607.62
5806,Excelsior Hair,2531382.46,2156704.49
5807,Efficacious by Dahlia,4674911.12,3754816.15
5808,Infinity Hair Salon,2213764.56,2030359.86
5809,Crazy Ron's Cards and Comics,1580940.33,1280340.27
5810,Villa's Tuxedos,1897885.68,1249029.9
5811,Happily Ever After,2089215.14,1885483.31
5812,Deep Sea Facial,4520022.08,3956551.8
5813,Manville Eye Care,2186923.54,1856655.37
5814,Screen Styles,4009096.84,2766081.56
5815,Central Jersey Realty,4686096.16,3497567.12
5816,Fucillo & Warren Funeral Home,926327.74,691183.46
5817,The Model Railroading & R/C Shop,729584.53,553532.31
5818,Discount Mattress & Furniture,874114.88,636587.21
5819,Manville Cleaners,4931644.14,4569103.71
5820,Shiny Nails,415444.27,250485.63
5821,Bucky's The Closet,4756529.47,3415658.12
5822,Heirloom,1735371.0,1489727.05
5823,Main Street Laundramat,3035993.51,2125604.11
5824,Otrimski Accounting,679282.04,455490.25
5825,Weiss & Weiss,1570775.2,1249937.6
5826,Marcy's Beauty Salon,4731289.69,2969114.41
5827,The Ink'n Ship,2668641.58,2143010.24
5828,Cyburt's Liquors,838803.57,761449.03
5829,Crossland Motors,2614309.87,1792786.62
5830,Manville Pastry Shoppe,886226.25,690771.03
5831,Alfred S. Puzio CPA,54475.01,47701.56
5832,Ruesco Supplement Outlet,2836450.68,1732512.09
5833,Pro Energy Design,2199827.56,1615606.67
5834,Gifford Auto Body,1808916.48,1420467.98
5835,PDQ Auto Supply,3789635.63,3346851.89
5836,Hair Moods,3467980.95,3197293.27
5837,H&L Multi Services,3582481.77,2750213.85
5838,Summit Tax Service,1675462.43,1501741.5
5839,Riccadonna Home Improvement,1336870.45,1094814.89
5840,NJ Skateshop,2231882.84,1870254.8
5841,NJ Two,2003866.98,1532565.96
5842,Tai Chi USA,955526.34,823612.73
5843,Liberty Mart,3619286.52,3228567.22
5844,J&J Bodywork,1558040.08,1452503.69
5845,Maria's Alterations Shoppe,2888095.83,2592503.67
5846,Hudson  Square Salon,2949582.11,2160524.58
5847,Riverside Deli,4049437.13,2947921.15
5848,First Korean Church - New Jersey,3265639.04,2506099.78
5849,Wayne Self Storage,136046.26,106881.04
5850,$1.99 Any Garment,2883189.4,1859024.09
5851,Cryolete Body Sculpting & Wellness Spa,711141.83,668783.87
5852,Priceless Pets,111114.64,89730.14
5853,Alure Hair Designs,1183782.53,1026143.62
5854,Florentina Flowers & Gifts,1638696.8,1081824.8
5855,Social Security Administration,2047840.38,1437940.04
5856,Bridgeton Plumbing and Heating Supply,2985037.03,2813810.39
5857,Minuteman Press,3448600.24,2330839.97
5858,Lola Nail,2408605.28,1707147.51
5859,Swiss Pork Store,4025412.53,3696526.4
5860,Bloomie Flower Studio,3643337.56,3422597.09
5861,Namaste Organic Spa,2376641.95,2007960.39
5862,Maple Barbershop,2746502.72,2461435.71
5863,Heritage Capital Group,2285559.5,1889563.02
5864,Blush Face & Body Lab,3323086.24,3092102.33
5865,Café UniBread,4474626.4,2868376.21
5866,Zen Stones,1866962.77,1443347.05
5867,Porch Light Productions,2252795.58,2037478.62
5868,Garden State Environmental,1381386.9,1298653.61
5869,LMA Group,1494916.28,1095512.88
5870,ExtraSpace Self Storage,976310.34,864374.03
5871,Levato Eyewear,4320334.81,3365128.75
5872,World Naturals,2118603.81,1769556.26
5873,House of deccico,1550460.38,1113147.15
5874,Ridgewood Day Spa,4045140.77,3633187.3
5875,Active Footwear Orthotics,3154513.39,2037221.47
5876,Pinot’s Pallette,747993.71,466706.82
5877,Salon Toujours,4215851.87,3647617.56
5878,IU Nail Spa,2324736.26,1553837.84
5879,FURology,2920954.44,2536375.59
5880,Suite201,1402744.72,1253023.92
5881,The Select Shop,2107177.0,1798281.45
5882,Greenwich Nails & Spa,335997.01,317094.13
5883,Leonard Anthony Cleaners,2198999.87,1804116.33
5884,Glow Skin Studio,99380.22,72507.25
5885,The Tobacco Shop,227430.02,171588.59
5886,North East Laser Vein Institute,3619995.83,2325915.6
5887,E. Clarke Travel / American Express Travel,2679453.68,2325563.31
5888,JackRabbit,4793671.45,3788284.03
5889,Beers Flower Shop,1182603.5,947956.63
5890,Blue Water Spa,3382857.21,2486882.15
5891,Corde Cleaners,3830112.04,3028927.69
5892,Backyard Living,4377832.3,4056425.36
5893,The Wash Tub,3091018.35,2881797.62
5894,Lisa Thomas Salon,3881094.47,2604918.33
5895,Desired Nails,4315355.22,4031846.2
5896,Sotheby’s,1033622.9,967122.41
5897,Karma Organic Spa,1207541.28,954438.8
5898,Home Run Cleaners,1783516.7,1408142.18
5899,Giovanni's Little Market,3963050.36,3613949.03
5900,Unique Nails,4131752.98,2718829.46
5901,BB Clover,1088388.69,917826.55
5902,Sorrentos Sub Shop,367851.86,290829.9
5903,Everything $.79,2212328.89,1334452.66
5904,Mis Sueno Polleria,4632264.26,4323715.81
5905,Saunder's Hardware,4331816.0,2903820.23
5906,Fushá Designs,4890735.24,3996856.33
5907,AutoSport,565032.82,436697.97
5908,Streams of Dreams,4070177.62,3549187.58
5909,Bergen County Swing Sets,1839204.51,1158672.75
5910,Lighting,4864827.0,3471688.94
5911,Heads Audio,3551481.93,2783524.77
5912,Tomas The Tailor,4434686.85,4084686.94
5913,Decorators Fabric Outlet,2478777.4,2296262.63
5914,Serenus Nail & Day Spa,1709062.24,1469450.53
5915,"Compensation Resources, inc.",3533437.25,3226504.53
5916,Westy Self-Storage,1595800.76,1215866.82
5917,Alex's Barbershop,604636.89,500232.15
5918,The Fountain Fitness Center,2192116.45,1931654.41
5919,Marian,1992390.72,1687959.46
5920,David Jewelers,4654737.43,3246617.28
5921,Prominent Tickets,4399059.61,3021506.56
5922,Invision Optics,3572474.25,2634184.74
5923,BAGEL Gourmet,1003142.62,877758.34
5924,The Wilkes Family Delicatessen,2133853.46,2022719.34
5925,Little Joe & John's Barber Shop,1960754.85,1464358.43
5926,Glen Rock Custom Alterations,4479505.84,3431384.45
5927,The Curious Reader,558794.84,512554.63
5928,Highlights 'n Hair Design,3427603.63,2515585.28
5929,The Heidt Agency Insurance,4448754.22,3682869.69
5930,Alfred Jewelers,2409839.25,2150648.36
5931,Rock Sweet Shop,1539746.26,1078232.22
5932,Paredes-Grube Architecture,2032105.22,1577221.94
5933,Beekman Wine/Liquors,3321759.28,2541927.26
5934,Gracie Dry Cleaners,4111119.59,2647753.14
5935,Vanita Jewelers,220064.33,202185.73
5936,Coffee Beanery,3828208.33,3146729.73
5937,Malench Farm Market,2242707.77,2079796.85
5938,Russell P. Trocano Attorney at Law,3706368.9,2409638.15
5939,Hot Jewelry Box,644899.0,549494.75
5940,Just Our Shoes & Mephisto Shop of Ridgewood,4244213.85,2581941.63
5941,Paris Jewelers & Gifts,4291332.08,3155807.82
5942,Hocus Pocus Gift Shop,1526672.53,1237294.85
5943,Haus Agency,103520.55,76247.31
5944,Music and Arts,4932919.43,3238536.63
5945,Classroom Supplies - Office Supplies,1108396.87,677796.47
5946,Circle K,2202458.11,1865710.99
5947,Harding Township School,1312676.24,1141658.71
5948,Sub Hub Market Fresh,2811142.64,1829603.95
5949,La Scala,4315049.21,3897423.3
5950,Jo's Barber Shop,2503745.72,2198963.9
5951,Extreme Hair Design,2219368.27,1782717.18
5952,Treasure Hunt,3700098.81,3144999.51
5953,Loaiza Repair Center,681719.93,508663.88
5954,Brad's Laundromat,1728336.67,1436590.1
5955,Cortzcom,2292653.55,2058258.76
5956,Trading Post,2506540.02,1603966.95
5957,South Main Wheel Alignment,3020044.0,2038262.79
5958,The Liner,3313056.47,3049945.64
5959,South Main Auto Sales,4368081.0,3108303.88
5960,Bobbitt's Automotive,4463157.59,3931143.81
5961,Brian's A to Z,1571144.91,1102202.59
5962,Norton's Cork n Bottle,2967982.49,2777297.73
5963,Agway,1998971.84,1357114.18
5964,Komb in Motion,4402291.63,3963968.46
5965,Finegan Funeral Home,182811.59,134928.42
5966,Phillipsburg Housing Authority,86706.08,53582.16
5967,The Hair Doctor,1445231.97,1052802.48
5968,Parkside Hair Salon,3809681.73,2472756.68
5969,Phillipsburg Area Senior Center,502147.02,407187.45
5970,Cather's Food Mart,2487448.31,2332138.61
5971,Mike's Corner Deli & Laundromat,3673828.24,2949868.59
5972,Marie's Hair Styling,654395.31,497056.32
5973,Lehigh Auto Works,879769.51,692093.15
5974,Jewell Computing Solutions,999966.67,644754.74
5975,Helen's Floral Shoppe,4426232.03,3082824.04
5976,Towne Market,93332.98,68519.0
5977,University Of Real Estate & Business Education,2845441.89,1721735.72
5978,Market Street Emporium,2563561.22,2145987.08
5979,Warren Business Products,4150265.08,2576743.78
5980,Application X,1042071.14,847246.59
5981,DeMasi & Williams,4135786.67,3150463.3
5982,Curzi Law Offices,936748.32,689602.23
5983,Steven Dunbar,3983685.18,2880356.52
5984,4M Beauty Supply,1605834.64,1204789.74
5985,South Mountain Annex,4975010.61,3893466.66
5986,Oops Auto Repair,2193943.56,1832538.51
5987,Carma Salon,3966882.13,3274518.22
5988,National Coatings & Supplies,4247922.55,2975694.98
5989,Cooper's Oil,4153492.7,3259459.75
5990,Rupell Funeral Home,466060.63,421392.93
5991,Mill Direct Flooring II,3336196.22,2337123.66
5992,Expert Janitorial Vacuum Service,2715506.31,1727474.44
5993,Shaken N Stirred,3370468.1,2804782.62
5994,Lube Plus,4078372.82,3432226.98
5995,Ernest F. Duh,4575146.74,3750232.9
5996,Morris Window Tinting,4285116.34,3330901.19
5997,DC Helms Inc,229844.34,177914.73
5998,"Law Offices of John J. Caleca, III., ESQ.",1650202.56,1335618.27
5999,Russo Law Offices,2266181.61,1803712.54
6000,"Winegar, Wilhelm, Glynn & Roemersma",4093380.77,2861078.89
6001,Art of Hair,631037.75,519329.84
6002,"Phillipsburg Wash, Dry & Fold",3698447.33,3249957.72
6003,Krakus Deli,2639436.72,1941878.47
6004,Doyle-Devlin,3537538.01,2596727.98
6005,Frank's Auto Repair,760946.77,593123.72
6006,Johnny's Automotive & Truck Repair,162461.49,146165.87
6007,Noto-Wynkoop,3291120.05,2074796.31
6008,JP Group,4299941.7,3669759.08
6009,Service Electric,2887296.01,2106104.99
6010,The Tax Place,4186660.61,3916619.63
6011,Crissy's,4500057.45,4054438.5
6012,Fruits Grocery,4698954.57,4028217.41
6013,Thomian Gallery & Gifts,1248298.79,933639.23
6014,Kumi Cakes & Pastries,3830111.32,2558848.12
6015,Hairitage Beauty Salon,4973521.29,3432087.2
6016,Conquistador Services LLC,297097.15,224979.85
6017,Tiffany's Salon,395352.12,347605.98
6018,Gypsy's,2578509.05,1905707.87
6019,Jiorle's Office Supplies,97620.08,64669.84
6020,The Lock Doctor,1593788.74,1070644.85
6021,Peru Market,4086941.79,3385126.83
6022,Jack Cornish,4921398.99,3214815.46
6023,Jack C. Cornish,4401423.97,4012795.75
6024,Phillipsburg Hardware,3525117.02,2648876.31
6025,Cycle Funnatic,4155349.88,3907891.55
6026,Lee Services,199976.68,137707.57
6027,Rode Runner,4951212.58,3065753.4
6028,Eureka Plant Based Foods,722487.72,636988.01
6029,L&T's Mini Mart,2364659.11,1532200.31
6030,Once Again,1828557.41,1233613.73
6031,Ponzi Taylor Shop,4307210.83,3340364.83
6032,Warren County Republican Committee,1902178.11,1511828.92
6033,Summer Solstice Farm,2453697.04,1852630.65
6034,Chelsea Forge Antiques & Design,2587595.87,1596438.92
6035,Carr's Automotive,4502601.72,3287396.53
6036,Warren Glen Deli,2744654.65,1684265.67
6037,Stone Cottage Soapworks,3450419.11,2690729.18
6038,Cierech's Greenhouses,877378.65,616176.74
6039,Auto Works Service Center,3656831.21,2871616.46
6040,VIP Cleaners,4763593.9,3086344.62
6041,Applegate's,2167401.68,1928103.55
6042,RJ's Diesel Repair,1001962.58,795496.81
6043,Slack Appliance,2087550.11,1288894.14
6044,Weichert,2557345.75,2286840.04
6045,P.K. Auto Shop,780111.17,732837.08
6046,Mandry Law Offices,762009.47,618346.46
6047,K-Nails,541142.29,435854.52
6048,Holiday Hair,4254953.28,3064919.79
6049,Alpha Liquors,999708.76,914748.73
6050,Bagelsmith Deli,2913232.55,2184835.65
6051,Carro Law Offices,3128368.06,2895062.7
6052,RRJ Automotive,3875889.31,3141454.58
6053,Alpha Baita Auto Body,114073.46,81508.41
6054,Alpha Liquor,2281164.6,1558442.38
6055,Joe Food Mart,4059849.57,3597163.62
6056,Tousled & Tamed Salon,3290021.21,2597946.8
6057,Alpha Nails 1,456785.11,433519.7
6058,Staffing Alternatives,2162530.77,1849570.57
6059,Four Season Massage,3892251.48,3468761.79
6060,Scissor Talk,2605154.36,2333746.74
6061,Gotham Shredders & Binding,4421610.18,3316040.43
6062,Turnkey Enterprises,3041319.35,2566480.68
6063,Hai's Auto Repair,2780841.54,2239978.1
6064,Ferguson Brothers,3085118.46,2803309.68
6065,Cooper Electric,3969186.67,3636421.8
6066,Bourbon Street Wine & Spirits,2415095.56,1883105.54
6067,Tirpok Cleaners,3494279.68,3143681.28
6068,Rath's Deli,2002326.3,1532235.74
6069,Buttercups,4823725.69,4424166.86
6070,Print Plus,3364687.74,2369004.49
6071,Greenwich Deli,1582461.61,1100533.52
6072,Aloha Tan,4439834.56,2814344.78
6073,Stewartsville Deli,469277.28,434620.29
6074,Esposito Lawn & Garden,300827.86,221270.24
6075,Warren Landscape Supply,936556.55,630100.23
6076,Denn's Auction Service,3085220.39,2393538.58
6077,Harvest Star Antiques,4119430.89,2546511.65
6078,Home Plate Dairy,84370.8,71151.67
6079,Janry Pet Resort,4657518.3,3449044.25
6080,The Garden Depot,2583969.03,1881509.01
6081,Louis Garage,1560286.51,1352474.28
6082,Pearl Beauty Supply,3670334.49,2211966.35
6083,Laundry Room,4531608.17,3703854.21
6084,CafeMerica,3745466.51,2942982.07
6085,Sola Salons,1514623.49,943700.36
6086,Blossom Salon,3327765.04,2752332.06
6087,Phillipsburg & Easton Heavy Duty Truck Repair,822940.9,659690.78
6088,Cannonball Pool & Ski Supplies,1979172.93,1306610.5
6089,Perfect Christmas Tree Farm,2029132.96,1539288.34
6090,Budd Agency,1274693.21,1210477.69
6091,Town & Country Swimming Pools,3720844.9,3219219.64
6092,Tech Ops International,783279.99,523707.33
6093,Summit Performance,394869.06,321506.87
6094,Half Scale Dragsters,100351.24,95243.61
6095,John J. Coyle,1389351.64,1109818.43
6096,Hillcrest Business Center,599218.19,366656.85
6097,Phillipsburg Floral,2323180.08,1883970.66
6098,Shear Inspiration,599216.71,533981.61
6099,Luzury Nail Salon,2865673.57,2070459.26
6100,Elegant Nails,2070228.79,1787927.12
6101,John Davis Optical,4759731.46,4116424.21
6102,Frank's Mobil Service Center,744675.18,694675.83
6103,Cook's Christmas Trees,461747.97,402280.45
6104,Marisol Hair Salon,367731.91,264412.81
6105,R. Violante & Son Meat Market,3577998.39,2460536.85
6106,Aqua New Jersey,846673.55,668544.3
6107,Yeager's Floor Covering,2810546.14,1875586.79
6108,Procomm Systems,4651853.51,3647336.86
6109,Bittone Equipment Services,463398.51,327611.18
6110,Peacefield Gardens,3318967.32,3113515.22
6111,Moser Company,2430266.5,1863774.21
6112,Morton Buildings,2354866.41,2111601.3
6113,RD Boots,910887.72,857626.88
6114,Sub Zero Cryotherapy & Recovery,2306418.61,1913854.67
6115,Alpha Pet Grooming Salon,2218046.69,1583329.85
6116,Angel Car Care,2567409.15,2308356.18
6117,Twin State Motor Corp.,2753523.6,2539309.31
6118,Bagel Shack,184403.75,171803.53
6119,Oasis Health Center,863792.01,630312.09
6120,Miracle-Ear,4263564.31,2878572.18
6121,Blush,853701.5,568505.96
6122,201 Laundromat,632418.57,492864.35
6123,Prestige Cleaners,3825042.1,2632735.9
6124,Snover's,3437639.28,2943859.38
6125,Elite Vinyl Design,2435098.37,2182194.83
6126,Mayte's Hair Styles,2163013.62,1682941.64
6127,Yerika's Beauty Salon,1985135.55,1221118.83
6128,Presbyterian & Reformed Publishing,2367603.17,2013786.89
6129,Jen's Sew It All,786055.75,573664.7
6130,Harmony Hardware,1356128.47,1252543.09
6131,Harmony Garage,3303842.22,2606560.51
6132,Harmony Spirits,3698205.46,3268511.6
6133,The Mill at Harmony,1390047.1,875408.35
6134,"Ahart, Frinzi & Smith",3648493.09,3123126.36
6135,Chuck's Automotive Machine Shop,1968802.63,1666141.22
6136,Lacey M. Williams Equipment Co.,4333241.83,2878128.28
6137,Harmony Township Road Department,689985.08,475901.57
6138,Steve's Small Engine Repair,4170750.87,2995543.44
6139,Clucas Farms West,3426605.04,2386084.48
6140,Moto-Ventures Marine,1263201.06,1164795.55
6141,Ambiance Antiques Shop,2490855.14,1809647.85
6142,Nick's Liquors,4659302.16,4394580.3
6143,Vincent's,2385014.41,2117505.48
6144,Skoogy Doo's,4316184.86,2998665.29
6145,Skoogy's Deli,3500382.26,2573788.02
6146,Nino's Grocery Store,4259941.27,3099302.86
6147,Binny’s Liquor II,2857247.07,2589552.41
6148,Trio Salon,1796442.62,1111979.43
6149,Town Center,932021.38,726471.24
6150,Immediate Care Medical Walk-In of Brick,3331872.95,3034022.27
6151,Farmer Al's,1251991.5,848503.03
6152,Wilke's Delicatessen,4129302.94,2664828.7
6153,Binny’s Liquors,229707.32,172062.37
6154,Trenton Organics,1459736.19,899766.85
6155,Sports & Imports,4735394.18,3996727.21
6156,Robin H. Scheiner Child Advocacy Center,2270116.07,1659789.82
6157,Sadat Associates,130369.97,115946.9
6158,Team Marine Center,3406818.33,3174797.9
6159,Los Primos 2,2215845.71,1928724.92
6160,Diamond Cuts,3799864.59,3279253.47
6161,5 Star Auto Shop,1768312.98,1513657.31
6162,Kim's Market,3302841.93,2502253.72
6163,Quizquella Grocery,80665.76,73817.53
6164,Waterfront Check Cashing,4605206.67,3255322.55
6165,Lamberton Liquors,497003.92,459501.66
6166,NJ Office of Information Technology,1947226.24,1276722.46
6167,Mobile Repair,1176283.94,1025844.03
6168,Joy's Corner Market,2272837.62,1566103.82
6169,M&M Bar & Liquors,4481257.61,3911231.33
6170,La Caribena Grocery,649376.5,526760.7
6171,Davis & Son,2575560.5,1984427.23
6172,422 Max Laundry,1831435.37,1127209.98
6173,Andre's Barber Shop,1893326.14,1395844.55
6174,J.J. Laundromat,1137083.78,751218.09
6175,Howley School,527622.13,469654.31
6176,Fernandez Deli & Grocery,310668.68,226543.19
6177,R&R Auto Body & Glass,1363121.74,968705.46
6178,Los Primos,910960.89,848234.28
6179,Collado Rodriguez Grocery,2542092.76,1765641.81
6180,Detroit Auto Body,2551624.09,2291281.4
6181,Cite Auto Repair,3991206.91,2755709.32
6182,Lamberton Deli,4919050.68,3366616.18
6183,In a Minute,4635453.69,4293360.83
6184,Back On The Road for Less,3322385.99,3063739.31
6185,Guzman Mini Market,212688.68,189197.66
6186,Bribba LLC,1271681.11,837774.67
6187,Razor Sharp,4906973.62,3728246.74
6188,Selecto Supermarket,3168078.93,1965212.29
6189,M. Temkin Store Fixtures,2796878.77,2074697.47
6190,Franklin-Griffith Electrical Supply,1857129.07,1288719.9
6191,Peter Massaquoi Insurance Agency,609242.77,548793.12
6192,Felix's,3534259.35,2711725.7
6193,Sehia's,3451511.07,2241054.06
6194,Wanda Mini Market,726278.31,494890.62
6195,"Kendall S. Murphy, Attorney at Law",1750393.64,1299882.73
6196,Frazer's Food Store,925910.97,675283.77
6197,Joseph L. Mooney,1388522.51,1056823.04
6198,Sykes Liquor Store,1771983.38,1626039.36
6199,Cohen's Tuxedos,2620590.39,2373011.15
6200,Kiomeiry Csepes,879268.85,666741.06
6201,The Durst Firm,2206360.16,1466499.7
6202,Carmel's Beauty,4951471.06,4333534.21
6203,ABC Bail Bonds,4422582.49,2842151.12
6204,Kamensky Cohen & Riechelson,3631984.23,2523171.84
6205,Robin Kay Lord,2665362.11,2431994.77
6206,"McMahon, Martine & Gallagher",1736917.79,1070165.08
6207,Waldwick Middle School,1367576.66,933868.41
6208,JMC Solutions,2503927.26,1892603.0
6209,Todo Autocare,1178110.69,907477.93
6210,Armando Transportation,1238842.71,837770.01
6211,The Children's Home Society of New Jersey,1033973.0,704221.89
6212,M&D Fine Wine & Spirits,2471064.47,1599337.35
6213,Rodriguez Deli Grocery,623539.2,468000.64
6214,Victory Furniture,2236246.64,1374495.57
6215,Reyes Barber Shop,2117596.45,1871375.42
6216,Red Carpet Entertainment,2653307.75,1745579.74
6217,Party Hut,1921636.5,1324600.47
6218,De Moda's,248452.37,234171.36
6219,Family Convenience,83053.98,54119.47
6220,Dollar Party Plus,1284788.89,982586.59
6221,The Tiburon,3609907.06,3302246.23
6222,Family Deals USA,4227999.91,2582157.03
6223,PCX Apparel,3747841.67,2794225.56
6224,LC Nails & Spa,4733116.41,3484277.69
6225,Roebling Market Laundromat,2321581.53,1937310.51
6226,Beauty Mart,1954899.51,1257694.58
6227,Trenton Circus Squad,4156569.49,3427267.0
6228,Liberty II Laundromat,1541309.2,1187106.86
6229,Villanueva Multi Services,1868688.49,1336273.25
6230,Allstars Barber Shop,4028639.08,3570159.12
6231,La Sirena,2856794.4,2116029.75
6232,Sastreia Prudencio's Tailoring,3223115.24,3007170.57
6233,Communicaciones Y Envios,1472181.87,1398277.9
6234,Sofia's Multiservices,200714.35,182789.08
6235,Bori Cuba,3479244.8,3272191.3
6236,Mercure Kitchen & Bath,3781714.92,3469049.1
6237,LiquorX Bar & Package Spirits,208526.82,149595.02
6238,Home Rubber Co.,4034956.8,2828906.2
6239,Mercer County Board of Social Services,4357654.57,4112060.35
6240,Botanica Santa Barbara,4608211.94,2984732.13
6241,Duran Mini Market,759891.07,700034.1
6242,Extreme Auto,3448021.47,2075721.85
6243,Elizabeth's Mini Market,3307928.28,2757799.78
6244,Yugeiry Beauty Salon,2984710.21,2033621.76
6245,Winowicz Funeral Service,1076949.19,649022.28
6246,Community Mini-Market,1532609.37,1253975.91
6247,Burg Dairy,487059.62,315138.73
6248,Mena's Grocery,1913136.88,1535406.08
6249,Jehova Jireh Auto Repair,2969019.88,2419081.21
6250,ABS Auto Repair,4793956.13,3016328.21
6251,Broadway Moving and Storage,2191693.48,1839506.16
6252,Reymond Supermarket,4141515.12,3643047.01
6253,Bakery Las Delicias,960714.3,790209.89
6254,Achievers Early College Prep Charter School,912371.58,799809.7
6255,Family Mini Market,281419.81,189216.86
6256,RJ's Liquors,4176888.22,3083114.7
6257,L.A. Nails,4202853.48,2573832.4
6258,Sammy Soap Suds,4100796.32,3192609.14
6259,Dollar & Plus,491320.51,382741.91
6260,Supreme Food Market,2127860.48,1927230.06
6261,Global Currency Services,432038.11,325430.84
6262,Lalor Storage,1244561.65,1095780.84
6263,Executive Cuts,2549477.0,2030743.13
6264,Vosbikian & Gandy,3268740.89,2952053.03
6265,Just a Little Something,4686709.58,4010569.89
6266,Harrison Tenney & Associates LLC,1587790.24,1057427.89
6267,Fire Fighters Association of NJ,1105148.71,933550.33
6268,New Jersey Future,4115533.74,3452641.1
6269,Classic Books & Gifts,4370535.42,3426224.99
6270,Patrick J. Whalen,3571577.95,3169130.09
6271,Communications Workers of America,3010082.79,2712626.69
6272,Downtown Deli,3545888.49,3290788.16
6273,State Barber Shop,1165889.25,966594.2
6274,Haute Nails,851233.22,547172.76
6275,K-Kleen,2364530.69,1582597.97
6276,Leewood Real Estate,4846864.19,4482023.49
6277,RV's Shoes,1687063.34,1557594.85
6278,CWA Local 1039,431411.91,310069.9
6279,Karl Weidel,1354804.97,1271941.52
6280,Valen Psychic,3971158.08,3174197.77
6281,Maestro Technologies,1496695.6,982913.47
6282,Fraternal Order of Police,1849046.12,1169345.33
6283,Success Barber Shop,283748.83,214488.14
6284,New Jersey Civil Justice Institute,3932250.63,3262882.64
6285,Capitol Copy Service,1725455.59,1579973.1
6286,New Jersey Audubon,4409553.28,2864874.33
6287,Hunter Research,4253059.84,2587563.81
6288,Law Office of Lynn Suzette Price,1079040.62,952942.51
6289,Choose New Jersey Trenton Office,3466818.15,2313151.61
6290,New Jersey Restaurant and Hospitality Association,2154924.75,1990066.58
6291,CLB Partners,1808418.11,1417966.94
6292,Capital Impact Group,2345995.49,1579284.73
6293,Waterfront Wine & Liquor,107856.04,78227.95
6294,Capehart Scatchard,1868025.31,1328074.53
6295,Central Jersey Legal Services,4203023.48,3842351.16
6296,Tonio Burgos & Associates,1517982.3,1132985.24
6297,New Jersey Licensed Beverage Association,4989558.84,4280817.18
6298,City Deli II,708026.48,650524.51
6299,Majust Deli,4299486.11,3490838.9
6300,New Jersey Sierra Club,1126837.16,890739.74
6301,His Music Her Hands,864579.53,715428.77
6302,REA Mini Market,3307936.35,2861018.24
6303,Razor Sharp Clothing,1585727.15,1376368.33
6304,New Family Liquors,1125174.86,678042.49
6305,Associated Super Market,1618442.1,1194220.98
6306,Larry's,1522699.79,1151270.46
6307,Mason Brothers Auto Repair,1397474.24,1308198.33
6308,Razor Sharp Barber Shop,4741213.49,3937267.97
6309,Fratelli Motors,639900.24,573813.08
6310,Talleres De Leon,1164061.68,714280.05
6311,Tilden Car Care,4679631.89,4040007.81
6312,Wilke's Family Delicatessen,1654951.51,1565512.82
6313,Robert Lewis Store,4402791.12,4040076.66
6314,Havis Jewelry,3638180.05,2235424.26
6315,Royal Perfume,3713944.67,2719533.61
6316,M1 Electronics & Gifts,1535861.98,1426185.52
6317,New York Gold Express,4724836.83,4086222.72
6318,Lucy's Wigs & Style,2366153.3,2117534.91
6319,Beyond Bargain,4106556.68,2752367.67
6320,Val Es Department Store,4435188.78,3270099.96
6321,Botanica Las 2 Poderes,2916670.19,1904436.68
6322,Center City Sports Outlet,3245355.57,2892177.55
6323,Henry's Jewelry,4702582.85,3739639.5
6324,Snipes,3446920.97,2829638.94
6325,A2Z Bargains,3394692.71,2422634.63
6326,Ed E's,4808837.99,4315102.04
6327,T & S Mens Wear Wild Horse,673599.3,599502.08
6328,Sound of Trenton,2557962.18,1785124.22
6329,Trenton Tobacco Shop,2216928.88,2033569.12
6330,Flash Hair & Nails,3707765.94,2537578.3
6331,Fuji News,4769148.78,3231580.64
6332,Pawn USA,269127.11,223629.37
6333,Personal Touch,1276340.58,778411.31
6334,El Tiburon Supermarket,4800527.82,3969676.01
6335,Capital Cleaners,1538151.16,1056778.57
6336,Sophea's,614707.42,575264.92
6337,Trenton Parking Authority,1080884.27,804438.77
6338,Trenton Downtown Association,3745858.43,3417828.0
6339,Broad Street Discount Furniture,2462376.64,2051618.99
6340,Byer's Mens Shop,3886767.39,3447885.31
6341,Avery's,1319136.84,1233997.65
6342,Judy & Brothers Deli,1615376.5,999897.27
6343,Nails To Long For,1019788.45,846713.13
6344,Spot Cleaners,4760606.5,4475509.04
6345,Rosi's Bridal,3880312.08,2827634.94
6346,Collective - Katie Diamond,1587430.96,1133736.5
6347,Evolve Salon,4164539.53,3931069.15
6348,Eric Alt,3436607.43,2733826.5
6349,Denchs Auto Repair,3894357.01,3123437.48
6350,NJ Lenders Corp,2681376.69,2534159.42
6351,Craft+Theory,2462482.06,1594837.86
6352,ClearDirections,3792951.01,3094164.6
6353,Lina Eliya Salon,1725242.31,1080767.08
6354,Ho-Ho-Kus Waldwick Cooperative Nursery School,4035580.61,3344318.24
6355,Fresh Baked Bakery - Ho-Ho-Kus,2673054.6,1650783.11
6356,Gidich + Sepúlveda Architecture,2371217.44,1869370.77
6357,Katie Diamond,870892.36,525487.67
6358,Arts and Artists Salon,4537693.69,3696703.27
6359,City Beef Co.,1488536.56,964838.63
6360,NJ Human Development Corp.,2231173.65,1843939.71
6361,Myra Ashley Missionary Society,3527821.57,3052102.46
6362,Anderson Funeral Services,2553357.33,1663215.05
6363,Espinal Grocery,2156015.14,1558317.48
6364,Perfect Choice Auto,2750806.82,2593540.96
6365,Friend Deli Market,3546706.88,2611756.27
6366,Community Justice Center,3216761.78,2934696.04
6367,American Council of Engineering Companies of New Jersey,407816.53,261772.96
6368,NJ Community College Consortium,953771.48,848382.71
6369,USA Environmental Management,696908.54,556393.33
6370,Young Scholars Institute,424165.53,357811.1
6371,African American Chamber of Commerce of New Jersey,1302480.84,1190599.55
6372,Smith Family Foundation,2823146.51,1922958.28
6373,Hughes Funeral Home,3649921.23,2683535.95
6374,Ross's Automotive Sales,3122477.72,2105194.27
6375,Ross's Automotive Technician Shop,1838947.98,1338196.31
6376,Calhoun Motors,3231027.99,2240782.16
6377,Majestic Enterprises,4783327.18,4381676.73
6378,Mason's Barber Shop,1898290.66,1345165.33
6379,D&W,3690566.91,2448136.27
6380,Brother In Law Deli & Grocery,951928.27,646950.68
6381,Tima Fashion,1963778.82,1677470.36
6382,Success Hair Salon,966327.11,661177.48
6383,Bell Boy Cleaners,4159836.89,3439255.68
6384,Prospect Deli Market,2741897.37,2003418.65
6385,West End Liquors,1205128.63,1009504.29
6386,Walt's Barber Shop,3739443.74,2761130.06
6387,Andy's Food Plus,2376252.9,1998913.5
6388,Cicero's Barber Shop,1125062.81,866029.36
6389,T&T Transmission,4375201.08,4131699.17
6390,Prospect Liquor Store,3089656.96,2859273.57
6391,Jeff's Service Center,297724.09,248866.57
6392,Laundry Zone,4300048.63,2708487.22
6393,Clover Beauty Supply,733490.88,574112.73
6394,Dollar Discount Outlet,2298501.97,1970308.33
6395,Xclusive Hair Salon,4888690.33,3285989.14
6396,Liberty Tax,4119037.92,2969522.62
6397,LA Nails,346254.38,223623.39
6398,Super Food,1130381.81,1051420.29
6399,Capital Health Mercer Campus (former),3094918.04,2575119.66
6400,Mercer Street Friends Parent/Child Center,2317972.53,1994998.09
6401,Head Start,843789.4,551151.46
6402,STEMCivics at PURPLEfect Parc Middle School,4076091.32,2911984.56
6403,Boulevard Mart & Liquors,3032273.4,2764895.04
6404,Associated Deli & Grocery,3105198.63,2538989.75
6405,Ben's Furniture,3808770.74,3050436.81
6406,Hermitage Deli and Grocery,1834819.66,1169584.01
6407,Valerio & Jimenez Deli-Grocery,1386109.04,981667.54
6408,Tina's Touch of Beauty Salon,2376429.58,2159720.24
6409,Hyacinth AIDS Foundation,4365815.7,3702751.77
6410,The Episcopal Diocese of New Jersey,2186107.64,1987677.8
6411,New Jersey Community Action Association,3987657.14,2403946.54
6412,NJTL of Trenton,4069949.31,3552278.42
6413,Rodriguez & Reyes Deli,3620121.49,2241697.34
6414,Our Neighborhood Laundry,2798718.47,1995253.06
6415,Lee's Beauty Salon,2891010.05,1925819.27
6416,D&A Market and Deli,4968175.21,3138389.05
6417,New Home Liquors,4534407.13,4121714.78
6418,Hettie's,466580.53,323780.36
6419,Cecil's Grooming,4150358.56,3451191.18
6420,M&M Medical Sales,2685786.91,2476812.97
6421,John's Liquor Store,1483584.09,1254056.66
6422,Paris Hair & Beauty Supplies,1747887.43,1278268.08
6423,Nick's Hair Design,2140246.97,1504481.52
6424,Community Food Market,1116131.91,744298.77
6425,Trenton Auto & Tire,2360917.86,1860437.01
6426,Solar Home Brew,218249.57,140659.14
6427,The New Jersey Department of Corrections Central Office,4456722.94,3489337.53
6428,"J.W.Scott Service Station Equipment Co., Inc",608803.29,543953.52
6429,James Corner Store,1036262.48,771755.91
6430,Express Grocery & Grill,995462.59,908428.53
6431,Royalty Couture Shop,4226709.63,2601618.32
6432,Javier Deli #2,648493.98,522087.72
6433,Priori's Delicatessen,4539809.87,2766585.16
6434,Dario's Imported Car Service,4646471.6,3702386.91
6435,The Potter's Shop,4285394.69,2615590.55
6436,Trenton Hot Rod Shop,695514.1,459446.28
6437,Hanel Grocery & Deli,4567675.77,4082065.23
6438,Kut-A-Way,59567.08,50963.52
6439,Ewing Laundromat,2794914.5,2275913.72
6440,Suds Brothers,2458189.79,1812053.93
6441,Anthony's,3069945.17,2828508.4
6442,Capital Diesel Truck & Trailer Repair,497642.64,424245.69
6443,Lou's Cleaners,3506317.85,3321267.66
6444,Trenton Division of Solid Waste Management,3504600.77,2410903.29
6445,Niger Motors,3281258.11,2811144.5
6446,RV Pit Stop,478769.43,405280.52
6447,Ace Record Shop,3180298.78,2732095.08
6448,Melvin Deli & Grocery,1925768.41,1520786.89
6449,Billy's Clean-Up,3473711.74,2221898.2
6450,Dickerson's Flowers,4799552.85,3584067.31
6451,The New Religion Barber Shop,1378161.07,1290660.7
6452,Nuñez Grocery & Deli,3295193.58,2907185.11
6453,Casel's Marketplace,4179817.01,3501765.68
6454,Downbeach Deli & Restaurant,3063535.36,2583659.06
6455,Downbeach Liquors,694225.72,576004.0
6456,Monroe Liquor,560457.69,360517.0
6457,Aversa's Italian Bakery & Deli,1574743.06,1147801.01
6458,No Credit Auto Sales,766947.47,597999.58
6459,Salon De' Lite,2614654.64,1888352.55
6460,Big E Liquor Store,3336049.74,2599664.13
6461,Herrera Supermarket,4347028.16,3791980.87
6462,Marie's Shop,2676777.4,1865551.33
6463,Radelis Grocery,1668291.42,1078909.09
6464,Nadia's Beauty Lounge,4715561.57,3025260.8
6465,Nelly's Deli & Grocery,2919419.4,1941326.39
6466,Kings Laundromat,1582272.63,1006503.88
6467,Molina Deli,542491.65,366166.27
6468,AMP Tires Clinic,1516783.35,1097217.98
6469,RM Liquor and Bar,4563979.63,3245710.32
6470,Anderson Auto Services Center,1477930.06,1157984.13
6471,Family Auto Center,3347662.32,2893332.98
6472,Mendez Auto Repair,3939543.82,2851358.31
6473,Urglavitch Auto Sales of NJ,1324105.25,1020331.85
6474,A-Z Auto Radiator & AC,460669.02,403495.35
6475,Salcaja Towing,1158818.76,809729.39
6476,Xela Auto Repair,1668262.56,1147749.05
6477,Lorine's Deli,3996683.98,2617171.59
6478,Buy Smart Motors,3242926.75,2846103.7
6479,North Trenton Auto Repair,1308017.43,845339.46
6480,City of Trenton Streets Division,2464491.29,1624099.98
6481,Brunswick Deli,2966321.39,2782244.29
6482,Mena Super Market,1446795.3,1330289.4
6483,Studio Hair Beautique,2542530.74,1799796.3
6484,Colonial Deli & Grocery,4607667.4,3208108.96
6485,615 Max Laundry,2157522.78,1593215.05
6486,Prime Auto Sales,4114972.82,3212204.03
6487,Clippers & Shears,4334919.19,3329482.61
6488,Psychic & Tarot Card Readings,1475195.12,1131730.37
6489,Joe Baka Deli,1712808.19,1114880.98
6490,Liquorx,1110162.19,704937.32
6491,Cam Tax Group,2801857.81,1882342.26
6492,Global Travel,2822036.38,2044371.79
6493,European Bakery,4595840.75,4194313.1
6494,The Salvation Army,2695120.39,1738892.76
6495,EuroTravel,4052194.28,2500435.09
6496,Rogers & Krajewski,160054.91,115532.53
6497,In His Image,3449172.32,2616469.08
6498,Psychic Reading and Meditations,1142973.44,867770.94
6499,Muirhead Foods,3707314.33,2828221.54
6500,Steen's Place,879961.18,752836.64
6501,Renaissance Barber Shop,4426022.4,3003590.05
6502,Dolly's Antiques,1895343.74,1444901.93
6503,Andrea Aromatics,2264044.92,1642554.45
6504,La Famosa Mini Market,1231753.42,882089.39
6505,Freddy's Deli & Grocery,2715268.19,2232019.95
6506,East Trenton Collaborative,1596442.56,1317362.96
6507,First Drive,4523626.86,4284550.82
6508,HomeLife Company,1133192.56,946510.91
6509,Produce Junction,194814.99,146198.28
6510,The Garvey School,3234711.5,2439182.16
6511,"C & F Tire Co., Inc.",1916754.34,1813023.31
6512,Extreme Performance Tires & Wheels,4758899.03,3755718.23
6513,Luciano Mini Market,3715359.71,2384218.79
6514,Monchy Deli Grocery,499337.75,320398.48
6515,Risoldi's Automotive,4900766.53,3314359.22
6516,M & M Bumper & Auto Parts,2449656.47,1952188.58
6517,Hawks Auto & Truck Recycling,2003015.81,1495245.4
6518,Titan Rack & Shelving,4890552.89,4102693.48
6519,ARSI Liquidators,289175.08,271423.74
6520,The Laundry Stop,2168722.25,1726596.49
6521,Beautiful Mind,3144443.16,2839099.51
6522,14ur1 Furs,758646.3,715416.25
6523,Name Brand Bundles,2398513.08,1921901.4
6524,Germirah's Unisex Salon,296783.22,279020.85
6525,R&C Deli,1312604.85,1149533.12
6526,Trenton Bail Bonds,3121021.67,2319571.05
6527,J&R Auto Repairs,4811606.52,4510852.24
6528,Nick's Auto,2310000.34,1475655.01
6529,McKithen Produce,2768758.15,2526269.16
6530,The Trentonian,1083846.93,808816.58
6531,Al Salam Halal Meat & Grocery,2365085.46,1897055.07
6532,Ray's Barber Shop,3935395.76,2394855.53
6533,J.W. Kennedy Fire Protection Services,4204553.75,3443932.91
6534,Coordinated Entry Assessment System (CEAS) Center,424083.62,394768.58
6535,Tiburon Super Market,2117622.93,1431971.36
6536,Good Mother Hair Braiding,3559359.97,3252859.67
6537,El Aguadillano Deli & Grocery,1041330.69,912624.4
6538,The Kennedy School,4103829.91,3027029.82
6539,"Garces, Grabler & LeBrocq",4032046.03,2982903.92
6540,"Edward A. Feinberg, P.C.",1966040.54,1720783.6
6541,Daylight/Twilight Alternative High School,3431202.76,2335559.75
6542,Arm in Arm,3930743.16,2968419.02
6543,Tony Liquors & Bar,4562672.43,3748872.11
6544,Deals Deals Deals,4040395.59,3405361.66
6545,Haleemah Islamic Fashions,707411.43,427491.2
6546,Bits N Pieces,4725199.09,4013972.18
6547,La Boutique,3563483.7,2739583.14
6548,Colonial Farms,205078.45,177881.04
6549,City Blue,3356800.16,2841008.26
6550,State of NJ Document Control,310344.91,281715.12
6551,Capital Jewelry,1922674.13,1620570.03
6552,East State Deli & Grocery,1485056.91,1368493.01
6553,Hi-Grade Wine & Liquor Store,2838376.78,2309168.33
6554,Rosalia Food Market,3726684.72,3089739.21
6555,ABC MoneyLoan,94655.47,89350.16
6556,Total Wireless,1688287.97,1205703.18
6557,Community Health Law Project,3618759.0,2355042.44
6558,New Jersey Motor Vehicle Commission,1360879.18,951695.11
6559,Trenton Board of Education Nutrition Services,4524239.42,3128722.54
6560,Rich Fire Protection,4084205.31,2982353.99
6561,Mercer County One Stop Career Center,4759162.88,3682222.97
6562,Civil Service Commission,1398155.47,1184981.44
6563,Board of Public Utilities,4692768.03,3387227.0
6564,NJ DEP,485994.08,398657.57
6565,Castle Tire,1990143.67,1420324.27
6566,Dassions Bar & Liquor,188339.94,132704.04
6567,Electrical Motor Repair Co,2166759.75,1386954.75
6568,Karina's Grocery,2719955.09,1676274.52
6569,Youngblood's,186695.26,115723.97
6570,Prism Beauty,3786553.55,2432793.1
6571,C&C Seafood,2430894.99,1723446.3
6572,State Laundromat,3661608.69,3108169.03
6573,JoJo's Market,2653110.77,2236867.97
6574,JoJo's Express,4729031.23,4067920.71
6575,Essence of Paradise,483575.06,324381.24
6576,LnR Auto Repair,4123767.76,2878245.79
6577,Huntley's Auto Repair,1712215.51,1058816.45
6578,Bell Tuxedo,180933.47,139651.09
6579,Capitol Fire Protection,3095175.82,2109203.05
6580,Bienvenido Market,963318.57,688980.89
6581,The Legends Barbershop,4889439.08,4276028.82
6582,Cleveland Deli,1104816.79,1049316.88
6583,Cleveland Laundromat,4522250.08,3474849.58
6584,FastTrac,3562389.87,2594994.92
6585,The Hair Shop,3112656.56,2402518.32
6586,JJ Financial Services,3951740.93,3000422.59
6587,L'ile De Beaute,895678.94,787823.36
6588,Central Paint,1066090.35,966585.61
6589,Zitro Tire,4453423.98,4147573.62
6590,Ruby's Christian Academy,1827228.14,1219382.78
6591,Raymon Deli,706324.23,630971.03
6592,Reyes Moran Grocery,1784487.95,1590771.82
6593,Mega Grocery,957774.79,733567.11
6594,Martinez Liquors,3261775.69,2373493.21
6595,John Deli & Grocery,462170.67,302277.07
6596,Van Syckel House,2690990.8,1679175.63
6597,Kim's Beauty Supply,2469194.18,2150693.82
6598,JD Grocery,180141.6,123684.42
6599,The Thirsty Quaker,3332128.38,2577138.92
6600,Gruerio Funeral Home,930362.35,746940.07
6601,ABS Auto Glass,1029529.82,710934.53
6602,D'Javi Barber Shop,3082313.91,2439945.79
6603,Bilancio Liquors,1624740.82,1084357.65
6604,Calvin's Beauty & Barber Salon,4465450.11,4137474.74
6605,Gladys' Unisex Hair Salon,2049372.76,1341889.34
6606,Brenna Funeral Home,76567.63,55984.75
6607,Gambourg Properties,633053.18,390051.16
6608,Alicea Tax Services,3778493.26,3290370.94
6609,Lavarin's Funeral Home,2778849.63,2092970.01
6610,Azzmeiah R Vazquez Law Offices,2874307.92,2612120.23
6611,Antonio Martinez Law,3822056.86,3195210.98
6612,Royal Cuts Barbershop,1673158.23,1543434.88
6613,Total Wireless Store,3985918.94,2868488.8
6614,Cruz Deli & Grocery,4882678.06,3368997.14
6615,Mindy's Nail Salon,1792947.86,1225224.79
6616,Lily's Beauty Salon,1481531.01,1116914.98
6617,Platino Mobile,4008109.5,2955719.36
6618,JM Staffing Solutions,3112646.62,2247733.11
6619,Lucky Star Deli,2446256.03,2077107.9
6620,Trix Global,1847647.69,1723231.16
6621,Tony's Deli & Grocery,1678048.27,1401652.94
6622,Cappa's Foreign Cars,1223844.99,994208.67
6623,International Grocery Market,1583263.92,1031041.39
6624,Studio A Cutz,1329882.15,1154484.07
6625,Hamilton Nails & Spa,4928319.41,3454206.64
6626,El Chapin Barbershop,1045584.82,642138.84
6627,Rittman's Bar & Liquor,444071.28,275475.61
6628,Shine Barbershop,918260.51,557155.96
6629,Guante Pan,1629094.56,1400687.14
6630,White & Blue Laundromat,797878.87,664978.25
6631,Sol Y Luna,182957.26,141305.32
6632,Inter States Insurance Agency,3723835.58,2702613.56
6633,Mejia Law Firm,4535986.76,3366930.52
6634,JNC African Hairbraiding,1355393.46,931373.89
6635,Miriam's Hair Studio,4664711.68,2851636.35
6636,VIP Multiservice,924663.35,700138.94
6637,Yummy Yummy Chinese Grocery,2891495.18,1828849.44
6638,Vivian Nails,2050252.2,1865662.68
6639,New City Deli Market,4435510.11,3753125.03
6640,Admes Barber Shop,3550034.83,3249179.11
6641,A-Nu-U Salon & Spa,4203530.83,3122168.93
6642,Ce' Lay Boutique,3197630.0,2670716.54
6643,Olden Deli Grocery,2594600.88,2382400.46
6644,uCrackiFix,1568848.64,1150176.31
6645,Sory & Vivi Hair Salon,4920436.61,3300955.14
6646,Sababu MotorSports,3121495.95,1939164.64
6647,Debbie's Deli,236263.31,144395.28
6648,The Costume Scene,778991.66,473269.81
6649,Inked City,3787212.6,2504369.89
6650,Mama Grifa Deli,1703684.0,1220166.93
6651,Money Express,899758.17,748179.78
6652,S and S Motors,2319618.43,1983988.35
6653,Minion,3743174.62,2416549.46
6654,Reyes Super Market,2797089.6,2614562.9
6655,Beast Barber,1667916.8,1198507.73
6656,Nardia's Beauty Supply,1642374.2,1054254.18
6657,Duran Barber Shop,1544131.26,1425665.75
6658,Family Supermarket,4105187.29,3347821.11
6659,ETP Fashion Enterprise,180084.32,115143.11
6660,Empire Discount Liquors,1127803.89,849195.43
6661,Siegel's Pharmacy,799345.38,617062.38
6662,Liberty Dollar Plus,4120246.38,3546587.79
6663,Liberty Laundromat,579401.81,454598.89
6664,La Familia,2090354.92,1381786.37
6665,Miguel's Electromechanic,4091938.59,3033053.72
6666,Liberty Auto Repair,4225147.88,2988151.04
6667,Los Primos Barbershop,878256.74,675322.28
6668,Los Amigos Grocery,4396007.0,3122136.41
6669,R&Q Food Market,3083308.32,2832701.35
6670,Case's Pork Roll,3119811.28,2365152.16
6671,Porfirio's Italian Foods,4828019.81,4519375.04
6672,J&A Grocery,1808520.03,1445990.85
6673,Mel Salon,3575460.9,2861587.72
6674,Nails by Tan,4266367.83,2623468.63
6675,Tu Pais Supermarket,1157052.43,743730.65
6676,Barbero Bakery,4433443.85,4058165.11
6677,Braulio's Bakery,2206359.88,1945322.17
6678,Stop One Minimarket,3610958.34,3216762.78
6679,Jan's Hair Salon,4880842.41,3899287.96
6680,Roebling Deli,1122263.39,686435.49
6681,Junior's Barbershop,1113603.09,691722.86
6682,R&J Garage,1007323.51,921137.69
6683,Vallejo's Travel,2766593.98,2160147.72
6684,Josmary Deli & Grocery,233812.1,200052.45
6685,Elegance 360,1213223.2,750414.47
6686,Classico Auto Glass,3702416.92,2966821.0
6687,La Chica,1282977.48,865626.05
6688,Master Auto Repair,1402259.29,1117264.35
6689,Trenton Steak Co.,638038.98,532700.27
6690,Liliany's Beauty Salon,3796431.68,3100504.73
6691,V-Styles,984475.68,755086.11
6692,Chestnut Deli & Grocery,4992404.31,3546463.99
6693,4 Puntos Multiservicos,2662371.12,2093031.44
6694,Larry's Way of Hair,1421697.18,1049770.97
6695,Internova Multiservices,3409150.24,2261978.36
6696,Catholic Charities,3463002.77,2753718.85
6697,PC Used Car Sales,3959542.74,2534187.52
6698,Carmen's Hair Salon,4419412.08,3058089.33
6699,Panorama Musicale,4565734.13,2995013.88
6700,Italian Peoples Bakery & Deli,3058175.1,2390034.68
6701,Licciardello Brothers,4153637.89,2948874.22
6702,New Colonial Bakery,467461.93,401035.65
6703,P San Paolo Sons,1614019.86,1405479.43
6704,Mi Tierra Supermarket,1818465.5,1320703.67
6705,Cariben Deli Grocery,286715.03,260367.32
6706,Nueva Imagen Barbershop,4640296.42,3404971.4
6707,Lee's Barber Shop,363942.48,251440.3
6708,Whittaker Liquors,1330426.51,1085020.52
6709,Vallejo's Multiservices,1941499.51,1457227.3
6710,Tony's Bar & Liquors 2,3731649.66,2865799.62
6711,Roebling Realty,4380165.29,2806241.44
6712,Aliha Deli Grocery,1595392.9,1047034.78
6713,Colla Auto,1391417.94,1188302.85
6714,La Exclusiva Barber Shop,1396035.08,1145241.61
6715,Sure Shot Auto Sales,422635.36,396597.54
6716,Samay's Store,3108642.86,1983858.18
6717,The Latin American Legal Defense and Education Fund,1557491.02,1471222.42
6718,Latino Express Multiservices,3742618.69,3370421.11
6719,Brickforce Staffing,4542700.03,3804404.61
6720,Shear Latina,1364135.85,1055852.9
6721,Creative Arts Trophy Shop,2712608.98,1906593.97
6722,On Target Staffing,1138892.05,986897.2
6723,Yoja Hair Lounge,2329848.29,1601039.32
6724,Panaderia Fuente Del Buen Gusto,982014.12,714871.52
6725,City Stylez,337237.12,289842.05
6726,Splitfire Autocare,2583377.87,1774521.98
6727,Krauszers Food Stores,2869495.59,2161141.17
6728,EFK Group,2099962.86,1985271.26
6729,Harbour Freight Tools,4971150.15,3937772.31
6730,HomeFront FreeStore,2874088.79,2111131.2
6731,Esmeralda's Fashions,2589242.46,1819111.49
6732,Barber Shop Latino America,4450991.48,2780847.46
6733,Auto Boys,269736.73,191540.64
6734,Lider Dollar Plus,3071127.59,2413428.12
6735,Tipicos La Quetzalteca,1624541.86,1503613.78
6736,The Fantastic Mechanic,124477.84,76617.32
6737,Marybella Beauty Salon,2917861.35,2123341.76
6738,Bold Vintage #1,3284117.29,2113515.66
6739,Danny's Nutrition Center,1112652.13,915844.72
6740,J.F. Deli & Grocery,651577.46,404025.79
6741,Mary Multiservices,2875751.79,2629317.56
6742,Liberty Printing,1163568.67,797563.42
6743,Botanica Santa Martha,316676.88,224988.91
6744,Sandra's Beauty Salon,2771454.91,2061294.79
6745,Tienda Guatemalteca El Chapin,3225144.55,2879447.91
6746,La Familia Barber Shop,4162200.19,3936648.54
6747,Guate Pan,2031763.23,1785477.72
6748,Torres & Rodriguez Deli,4325656.1,2960261.55
6749,Barber's Social Club,77914.26,73117.86
6750,Osiris Travel,4917643.44,4054673.01
6751,Sylcopratt Enterprises,1350657.47,989825.92
6752,Lyneer Staffing Solutions,4254730.04,3992556.59
6753,Family Discount,2453375.14,1574736.16
6754,Simple Mobile Solutions,1374602.67,976498.03
6755,G.E. Marshall,2595451.7,1860094.7
6756,Mercer County Hispanic Associates,467702.58,354832.86
6757,Techno Center,3392649.64,2899072.32
6758,OnTarget Staffing,3200706.26,2062207.7
6759,Holly Nance Property Solutions,1713068.31,1385336.57
6760,D Luis Tabacco Store,766790.1,591459.96
6761,Broad Barber Shop,4601966.33,3508694.98
6762,N-Via Travel,905700.78,787578.05
6763,JD's Food Mart,591440.41,547458.38
6764,Mundo Travel Agency,4503917.13,3661232.06
6765,Paisano Internacional Express,1407873.23,929842.49
6766,BanIndustrial,4213695.99,3641793.48
6767,Vitality Staffing,2366035.05,1815359.86
6768,Tu Caja Express,4981282.89,3032488.95
6769,Milady Beauty Supplies,3673522.79,3441768.43
6770,Hub Liquor Store,3656790.23,2984051.66
6771,Cosmopolitan Staffing,4159447.9,2893748.3
6772,Vital Communications,1688661.96,1191290.11
6773,Orantes Tax Service,1873297.83,1542011.81
6774,Prince Multi Services,3448592.74,2404679.74
6775,Psychic Readings by Cynthia,1725709.9,1192577.73
6776,Libreria Cristiana Maranatha,4053811.05,3619009.98
6777,Seelig & Rednor,3276243.73,2906897.02
6778,New Jersey Association on Correction,1949145.2,1437786.55
6779,La Casa Realty,2034303.23,1287968.24
6780,Matamoros Tax Services,3295523.99,2700456.52
6781,Banrural Envios Express,1180790.96,943449.04
6782,Chiacchio Southview Funeral Home,3367050.43,3126634.46
6783,Esmeralda's Universal Salon,2739167.39,2516080.68
6784,R&R Laundromat,2324613.63,1455783.77
6785,Fiallo's Produce Store,1045864.08,704463.29
6786,Salud y Figura,3605349.73,2724802.5
6787,Exit Blue Water Realty,909754.97,758603.39
6788,Fantastic Braids,170324.41,151547.94
6789,ProStaff,892686.62,796676.03
6790,Staffing Visionaries,4427783.3,3524112.0
6791,Lucky's Auto Body,1058671.12,681309.76
6792,Central Division Auto Repair,1370574.37,954267.8
6793,Marita's Unisex Haircuts,598513.2,532436.8
6794,D&B Barber,3289160.66,3018296.71
6795,El Tipico Deli,4376402.3,4045476.05
6796,NetLink USA,3788177.67,2319682.46
6797,CRG Gift & Variety,667985.43,555147.92
6798,Discover Great Nutrition,1823481.88,1621357.96
6799,Staff Management Group,4742326.02,3873890.52
6800,El Toro,2285653.59,1895435.69
6801,Herrera Multiservice,4045311.77,3605754.26
6802,NJ Capital Realty,3220324.83,2169205.29
6803,National Tire and Battery,4458219.25,3260893.18
6804,The Home Depot,4342108.4,3566533.1
6805,Al Firdous Funeral Home,1489705.22,1046731.61
6806,Flo Hair Lounge,1377237.69,1252083.94
6807,Broad Street Auto Sales,2282959.86,1736894.68
6808,Cardepot Auto Sales,2992583.42,1915308.66
6809,Jumbo Wholesale,587211.88,444030.18
6810,P & P Liquor Locker,727665.55,621665.04
6811,Midtown Auto Sales,4973357.56,3218750.31
6812,Broad Street News,1481892.03,989747.76
6813,Breath Rite Medical & Surgical Equipment,3446287.54,3111909.79
6814,Advanced Car Repair,97814.27,87984.58
6815,Iris Jewelry,1068462.49,745587.98
6816,Giant Mini Market,2173130.32,1398554.32
6817,Barron's Automotive,1876242.79,1260507.88
6818,Wishie Washie Coin Op,4638192.32,3452721.51
6819,Psychic Gallery,1905946.68,1742984.55
6820,MPS Communications,1032486.65,820179.78
6821,Mercer Med Tech,2415052.93,1985590.63
6822,MS Mood Salon & Spa,1401862.76,904638.86
6823,Family Unisex Salon,2495002.88,2186006.92
6824,Mayra's Beauty Salon,398768.98,359978.98
6825,Bishop Auto Sales,1415859.68,1102821.46
6826,First Klass Barbershop,2055119.1,1569005.65
6827,Kisthardt Body Works,4924282.98,2975119.82
6828,East Coast Pit Stop,4994712.57,3670248.98
6829,NCA Towing & Auto Recycling,383144.28,348209.32
6830,Trenton Education Association,1489927.99,1310196.02
6831,BN Auto Mechanic,2468885.22,1768106.93
6832,Episcopo's Pharmacy,3202027.11,2263395.13
6833,Snack King Vending,4585542.77,4339595.97
6834,Noelia Deli & Grocery,3604011.22,2414856.21
6835,New York Barbershop,2597543.11,2329984.1
6836,Cumberland Liquor,4441864.79,3019243.05
6837,Patricia M. Noonan Elementary School,2404679.27,2247422.1
6838,Boulevard Mart,3441791.95,2652886.9
6839,Ballantine,1767808.71,1321196.59
6840,Morristown Agway,3230539.15,2718405.67
6841,The Wine Warehouse,314525.93,189583.29
6842,Empire Repair Inc,2616757.82,1665602.71
6843,Swingset & Toy Warehouse,4565694.21,4121119.25
6844,TruGreen Lawn Care,4871497.44,4474827.11
6845,Bagel Bro's II,1130857.66,1072850.19
6846,Sea & Air Travel,1360958.83,1112023.08
6847,Visual Effects,1009029.65,824612.35
6848,Beshlian Properties LLC,234877.93,148837.15
6849,Goodman & Co,3590787.5,2943018.41
6850,Top Bagels & Deli,4294449.34,3128203.51
6851,The Paton Law Firm,3553176.28,3036801.54
6852,Sexy Nails,837040.79,661827.33
6853,Sexy Nails 2,4651582.08,3864645.88
6854,Kia,2572127.47,2302819.79
6855,Lule’s Bridal,90147.27,65821.86
6856,Broadway Insurance Agency,3308727.95,2840745.71
6857,Bergen Locksmith,1012516.14,847184.2
6858,Ken’s Magic & Costume Shop,4161750.72,2883380.93
6859,Bergen Vintage,2699928.97,2081283.37
6860,Luxury Nails & Spa,2211215.09,1596805.24
6861,Seven Souls,125594.02,118964.72
6862,NJ Puppy Store,4937295.93,3894544.35
6863,Sexy Nails & Spa 2,194519.64,125603.25
6864,JC Beauty Salon,1375013.81,888728.61
6865,Ruzhin Medical Supply,2934480.07,2686269.61
6866,Sexy Nails 3,280385.99,191575.91
6867,Ronald P Mondello Esq.,750720.98,653931.15
6868,Taiji Oriental Massage,2699636.89,2086268.4
6869,All About Eyes,2245515.7,2095988.63
6870,Blanche Braiding Salon,2495793.84,1769250.01
6871,Jersey Farmer’s Market,3172306.65,2327842.69
6872,Nail Studio Of Fair Lawn,1069973.96,712066.13
6873,New Beginnings,3847657.47,3309629.56
6874,AAA,2016801.75,1382022.47
6875,Exotic Nails 2,4795245.16,3567560.61
6876,Broadway Food Palace,1792889.93,1669895.18
6877,Broadway Picture Frame Outlet,4040590.25,3500804.92
6878,Signature Designs Fine Arts and Crafts,3265731.62,3061159.9
6879,Ralph's Market,4597700.6,4165168.01
6880,Happy Hippo Toys,1104751.4,990404.74
6881,Paul's Family Hair Care,2505577.57,1977041.32
6882,WM. Desimone & Son Fine Jewelers,4178893.58,3370883.8
6883,La Moore's Nail & Spa,2690986.79,2022382.39
6884,Running Co. of Moorestown,1943387.7,1383620.13
6885,"TurnKey Title, LLC",579765.65,482677.13
6886,Navy Blue Home & Gifts,3560451.53,3334283.87
6887,Soffiata Via,4660483.23,2846382.92
6888,Happy Feet Nails & Spa,4493580.48,2787183.61
6889,LaDiDa,4763088.75,2880989.4
6890,"Showcase Graphics, LLC",2708364.52,1693802.8
6891,Martin Luther King Jr.,4044424.57,3824734.58
6892,"Idea Lab Digital, LLC",3999086.01,2895446.35
6893,"Dash Farrow, LLP",4571113.63,3456256.23
6894,Herron Real Estate,3677109.86,2772417.53
6895,Tao Vital Qi Therapy,313987.57,191202.92
6896,Health Haven,4104841.03,3027009.31
6897,La Vie Hair & Nails Salon,970201.57,723027.34
6898,"Feldman, Holtzman, & Lupo LLC",244599.87,153602.46
6899,Psychic Of Pompton Lakes,2371935.3,1669508.23
6900,Shopper's Liquor,2306510.62,1895104.32
6901,Engine & Trans Masters Llc,1928554.93,1535522.74
6902,D M Hundertmark Agency,4794648.3,3533744.02
6903,Pompton Lakes Florist,1523943.85,1397552.57
6904,D'Carmen Beauty Salon,3637947.96,2223969.12
6905,Office Design Concepts,1551651.44,1031284.48
6906,Cardinal Frame,727868.71,602591.09
6907,"Law Office of Lindsay R. Janel, LLC",2642104.83,2085501.53
6908,Vinkara Floors,1928443.75,1728308.85
6909,C-Lavish Looks Unisex Salon,526205.93,463682.1
6910,Tandem Graphics,3886654.46,2500756.01
6911,Pretty in Ink,3658097.76,2832051.56
6912,Barkleigh & Purrcell Pet Salon,3132470.62,2057284.96
6913,Simon Styles Co,867928.52,734496.86
6914,The Sesh NJ,1875029.92,1734966.29
6915,Infinity Beauty Bar,4054671.07,2770020.17
6916,The Fleischer Accounting Firm Llc,1619026.48,1139336.07
6917,Salon SL,2148340.54,1699837.15
6918,"Mark J. Bush, CPA & Advisor, LLC",2751689.45,2352966.73
6919,Trinity Center,3562439.5,3134053.63
6920,Today's Beauty Salon,1038255.64,732267.11
6921,Food Mart & Deli,1465882.27,895052.55
6922,Daisy Nails,2881028.44,2046038.14
6923,Accardi's Radiator Services,3720713.82,3110492.53
6924,Country Convenience Liquors,1565422.85,1090698.37
6925,Dry Cleaners,4420013.35,3270211.05
6926,"Leonard, Sciolla, Leonard & Tinari, LLP",2719738.32,1901531.62
6927,Quaker Wealth Management,2362708.37,2172763.73
6928,Moorestown Flower Shoppe,3774354.43,2895960.37
6929,"Neil's ""Main Street"" Barber Shop",4543820.54,3924371.75
6930,Zaiss & Associates,2861607.6,1758688.78
6931,Salon at Marc Stephens,1277859.47,1165647.45
6932,Roffler of Moorestown Barber Shop,1228805.56,1077838.52
6933,Creative Countertops of NJ,3651985.07,2817326.66
6934,Bergen Fruit,1872480.62,1513421.24
6935,Hudson Catholic High School,1480998.98,974347.97
6936,The Skin Bar,1322054.7,1215974.06
6937,Basking Ridge Country Club,660884.49,620732.71
6938,First Choice Automotive,4950379.28,3804268.98
6939,CoccolaMi Nails and Beauty Lounge,2599376.94,2298738.25
6940,Knot Just Wood,756807.15,584705.17
6941,Local Shirt & Sign,3527909.01,2554709.21
6942,The Hair Bar,4893455.82,3405656.91
6943,Bel Viso Beauty Bar,4762647.28,3777409.6
6944,Mike's Feed Farm,1227029.98,833743.64
6945,Cork Wine & Spirits,4011310.69,3419052.01
6946,Exclusiva,3835171.62,3346437.9
6947,Mani Hair Studio,3811571.07,2540279.13
6948,Brand Bar & Beverages,4082296.91,2853104.82
6949,Cyclesport,4410674.3,2832901.11
6950,A Little Cake,4990872.9,3488984.78
6951,Magic Nails & Spa,4806984.49,4210004.01
6952,B & M Meat Market,3017651.29,1896377.16
6953,Faber Brothers,195877.96,181221.01
6954,Lucky Farmers Market,895822.59,657494.33
6955,El Mercadito la mejor tienda a tu conveniensia !!,922800.54,794526.82
6956,Rio Nail Spa,1882395.97,1226614.44
6957,John Barbary - Prudential Financial,3853294.94,2502959.09
6958,KO Floor Supply LLC,4043696.59,3371442.58
6959,Adam Hall Group - North America,2401756.53,1627432.73
6960,Commercial Interiors Direct,1386153.38,1310005.59
6961,Safari Solutions,143008.17,103755.36
6962,RER Supply,1395719.03,1294422.0
6963,TECHLINQ,3475340.02,2826812.01
6964,Specialized Fire & Security,1161344.41,1010145.46
6965,"Timothy M Burklow - Ameriprise Financial Services, LLC",2767932.82,2259118.41
6966,Ponderosa Campground,4860726.43,3175632.56
6967,Madison Pet Shop,4749500.38,3330642.58
6968,PRIMA,1210367.68,1035891.8
6969,PC Problems,1357177.92,1235660.45
6970,McCormick's Contracting,512195.94,391831.88
6971,The Smoke Shop,893557.88,697350.04
6972,British Home Emporium,4577254.99,3559916.93
6973,Waxing the City,2830692.16,2029633.28
6974,Chatham Booksellers,1471537.33,1160255.2
6975,Crowley's Cupcakes,4220231.3,3950954.81
6976,"Colene Smith, Realtor - Weichert",2362209.69,1705607.54
6977,HOMES FOR SALE BY HERSH,4304198.86,3551563.35
6978,Passaic County Realty Group,4868512.54,3845018.41
6979,"Sonia Malave, Realtor - Weichert",2259369.92,1597940.57
6980,Iglesia Vida Amor Cristiano,1313198.84,1103261.38
6981,Urmi Threading Salon,4445909.87,3715553.76
6982,Wayne Hills Realty,3669919.35,2698032.74
6983,Martorano MG,1074926.91,783977.09
6984,Jagielkys Homemade Candy,380996.43,285746.15
6985,Wayne Fence,805519.39,754931.38
6986,ChazMaTazz,1854080.92,1202995.21
6987,Shear Glamour,3634928.04,2421418.82
6988,King Accupressure,1008832.75,681842.06
6989,Checks 2 Cash,2800868.05,1929034.66
6990,Central Avenue Liquors,1706189.89,1477755.37
6991,Asurion,2129324.76,1645905.87
6992,Brillant Nails,3670495.48,2855069.69
6993,Buy Rite,3858698.12,3629496.45
6994,Quincas Corporation,3023705.22,2242318.04
6995,Phoenix Rod & Custom,3534487.77,2155277.6
6996,My Private Label LLC,2860823.22,2030288.18
6997,"Dimension Auto Repair, Frame, & Unibody Services",977556.13,746376.33
6998,Dale's Custom Auto,3989638.62,2846580.52
6999,Turning Heads,1508517.72,1401967.56
7000,Good Luck Vapes,1054540.33,965444.1
7001,Studio Nails,993729.17,711778.13
7002,Empire Health Foods,4673390.28,3579959.67
7003,Valley Elegance Kitchen & Bath,3517763.59,2870553.68
7004,Syneos Health,4645166.43,4065082.43
7005,Under Armour,4785319.7,3071504.46
7006,Sub Shack & Deli,4134391.85,2681948.7
7007,WholeListic Hair Design,2536063.67,2306401.51
7008,Enjoy Creperie,1145832.03,1041315.68
7009,My Gotta Have It! Jewelry,2530490.94,2137183.54
7010,King Hookah Hookah Tobacco Vape CBD Whole Sale,943793.81,801757.46
7011,Geo World Class Pools,3625361.55,2727202.3
7012,Stannah Stairlifts Inc,2793523.32,1848839.57
7013,Cutolo Barros LLC,4761069.37,4517719.47
7014,Super BuyRite,2049823.4,1764467.69
7015,BJ's Wholesale Club Optical,3147680.68,2839483.78
7016,Jersey Shore Supplements,954110.62,636441.43
7017,All Maintenance Products Inc,3744084.94,3059057.74
7018,Riel Auto Body,1890825.93,1459346.59
7019,B & M Auto Clinic,4494067.51,3859986.86
7020,SMI Flooring Distributors,958627.49,589289.66
7021,Sultan Food,1568980.53,1198417.7
7022,King’s Liquor,1689121.71,1087114.71
7023,5B,565486.99,419231.17
7024,Barber Shop,3612363.64,2575533.38
7025,Alpine Learning Group,3600732.37,2450916.48
7026,Top Quality Foodmarket,1565213.56,968048.12
7027,Langan,2503199.17,2252268.13
7028,Fiserv Inc.,3418017.74,2814549.36
7029,Allergro Vocational School,4436358.27,3336805.81
7030,Xi House Market Inc.,525634.57,322165.29
7031,Bahdos,3851245.39,2873969.75
7032,Tech Toys,3349226.72,2342065.43
7033,TCG Toys and Gifts,758730.43,476292.76
7034,Katarina Floral,2650654.2,1788288.89
7035,Katarina Travel,2260120.19,1766252.05
7036,Kristina Michele Salon,4848601.39,4344825.98
7037,Sun Dial Tanning,3490769.52,2508045.25
7038,Union Bay Risk Advisors LLC,843879.25,799328.74
7039,Costco,4930341.03,3088499.35
7040,Leonia Wine and Spirit,3711130.81,2685766.21
7041,Jay Hair Salon,877391.02,542191.15
7042,J & S Cleaners,1251680.81,787482.61
7043,Avon by the Sea Borough Hall,1685344.34,1595952.18
7044,Asian Food Market - Marlboro,2043558.55,1243561.98
7045,"Anthony's Comic Books, Original Art, & Collectibles Retail Store",2418775.71,2284925.06
7046,A&D Auto Body,4212803.65,2725500.39
7047,The Love House Barber Shop,557485.4,398107.06
7048,Taylor Rentals,3219037.3,2047217.91
7049,Bovella's Bakery Cafe,3104749.31,2157076.73
7050,Blue Sheep Bake Shop,4472011.46,3415273.67
7051,Tailor Shop,1535814.34,1290832.51
7052,Scrubs Laundromat,1295794.58,782727.3
7053,Anthony's Wine & Liquors,3523125.49,2522009.63
7054,Sciecure Pharma Inc.,1486604.53,1193269.78
7055,Tobacco Leaf,2416844.54,1865045.41
7056,Parkway Cleaners,1337009.21,927048.42
7057,G & D Salon,4889544.01,4233263.93
7058,Scotti's Record Shops,3825594.15,3465240.22
7059,dandelion wishes,389259.19,343756.44
7060,IT'SUGAR,2075215.42,1488169.71
7061,Zara Home,4207389.61,3430561.82
7062,Matt's Barber Shop,3068904.82,2296382.91
7063,Waves Hair Studio,4607949.33,3614253.82
7064,Primark,2453532.42,1627806.4
7065,Pink,4781146.55,2952693.07
7066,Amazon Bookstore,408452.98,354249.13
7067,Woolco Foods Inc,3128808.23,2448368.56
7068,Kedz Funeral Home,2023386.75,1921378.73
7069,Salon Centric,2276383.29,1642407.8
7070,Jefre Bridal,344919.92,273051.54
7071,Gatsby Salon,2344493.32,2115029.8
7072,Johnson Fitness & Wellness,3266299.08,2674076.17
7073,LA Frame,4871371.79,3629558.18
7074,Embroid Me,3873229.23,2895621.42
7075,Club Champion,454546.52,362381.11
7076,Tiffany Wigs,1195186.0,819609.82
7077,HYTORC,3093469.18,2688744.97
7078,The Smoke Shop - Cedar Smoke,1244889.57,939390.02
7079,Peloton,2318844.24,1645888.98
7080,Fashionable Pets,827593.83,630609.67
7081,Manor Beverages,4648151.98,4084284.23
7082,Square One Credit Management,4009446.32,2810941.95
7083,Circle Brook Farm,4884434.56,3505853.37
7084,Super Gold,1537953.76,1190903.52
7085,Justin's Barbershop,1784482.21,1480028.47
7086,Salon Concrete,844926.05,717033.82
7087,Foxmoor Cleaners,326026.33,293517.83
7088,Gifted,4749805.95,4278057.43
7089,Bridal Suite Boutique,1386643.91,914110.28
7090,Benefit Brow Bar,2731668.59,2098343.89
7091,EZ-Chek Food Store,2341675.29,1495880.34
7092,House of Liquor,3979954.99,3315909.76
7093,Optimum,2366211.94,1756538.33
7094,Parlin Nails Spa,235253.51,162286.93
7095,Sayreville Democratic Organization,1803715.02,1407706.3
7096,Professional Dry Cleaners & Coin Laundry,2699853.63,1865791.64
7097,Quick Dairy & Grocery,4352248.84,3832364.66
7098,Quick Deli,287180.29,216939.79
7099,Za-zen Chinese Massage,194273.54,158968.85
7100,Plaza Wines & Liquors,143088.5,114052.57
7101,Bantama Market,1540287.41,1198804.34
7102,Mediplus Home Health,1736626.63,1144273.03
7103,Happy Nails,4629597.25,3583089.39
7104,Rajwadi Food Products,297791.54,211650.5
7105,Walmart Garden Center,2731304.64,1983894.59
7106,Old River Cleaners,2346413.58,1547884.75
7107,Phone Repair of Saryeville Plaza,768845.08,574895.05
7108,Terry's Barber Shop,3960642.22,3286890.02
7109,Sayreville Plaza Dry Cleaners,457785.2,287405.32
7110,Route 9 Farmers Market Inc,4840023.63,4592257.14
7111,Star Nails,3132663.93,2525768.89
7112,Sparkle Jewelry,3443696.56,2568345.59
7113,New Visions Hair Studio,3140890.51,1902509.74
7114,Unique Jewelry & Gifts,4851015.35,3635463.42
7115,"Debra Brophy, Broker-Manager",2901910.72,2139519.48
7116,"Yoany Pujols, Executives Exceptional Realtors",2997472.0,1801928.0
7117,Elegant Realty,3992971.51,3141705.03
7118,FCP Tax Services,2789096.97,1874881.34
7119,The Friendship Circle of Passaic County,83156.9,67806.95
7120,Wizard of Pawz,2680051.97,2509207.05
7121,Steck's North Deli,1123337.89,1000173.56
7122,Kimi Nails,132933.4,116908.33
7123,ABC Cleaners,672388.85,519372.64
7124,Valley Integrative Pharmacy,2215811.82,1706899.51
7125,Lil Pickles Deli,3409290.59,2779133.19
7126,Village Cleaners at the Hill,1641136.59,1118514.03
7127,blooms,2628584.18,1591761.03
7128,Cherrybrook Premium Pet Supplies,3511691.1,2439256.41
7129,Tax Office,4808215.7,4314319.88
7130,Dunellen Recreation Office,2172345.71,1882129.89
7131,go! Calendars,4351002.77,2701392.69
7132,Go! Games & Toys,3127932.32,2594745.21
7133,CustomT's,1184503.51,934750.51
7134,Pottery Barn,3096694.51,2350267.58
7135,Lego,980523.26,842849.12
7136,White Barn,1442580.35,1239390.85
7137,Lacoste,1368256.2,1158586.19
7138,Quails,4134140.3,2915238.26
7139,Aveo Art Gallery,3381435.99,3086685.85
7140,Fan Treasures,2953234.24,1846664.17
7141,Sole Mate,3001129.23,2029222.7
7142,The North Face,4554965.91,3828874.26
7143,Aveda,1853530.16,1126037.17
7144,Liftman,717636.81,616748.78
7145,Hugo Boss,2370170.47,1776040.37
7146,Marc Cain,2289867.13,1575644.19
7147,Backyard Brick Oven,2203012.4,1981258.39
7148,Z Market,3143908.83,2721819.82
7149,Invicta,2101430.42,1510915.25
7150,Franklin Township Public Works,3474343.96,2995725.39
7151,Fabletics,1525416.06,1174881.16
7152,Nature's Harvest,4078887.43,2863824.53
7153,Wine Centers,589554.21,546741.05
7154,Bark Avenue Pet Grooming,758938.54,701359.25
7155,Salon BeYoutiful,2692410.45,2195451.12
7156,Buzzwerks,3197809.9,2742640.99
7157,EXIT Realty,1003331.11,684168.54
7158,O'Connell & Sussman LLC,3414630.65,3086171.57
7159,Barber On Main,2349692.21,1882862.87
7160,Main Street Hair Design,3615216.95,2726360.18
7161,A New Beginning,2469130.61,2082910.49
7162,Richard's Custom Picture Framing & Art Studio,2399990.7,1844956.9
7163,Victory Nails & Spa,816749.6,558710.87
7164,Top Shelf Wine & Liquor,708691.69,669772.95
7165,Hudson Supply of Newark,1084581.89,1026797.98
7166,Alpine Meats and Deli,2840596.09,1831009.5
7167,Blairstown Powersports & Power Equipment,2227539.29,2074679.31
7168,Finish Line Auto,4605388.14,2965723.62
7169,Folt's Auto Werks,370414.67,227166.33
7170,Sam Rose Salon,3114241.54,2243472.69
7171,R&T Automotive,4290298.3,3548419.31
7172,Knot Just Flies,1184340.75,1093548.76
7173,Quality Automotive Repair,1895304.58,1147536.98
7174,Westfield High School,482752.16,390126.98
7175,Mariners' Port School Store,2420410.23,2297808.9
7176,Wayne Auto Mall,666559.1,510647.73
7177,Genesis of Wayne,4228814.47,2673869.55
7178,Ana El Zind,3946084.99,3027479.73
7179,Bob Drake,797646.95,659535.26
7180,Gregory Avallone,3503754.89,2581584.64
7181,Jim Deer,2165430.8,1995076.21
7182,Kelly Munster,110517.84,77670.99
7183,Mario Di Masi,3604841.76,3274505.17
7184,Michael DeCandia,291242.53,179373.46
7185,Pablo Andrade,654539.63,561356.6
7186,Stefanie Rushnock,406520.5,376217.58
7187,Tom Boyle,592209.34,447929.45
7188,Vic Babington,796511.96,527687.47
7189,K&M Acupressure and Massage,4139573.47,3362034.55
7190,Centerline Servicing,313880.67,216019.7
7191,Ellowitch James N,4238358.68,3211893.54
7192,FiTech Consultants,913886.72,689266.07
7193,Sano Investments,2732308.9,2518498.87
7194,Scott Yagoda Law Office,2870071.64,2085549.09
7195,Vanpalmer Group the LLC,2608830.17,1999056.39
7196,Vardi Tomer,682929.59,636028.76
7197,WTA Global Inc,529423.88,463240.47
7198,Costco Optical,1480344.14,1189939.07
7199,Wizard Of Wash Laundromat,3562100.96,3231151.38
7200,Mi Tienda Fresh Market,2879340.26,2068780.61
7201,Mr. Tire,3922960.19,3670656.53
7202,Miracle Beauty Salon,4899013.45,4210268.13
7203,Fort Lee Vision Optical,2280795.07,1826555.01
7204,Bagel and Bagel,4649303.34,3005341.36
7205,Daiso Japan,394322.08,357411.95
7206,Shiseido,4833602.5,3769326.58
7207,Little Japan,895367.57,611225.22
7208,Jewelry Exchange,1158579.46,918112.72
7209,Haircutter in the Meadow,1257598.78,975433.23
7210,Plaza Candy,399745.5,290257.78
7211,Dominick's Salon & Barber Shop,3701423.87,2435140.7
7212,Oak Street Liquors and Deli,1467495.07,1310431.88
7213,Dulce De Leche Bakery,1461548.92,1054494.83
7214,Quick Mart Pharmacy & Convenience,711932.06,505691.41
7215,Shadow Nails,3493275.06,2157240.44
7216,Huma Beauty Salon,3420779.11,2974601.99
7217,Dollar A Plus,4014201.77,3706808.02
7218,The Second Saturday Record and CD Show,1233715.49,922253.65
7219,Biroc Future Financial Planning,119672.51,108594.97
7220,Holcomb Real Estate LLC,4299325.37,4070921.0
7221,Humphreys Burrell I,2786878.56,1732908.14
7222,Morano Corey,3068867.59,2858870.43
7223,Stier Kenneth CPA,4427403.09,4143870.83
7224,Bonanno Santo J,4849553.3,3573012.4
7225,Anderson & Campbell Funeral Home,3017501.47,2398928.72
7226,Whiting Wine and Spirits,4456668.76,3569065.8
7227,TC & Sons Auto Repair & Towing,501447.66,363094.89
7228,Lynnette E. Brennan Attorney At Law,979405.02,690239.0
7229,Barwick Group,3955247.36,3192975.69
7230,River to Sea Relay,117920.91,101399.63
7231,Army-Navy Surplus,1781563.4,1284716.4
7232,Tuesday Morning,1617804.29,1404153.58
7233,Mental Health Association,163244.96,125713.03
7234,RJ Sariling Atin,562632.27,398370.3
7235,Poolside,4918547.8,3274925.4
7236,RGT Restaurant Equipment Supply,4041085.17,2838922.55
7237,Little Divisoria,2764480.66,1679058.9
7238,Jersey Shore Council Clayton Scout Service Center,4534602.59,2814631.13
7239,Da Vi Nails,1901100.44,1524037.07
7240,Walmart VisionCenter,2295765.51,2142196.12
7241,TNT Nails,3165056.43,2110116.68
7242,Massage Heaven,706214.86,639116.3
7243,Corinne Jewelers,971105.82,688899.11
7244,Casino Pier - Ticket Sales,3457839.19,2951508.98
7245,Smith & Smith CPA's,466889.72,410547.39
7246,Wayne Education Association,1267350.9,917899.88
7247,Township of Wayne,2644858.99,2085304.76
7248,Wayne Town Hall,4896711.47,3341664.11
7249,Wayne Building Inspector,3434455.04,2542657.51
7250,Wayne Alliance for the Prevention of Substance Abuse,3101638.78,2122106.9
7251,Wayne Human Resources Director,3249590.8,2350128.35
7252,Wayne Flood Control Office,4787949.87,3002910.13
7253,Wayne Planning Board,4966354.61,3281448.73
7254,Wayne Tax Collector,3253635.36,2466246.73
7255,Wayne Township Ski Reports,1670708.36,1576666.63
7256,Wayne Twp Animal Control,4251493.77,2616375.66
7257,GSI Sales LLC,1446774.6,1270720.39
7258,Acropolis Commercial and Business Services,2240480.13,1999669.17
7259,Beckwermert Peter J CPA,3107976.5,2639003.97
7260,First Choice Insurance,2703304.0,2098154.06
7261,Hotel Partners LLC,3323979.79,2709197.86
7262,Isadore B Mirsky & Co,964537.46,692107.53
7263,"Jeffrey & Company, CPA's",1380064.88,900142.64
7264,Laverty Publications Inc,3795505.08,3124379.62
7265,Precision Payroll Services Inc,2128631.05,1697347.56
7266,Balthazar,3219062.78,2056176.02
7267,UC Laundromat,2272811.51,1873742.57
7268,Best Buys Direct Inc,2007435.97,1240629.08
7269,Laraine Justinn Fix,3937348.04,3147993.55
7270,Alliance Mediation,2772627.53,1783556.09
7271,American Millennium Insurance Company,903068.13,836635.22
7272,"Citadel Risk Management, Inc.",4945528.52,4244312.36
7273,Coe Group,1286486.96,851702.92
7274,Fiorello Puccio & Fiorello LLC,4003072.41,3570087.28
7275,Hook & Fatovich LLC,1465808.42,904686.93
7276,Level Tech,3201140.22,2144511.97
7277,Manpower,4792371.48,3415477.26
7278,Veraciti,72770.51,50477.23
7279,Mazda Service,1559771.26,1432632.27
7280,Wayne Hyundai Parts And Service,2146922.68,1511778.15
7281,Wayne Mazda Parts,4741104.65,3525912.54
7282,Liberty Billing & Consulting dba Aspirion,2438463.72,1908292.75
7283,New Jersey Wedding Center,3789941.23,2611817.7
7284,Memory Makers,4358266.02,3785446.91
7285,Boho Lash,1461636.6,957526.6
7286,Moonlight Limo & Party Bus,1553123.82,1387335.0
7287,Rescue Computer,2396642.2,1461658.65
7288,Casual Male XL,1201698.02,955285.06
7289,Zales outlet,1168054.28,821359.89
7290,Champion,557438.07,435981.52
7291,Van Heusen,2858204.98,2373848.42
7292,IZOD,3010498.11,2098497.51
7293,Bass,3793615.52,3290907.77
7294,Brooks Brothers,2047536.41,1867651.36
7295,Disney Store Outlet,3031045.97,1948591.23
7296,Ann Taylor Factory Store,2003113.73,1677689.69
7297,The Cosmetics Company Store,1040298.09,864840.59
7298,Kate Spade New York,2244280.54,1791989.35
7299,Loft Outlet,975850.05,733573.52
7300,GameDay Sports,3945582.13,3180453.48
7301,Wilsons Leather Outlet,2596864.59,1576627.39
7302,Clarks Outlet,98837.17,88760.6
7303,Lane Bryant Outlet,1915967.85,1572074.58
7304,The Uniform Outlet,2427910.31,1514937.98
7305,Luxury Beauty Store,1678247.71,1238683.36
7306,Book Warehouse,1632334.64,1450722.17
7307,Timberland,691295.9,568313.69
7308,Ecco,1939086.72,1221116.02
7309,Converse,2330804.86,1827370.42
7310,As Seen On TV,1812005.96,1161845.22
7311,Jockey,1767661.33,1492775.04
7312,Calvin Klein,1874804.69,1731188.55
7313,Famous Footwear Outlet,3134516.86,1996297.08
7314,Perfumania,4036691.3,3602698.22
7315,Corningware & Corelle,2624507.6,2024451.96
7316,ASICS,254523.34,222863.22
7317,Crate & Barrel,4027984.72,2498012.57
7318,Lotte Plaza Market,3847796.81,3571294.14
7319,Juno,3923862.98,2979642.81
7320,Mar’s Liquor,4530835.44,3745441.95
7321,The Eagle Cafe,3858225.34,3284650.56
7322,The Face Shop,383777.41,255562.03
7323,Julia Beauty Salon,3633922.24,2971083.37
7324,Fancy World,2348340.44,1888437.98
7325,B.Y.C,2769134.46,1674398.38
7326,Aritaum,3086694.85,2014187.42
7327,Nature Collection,118493.04,92239.03
7328,FYE,1568612.82,1398235.75
7329,Casper,237516.39,215657.6
7330,Sugar Bear,3732039.58,2763504.5
7331,Kara,4166886.48,3931022.91
7332,Baked Bouquet,1640145.65,1456644.08
7333,Desserts of Distinction,3437681.26,3178495.51
7334,J&R Auto Service,3715972.88,3425544.69
7335,Prestige Lock and Home,4990393.0,4121080.18
7336,Innovation Hair Design,2015367.47,1626834.0
7337,Comprehensive Health Care,230967.83,187512.47
7338,Absolute Home Mortgage Corporation,2544525.47,1839402.22
7339,"Andrea Visgilio-McGrath, LLC",3090862.84,2453653.14
7340,Drisgula & Thatcher LLC,313679.3,234660.88
7341,Prima Innovations,4171166.86,3761179.82
7342,Resource Mortgage LLC,3643753.2,3224609.73
7343,Elite Supplement Center of Wayne,3353815.32,2509909.48
7344,Cravings Boutique,1372623.55,1209190.23
7345,Tanning by Public Image,2535865.67,1569261.29
7346,Total Body Skin Care and Wellness Spa,1901203.51,1505159.05
7347,Bergen,436568.54,379830.33
7348,Al Armir Grocery,2220358.18,1572400.82
7349,Mario’s Shoes,802406.57,672018.03
7350,Honda,2348312.97,1805825.98
7351,Krauszer's Food Stores,1293443.32,1203286.24
7352,Jerry's Barber Styling,297239.64,183946.34
7353,City News,2279659.05,1570634.38
7354,Unisex Salon,3755241.65,2814197.66
7355,Siya,599095.3,491952.56
7356,Aivan,2749337.51,2139195.52
7357,C&M mini market,4719474.09,4126565.17
7358,Village Bicycle Shop,4090472.91,3856364.92
7359,Aster Market Commercial,1449679.25,1025426.28
7360,Viking Pest Control,4443223.18,2687163.13
7361,Oasis of Grace Assembly of God,813996.13,564405.66
7362,Aaliyahs Cutz 4 Kidz,4617062.83,4319576.68
7363,Atlantic Financial Network,4451314.2,3674545.98
7364,Eckman Benjamin D,1828431.04,1703313.3
7365,Jones Hirsch Connors & Bull PC,2834259.91,2085179.22
7366,Law Offices of James C. Zimmermann,3156408.43,2780946.84
7367,Stanley Taylor Stationers Inc,211051.79,128487.38
7368,The Law Offices of Jonathan F. Marshall,2204509.91,1347469.83
7369,McEntee Construction,1644798.89,1075610.42
7370,M C Fam Inc,4808840.11,2979764.61
7371,Clark Worldwide Transportation,1372961.46,1083112.36
7372,Cleaners Choice,3549748.79,3350531.2
7373,z.one concept usa,1316151.78,791802.1
7374,Zippy Shell Storage and Moving,3192727.9,2377933.62
7375,Skynal Biotech,4986067.27,4571794.99
7376,pcg,3977382.44,2944838.65
7377,Sparta Nutrition,3122788.8,1944581.69
7378,C J Logistics LLC,4301501.35,3726000.4
7379,Limited Warranty,2469126.28,2271904.24
7380,Kidztopros Summer Camp at Pioneer Academy,185089.35,145375.02
7381,Sky Academy NJ,149665.92,131443.52
7382,Byrne III John J,3328608.58,2398591.33
7383,CoAdvantage,770528.39,498963.33
7384,Compensation Solutions,4319092.19,3322402.98
7385,Edward Jones - Financial Advisor: Conan F Ward,1091832.88,794681.05
7386,Edward Jones - Financial Advisor: Malene K Frost,3702795.76,2290550.77
7387,Edward Jones - Financial Advisor: Ozzie Niazi,4694308.39,4352448.32
7388,Falcone & Co,4715881.71,3022737.01
7389,HACS Corporation,3762297.25,3447133.16
7390,JVC Americas Corporation,4536368.54,3028661.4
7391,JVC Kenwood USA,4488499.81,3911669.04
7392,JVC,992744.83,849286.69
7393,JVC Professional Video,334167.15,269319.54
7394,Katz Lawrence D,961675.13,733468.03
7395,Michael Raiser Associates Inc,1258446.55,1174592.52
7396,Pizazz Promotions,173046.18,152349.66
7397,Sisco Kevin,2831137.02,2509655.36
7398,the Red Hawk Fire and Security Web Store,1274324.15,940097.92
7399,Tyco,4335366.63,3815766.07
7400,"Afflitto Law Offices, LLC",716978.64,473771.22
7401,Air Duct Cleaning NJ,4017990.06,2892298.85
7402,Emron,4443477.94,3736754.76
7403,"Law Offices of Weiss, Tom & Trapanese, LLC",1974253.34,1265167.28
7404,Ramapo Insurance Associates,1216240.77,1050967.73
7405,Topinka Financial,4369402.64,2791092.34
7406,Tricarico Architecture and Design PC,2047811.06,1738439.12
7407,Lot-Less Closeouts,3121718.27,2108869.7
7408,Accounting & Bookeeping | Goovaerts CPA,4145277.31,3148499.2
7409,"Law Office of Laurie W. Fiedler, LLC",1316895.84,1125013.75
7410,NJ Education Assoc Nea Uni,2630709.22,2491574.06
7411,University Spine Center,3182621.08,2326342.97
7412,"Vincent Dotterweich - Ameriprise Financial Services, Inc.",1130967.21,914200.96
7413,Gregory's Seafood Market & Restaurant,437410.38,327380.95
7414,Lucky 7 Deli & Market,1499029.85,1397543.41
7415,Party with Mali,4507067.41,3805917.32
7416,Happy Home Appliances,397589.77,341153.17
7417,Lifesafer Ignition Interlock,2856654.35,2357201.37
7418,Grumpys tackle,889675.61,630771.88
7419,Costello's Ace Home Center,2079666.77,1791294.79
7420,Lincoln Center Liquors,945584.49,674878.87
7421,Anthony Gerard Studio D,3607640.49,2620555.27
7422,Angel Nail Plus,2263639.28,1739410.79
7423,Best Cleaners,2738611.32,2138966.08
7424,The Keltic​ Group,4281402.43,3865890.73
7425,Perlei Salon,815083.51,757158.62
7426,"The Law Office of Robert J. Cascone, LLC",1990930.42,1853813.72
7427,One Horn Transportation,4630589.05,3038242.06
7428,G R Tech LLC,4851625.77,3790072.24
7429,Eric Streem: Allstate Insurance,1976388.49,1445971.81
7430,Syscom Consulting,1695375.01,1433613.51
7431,Bakelaar Financial Group LLC,2197690.57,1722391.21
7432,Federal Recovery LLC,789378.77,488128.11
7433,123 Services,4383452.85,3878756.88
7434,Sequential Software Inc,3029746.14,2501020.62
7435,North Jersey DJ Services,1574879.3,959363.34
7436,CJC Logistics,2296492.94,1497124.97
7437,Logistics LLC,1230670.74,1022801.63
7438,Towers Studio,1365772.48,898908.16
7439,Syscom Media,1168623.49,1013559.96
7440,Crystal Cut LLC,4286269.45,3197491.12
7441,"Mark Donnelly & Son Construction, LLC",1326970.05,883565.31
7442,Alliance Training Solutions,4512566.33,2859153.55
7443,McCutcheon Accounting & Tax,1930932.75,1672208.01
7444,Inspec-TED Home Inspections,2640356.72,1786575.36
7445,Class LLC,2299773.76,2096349.22
7446,Stratebo Technologies,2261714.7,1995977.95
7447,"CP Associates, LLC",4301151.81,3464543.31
7448,MacroFin Analytics,790484.33,684222.55
7449,LexaGen Freedom Accelerator,2986152.45,2437151.0
7450,Tricon Sourcing,4073110.02,3758814.03
7451,Unikor Staffing,3836648.12,2898160.49
7452,rcm ceberio,2611758.56,1888111.52
7453,"Your Golden Opportunity, LLC",681395.64,557153.44
7454,Teho Technology,2227170.5,1599860.11
7455,Magical Healing,1088831.22,769615.58
7456,MEKRist Inc,1572863.52,1096068.95
7457,Essential Procurement Services Llc,3609833.71,2945258.73
7458,Great White Inc,1844894.78,1712589.57
7459,Andrea Jobst,4214217.9,3957229.13
7460,The Six NJ,286586.9,237192.84
7461,Meighoo Trucking inc.,4076730.77,3042861.13
7462,Zakson's Fine Furniture and Interior Design,3568171.35,3226185.39
7463,Awards of Brick,1393370.7,878070.54
7464,Premium Grinders,4370478.84,3202154.88
7465,"Olga Dfouni, Howard Hanna |Rand Realty",1555329.93,1432559.0
7466,"EVE CAPOSELA, Howard Hanna Rand Realty",1121885.4,682002.28
7467,Robert Ortiz Realtor,419786.0,311556.46
7468,Evelyn Bevere,2794881.46,2225652.91
7469,"Gary Kraft, Howard Hanna Rand Realty",2348226.0,1599331.52
7470,Joe Simone with Better Homes and Gardens Real Estate Rand Realty,4403411.74,3115790.62
7471,"Matt Huda, Realtor",2604623.54,2328497.51
7472,"Joseph Palermo, Howard Hanna Rand Realty",2457986.04,2142431.56
7473,"Geri Palermo, Howard Hanna Rand Realty",3893447.08,2966964.78
7474,Stephanie Grosso,3144197.33,2285400.68
7475,Cherilyn Maglio - Better Homes and Gardens Rand Realty,1750675.96,1132374.1
7476,"Jo Ann Kirby, Howard Hanna | Rand Realty",3648403.89,2268927.94
7477,"Christine Koenig, Realtor",340258.79,280570.96
7478,Miss Jolie Music,4567662.59,3089282.76
7479,Montessori Children's School,4796138.58,3047554.79
7480,tumble nasium,991517.74,783084.41
7481,Jolie Della Valle,559784.92,387699.26
7482,One Dollar Zone,4680101.72,4170582.77
7483,Fresenius Medical Care at Preakness Healthcare Center,4564897.39,3795075.49
7484,Passaic County Human Services,3647601.53,2364467.42
7485,Ancelmo Hospital,1306340.53,1226037.8
7486,Fresh Food Plus,2107315.88,1536546.89
7487,Brand X-Cavating,246072.63,176341.35
7488,Preakness healthcare,738949.57,516246.42
7489,Passaic County Emergency Management,1199777.01,803398.41
7490,Dough Palace,4111684.44,3700133.41
7491,"Crossroads Realty, Inc.",4103408.32,3058752.95
7492,Rose City Transmissions,2926678.4,2062127.56
7493,The Garden Nail & Spa,4478994.92,4053297.79
7494,Madison Cleaners,2285746.31,2016482.6
7495,Rose City Liquors,2794692.66,2430729.54
7496,"Applegate, Quinn, McGee Attorneys at Law",4332134.14,2639542.98
7497,Once And Again Consignment,3091615.6,2520942.59
7498,Rose City Nails,1855090.41,1164834.76
7499,The Pink Pear,3789683.89,3521457.99
7500,Fast Fix Pro Repairs,4774893.75,3800150.22
7501,Lalaland Hair and Beauty,4908234.83,2969514.56
7502,Snooki Shop,256663.68,215131.23
7503,The Nature of Reading Bookshop,4640451.78,2998459.35
7504,Town & Country Framer,4010773.85,3539425.36
7505,Salvatore Mina Ardi Salon,3010581.64,2341526.16
7506,UniTravCo Travel,3999539.06,2520980.85
7507,Esquire Barbers,2316811.02,1637531.28
7508,New Leaf Consignments,1663626.27,1537797.99
7509,The Loft Salon Madison,858127.02,754816.52
7510,Joel M. Bacher Attorney At Law,943528.92,661162.26
7511,Sanzari Construction,205194.9,130054.93
7512,"March Associates Construction, Inc.",862185.95,549787.09
7513,HearingLife of Wayne NJ,830616.43,522136.16
7514,The Law Office of Kevin Sisco,664973.97,436429.14
7515,CNY Wayne Limousines & Party Buses,1928579.0,1196696.46
7516,"Pashman Realty & Management Co., LLC",4252079.39,3265934.21
7517,Kaul Advisory Group,3743555.46,3291029.29
7518,Commercial Financing Solutions,3716432.4,3204761.98
7519,Thapovan Info Systems Inc.,2690448.58,2041082.74
7520,Consensus Metrix,4738765.67,3561858.86
7521,Steady Roots Yoga and Bodywork,2322589.73,2180022.11
7522,CHIROPRACTIC ACCESSIBILITY INITIATIVE,3758094.89,2905135.27
7523,First Laridian Mortgage,1995501.66,1829759.42
7524,"Maxons Restorations, Inc.",409756.17,380874.77
7525,Court Appointed Special Advocates- CASA of Passaic and Union Counties,2606213.83,1707271.46
7526,Cerebral Palsy of North Jersey,1459329.71,1009659.07
7527,Executive Conferenc Call,3874563.09,3117935.2
7528,TV Fix,475443.52,390190.48
7529,"Returns for KoreTrak, Ivy Leaf SkinCare, Betches, etc.",433228.52,394933.7
7530,Autobrush,4231524.76,2649784.68
7531,Student Athlete Academy,528212.3,328654.02
7532,Ultimate Team Outfitters,2262937.39,1445011.68
7533,Outsource 3000 Inc,1498239.36,1338625.18
7534,Benard Associates,3239270.63,2747380.48
7535,Vivino & Vivino Law Office,1654014.96,1042213.28
7536,Passaic County Education Association,2603262.58,1589452.88
7537,Bascelli Law Group,1629208.91,1186991.19
7538,Alger Cottone Maripat,3089763.4,2661966.36
7539,"Buglione, Hutton & DeYoe, LLC",1845858.11,1198661.45
7540,Bursik David H E,3115930.41,2924297.82
7541,"MHK Consultants, Inc.",968580.76,606346.2
7542,Metropolitan Food Systems,1147358.09,763620.16
7543,"Roy H. Binder & Associates, LLC",4573850.63,4300692.44
7544,Pro Haul 975 Llc,1326333.54,938134.55
7545,Sky Technology Partners,2870268.48,1900306.23
7546,Expressions Hair & Nail Salon,1590076.6,1198398.52
7547,Ym Ywha of North Jersey,3536292.93,2968926.22
7548,Jewish Genealogical Society of North Jersey,2483887.01,1971126.28
7549,Young Men's & Young Women's,923323.11,653280.86
7550,Gypsy Soul Tattoo,2236317.09,1881248.11
7551,Kona Education Services,587371.92,380116.56
7552,Suds Station Laundromat,1226482.43,1164803.83
7553,Salon Victor,3848373.8,2626176.07
7554,"Maria J. La Sala Law Group & Mediation, LLC",1455029.86,1367161.56
7555,"Nicola Stampone, Coldwell Banker, Wayne",4368109.69,3476506.25
7556,Raimondi LaSala & Bocker LLC,979533.92,919957.06
7557,The Karen Peters Group at Coldwell Banker Residential Brokerage,3107708.12,2497384.61
7558,Northland Realty Inc,3081036.31,2784938.43
7559,Coldwell Banker Residential Brokerage: Rosemarie De Riggi,1663756.49,1009548.31
7560,The Grande at Riverdale NJ,4458916.47,3016485.95
7561,"Osofsky & Bocker, LLC",3370974.63,2898149.69
7562,Safety Processes Consulting & Design,3948201.07,3086423.54
7563,Donald Fanelli,4499782.79,3319252.26
7564,Max Krasnopolsky,4321498.96,2924161.82
7565,"Rosa Adriana Vinciguerra, Coldwell Banker, Wayne",4382556.94,3572396.96
7566,Ellen & Roseanne Real Estate at Coldwell Banker,717433.2,662650.88
7567,Marta Samsel- Coldwell Banker Realty,4330551.01,3640923.63
7568,Adriana Vinciguerra & Coldwell Banker Your Partners for Success,625154.11,516115.54
7569,Diana Egusquiza-Alarcon Realtor @ Coldwell Banker,2098329.22,1349648.91
7570,Karen Houlihan Coldwell Banker,3675853.5,3487615.32
7571,Ada Sharel,899887.6,646994.46
7572,Real Estate in Wayne,1366182.87,934500.02
7573,Coldwell Banker Residential Brokerage - Tania C. Ferrucci,4301639.37,3559416.91
7574,Jacqueline (Jackie) Byram,2566746.08,2306360.13
7575,Karen Gottlieb,1736447.13,1137502.04
7576,Michele Moretti-Bender Coldwell Banker Real Estate Agent & Accredited Home Stager,3724039.93,3015696.99
7577,"Bruce Wiener, Coldwell Banker, Wayne",994632.82,866474.56
7578,"Thomas Mayer, Coldwell Banker, Wayne",2620452.22,1779647.53
7579,Fred the Real Estate Dude,3587860.13,2637657.77
7580,Roseanne Nover,4886221.27,3380596.78
7581,Matthew Bariso Coldwell Banker Realty,2619221.08,1657048.64
7582,"Linda Barmore, Coldwell Banker Residential Brokerage",3238421.05,2064063.57
7583,Anthony J La Sala Law Office,610229.42,497783.25
7584,Hot Bagels & Deli,3870741.36,3326563.36
7585,Wine Barrel,2973805.16,2405872.74
7586,Aª Nails,1173589.85,1093503.43
7587,Law Offices Of Larry Bruce Goodman,3999046.52,3586803.7
7588,Renee's Bookkeeping Llc,1777701.23,1386672.73
7589,NetQuall Technologies Pvt. Ltd.,1077124.57,893982.55
7590,Ground Alliance - Transportation Management Software,3867002.79,3193172.44
7591,Putrino Productions,3810548.48,2958446.08
7592,Goosehead Insurance - Verdi Kaba,2721603.65,2351161.74
7593,One Dollar Zone!,1921166.85,1313851.33
7594,Lapels Dry Cleaning,1231669.27,1006042.47
7595,Beauty Nails II,1150807.3,915224.83
7596,Cutting Crew,2263418.08,2027943.29
7597,Maioc,2035569.36,1615209.1
7598,PUC Foundation,1830896.05,1502824.85
7599,Pentecost Students and Associates,886411.69,571412.67
7600,Preakness Early Childhood Center,3360304.18,2805180.62
7601,Asia Nails,3056615.19,2816357.86
7602,One Stop Check Cashing Payment Center,1790252.73,1164862.56
7603,Jarons Furniture Outlet,4599144.06,2983726.93
7604,Sofi Cordero,1930656.03,1802843.52
7605,India Bazaar Farmers Market,837118.14,583509.38
7606,The Choco Shoppe,2507625.24,1945230.23
7607,MD Auto Repair and Tire Service Centet,1262005.2,1043779.65
7608,Butterfly Body Waxing Studio,1557267.43,1393934.16
7609,CourtLaw Injury Lawyers,4631938.72,3963399.57
7610,Quisqueya Meat Market,4061217.35,3782536.55
7611,Madison Express Multiservice,2144925.57,1839555.86
7612,Sabaneta Multiservices LLC,388659.98,295857.45
7613,One Stop Insurance,3681664.71,2363243.75
7614,YCapellan Custom Balloons Gifts & More,1987573.84,1736589.41
7615,Mob Spot Barbers,2073122.69,1278326.4
7616,Tanya's Beauty Salon,727461.42,629243.83
7617,Orellana Bakery,83439.4,69470.28
7618,Laundry on Madison,3777463.41,2365018.8
7619,Christopher's Auo Sales,602180.5,540870.65
7620,Monari Auto Service and Quick Oil & Lube,4915032.72,3828047.37
7621,Beachwood Music,3794661.45,3400948.14
7622,Bangs Salon,2764124.6,2243326.55
7623,Dario Architecture & Design,113380.06,85207.27
7624,SunMerry,3947736.93,3485542.94
7625,SalonCentric,4040325.08,2727168.06
7626,Laundry Store,3821963.31,3216126.98
7627,alkaram Studio | Gul Ahmed by Salai,361239.49,237072.82
7628,Brick & Mirror beauty bar,193975.55,164355.61
7629,Gras Lawn,4917149.61,3441528.93
7630,Deli Mini Market,121799.36,114180.08
7631,Pretty Nails & Spa,3755142.45,3068853.53
7632,Wizard Smoke Shop,4955014.27,4227985.08
7633,Royal Green,2358137.32,1837921.49
7634,Victory Pest Solutions,1375480.89,1022585.89
7635,Syntheon,870756.86,612603.91
7636,Mark Properties,798418.66,620625.27
7637,Old Dominion Freight Line,2239182.51,1842390.1
7638,Prestige Home Linen,3491781.22,2790747.46
7639,emi Industries,3525314.12,3221769.72
7640,Pupcakes and Pawstries Barkery and Shoppe,4611787.73,4146215.34
7641,Norman's Hallmark Shop,4373386.76,3913869.89
7642,Steck's Deli,1973415.26,1205219.49
7643,Jessie's Hair Illusions,1769086.44,1615909.54
7644,Overhead Door of Central NJ,2869329.87,2246553.35
7645,The Aaron & Rachel Meyer Foundation,118752.26,100339.43
7646,Wyckoff Deli and Catering,2453155.2,1476517.26
7647,Wyckoff Bagels,2489025.05,1651608.36
7648,Midtown Authentic Wyckoff,2783255.74,2531260.0
7649,National Artefacts,552520.23,512408.28
7650,Tuxedo World,3758661.0,2548431.57
7651,Small Wonders,4518887.72,2756486.44
7652,Cedar Cleaners,810064.53,537284.14
7653,Wyckoff Vacuum,2210844.91,2065598.73
7654,Alfa Romeo,4190068.93,3352075.64
7655,Sprout Cleaners,2932496.42,2073881.48
7656,Changebridge Nail & Spa,1706449.15,1315095.07
7657,Marra’s Italian Deli,3506044.66,2534826.82
7658,Dunkin' DD,4742104.48,3543261.64
7659,Beach Tag Kiosk,4990519.28,3242898.09
7660,Cadillac,837464.85,510483.06
7661,Law Office of Blair R. Zwillman,3971526.98,3372420.18
7662,Go Solar New Jersey,4107697.98,2600324.75
7663,bollo Salon,71754.75,59211.07
7664,Smile Cleaners,4509337.11,4115890.8
7665,Once Again Consignments,1801033.25,1082438.78
7666,Kim & Co.,1142259.04,888728.28
7667,Towaco Cleaners,2315333.59,1813246.24
7668,Paradise Nails and Spa,2655359.08,2088516.55
7669,Ju Enterprise,1719733.67,1060408.16
7670,Garden State Home Buyers,2004890.46,1727664.07
7671,The Space Store,863388.39,803872.87
7672,Woolley's Fish Market,1006791.6,793142.89
7673,Claws Cove,491902.55,320860.12
7674,Lacey Auto Care,4418267.18,2964411.37
7675,Mandee,1126836.93,1056850.31
7676,Girlfriends on Main,4114397.86,3214087.92
7677,Cupcake Wish,4788619.43,3622211.68
7678,Mystical Blossoms,800242.19,726518.81
7679,"The Center, Life in Balance",4895933.22,3729829.83
7680,Medford Running Co,432592.61,345297.75
7681,Arch by Jill Marie,626907.17,501659.67
7682,Mrs.Bzzz Pest & Termite Solutions,862737.79,715482.16
7683,Rubin Michael,2084907.36,1295100.98
7684,The Law Firm of Robert H. Altshuler,332908.97,200669.29
7685,Molnar Robert S,1886561.53,1619001.3
7686,DLA Realty,368553.97,295981.58
7687,R Altshuler Esq,3094964.76,2236513.43
7688,Chrome Culture Inc,2433928.0,1474395.06
7689,Training Innovations,2112494.36,1391001.52
7690,Eagle Research Inc,3094617.01,2297179.35
7691,BLOOM Baby,1765326.53,1660920.49
7692,Pet Asylum,4567586.4,2922438.0
7693,New Luxe Nail Salon,1620533.35,1312811.27
7694,Gemsmith,699796.12,436388.85
7695,"Maryam Altadouka, Realty One Group Legend",3987400.75,3291487.62
7696,Good Friend Electric,3517746.38,2250217.89
7697,Doremus,3068833.95,1916987.77
7698,Lucki Clover,2096268.48,1447388.28
7699,Jack's Music Shoppe,266702.29,164716.27
7700,Passaic County Regular Republican Organization,1840081.87,1539271.66
7701,Maria H Gutierrez - Realtor,3084865.79,2506912.97
7702,Nails By Anntanny,3656334.36,2664156.39
7703,higi,3967423.0,2745809.88
7704,"RE/MAX Legend: Christina ""TINA"" Dobsa",1056659.28,658878.19
7705,"John Rothgeb, Realtor®",739051.31,475756.59
7706,BioTC Labware,4484113.29,3236877.43
7707,"Hatt Management, LLC",3069145.39,2097813.91
7708,Rebel Rose Studio Organic Spray Tanning,3411709.26,2253456.93
7709,Intershare,3879353.17,3412654.22
7710,Creative Furniture,3745643.15,3029747.18
7711,Cole Jr Robert J CPA,855344.77,790566.47
7712,Remodeling Network LLC,68493.84,58762.54
7713,Trees Unlimited NJ,2566917.52,1547567.52
7714,Alcatraz Security Systems,2557796.94,1977104.67
7715,SensoTech Inc.,1446141.18,1307734.09
7716,Action Realtors,2174227.99,1474364.48
7717,Dalba Goeller & Co,1647776.19,1533725.6
7718,American World Wide Travel Bur,3746715.77,3057229.77
7719,Ontell Agency Inc,1275260.88,1110191.14
7720,Kris Lowe Construction,1644874.4,1046327.79
7721,Pilot Corporation of America,206850.73,140499.51
7722,Lucilles Candies,3265588.94,2281587.39
7723,Bell's,3218611.25,2556056.41
7724,Metropolitan Plant & Flower Exchange,924395.75,792493.13
7725,Mitchell Gold + Bob Williams Home Furnishings,4090927.27,2977874.73
7726,Gym Source,2438145.39,1974585.84
7727,Harold's Deli,3326804.22,2466741.63
7728,The Bicycle,4102936.04,3140568.81
7729,Happy Nail & Spa,4066175.89,2507941.64
7730,Jembro Clothing and Home Goods,2311606.98,2137425.06
7731,"Michael Pesochinsky, Attorney at Law",407313.74,373952.57
7732,Timothy E Ryan Home For Funerals,3227673.35,2707681.11
7733,Woo-Ri Mart,257431.91,179604.88
7734,Brian Gordon - Prudential Financial,908896.39,581831.49
7735,Bharat Shah - Prudential Financial,3692423.8,3047386.83
7736,Edge Marketing & Promotions,4925086.15,3006307.22
7737,Realty Executives Exceptional Realtors® - Wayne,711981.92,539113.02
7738,Gorilla Conferencing,4279025.89,3660072.46
7739,Ridgeview Title & Settlements,3528685.0,2909138.12
7740,CanRelieve,248183.3,195212.85
7741,Matash George R CPA,3151280.77,2960929.5
7742,Pristine Properties Real Estate Llc,3858685.89,3073744.3
7743,Hearington Group,1607235.86,1325539.52
7744,Mack Financial Group,1207869.51,943940.49
7745,ConferSave Worldwide Conferencing Services,3181462.29,2361385.4
7746,Hetherington Information Services,2296191.3,1704115.51
7747,Stone Street Advisors LLC,2066579.67,1452569.94
7748,Integrus Financial,4544784.44,3980031.27
7749,Premier Benefit Solutions,1913110.78,1395713.93
7750,mandoCentrik design services,3185250.77,2590827.98
7751,Stephan Rosario - Real Estate Agent,283113.74,245926.32
7752,53-55 Kingswood Rd,3644060.78,3410756.74
7753,Cloud PM,3299942.73,2327163.02
7754,Annmarie DeGeorge,2566184.34,1861315.46
7755,Meyers Frank J CPA,962176.85,785543.47
7756,Dunn Group,4680766.99,4245356.89
7757,Nissan,1972386.31,1225281.13
7758,Fischer Auto Body,3113178.97,2046450.17
7759,Herc Rentals,2047556.96,1388366.98
7760,Professional Beauty Supply,1045956.19,918488.91
7761,The Islamic Education Foundation of New Jersery,307957.19,264757.76
7762,Walpack Center Town Hall,3049289.14,2065991.75
7763,Peters Valley School of Craft: Store & Gallery,423803.3,267318.15
7764,Rustic Rose Florist,1742706.53,1415723.79
7765,Jet Office,393454.88,272888.86
7766,New Jersey Academy of Mediators & Arbitrators,2585249.92,2368096.28
7767,Foremost Corporation,1737067.38,1396072.48
7768,Franklin Premium Financing Services,2900077.2,1868641.64
7769,Argus Optical,2336007.92,1844258.48
7770,"Hajir Solutions Website Design - Hajir John Moghaddam, MBA",4575308.27,2903491.73
7771,Waks,3805702.96,3362397.24
7772,Basement Waterproofing Solutions & Mold Remediation,2255389.76,1850294.02
7773,Mr.Fence,1668897.52,1453545.16
7774,Weichert Realtors Freehold: Philip DeFusco,400260.23,379513.16
7775,The Vacuum Shoppe LLC,527221.53,413533.56
7776,Beth Braden - State Farm Insurance Agent,4944331.28,3695542.45
7777,Wayne Subaru Service,3681636.8,3200615.49
7778,Subaru Parts,1258105.98,1059212.47
7779,Jewelry by Leonard Designs,1601822.86,1380979.1
7780,Sunny - Vapes • CBD • Smoke,4108096.22,2913609.58
7781,Groomer's Bowtique,4744302.5,2893754.04
7782,T.L.C. Nails,3056930.47,2690571.39
7783,Underground Nutrition,342705.48,294983.08
7784,Prestige Car Services,1393042.43,1177743.8
7785,Trinity Holding LLC,3427589.0,2899536.92
7786,Horizon Disposal Services,1640839.3,1031283.48
7787,Jackson Avenue Pumping Station,4847720.02,4139768.37
7788,Dress2Impress,4176376.3,2934420.29
7789,NJ Motor Vehicle Station,4184324.18,2948116.81
7790,Cozy Foot Spa,3071892.35,2299318.35
7791,mini mart,2653248.73,2460336.67
7792,Joe Canals,941943.82,658991.93
7793,Tattoo Asylum III,2594156.75,1669295.4
7794,YOOR,701856.6,480737.75
7795,Astarita Research,3221313.13,2628497.69
7796,Horseless Carriage Enclosed Automotive Transportation,3588614.36,3169754.96
7797,Universal Supply Co.,2402027.31,1788381.31
7798,AllSpace Storage,832924.8,680065.73
7799,Alpine Auto Gallery,634835.75,553976.2
7800,The Padded Wagon,3706409.15,2768176.61
7801,Atlantic City Fire Department,4535383.5,2748254.57
7802,Health Food,2574966.38,1562922.99
7803,Jacked Up Customs,3263082.99,3094215.13
7804,Bill Cook's Auto Service,1803874.8,1598331.91
7805,Suzuki of Wayne,1331973.08,808773.76
7806,Lincoln of Wayne Service,1142528.76,829655.13
7807,The Detail Shop,109507.9,70483.99
7808,Lincoln of Wayne Parts,1194955.35,737047.21
7809,One Day Doors & Closets,2663521.09,1845157.57
7810,Clean Sweep Vac Shop,2407384.78,2283763.11
7811,Merci Beauty,4533437.28,2817088.21
7812,Hair Flow Studio,2393573.98,1563989.07
7813,Lovely Locks,4757263.04,4221211.0
7814,Elysium Studio,2586008.68,2384298.45
7815,Gifted Suite Hair Studio,3778015.21,2955077.29
7816,Mia Bella Hair Studio at Sola Salons,478906.83,393911.72
7817,Leenas Hair Studio,1340043.28,1012694.67
7818,Heather Rose Hair Studio,3522805.63,3150870.43
7819,Naturally Dope Hair Studio,1552495.71,1037538.35
7820,Dana’s Color Vanity,4159296.58,3496061.54
7821,Blend Studio 15,2247327.06,2064352.84
7822,The Museum Spa,1634778.98,1235670.5
7823,Glamour Wax Studio,4173426.52,2899280.37
7824,Reverie Hair Space,2225084.42,1968603.2
7825,Lightning Lash,1632772.62,1550894.17
7826,Rebecca Health and Beauty,2547540.7,2406810.28
7827,Sara Jean Hair and Makeup Artistry,1858419.13,1352410.76
7828,Gmarie Hair Studio,1416369.79,1183194.25
7829,The Mane Suite,3966798.14,3157029.29
7830,The Big Gay Viking,1451467.6,950909.82
7831,Bourne pretty nails,326953.38,271939.21
7832,Jai's Beauty Bar,601147.63,377082.67
7833,Brows by Corinne Marie,2857870.4,2549104.44
7834,Sophie Marcs Beauty Space,4888168.47,4635705.12
7835,Bagel Connect,3388931.26,3001873.75
7836,Rouge Nails,3905137.31,3015392.29
7837,M&G Best Nails,1933238.06,1568878.98
7838,Farmers Insurance - Jason Tucker,4627047.77,4186523.43
7839,First Source Lending LLC,1557307.14,1054531.66
7840,Family Counseling Center,2683388.88,2394345.19
7841,Our Massage Chair,276886.82,235351.5
7842,Paul Miller BMW - Service & Parts,2122265.04,1832315.68
7843,All Care Distributors,1110686.08,1040594.73
7844,Momentum Tire and Wheel,732310.98,507065.56
7845,Pompton Tire Service,3451359.28,2770448.11
7846,United Yarn Products Co Inc,2694758.89,2479737.63
7847,Fullblown Body,385173.74,285379.92
7848,"Diztinct, Inc.",4427542.22,3965822.25
7849,Oxan Inc,676557.73,580988.21
7850,Reliant Systems LLC,4540648.95,3925279.13
7851,Notary Services,3586807.55,2773019.02
7852,Aarissa Health Care Products,2322943.64,1949641.68
7853,BrandsAuction,1614683.9,1510718.67
7854,Pete's Meats & Grill,373866.76,232459.92
7855,EXtra Smoke Shop CBD,4859503.51,3305250.83
7856,King Smoke Shop,926074.27,752946.2
7857,GBE Events,3066524.22,2013433.29
7858,Gurland Pavilion,1820979.42,1544537.35
7859,Grounds Complex,2739531.99,1828469.43
7860,ABCrystal,4165648.84,2773498.68
7861,The Produce Place,3488316.41,2870214.15
7862,WAYNE CUB SCOUTS PACK 130,113123.64,78735.34
7863,Buy Rite Rugs,2059106.91,1277445.46
7864,Majestic I&MS,4679707.0,3374918.25
7865,SiteOne Landscape Supply,1017699.62,905943.55
7866,Zippy Shell Mobile Storage,2842762.72,2590094.43
7867,Badanco Holdings Co,1123972.02,954744.35
7868,International Soccer Training Academy,2720107.78,1774300.74
7869,Cash Cow Storage,2505882.41,1578100.56
7870,Mountain View Auto,4051760.5,3795182.33
7871,Banyan Elementary School,2606690.53,2193989.67
7872,Dunkin’,1836498.19,1716605.14
7873,Fairfield Food Market,2604511.99,1595452.49
7874,Euro Autoworks,1425027.09,1187688.78
7875,Fairfield Power Equipment,4090494.53,3124238.64
7876,Fairfield Township Parks and Rec Department,3147450.84,1976265.38
7877,Corrado’s,416712.77,280131.11
7878,Day to Day Essentials,3968858.81,3711589.59
7879,Raymour & Flanigan Furniture and Mattress,1293269.76,1068543.51
7880,Fairfield Farms,265774.07,217157.09
7881,Convenience Liquors,1047365.37,646761.04
7882,Prohaircutters,4779116.97,4510400.44
7883,Bulk Pak USA Corporation,4152042.09,3132457.97
7884,STC Equipment Corporation,4571379.12,3127257.42
7885,Choice Financial,4848070.69,4005933.51
7886,Country Farm Convenience Store,3150476.41,2007334.98
7887,Kid City,2111314.11,1292013.83
7888,Public Storage,1741197.19,1317647.19
7889,Capital Lighting,3119954.76,2113504.13
7890,Hanover Supply,901154.23,568091.87
7891,Ed Mege Motors Complete Auto Repairs Foreign - Domestic Gasoline,3987488.94,2701531.57
7892,"Constructive Building & Remodeling, LLC",219998.83,134477.01
7893,EMS Professionals,3102316.82,2735519.37
7894,Snowscapes,3170334.54,2855725.87
7895,CMM Strategic Communications,1279961.55,863345.58
7896,Cobalt Medical Supply Inc,4982572.18,3234566.35
7897,GD Group Custom Pools LLC,3238501.79,2017510.09
7898,DMJ Industrial Services,2297209.19,1399859.51
7899,Engine Technology & Machine,1387003.93,1208670.17
7900,Western Pest Services,1564191.75,1415438.46
7901,Nj Rug Cleaner,2410659.18,2164006.24
7902,Less Stress Instructional Services,3268105.33,2379822.56
7903,Thermal Dynamics,2010486.84,1208234.4
7904,WT Installation,713454.34,581479.87
7905,Screens Inc,765774.35,470922.31
7906,Turbine Tech Torque Converters,4693245.21,3945597.78
7907,Tree Service Bernwood,4857907.7,4593903.52
7908,Metalpro Custom Construction & Railings,2016832.18,1822594.04
7909,Wayne Moving & Storage,1628605.93,1005741.01
7910,Kulicke Jewelry School,3746089.49,2636685.97
7911,American Contractor,3671169.25,3135806.65
7912,D & M International,116954.68,79010.94
7913,"Turbine TeK, Inc.",3518174.43,3069593.06
7914,"A1 Prestige, Llc",4351102.55,2910445.97
7915,Grateful Dogs Grooming & Daycare,4401540.38,3678920.4
7916,Dengel Associates,485765.17,356452.26
7917,A & T Auto Services,1508827.59,961278.7
7918,Tropical Foodmarket,66469.06,53740.15
7919,Access Self Storage,4805634.26,2898580.6
7920,Whos Gluten Free,3038397.93,2321238.76
7921,faust harrison Pianos,3604014.45,2902155.65
7922,Pella Windows & Doors,1991966.82,1846448.98
7923,The Exhibit,2132750.36,1609469.87
7924,KOHLER Signature Store,1470117.22,1166110.01
7925,HunterDouglas Design Gallery,4477530.52,4227646.87
7926,Puffcity Wayne,1682912.22,1306699.82
7927,Nice Cuts Barber Shop,4760943.58,4418310.39
7928,Macy's Furniture Gallary,3934655.02,3100898.09
7929,iXelit,3850018.81,2643975.22
7930,Professional Reconstruction,1664927.27,1196588.09
7931,D & C Glass & Mirror Corporation,2561991.27,2421564.05
7932,Eternal Life Clothing,1229813.76,1116700.78
7933,"Erol Gulistan Law Firm, LLC",4489019.7,3250930.91
7934,SERVPRO of Wayne,4003763.06,3213080.05
7935,Java Joes Bagels,4866030.07,3422216.73
7936,Katie's Pet Depot,887861.99,729563.14
7937,4 Ever Nails,4800620.66,3755357.19
7938,$1 Power,1338011.19,996492.0
7939,Oak !dea,540109.45,453534.68
7940,Donnelly Energy,2807118.7,1906251.17
7941,MOD-ARTE,4823428.86,3609154.49
7942,Jonathan Mark,4181361.82,3006758.95
7943,Michael A. Manna & Associates,2976166.1,2606629.97
7944,Clinton Wine,726733.94,578881.68
7945,Haney paint store,2074414.88,1286274.0
7946,Princeton Stone & Tile,986544.11,622974.85
7947,AAK Construction,3270195.85,2223148.7
7948,Paul Gauer Attorney at Law,3685847.88,2355039.2
7949,Garden State Job Lot,1922306.17,1540356.66
7950,A&C Farmers Market,2035803.72,1702071.0
7951,Master Tax,1107561.54,1003912.79
7952,Subaru Freehold,2935513.95,2570794.63
7953,Lotus Salon and Spa,4166087.92,2738987.88
7954,Nail Time,3718393.16,3256002.17
7955,Les Delices,3061455.54,2511111.49
7956,African Market,3053724.98,2621426.11
7957,Manyavar,4155710.7,3151612.78
7958,Computer Repair Solutions,2019400.24,1531919.0
7959,Wayne Ford Parts,3333245.51,3080189.42
7960,Wayne Ford Service,2527400.49,2320855.74
7961,SolidTies.com,4435348.75,4163445.25
7962,I Brows Threading Salon,3435762.79,2861341.42
7963,Soho Nails & Spa,630890.3,583745.93
7964,Goldmine Barber Shop,2449076.29,1506777.43
7965,Everybody's Barber Shop,99963.27,94206.54
7966,Main Street Dispensary,640274.13,542642.17
7967,Global Grace Marketplace,3065066.45,2695129.77
7968,Aronson Hecht Agency,4753897.01,4189045.55
7969,New Jersey LGBT Chamber of Commerce,3364775.87,2522941.77
7970,James Jimenez & Associates CPAs LLC,4211740.19,3246495.77
7971,Verp & Leddy LLC,4371050.46,3975867.5
7972,Constant Media,985417.25,764604.19
7973,John M. Traier & Associates LLC,4614920.95,2769726.01
7974,NJ Injury Guys,3854895.09,3068178.03
7975,Network Billing Systems LLC,2974717.46,2676622.31
7976,Schuckalo Realty Corp.,197574.16,147070.1
7977,Brand Glick & Brand PC,4100342.14,3324651.0
7978,Gonzalez Saggio & Harlan,1469954.96,1388760.34
7979,Flashback Inc,4768396.91,4481851.27
7980,Semper International,4660907.31,3945343.48
7981,Pinnacle Consulting Group Inc,2582227.91,1581315.81
7982,Law Offices of AnnMarie Palermo-Smits,144272.06,110738.73
7983,Technology for Business Corporation,949747.68,588885.48
7984,The Bus and Tour Company,3784964.35,3530975.32
7985,InsuranceWebX,501868.35,363271.08
7986,Weiss Richard,924067.42,641676.95
7987,Waks & Mecky,4429039.29,4155901.13
7988,Versachop,2160933.08,1679548.14
7989,Mecky Irene U,577675.56,462521.38
7990,Streamline Mortgage & Financial Services,3340160.79,3003479.71
7991,Circle Of Fire Tattoo,2665325.46,1987350.89
7992,SK Petroleum Services Inc,2076995.3,1893738.52
7993,JGM FUEL INC,3744260.88,2328713.58
7994,Decor,2960337.75,1984276.79
7995,Costco Wholesale,2345057.36,2187529.38
7996,Uncle Bob's Storage,1905398.78,1765471.17
7997,Kimco Realty Corporation,920023.86,833822.44
7998,"Liberty, NY",469523.86,425820.92
7999,Family Wholesale Kitchens & Baths,2126138.88,1941512.16
8000,Wayne Diamond Center & Jewelry,3855950.13,2998007.72
8001,Cherish the Moment,3783846.9,3498564.9
8002,Discount Furniture Place,4989017.21,4584741.51
8003,Aptimized,2674613.75,2365231.07
8004,Novel Brands,4019684.56,2722556.36
8005,Hunziker Jones & Sweeney PA,3415138.16,2275612.63
8006,ProjectorScreenWorld.com,4411013.84,3395659.85
8007,Wayne Garage Door Repair & Install,536502.09,487882.04
8008,Demetrius Berkower LLC,703514.18,597891.96
8009,Insync Design,1910364.61,1639876.32
8010,Tom Mary,3409948.69,2662162.81
8011,uma technologies,1009785.78,927914.94
8012,GIST clinical trials,1121423.47,705824.63
8013,ENTER Patient Registry,3089410.1,2712512.91
8014,Amsalem Business Travel,1210206.98,1002882.03
8015,Copper Fit,4698135.35,2828283.76
8016,Biz@Net,2671405.25,1768266.09
8017,Rumana Scott T,3422177.28,2600655.42
8018,Jones Robert A,1308662.32,1052905.65
8019,Willowbrook Pediatrics,4465288.38,3841397.98
8020,TagWorks,4833112.65,3981613.76
8021,Poor Cat Designs,2487717.37,2153064.72
8022,Red Bank Artisan Collective,2030990.08,1442404.75
8023,Goldtinker,2526243.9,2004625.83
8024,A Time To Kiln,1173942.08,783538.81
8025,Red Bank RiverCenter,2071158.68,1457904.22
8026,Spitball,1915820.24,1239400.21
8027,Barbizon,710443.58,548414.08
8028,Outtakes,801142.04,646774.99
8029,BuyRite Paddock Liquors,2951997.44,2143131.12
8030,Don's Shore Organic Dry Cleaners,4995306.6,4486214.82
8031,Tiki Image Tanning Salon,971153.39,764472.52
8032,Nail Club,3101395.63,2284284.14
8033,Jill Biggs Group - Coldwell Banker Realty,2118921.12,1989615.13
8034,Minamoto Kitchoan,1075023.27,809287.09
8035,Kai Sweets,4445251.69,3683358.3
8036,Kinokuniya,4943429.76,3021546.2
8037,Ironbound Grocery Store,2309326.15,1835156.02
8038,RCBC Student Bookstore,3058472.45,1921047.66
8039,RCBC Public Safety,4559525.58,4275347.08
8040,D&G Interiors & Designs,270993.72,220464.33
8041,iFix Hoboken,3628297.86,2996133.17
8042,GlossLab,3479528.51,2090267.56
8043,Mister Bubbles Laundromat,3395179.68,3054846.7
8044,Destiny Thrift Shop,3207042.83,2533657.47
8045,Toms River Mitsubishi,2821592.99,1824283.01
8046,Toms River Volkswagen,703684.86,566669.91
8047,Sterling Cleaners,2730818.15,2231328.23
8048,Sohno Bakery,3471018.3,2418684.96
8049,American Heart Association CPR/ACLS training - ShowMeCPR,4864627.39,3496693.36
8050,One Stop Service Center,3295995.69,2450158.66
8051,JAM Graphics,274479.11,175194.93
8052,Abessi Law,820718.67,554938.2
8053,Palumbo Victor CPA,709780.62,598020.12
8054,Liquivida Wellness,4180720.16,3311617.62
8055,Rainbow Cleaners,942022.57,758044.54
8056,High Country Ski and Tennis,1052552.07,944486.68
8057,Bitcon Photo & Video,279583.1,178241.86
8058,Eventium,845028.58,582045.94
8059,Jewish Family & Children's Services of Northern NJ,1399905.37,1300636.67
8060,Abt Services Inc,3583799.26,3300138.71
8061,Lighting Studio,390568.04,335641.56
8062,Abbey Carpet & Floor of Hawthorne,154971.8,120442.44
8063,Family Mini-Mart,1990121.67,1443949.32
8064,Salon Salon,1456512.19,1173912.24
8065,Moe's Guitars,3493507.72,2398879.43
8066,Hawthorne Barber Shop,1092365.68,1023025.14
8067,Maria Party Planner,2689414.68,2400962.77
8068,Baking Grace,529277.57,347099.16
8069,Il Dolce,2273321.32,2085714.81
8070,Silex Financial Group,1721080.67,1621678.41
8071,Financial Foundations Group,2021011.54,1762282.68
8072,Stewart's Lafayette Deli,1353913.14,955682.85
8073,Leesman Insurance,783392.18,724600.73
8074,Blue Ribbon Realty,4680793.77,3726587.03
8075,Spartan Lending,503901.15,436717.99
8076,Rudolf Mary,1030821.73,712860.19
8077,Ramapo Information Systems Inc,4631314.13,4348316.6
8078,Rocky Hill Cleaners,4121337.78,2901370.65
8079,Technician X,656260.29,559781.19
8080,Rodeo,1611244.75,1008939.38
8081,Metro Male,2184521.54,1368803.94
8082,Skillman Wine & Liquor,3078507.72,1890945.05
8083,Carlo's Bagel Shop,2209593.67,1691225.47
8084,Grace Nicole Salon,411644.98,314455.84
8085,Jennifur's Pet Spa,3471384.76,3027319.3
8086,Launder-Quick,4313701.63,3319167.9
8087,Hawthorne Chamber of Commerce,4423775.57,2813266.95
8088,Metropolitan Tile and Stone,2927095.78,2632257.89
8089,Fylstra & Fylstra,4498553.22,3542502.43
8090,Ernest DeMarco & Associates,2127235.47,2006816.25
8091,Richard J Sheeler & Co,2457606.54,1867246.47
8092,Tiffany's Florist,4772038.8,4516593.21
8093,Zorilla Agency & Co,4262310.62,3430067.72
8094,Hawthorne Center Laundromat,4149528.6,3808300.08
8095,Snoopy Nail,2065606.84,1620707.15
8096,Pam's Golden Scissors Salon,4621686.0,3956715.77
8097,Angelina's Fine Italian Deli,4698216.44,3996897.7
8098,Neat Cleaners,1260940.37,871859.41
8099,Amy's Day Spa,82823.5,66127.72
8100,Strand Salon,2019933.44,1510983.93
8101,NJ Commercial Kitchens,1774413.83,1443528.31
8102,GG’s Clean Treats,1739338.54,1211206.6
8103,Keeping You Sweet,4085225.22,3800290.32
8104,A-Van Electric Supply,2593471.61,1616825.8
8105,L.A. Perfection Nails,1074318.29,976698.75
8106,Fine Wines and Liquor,2287324.1,1438494.17
8107,Phenix Salon Suites,1792416.07,1394311.49
8108,Moon Spa,2528342.75,2359350.02
8109,Bebe Nail & Spa,4821642.35,3371313.09
8110,Main Street Liquors,592725.92,398508.96
8111,Robert's Cleaners,1653585.17,1348447.26
8112,Lash & Beauty,1421580.14,854784.26
8113,Porcelanosa,279186.7,219180.66
8114,CK Crystal Nails,3390377.86,2933713.86
8115,Sparkle II Cleaners,1477507.68,1079536.03
8116,Melcons Pharmacy (Former Location),3904840.86,2727190.01
8117,New Cozy Nails,1180128.09,1008722.98
8118,Diamond Bridge Barber Shop,2879228.13,2688516.2
8119,Isaura Bakery,674101.99,527488.9
8120,Mr Van's Salon of Beauty,929619.76,641944.11
8121,Hawthorne Jewelery,1270579.12,914038.15
8122,Luv's Vapes & Smoke Shop,3076081.68,2344742.41
8123,Exit Solgar Realty,2191765.1,1661261.96
8124,DLM Auto Leasing,4873106.77,3605528.72
8125,"Douglas J Kinz, Attorney At Law",3604828.54,2759600.65
8126,Frederick Roughgarden,2923068.46,1929025.79
8127,Tony Conte Formalwear,342265.07,211093.19
8128,The Chocolate Box,3594804.48,2189110.0
8129,Jackie's Klip Joint,1287710.36,916628.01
8130,Silk City Tattoo,4816107.95,3562577.48
8131,Hawthorne Convenience Store,2502931.5,1702074.22
8132,"Robert Del Vecchio, Attorney",2778834.71,2476565.29
8133,Best Stone and Kitchen,4395871.51,4159775.14
8134,Wonderland Smoke Shop,3333497.18,3056968.95
8135,Exceptional Lighting,2840121.36,2571709.13
8136,Motorcycle Center,1598794.96,1437803.49
8137,Looms,1149535.82,747457.65
8138,New Jersey Hair Salon,785361.12,544298.81
8139,Lakeshore Learning Center,3602566.13,3379846.66
8140,NJ Motor Vehicle Center,624302.07,523194.4
8141,Christy's Florist,3427332.44,3079232.58
8142,Eric's Premier Auto Center,3495749.43,3208794.87
8143,Shiny Nailz,1869668.98,1366679.88
8144,John Martin Hair Co.,3512368.33,2191760.36
8145,Frank's Big and Tall Men's Shop,959263.29,698797.33
8146,Yoyo Nails & Spa,4186175.03,3408159.85
8147,Spa & Skin Care,4517569.86,2787737.76
8148,Vape-N-Tobacco,1005644.24,618868.75
8149,Sunshine International Food Market,3512974.9,2318027.51
8150,La Casa Massage & Spa,2041816.6,1754262.05
8151,Dancin' On The Moon,2497663.88,1756691.11
8152,Impressions Hair Salon,924279.59,834866.55
8153,Don Fransisco Cigars,1855171.29,1717964.79
8154,Route 18 Massage,2470823.07,2063747.6
8155,Batteries+Bulbs,823391.36,621138.37
8156,New Jersey Nails & Spa,4118341.76,2848545.74
8157,Expedia Cruises,1728717.29,1296235.78
8158,Foot Relaxology,1342579.43,995773.89
8159,Tribal Barbers,1733537.59,1535637.16
8160,Vincente's Salon,4398486.0,3418679.75
8161,Pennscare Family Pharmacy,729521.05,592092.04
8162,Showcase Grooming Salon,153653.66,142248.74
8163,Anthony's Specialty Shoes,4313999.57,3763023.24
8164,Liscio's Bakery,2448147.8,1757637.83
8165,Toms River MVC,3348357.38,2644918.17
8166,Pelican Ski Shop,1585422.53,1287996.36
8167,Any Garment Cleaners,1897214.47,1472475.49
8168,Kitchen & Bath,2445835.09,1827402.34
8169,AAMCO Transmissions,3574023.79,3314274.42
8170,Lee's Electronics,4774553.21,4177501.9
8171,Smiley's Glam Studio,1160568.45,766935.81
8172,Kim Belaire Hair Salon,827935.86,532113.02
8173,Fish Market,463666.91,286092.25
8174,Aladdin - Mediterranean Grocery,2781357.04,2137442.31
8175,Afandina Mediterranean Deli,3448160.69,3268100.92
8176,ECP Auto Service,2425914.16,1592698.52
8177,VP Nail Salon,1210028.47,1133635.12
8178,Ocean Spa,4146243.66,3147537.84
8179,Liquid Hair Salon,1221558.77,890078.49
8180,"CleanZones, LLC",4649583.68,3170031.76
8181,Giannetta Pasquale F,1595608.47,999584.93
8182,George P. Stasiuk,3358708.82,2585812.06
8183,"Fuhro & Beukas, L.L.P.",911623.06,808555.61
8184,N J Law Enforcement Police,4639989.71,3121032.14
8185,David Insurance Agency,4691750.74,3608535.81
8186,Career Press,492636.21,407898.84
8187,Phase1CPR - American Heart Association CPR Classes,612984.82,479427.48
8188,Sea-lect Seafood,2274449.29,1515833.83
8189,Johnny's Auto,3244564.98,2032544.55
8190,400 Dry Cleaners,3303220.06,2018204.04
8191,Cisne Nail Beauty Spa,3363834.0,2338744.56
8192,County Line Auto Body,951630.78,709583.53
8193,United Rentals,316738.11,194797.45
8194,The Open Door of New Jersey,2443364.69,1770965.8
8195,Chapel Hill Shops,3120854.27,2001991.55
8196,City Nails & Spa,3910796.16,3366465.72
8197,Kesting Ventures Corporation,4546717.99,4056770.01
8198,Red's Toy Shop,2863679.37,2015104.85
8199,Carousel Hair Designers,315324.52,249186.14
8200,Inspirations,3633186.43,3015325.68
8201,Old Bridge Vision Center,2091713.09,1808949.77
8202,Angel Nails,4625467.33,3865414.41
8203,Bhavani Farmers Market,2936578.49,1822232.37
8204,Fine Wine and Liquor Depot,4998674.42,3411191.34
8205,Citgo,562757.21,508819.45
8206,Kelly's Creations,4950348.25,4080626.25
8207,Polish Specialties,3318396.0,2595372.79
8208,Madison Tire & Auto Repair,4200227.52,3739529.37
8209,Rose City Collision,4466030.93,2828131.24
8210,madison eyes,894773.92,712796.28
8211,Madison Hill Nails,4096173.82,3099364.81
8212,One Hour Modernizing,3294322.1,2362429.88
8213,Main Street Wine Cellars,4152799.26,2534772.1
8214,Madison Feed & Grooming,1520430.51,1433954.08
8215,Dave's Auto Repair,4169976.37,3315682.32
8216,Betz's Auto Repairs,2752297.43,2588205.78
8217,JM Home & Garden,4368047.42,2956909.33
8218,Elite Pet Spa & Boutique,1082011.98,885664.76
8219,Frank Webb Home,2670545.01,2351518.2
8220,Currey's Auto Repair,1277052.2,1181740.47
8221,Heller Group,1524442.84,1155326.39
8222,"Wexford, Inc.",2188901.73,1593568.33
8223,Madison Memorial Home,2781174.58,2618117.64
8224,Rose City Repairs & Service,3774356.48,3130588.88
8225,Rose City Beauty,1986777.54,1574355.4
8226,Body & Soul Therapeutic Massage,3343681.18,2219976.73
8227,Baba's Bakery,849619.62,647819.11
8228,Independent Thrift Shop,4098187.45,3142959.72
8229,bitsbytescode,3437071.96,2425537.81
8230,Creative Hands,4572808.65,4027927.48
8231,Tommy's Garage,4960755.63,3903481.35
8232,Shaav,267063.75,233690.84
8233,Sayreville Office on Aging,2299789.86,2146935.83
8234,Delight Big Bazaar,897673.61,568009.29
8235,News Plus,3154606.46,2465785.18
8236,Baldwin Bagels & Bakery,4994361.2,3672997.09
8237,Jin's Nails,375503.47,304305.83
8238,Lee's Cleaners,1115291.68,753675.36
8239,NH Nails,3381527.4,2815621.6
8240,Holy Trintiy Office,341384.79,266396.18
8241,Moxie Salon & Beauty Bar Saddle Brook NJ,2446447.96,1502702.11
8242,Exhale Spa + Bathhouse,998485.56,753226.28
8243,Engine Wayne Truck Fire 4,3797580.8,2518024.47
8244,Herbie's Repair Shop,3053797.71,1884576.59
8245,Flea Market,3266111.48,2708534.12
8246,Wise Vision & Hearing,3679945.83,3406740.89
8247,Kid's Place,664837.1,470523.4
8248,Ecualaundry,3650024.18,2739848.86
8249,L.C. Supermarket,4449827.28,3282584.5
8250,Lago Brothers Shoe & Leather Repair,4159064.43,3567877.82
8251,Yuppy Puppy Grooming,99529.94,94324.39
8252,Liberty Furniture,902256.3,819061.2
8253,La Peluquería,210803.67,180587.19
8254,Afrakuts,2505414.92,1703779.52
8255,EverClear Pools & Spas,2551472.94,1948682.24
8256,Turning Point,3414933.43,2067462.11
8257,DaVi Nails,3697615.42,2393876.46
8258,The Battery Square,3352495.53,2801979.07
8259,Charmed in Company,1268281.49,1063142.15
8260,Stained Glass Stylists,572358.36,474991.62
8261,Holly Thrift Shop,734920.42,589277.81
8262,3 Sparrows Tattoo,1063388.4,862260.21
8263,Trapanis: The Motorcycle Specialists,53068.47,39428.21
8264,Shakers,3709753.48,2803013.03
8265,Doubletake Consignment,1778992.23,1110458.18
8266,Kings Cleaners,2164786.34,1485948.22
8267,Health Food Mart,1100449.26,1021161.22
8268,Innovation Optics,4114629.54,2696104.63
8269,IceBox Studios,750590.68,681838.84
8270,Evolve MedSpa of Short Hills,4234957.4,2795710.65
8271,Verdeline Nails & Spa,3972942.69,3023977.56
8272,Martin's Casuals,482283.73,338132.98
8273,The Bear and the Books,2532976.64,2116041.76
8274,Morpeth Contemporary,2388397.92,2254542.28
8275,Avalon Carpet,1196864.48,1055134.27
8276,Julio Hoyos & Company Tax and Accounting LLC,1619865.21,1453955.28
8277,Junilan's Garage Inc.,3057325.5,2640870.47
8278,Oasis Auto Body,2511361.14,1994722.14
8279,Power Plus,3320284.51,2897361.75
8280,SWMHS Main Office,3317714.89,2567634.09
8281,Trojan Trucking Inc.,787868.22,743645.2
8282,Magnit Bazaar,1709165.66,1469161.04
8283,The Food Showcase,4715295.64,3191646.3
8284,Bella Salon,1652791.58,1448616.38
8285,Perfect Fit Medical Supply,1106633.02,981182.71
8286,The Hearing Group,248134.59,225594.43
8287,Maximus Hair Salon,3535771.99,3305676.14
8288,Malincho,3695199.81,2442542.82
8289,Fresh Grocer,3031248.84,2341554.32
8290,David's Bagels,3858545.14,3283073.74
8291,Law Offices of Bartholomew Baffuto,4598822.22,3119815.31
8292,Ego Salon and Spa,1676558.83,1248039.91
8293,Island Realty,3567919.15,2441036.45
8294,Ryder E-commerce Fulfillment,2292737.13,1441664.82
8295,Kean Admissions Office,3779096.08,2536184.58
8296,Mrs. Carmel Sweets,2476114.81,1986624.14
8297,Time For A Bagel,4824537.15,4422719.06
8298,NJ Transit Ticket Office,768751.79,468858.63
8299,Healthy Start Herbalife distributor,2820792.75,2330531.82
8300,Crystal Supermarket,1173897.94,748582.64
8301,Parlor 420,4484319.04,3541492.88
8302,Klean Bubbles Launomat,4272833.36,3128695.36
8303,Sandoval Express Services LLC,4634145.39,3643144.15
8304,Paola's Boutique,705445.46,664353.11
8305,Fashion Salon,3506326.04,2621593.96
8306,Bonitas Salon,669515.4,559464.88
8307,CN Multiservices,1666081.95,1093925.03
8308,Ely's Financial,4583905.63,4293544.33
8309,Bound Brook Laundromat,1318222.5,1025509.71
8310,25 City Clothing Store,3362908.16,2609826.18
8311,Jocy's Party Place,1055068.45,751876.72
8312,Realtours Travel LLC,4030331.05,2839697.96
8313,Karen's Beauty Salon,1747145.69,1276663.76
8314,Zm Grocery,4420580.18,3382016.66
8315,Shiny Angel Jewelry,2484714.91,2081584.62
8316,Pet Spaw,3395032.59,2314618.32
8317,Mg Beauty Salon & Barber Shop,4914843.53,4311088.98
8318,Flowers Ethan,1849528.29,1223002.38
8319,Melissa's Bakery,1081012.16,900961.98
8320,Gregorio's Meat Market,3250649.97,2426989.38
8321,Laundromat Center,1903276.56,1300474.54
8322,Quick In Food Store,1359047.65,1190350.81
8323,Camden Children's Garden Tickets,1366228.96,999209.25
8324,Adventure Aquarium Tickets,230646.77,161122.8
8325,Athletes' Alley,4511568.08,2801158.12
8326,RE/MAX Synergy,1037622.19,692727.5
8327,Super Foodtown,4896618.72,3479924.72
8328,Ortiz Architecture,3001150.1,2811171.26
8329,North Hunterdon Voorhees Regional High School District,4660090.18,2960386.0
8330,Robinson's Drug Store,1869091.87,1752317.55
8331,Food Fanatics Vending,3306982.52,2065734.21
8332,Silvio A. Cinquino Appraisals,182458.24,170435.15
8333,Eet Gud Bakery,4092182.99,3143032.1
8334,Booktrader of Hamilton,277044.51,210921.14
8335,Carella's Chocolates and Gifts,2928243.22,2658512.76
8336,Hamilton Farmer's Market,2885541.69,1805639.25
8337,Hamilton Fil-Am Foodmart,771047.34,711264.86
8338,T&H Nails,1921640.85,1554103.61
8339,Ceasar's Bagels & Deli,1563129.48,1359681.58
8340,Le Petit Salon,1349505.06,1206848.59
8341,C Green Marketing LLC,3587883.37,3120478.23
8342,Lakehurst Commissary,4989436.68,3289482.64
8343,Navy Exchange,1089194.25,775615.61
8344,Boynton and Boynton,2111437.48,1546699.32
8345,New Aurora's Salon,2525975.49,1809120.68
8346,SEP Filipino Grocery,3770290.39,2301113.61
8347,Newark Supermarket,4303480.51,2723510.23
8348,Danica & Irene,2280122.96,1922507.16
8349,M & M Deli,2433854.89,1744830.82
8350,Monteleone's Bakery,1680057.92,1056634.98
8351,The Carpet Mill,1933945.07,1247929.86
8352,Automotive Avenues,1226872.53,1113131.41
8353,Glowtester Technologies Inc.,3209108.45,2096509.57
8354,Bonzão Supermarket,1007343.59,939707.52
8355,Pão da Terra,3952141.42,2552166.9
8356,Ramapo College Bookstore,2232591.89,1961503.85
8357,Convenience Store,4258687.51,4006576.76
8358,Ardene,2475307.77,2337740.38
8359,Philly Diamond,493612.95,385739.72
8360,Lotus Nails,728935.9,662735.23
8361,Easy Pickins,4335733.63,3591722.75
8362,Journeys Kidz,1665188.52,1095267.39
8363,Banter,1442058.81,1198227.86
8364,Miniso,2813153.99,2022286.81
8365,Sugar Queen,2238647.55,1494766.3
8366,Pro Image Sports,2376806.22,1985598.21
8367,Austin 5,4281508.14,3694792.8
8368,Qi Balance Spa,1910976.52,1409701.79
8369,TestAmerica,2598176.23,2153502.25
8370,A Plus,4976800.77,3644196.49
8371,Windsor,2864849.99,2646624.61
8372,Vans,2395537.8,1956143.91
8373,Time After Time,3605585.68,2666011.4
8374,Aerie,3316358.22,2373490.29
8375,Dynamite,4043790.52,2512414.57
8376,Express Men,86770.21,66715.29
8377,Morphe,2498905.87,1859756.69
8378,Relax Spa,1044745.09,731163.6
8379,XXI Forever,4326198.38,3129254.41
8380,Rally House,802991.1,713897.88
8381,Custom Apparel Company,908098.04,822822.18
8382,East Meets West,1180075.73,965487.18
8383,Soleply,697737.82,584207.55
8384,Zara Brow Bar,458766.35,326802.45
8385,Welsh Farms Food Mart,4950769.36,4460164.77
8386,Fancy Pets Pet Grooming,3921602.05,3147909.29
8387,FCi Furniture Consultants,220201.78,206197.45
8388,Tuxton Formal Wear,1171074.04,724488.28
8389,En Masse Coworking,2666877.69,2126388.65
8390,Merzatta,2820622.84,2413127.59
8391,Shaffer's,3538396.71,2584046.1
8392,"Tanya L. Freeman, Attorney At Law",2698752.79,2110542.7
8393,Donna's Pet Depot,4534562.58,4033820.44
8394,Rob's Carpet,4305894.0,3268301.3
8395,Wedded Events,624768.51,572633.14
8396,Alberto Sanchez Couture,267876.1,175607.8
8397,Elie Esper,1230791.68,814519.03
8398,Sonic Suds Laundromat of Elizabeth,3694933.25,2592169.0
8399,MWW+Public Relations,4346331.21,2886075.38
8400,Toyota,3015611.92,2505247.25
8401,FlynnO'Hara Uniforms,3616114.28,2892140.68
8402,Picture Perfect,3863451.04,3369410.86
8403,Law Office of Joel R. Spivack,2174345.93,1330497.63
8404,Nurse Wellness and Hemp Dispensary,2310409.67,2100370.67
8405,Value Village,1964374.75,1568223.51
8406,Jembro,1176738.87,810374.85
8407,Madrag,762869.87,520889.74
8408,Red White & Blue Thrift Store,1154824.12,840697.86
8409,Cake Walk Bakery,796609.3,616999.18
8410,Kink Centre,3213552.47,3009647.53
8411,Wm. A. Bradley & Son Funeral Home,4869442.23,4203112.46
8412,Vegan Pastry Lab,936233.87,600641.2
8413,The Shade Store,4002470.22,3723194.59
8414,The Decorating Store at Terminal Mill Ends,3058141.26,2426601.42
8415,RevHealth,773798.09,709420.34
8416,Wells Rug Service,3985857.53,3171554.49
8417,The Work 'n Wear Store,1217044.93,938672.05
8418,J&S by Stark,378886.32,300221.54
8419,Carrion Auto Repair,4197065.97,3393217.97
8420,Chichi Auto Repair,4231463.46,2765567.63
8421,Janine Berger,3918266.27,2966579.69
8422,Mandoli's Custom Cake Confectionary,3713713.97,3102984.92
8423,"Yezzi Associates, LLC",1029013.65,960547.67
8424,Copy Center,3905297.83,3443212.21
8425,Village Cleaners,356753.65,263899.83
8426,Mr. Cuts,1269842.74,945870.84
8427,Lucky Nail Spa,1192553.86,1132635.04
8428,Inkredible Art,4188926.84,2817681.92
8429,Nurture Pet,1212282.77,1002093.37
8430,iStorage,4744978.86,4417591.9
8431,Smitty's Wine & Spirits,1758141.09,1614062.4
8432,Paulus Hook Farmers Market,4937389.44,3611633.55
8433,PGA Tour Superstore,84757.21,64731.15
8434,Dazzle Wireless Store,4260633.65,3939333.49
8435,Smokes & More,739258.44,697858.04
8436,Cocoa Bakery,4174079.93,3356267.03
8437,Vail Place Beauty & Nail,3161361.79,1975814.29
8438,C.R. Multiservices,2607040.78,2407829.49
8439,Anthony's Shop and Save Supermarket,3268881.67,2330852.11
8440,Zen Leaf,3658783.92,2236719.61
8441,Citi Grocer,682676.2,634915.06
8442,BBB Liquors,4983932.17,3373271.16
8443,Port Liberte Deli & Wine,94547.64,75656.51
8444,Ridge and Valley Charter School,2771660.93,2178537.44
8445,American Gold & Diamond Buyers,197080.54,143155.94
8446,Jess Marshall Agency,688974.31,501418.6
8447,US Nails,3139498.47,2654235.56
8448,Allied Vision,4065772.58,2489887.47
8449,Sun Cleaners,2962498.41,1999034.79
8450,Metropark TIcket Office,2750189.22,2041179.0
8451,Yates Law LLC,3013881.91,2334654.81
8452,CPR Just 4 U LLC,1462993.24,1063952.64
8453,Salman Grocery,3949594.01,3180640.08
8454,"Brenner Spiller & Archer, LLP",3160341.33,2000599.12
8455,South Jersey Welding Supply,3489792.7,2250059.41
8456,Elis Motors,3740263.12,2476628.81
8457,Always And Forever Flowers LLC,657802.26,503385.73
8458,"Nicole Wolf, Princeton NJ Realtor - BHHS Fox & Roach, Realtors",4791636.58,4431891.92
8459,"Steven Bocchino, CPA",2978611.87,2035210.18
8460,Walker's Apothecary,1158946.03,977801.68
8461,"R & R Steam, LLC",1540473.61,1429481.67
8462,Salon 121,1886619.98,1774799.34
8463,West Milford Hardware And Supply,2049909.15,1467305.64
8464,Kam K Yuen LLC-Golden Insurance,2410632.76,1806740.51
8465,Garcia's Liquor Depot,4250202.21,3638931.13
8466,El Carretero Bakery,3750784.51,2635247.89
8467,Old Bridge Parks and Recreation,3426429.53,2552959.2
8468,Old Bridge Tax Collector,3323608.83,2809098.03
8469,Second Home Day Habilitation Center,3200462.76,2498638.97
8470,Jabes Florist,262222.09,231873.42
8471,The Connolly Agency,4504187.23,2969392.57
8472,Elite Nissan Dealership,4649681.83,4410710.79
8473,Leaf Tobacco,3367072.65,2258795.36
8474,IRepair & Color LLC,4632974.15,3438452.83
8475,Hudson Greene Market,1114476.05,892270.11
8476,Hobbytown,2425879.06,1593163.82
8477,The Beauty Store & Salon,3995033.82,3032500.96
8478,Biedronka Polish Deli,3877672.65,3051733.9
8479,Nail Expression,1662278.07,1092567.32
8480,Just For You Flowers and Gifts,456252.6,353880.47
8481,MLS Medical Billing Services,4926563.85,3890090.92
8482,"Jacobs Berger, LLC",2083666.15,1884086.48
8483,SmithSolve,2901771.33,2133996.83
8484,Noa Jewelers,4998275.69,3895668.71
8485,Moninghoff Appliance and Supply,724840.92,632702.59
8486,NailZone,691701.75,617600.21
8487,Windsor Green Cleaners,3898647.4,2927387.26
8488,Frenchtown Home & Hardware Store,3087893.27,2665050.59
8489,Perogie Enterprises,4620682.95,4131762.7
8490,Susan Clark Law Group LLC,1428088.34,1324840.9
8491,HomeSafe Inspections LLC,166474.22,113131.58
8492,DR Printing,1811414.18,1337541.06
8493,Tirupati Farmers Market,3864560.31,2904319.64
8494,Vlad’s Hair Studio,4367121.29,3800566.22
8495,Kingz Transportation,3641785.56,3198536.69
8496,Apricot Dried Fruits & Nuts,2827458.88,2306719.38
8497,Buff City Soap,3332106.08,2430839.96
8498,Artist Baker,3474403.56,2635075.49
8499,T & J Stone Corporation,4687646.32,3032834.9
8500,Gateway Bar & Liquor Store,2134469.27,1839497.47
8501,Brennan's Delicatessen of Rumson,4783271.52,3437090.75
8502,Canyon Pass Provisions,1442369.98,1278127.03
8503,Fairwinds Deli,2066679.15,1537222.71
8504,Prominent Properties Sotheby's International Realty,4259434.27,2739824.54
8505,Starlight Cleaners,4297347.72,3556451.74
8506,Younghans & Burke PC,1073392.61,692150.37
8507,Ray Catena Mercedes of Freehold,425176.69,312743.24
8508,Indigo,844952.64,601375.16
8509,UNTUCKit,2648580.81,2207594.53
8510,Thomas A McCarter,726562.69,553801.96
8511,Ada Beauty Salon,615045.89,581320.17
8512,Uneek Fashions,2408393.05,1779901.09
8513,Finishing Touch Salon,4502597.31,4153041.83
8514,Tentaciones,3252588.15,2234558.21
8515,Wireless Tech PRO,3759754.23,2690305.96
8516,Some's Uniforms,1839490.21,1212642.75
8517,Circle of Life Funeral Home,3257354.09,2261677.68
8518,Top Barber Shop,4636306.2,3711913.23
8519,Jimmy C's Barber Shop,3390620.61,3200974.04
8520,Ultimate Driver Staffing LLC,4959396.25,4168930.31
8521,American Towing & Recovery Services LLC,4449127.17,3664347.58
8522,Norton Travel Network,3483158.22,2880800.89
8523,Cordes' Wines & Liquors,755868.32,489722.27
8524,"Mark S. Parry, Esq",1426218.25,1239864.16
8525,Law Offices of Michael A. Sorensen,2842955.31,2460409.53
8526,Budget Print of Bloomfield,4814217.35,4026394.62
8527,Belvidere Lins Food Mart LLC,2998027.4,2495984.64
8528,J L Apter Jewish Memorial Chapel,4283948.38,3858691.81
8529,"NIA National Realty, Inc.",3526506.49,2585676.4
8530,AMC Insurance Agency Inc.,3265993.19,2763497.34
8531,Jaktool Engineered Solutions,3228064.4,2972446.76
8532,AmeriHealth New Jersey,1188611.56,744008.09
8533,Innophos,3332563.12,2533856.68
8534,Nano-Ditech Corporation,1774734.0,1650430.66
8535,Princeton Chromatography Inc.,1490783.55,1269361.21
8536,Daniel Linn - Prudential Financial,2789790.75,2575084.2
8537,Martin Insurance Group,2289337.32,1909302.6
8538,Accurant Biotech Inc.,3665266.91,3314837.35
8539,Bracco Diagonstics Inc.,727355.5,634476.2
8540,Primera Analytical Solutions Corp. (Cranbury Site),2672025.64,2439158.65
8541,Farmers Insurance - John Macchio,4670398.19,3870031.45
8542,J.K. Construction LLC,2928858.96,2711348.09
8543,Save-On Cabinets,2464101.73,1729688.19
8544,Middlesex County Clerk's Office,3395495.69,2551430.06
8545,Middlesex County Passport Office,2353558.35,1735984.76
8546,Get Stuffed,4878249.55,3475210.6
8547,Splish Splash Laundromat,3643523.43,2889424.46
8548,Bloomfield Window and Door Company,4658637.89,3839851.08
8549,Richard Grubb & Associates Inc. (HQ),1336084.11,1206797.65
8550,Victoria's Secret Beauty,1270989.87,960674.4
8551,Ferguson Financial,4300079.32,3936269.65
8552,MacGowan Agency,3651920.52,2708724.96
8553,Manchester Township Town Hall,4915346.46,4563879.5
8554,Trinet Medical LLC,2569152.76,2319208.13
8555,Richard F Johnson Architect,2964702.7,1952725.69
8556,Lucid Motors,239772.06,209331.01
8557,Colonia Convenience Food Store,2740740.25,1739823.65
8558,Bagel Supreme,4495128.62,3050539.66
8559,Regional Schools Gloucester County,4181215.11,3851483.8
8560,Avocado,3788295.6,2282054.5
8561,Valley Laundry,3900246.11,3053777.73
8562,Be Happy Dog,4318768.35,3686263.35
8563,Evolution Motorsports,395644.8,346095.19
8564,Edgewater City Hall,3219362.61,3031555.73
8565,Residential Solar Power Systems,1793298.7,1305888.26
8566,Brooke + Bel,2107783.36,1444465.95
8567,Exchange Place Florist,2110404.7,1973156.73
8568,Marketing Markers,1589748.92,1257354.45
8569,Well Done Building Products,2900043.05,2516577.09
8570,Board House,503473.17,362988.06
8571,Van Sciver,2726074.0,1951032.81
8572,Rockport Jewelers,2461690.04,1775619.58
8573,H&Y Marketplace,4055152.53,3121419.0
8574,HiTRONS Appliance,4419902.18,2831388.16
8575,Nail Expo,321654.27,219604.12
8576,Shoe Show,365452.52,338485.5
8577,Cato,2043395.17,1236861.69
8578,Atomy NJ Bergen Center,120080.81,106741.57
8579,DanDee Design Center,3197642.38,2725796.22
8580,Creative Homes LLC.,1867210.58,1355855.43
8581,Morris' Farmers Market,2846306.5,1927698.75
8582,"Leslie Stolbof Sinemus, Attorney At Law",3138655.12,2523326.96
8583,Marz Agency,141316.38,94677.81
8584,Discount Liquor Outlet,4479808.07,3902068.9
8585,Artiztic Creations,4464708.12,3188548.84
8586,Mira Fruit & Farm,4289881.67,3693257.09
8587,Brennan's Florist,759733.83,491483.89
8588,Jersey City Vape & Smoke Shop,1242256.92,950756.14
8589,Second Street Bakery,2925379.85,1901975.17
8590,Second Street Deli,4139829.34,3869942.49
8591,Pecoraro Antique Bakery,3498814.03,2645413.8
8592,H&I Smoke N Vape,3533526.32,3204396.56
8593,The Loop,279486.27,220877.98
8594,LaKoet Salon,2098403.36,1693517.33
8595,Dixon Deli,3330180.99,2782360.3
8596,Choc O Pain French Bakery and Café,1635255.72,1194623.58
8597,Van Hook Cheese & Grocery,1222184.43,1057442.68
8598,Zenisalon,2052062.32,1270297.32
8599,Value Zone Department Store,1548027.98,1028661.29
8600,Dollar Junction,1911219.94,1646760.41
8601,Super Foodtown of Bloomfield,1333165.92,1105752.35
8602,Mike’s Crumb Cake Factory,2981354.16,2345160.34
8603,EduHealth Systems,1396030.85,1071578.92
8604,"Sussan, Greenwald & Wessler Cranbury/Middlesex County Office",4978591.96,3913928.34
8605,EG&R Engineering P.C.,1425089.27,1005418.7
8606,OptimizeRx Corporation (NJ Office),743197.77,633726.99
8607,Amplity Medical Communications,1625434.03,1310839.63
8608,Brother Barber,4476152.49,3660773.92
8609,Ivy League Cleaners,86369.43,56091.77
8610,Harvey,4490271.37,2986975.68
8611,Interstate Shoe Repair,1934368.95,1402491.84
8612,The Eyeglass Place,4432185.5,2687023.58
8613,Glowbar,2615876.99,1837426.8
8614,Medford True Value,2745641.66,2483122.04
8615,Taunton Forge Liquors,1285824.47,1046520.85
8616,Lake Pine Dry Cleaners,1779144.16,1587122.1
8617,Iris Nail Bar,4848830.25,3638817.46
8618,Taunton Jewelers,1632277.28,1095110.61
8619,PS&S,1792298.3,1422264.06
8620,Orange Mattress/Custom Bedding,1265756.0,781050.32
8621,Howell Solar Power Systems,2898111.67,2091027.25
8622,Royal Motors Inc.,3283448.83,2417289.56
8623,Rettinger Fireplace Systems,2124544.46,1607304.17
8624,Goodwill Donation Center,2868776.76,2347339.3
8625,Alabaster's Prime Collectibles,582954.62,487463.71
8626,Masserano Real Estate and Counseling,2463694.78,2108715.28
8627,Linquest Corp.,4168623.75,3781744.94
8628,Unger + Mahns Architects PC,1658309.68,1173894.22
8629,Alliance Benefit Solutions,1940196.67,1565963.04
8630,Amy Karyn Home,1040301.85,796320.36
8631,A Step In Stone,3940765.78,3265922.7
8632,ThinkForm Architects,2800402.12,2610917.31
8633,Friends Salon,1701544.43,1080625.68
8634,One Source Merchant Solutions,2439982.48,2136422.54
8635,Clique Salon & Spa,2944960.27,2556374.05
8636,"FFP Wealth Management, Inc",4081404.99,3464304.49
8637,Living Room,2071995.56,1542470.25
8638,Village Wines & Spirits,1716589.77,1235930.35
8639,Serendipity Crystals,785453.33,525833.41
8640,Studio 17,3547498.47,2534585.21
8641,Hamilton Laundromat,1475140.5,1346521.24
8642,Duncan Hardware,2867556.79,2641930.99
8643,Las Mercedes,538047.48,407513.63
8644,Lee Sims Chocolates,2241342.47,1872378.8
8645,Hudson Florist,4674979.07,3336062.07
8646,Toy & Game Land,2264433.48,1640850.86
8647,Board of Education Administrative Offices,2702357.13,2028560.92
8648,The Fresh Grocer,3508600.54,2725302.12
8649,Faber News Now,134445.12,89671.25
8650,Annie Damato & Associates,2606167.31,1890616.37
8651,Cedar Grove Garden Center,4686209.96,3086172.33
8652,Sai CPA Services,2312268.7,1985040.33
8653,Auto Lounge of Edison,2391569.26,1941209.87
8654,Berkley Fine Wine & Spirits,943105.98,813018.71
8655,Mythicos Studios HQ,3698309.72,3453693.21
8656,Midtown Wine Merchants,1202049.7,788555.9
8657,New High Dry Cleaners,641792.41,451356.21
8658,Soul Sweet Boutique,204080.51,151162.13
8659,Lou's Corner Liquormart,924314.56,787325.9
8660,Little Peanut Gallery LLC,648336.05,488098.78
8661,Turf Care,1514574.72,1283405.85
8662,Long John's Subway Shop,2758272.16,1918240.31
8663,Body in Mind Massage Studio,732269.15,588795.16
8664,quickglow,3307190.87,2364318.92
8665,Gold's Smoke,2810172.75,1725846.68
8666,All County Rental,4402432.08,3142148.44
8667,Nulook Cabinet Refinishing,4272532.15,3449858.39
8668,Five Star Liquor & Deli,2172790.26,1734699.97
8669,Wonderland Flora,995700.51,881387.47
8670,99 Ranch Market,2099147.93,1394913.49
8671,Cohome,549535.63,490939.55
8672,Thee Nail Salon,2446799.21,1560889.86
8673,Spirit Halloween,4878976.17,3217106.24
8674,StartingPoint,1658877.39,1182647.02
8675,Discount Furniture & Mattress,4495870.24,2950326.83
8676,Morristown Nails & Hair,461038.23,343836.37
8677,Into the Void,4829723.53,3658007.6
8678,P&K Fruit Market,2085083.81,1939479.44
8679,Nail Tek,801519.0,513067.16
8680,Fussy Friends,4914654.69,4190415.43
8681,Oliva,2880179.8,1728793.2
8682,JC Eyes,1489886.69,1025658.07
8683,C.H. Martin,1641061.63,1406086.81
8684,Di Lauri & Hewitt Law Group,1007937.76,686219.03
8685,Bagel Nook,936340.05,719456.79
8686,Hacklebarney Farm Cider Mill,516378.36,415604.48
8687,Gorman's Wines & Spirits,1468811.24,1073855.8
8688,ShopRite Liquor Store,1035311.11,788429.2
8689,Laundry Plus,365277.56,319003.74
8690,A&A Liquors,1848178.12,1198785.13
8691,Wisdom Media,3563366.4,2513752.96
8692,"Rockdale Financial Services, Inc.",1598300.84,1345636.55
8693,Haefele Flanagan,1419241.16,1319400.86
8694,Mona's Boutique & Tailoring,1052706.3,933894.22
8695,All In One Collectibles,842369.31,715902.34
8696,Harmon,252361.39,198501.71
8697,Holland American Bakery,2418446.61,2152330.22
8698,Sussex Meat Packing,1200967.18,1116046.77
8699,Yummy Bakery,3922098.57,3291545.96
8700,Turkuaz,2691058.24,1643476.87
8701,"Puff, Puff, Paws",935122.2,614784.96
8702,Atlantic City High School,4155761.43,3180921.68
8703,Sylvane Grace Florist,1091279.86,759592.14
8704,Leonia Laundromat,1403718.76,1156800.96
8705,JC Eco Laundry,4931595.94,4218872.51
8706,Darke Pines,2943913.45,1996766.71
8707,Mande Auto Repair,3001487.54,2651840.02
8708,Snaxit,1688954.35,1063412.36
8709,Cook Farm House (Faculty Residence),1470627.86,1125854.35
8710,Bunnell House (Faculty Residence),3631441.0,3271103.29
8711,Wayside Cottage (Faculty Residence),1017320.18,726045.2
8712,Paul House (Faculty Residence),3557328.59,2720047.35
8713,Gateway House (Faculty Residence),1600756.13,1387799.47
8714,Meadowbrook Cottage (Faculty Residence),2164155.0,1589603.92
8715,Maintenance Building,3165723.5,2622332.01
8716,Kroner Field,2297108.66,1575232.73
8717,Crew Training Center,2895724.89,2690593.66
8718,Hillside House (Faculty Residence),2959207.22,2303738.68
8719,South Cottage: Dormitory,1852817.59,1115826.42
8720,The Old Academy: First School Building (Faculty Residence),4835898.9,3067350.37
8721,The Parsonage (Faculty Residence),123731.86,99930.11
8722,The Old Mill (Faculty Residence),3850730.49,3349434.38
8723,Sharpe House (Head of School Residence),3235776.37,2144604.34
8724,Peachey House (Faculty Residence),3137920.49,2946644.67
8725,Siegel House (Faculty Residence),2983968.99,2551581.7
8726,Rea House (Faculty Residence),2699446.38,2145380.48
8727,Steckel & Miller House (Faculty Residence),4486082.55,4246521.46
8728,Bogle Hall (Science Center),3049571.45,2168648.69
8729,Tomasello Winery (Freehold),917887.59,674328.64
8730,Clinton Hall: Classrooms & Student Life/Academic Offices),2927220.57,1993152.5
8731,Timken Library: Technology Office & Archives,918825.45,809207.46
8732,"Ivy Hall: Dormitory, Advancement & Business Offices",2247525.3,1911644.22
8733,West Hall: Dormitory,1473502.05,1243452.65
8734,Locke Hall: Dormitory & Head of School/Admission Offices,222141.83,191501.71
8735,Boiler House: Communications Office & Heating Plant,4473558.48,3555966.34
8736,J. Brooks Hoffman ’36 Health Center,2988361.62,2469584.57
8737,Insley Hall & Flight Deck: Romano Dining Hall & Dormitory,4883052.53,4597269.51
8738,Chiang-Elghanayan Center for Innovation & Collaboration,157927.48,132008.01
8739,Kathryn Hall: Dormitory,2924216.71,2287980.66
8740,Lakeside Hall: Dormitory,2602579.89,2106162.47
8741,Armstrong-Hipkins Center for the Arts,3589669.71,2583032.38
8742,Marcial Field,4115828.13,3425959.12
8743,Tracy Hall: Squash Courts & Golf Pro Shop,283944.95,206565.9
8744,"Hardwick Hall: Field House, Performance Gymnasium, Jeffrey P. Buxton Wrestling Room, Fitness Center & Wallace Pool",1721175.6,1429978.66
8745,"Hardwick Hall: Blair Commons, School Store, The Black Canteen & College Counseling",705403.96,585828.75
8746,Mason Hall: Dormitory,3343848.46,2479997.15
8747,Freeman Hall: Dormitory,641676.83,554464.11
8748,Morningside Greenhouse,2112952.15,1464976.67
8749,RAM BLACEY'S - U-Pick Auto Parts,338832.97,319932.45
8750,Anne L. Siegel “Annie” Hall: Dormitory,3086971.72,2443307.21
8751,Jenkins House (Faculty Residence),2486840.51,2051141.29
8752,Dayton House (Faculty Residence),4515168.59,3967859.51
8753,Grullon House (Faculty Residence),1286168.99,774952.32
8754,Howard House (Faculty Residence),2441863.81,1855091.38
8755,Millbrook Cottage (Faculty Residence),2840357.12,2352693.3
8756,Marcial House (Faculty Residence),2296748.68,1687520.57
8757,Carriage House (Faculty Residence),3491586.75,2885148.1
8758,Hansen House (Faculty Residence),2608699.72,2146781.33
8759,Ringe House (Faculty Residence),3835224.86,2811373.01
8760,Sloane Tennis House,4688692.51,3328114.86
8761,J Li Golf Training Center & Blair Golf Course,2221710.46,1472131.81
8762,Hillsboro Pharmacy,2143193.16,1994261.79
8763,Gentleman Jack,3603076.02,2252332.16
8764,Golden Triangle Stamp & Coin,590483.29,488074.35
8765,Ray's Barber Pole,1465272.77,1094686.07
8766,Park Ave Auto Lot,304625.3,233240.38
8767,Image Arts,2778939.51,2581422.62
8768,LiLLiPiES,346507.32,243685.7
8769,Amwell Pharmacy,4440135.2,3566783.78
8770,Green Health Massage,1373573.24,1150404.28
8771,Bollywood Salon,1038931.33,936354.49
8772,Vatan Indian Vegeterian Cuisine & Bakery,2440504.39,1785593.77
8773,Tiny Apple,1428638.35,1110872.81
8774,French Nails,4761193.62,3436954.9
8775,Jonel Dry Cleaners,641627.43,521531.62
8776,The Tile Shop,1268054.53,1178000.0
8777,Blairstown Wine Gallery,1800162.66,1637718.79
8778,Andre's Wine and Spirits,4318097.75,2786953.49
8779,Cavalier Realty Group,404783.27,332739.8
8780,Heads Only,717058.46,524883.59
8781,Mom's Care,4036686.94,3554325.81
8782,Chic Shop Nails,4100006.25,3254157.63
8783,Tequila Nails by Cristy,4424821.37,2921973.45
8784,Park Avenue Grocery & Convenience,3895603.21,3512461.9
8785,Celly's Nail Place,917149.09,839272.53
8786,Speed Wash Laundromat,4932850.3,4113081.57
8787,Adry's Beauty Center,4840319.65,4108824.46
8788,R&J Park Auto Collision Inc.,1421163.64,1096189.84
8789,La Casa Supermarket,2097025.02,1597998.01
8790,Danny's Convenience Store,3036077.77,2457988.31
8791,Carteret Grocery & Deli,1591413.65,1307116.47
8792,Lisa Lina Supermarket,1251656.8,1069851.6
8793,Uncle's Dollar,1560505.69,1151762.62
8794,Jersey's Deli & Grocery,2285322.27,1690128.1
8795,La Union Grocery,2598958.09,2197979.08
8796,Sammystore,4332656.66,3265252.97
8797,My Corner Deli & Grocery,2588268.8,2336011.43
8798,Salon 324,2675096.73,2522519.71
8799,Lolly's Nail Lounge,2795304.22,1818282.52
8800,Exclusive Cuts Barbershop,163547.22,102502.07
8801,The Gathering Shops,966898.58,632848.82
8802,At Your Convenience,3317953.91,2661068.39
8803,Enchanted Blossoms,1308161.89,1164367.16
8804,CoLab at Bell Works,3672396.04,2256935.42
8805,Velvet Boutique,1239302.7,775733.76
8806,Dollar General Market,4760360.1,3447412.91
8807,Munchies,146459.23,98384.79
8808,Fuel Rite Petroleum Inc,300577.47,283496.11
8809,Doghouse Bagel & Deli,2115459.7,1421661.46
8810,Lynn Cleaners,2004281.16,1355664.51
8811,Twin Power Corp. Supermarket and Restaurant Equipments,1398972.67,1220756.06
8812,Blair Tile & Design,4487675.83,3207520.3
8813,Blue Ridge Lumber,3772245.0,3093150.55
8814,Kitchen and Stone of Leonia,4692066.56,3671214.8
8815,Leonia Hair Shop,457214.08,371390.72
8816,Benjamin Moore of Leonia,3138747.73,1922638.57
8817,Pacicco & Company Jewelers,1968950.34,1613314.58
8818,Good Shepherd Preschool,4467869.91,3030100.4
8819,Hair By Lucy,3469302.22,2731445.76
8820,Happy Market,3484961.35,3151976.26
8821,Bad Intentionz Tattoo & Piercings Studio,3578665.82,2178701.23
8822,Admission,2436393.8,2300392.35
8823,Mobile Fix USA,4877296.29,4626011.09
8824,Dunkin,3554355.81,3208031.32
8825,Brick's Best Car Care Center,4604125.8,3144308.91
8826,Quicky Discount Oil Service,917378.46,856964.25
8827,Look Twice Consignment Shop,793080.32,536052.05
8828,Nailist,4711980.72,3853131.43
8829,Jazzed,4360854.74,3417188.3
8830,Salon Four,1129087.95,960671.49
8831,Vic's Barber Shop,1254726.76,1081966.68
8832,A T Nails,4606405.72,3736390.05
8833,The Social Status Co,1951151.45,1230357.61
8834,Elefante Music,127241.05,97719.17
8835,Wood N Dreams,255434.92,212906.32
8836,Urban Shave,4270913.97,2577915.63
8837,Stone House Coin Shop,4674635.42,2868183.77
8838,The Best Friend Pet Services,3077861.35,2662441.96
8839,Discovery Company,199089.37,138943.04
8840,Liz Beauty Salon,1204928.79,782855.69
8841,Richie's Country Deli,1002374.53,673264.79
8842,Central Carpet Care,2131659.9,2014722.91
8843,Annie Lure,4505255.35,3143472.3
8844,Sunset Nails & Spa,1628053.77,1187338.56
8845,Bronze Body Tanning Salon,3747892.53,2320877.69
8846,3 Brothers Grocery,3122539.18,2299921.96
8847,South Jersey Detailers,2531942.19,2253290.08
8848,Twin City Liquors,968034.34,621737.28
8849,Triple Clean Laundromat,4651434.6,3234656.85
8850,Mio Barber Studio,958855.67,601942.77
8851,Ceci Nail Salon,3943867.2,3114518.59
8852,Blairstown Elementary,1295735.69,938938.59
8853,Nute Juice,3426646.14,2496857.88
8854,Kadra,2084592.59,1787991.11
8855,ACM Regal,3544893.75,2775585.41
8856,Dasco Wholesale HVAC Supplies,3006273.68,2440903.34
8857,Gift Shop,4798488.06,3426712.92
8858,WORD,1806327.01,1556436.28
8859,Belmont Liquor,1248281.86,1084469.73
8860,Annandale auto repair,2383821.68,1486106.46
8861,Time Out Wellness LLC,84740.72,77440.89
8862,General Referral,3530045.54,2412750.33
8863,Simply Day Spa,2368107.06,1904367.34
8864,BJ's Tire Center,1952510.98,1451458.2
8865,Shining Nails,4825648.91,3502211.61
8866,Super Foods,4676148.57,3529434.78
8867,West Side Wine & Liquor,4469431.09,4087289.81
8868,Hoboken Dollar & Variety,4128157.93,3412027.73
8869,Orange Wash & Fold Laundromat,1953626.89,1411757.65
8870,Red Ribbon,258911.77,173926.76
8871,Eternal Davinci Gallery,4863170.68,3921695.29
8872,Shinter Salon,544931.86,468563.65
8873,Cannon Country Real Estate LLC,4773580.86,4385166.1
8874,Anna Bananas Bakery & Candy,4490769.33,3491749.79
8875,Benefits Square,3160064.29,2294992.78
8876,myUnique,4091582.78,2953501.94
8877,Signarama Piscataway NJ,1771432.0,1448850.79
8878,River Road Clam House,2072825.96,1753063.1
8879,Schwartz & Associates CPA,1318171.74,1237572.27
8880,Leather Warehouse LLC,540901.94,495732.45
8881,"Creative Cabinet Designs, Inc.",4642858.99,3379738.95
8882,Alexandria Township Department of Public Works Garage,4092805.12,3259750.77
8883,Federal Bureau of Investigation Newark Field Office,3798405.02,3145896.05
8884,Mold Detection & Remediation Specialists,802040.21,709746.01
8885,Windshield Wonder LLC,4781639.51,2913485.38
8886,Goethals Medical Center,1392059.8,1166532.07
8887,Bayway Laundromat,3407528.66,2569319.52
8888,"Glugeth & Pierguidi, P.C.",4099362.55,3751376.76
8889,Fine Fare Supermarkets,2055488.99,1863177.6
8890,Shoreline Digital Marketing Web & SEO Agency,2993763.67,2349888.59
8891,Metuchen Manor Leasing Office,3609063.36,2507228.25
8892,D&S Cash For Gold,987137.78,832839.57
8893,DeCozen Chrysler Jeep Dodge,4268795.13,4013353.08
8894,House of Bagels,4517026.93,3490739.21
8895,NCH Minimart,2673195.23,2487527.7
8896,Artistic Smoke Shop,4788831.57,4282230.32
8897,Liquor House,4877330.67,3626368.47
8898,Jersey City Bicycle Co.,4123824.79,2647815.85
8899,Vilegas Coldtech Appliances & Refrigeration LLC,3967076.35,3600872.77
8900,Aristopet Grooming,476336.57,306796.05
8901,Our Lady of the Lake School,4782063.78,3261423.8
8902,Stahl Gasiorowski Criminal Defense Lawyers,1973303.25,1402783.61
8903,Infinity National Group,4925231.23,3977903.98
8904,Wild Honey Hair Salon,408814.74,370847.58
8905,Ayr Dispensary,1326787.99,797266.44
8906,MPX Medical Marijuana Dispensary,4025313.99,3441802.64
8907,Bubz Boba Bar,2150013.68,1329444.59
8908,GW Motors,4825722.12,3819601.8
8909,"Tru Clarity, Hearing Care",4640949.58,4226116.02
8910,Village Bagels,2572358.81,2326661.93
8911,Mullica Hill Cleaners,4540251.31,3424565.67
8912,Bee Nails,881489.3,835894.62
8913,Lo Ré Pasta,1132495.86,865899.18
8914,PMCC Services,2284254.72,1416803.06
8915,"The Nerd Mall, Penns Grove",4037520.57,2683720.95
8916,Healing Point Massage,288810.05,251216.52
8917,Vingo,1446059.37,1128244.95
8918,New Jersey Turnpike Authority,4985175.31,3036850.13
8919,Clapsqure,862858.44,752370.83
8920,Runner's High,4461989.87,3794250.17
8921,New Hair Culture,1104410.2,774458.66
8922,Sto Express,2724815.11,1701891.13
8923,Sunbright Hair Salon,4419094.85,2992630.38
8924,New / Art Salon,4782330.86,3987120.23
8925,Gold Star Automotive,1861697.85,1172121.66
8926,Etched in Ink,1343873.85,1137202.78
8927,DiMarcos,1217234.18,813939.61
8928,Gala Florist,883524.16,629446.45
8929,Sams Warehouse Liquors,3725187.12,3185493.34
8930,NJ Office of Auditing,4519868.82,2817639.93
8931,Alexey Barbershop,536825.25,501290.74
8932,Montgomery Food Market,1570043.64,989188.41
8933,Princeton Overhead Door,1798645.64,1571707.96
8934,Digital Investigation of Princeton,2243214.97,1649257.11
8935,Heritage Abstract Company,540232.77,385037.05
8936,Food Mart Lottery ATM,1300215.98,984024.07
8937,Ted Baker,4257821.21,3151635.84
8938,Pilgrim Liquors,4222571.6,3835860.14
8939,Pilgrim Cleaners,4555092.9,3307404.66
8940,Wild Roots Hair Salon,834869.51,774455.26
8941,Colonia Locksmith Corp,4356178.46,3433330.2
8942,Pennington Bagel,2633789.54,1914031.3
8943,Northside Barber Shop,4398077.88,3500666.64
8944,American Cleaners,4885835.97,4219705.32
8945,Voltaire Cycles,3404336.47,2513303.15
8946,Elite Nail Spa,389704.18,365080.43
8947,Park Avenue Bridals,949407.93,851033.58
8948,Abram Demaree Homestead,1534838.94,1239294.57
8949,von Halle Brokerage Group,3289680.84,3093192.66
8950,Clifton Route 46 Self Storage,686677.55,425092.78
8951,Tranquil Times Spa,4432134.57,3181752.34
8952,Mattress Factory,2745280.71,2330140.77
8953,Union Super Store and Halal Meat,1583794.7,1270588.43
8954,Tading Post,4445043.15,3382925.59
8955,Wesmont Wines,4011489.1,2988140.81
8956,The Apothecarium Dispensary,3975524.99,2897762.28
8957,Santé Integrative Pharmacy,1040632.5,649156.94
8958,Shoppers World,1852402.05,1154645.05
8959,Cristian Health - Ramapo Ridge Psychiatric Hospital,3724812.46,2453776.21
8960,Encompass Health Rehabilitation Hospital Of Tinton Falls,574293.54,502409.92
8961,Northbrook Behavioral Health Hospital,2854447.66,2227513.06
8962,Hudson County Meadowview Psychiatric Hospital,4522694.12,3271143.68
8963,The Barn Sale,1488304.15,1395689.04
8964,Aventist Community Services,2888454.49,2177867.44
8965,Aladdin Furniture,4740420.77,3308084.8
8966,Digital Press Videogames,2416027.41,2093335.96
8967,Old Bridge Check Cashers,1880750.64,1739514.96
8968,Marketboy Liquors,2176566.3,1783895.95
8969,London Supplies,1541785.4,1046134.22
8970,Carpets and More,4958264.19,4040034.87
8971,Hopewell Barber Shop,3478449.18,2163276.49
8972,Roosevelt Borough Hall,2128550.6,1642633.15
8973,Nory’s Hair Design,1175913.53,876949.77
8974,Paradise,384745.43,329179.36
8975,Solutions Hair Styles,4647216.55,3640868.76
8976,Blessing,4359294.29,3831331.38
8977,All bright metal finishing,3551748.81,2818957.43
8978,S&P Security Solutions,3282115.38,2943217.86
8979,Defying Gravitea,3778203.29,3261371.55
8980,Red Tag Appliances,1232805.87,1152778.9
8981,Zen Garden Massage Therapy,448854.59,421744.72
8982,Pomona Smoke & Tobacco,4546801.58,3658727.77
8983,Oriental Nails,621643.97,478444.39
8984,Pomona Coin Laundromat,1464846.28,1111498.73
8985,Galloway Liquors,573959.58,416324.73
8986,SpaOne,4447423.74,2839040.02
8987,Englewood Wine Merchants,4041793.93,3278034.59
8988,KPMG,4000798.54,3188928.02
8989,Novatis,2031799.99,1661123.21
8990,Morris Farmer's Market,3926894.83,3641159.31
8991,Factory Barber Shop,513598.56,414789.5
8992,D’Mizael Sansacion,3234311.49,2953629.87
8993,Sunmerry Bakery,769671.28,714612.48
8994,The Teal Tail,1659273.13,1038621.1
8995,Law Offices of Ralph Paul Busco,1910799.66,1169214.51
8996,AlisonPaul Builders,4189366.54,2734459.14
8997,Liquors,4472523.71,3617235.81
8998,Smart Carpet And Flooring,2826922.55,2302637.31
8999,Mobility123 Diamond Scooters,3811077.98,3023371.33
9000,Safelite Auto Glass,4274963.3,2607186.08
9001,Winsupply,3727617.64,2569162.85
9002,T&T Nail Supply,602597.93,557514.73
9003,Enroute Computer Solutions,1082779.48,913416.77
9004,The Storage Inn,962016.56,702587.83
9005,SiteOne Landscaping Supply,2474669.08,2118122.41
9006,CubeSmart,2810649.08,1789168.56
9007,Johnson & Towers Truck Repair,3390241.54,2970995.22
9008,Clayton's Self Storage,2801011.05,2362592.82
9009,Diversified Property Management,1235668.03,1099145.03
9010,Di Bella Financial Group,2504594.45,2003486.19
9011,"MountainView Contracting, LLC",4148918.38,3071731.75
9012,White Horse Tree Care LLC,550933.43,364081.81
9013,Scotty's Expert Small Engine Repair,4916132.06,3354504.52
9014,Conveyor Editions,2614939.14,1742450.64
9015,Toys R Us,1946099.38,1534202.73
9016,Rosetta,1823065.9,1496727.77
9017,Juana,222345.32,141377.45
9018,New Mini Market 2,306318.5,287399.43
9019,Kari West Side,1962635.94,1299985.43
9020,Paola,519557.75,336084.85
9021,El Panal,1599407.61,1095185.04
9022,K Beauty Outlet,1141882.38,875738.86
9023,Aburas Law,4504088.34,2761406.78
9024,The Press of Atlantic City,3028417.85,2634346.35
9025,Laundry Time,3337641.26,2043513.98
9026,Lacey Collisions,1568280.66,1052324.33
9027,Betty Brite Cleaners,1952577.43,1398965.95
9028,Guns,970710.28,598790.16
9029,Maduabum Law Firm LLC,4265338.67,3059421.31
9030,Perfect Line Striping & Sealcoating,846011.94,508634.83
9031,Scratch 'N Dent,1583426.07,1403037.12
9032,bdn Pet Foods,2966657.48,2198578.38
9033,True Life Care Center,4758697.32,2862902.94
9034,Plainsboro Deli,3778571.87,2529851.26
9035,Hackensack Auto Wreckers LLC,708503.42,473185.84
9036,"Salon Allure Hair, Nails & Spa",4732864.0,4085877.69
9037,La Quisqueya Supermarket,2375457.03,1988543.66
9038,NV Salon & Spa,3401390.36,2924441.93
9039,Lamp Cleaners I,3316025.34,2849237.39
9040,Lingerie by Susan,3232924.55,2738514.46
9041,Vogue Nails,2614997.58,2197294.99
9042,Coin Laundry,4766753.51,3384603.9
9043,Michael and Sons Auto Sales,137263.91,95609.28
9044,Lester Glenn Chevrolet,586043.44,364093.55
9045,Lester Glenn Hyundai,423696.57,348429.94
9046,Diamond Floral,4945796.06,3346755.68
9047,Ocean State Job Lot,2314121.03,1989198.33
9048,Mazda,2821039.79,2024102.46
9049,Taino's Wine and Spirits,1416773.76,1157263.75
9050,Tackle World,369725.51,240734.52
9051,Code Ninjas,2108670.65,1284431.63
9052,Mathis Funeral Home,4321589.71,2693379.83
9053,Maggie Moose,4212116.69,3881106.69
9054,Vicente,225465.5,138435.83
9055,Sprove Market Place,4773778.17,4162362.01
9056,Pennington Sew & Vac,2489714.19,2340414.12
9057,Cannonball Pools,1539517.71,1044490.29
9058,Jennifer Pacca Interior Design of NJ,3862184.32,3603178.4
9059,Wilkes Country Deli,4027195.75,2690397.32
9060,Wood Funeral Home,1805514.74,1374179.85
9061,West Creek Liquor,4789968.69,2993373.02
9062,Kiwii,470160.71,442434.16
9063,Hands Garden Center,929059.07,585982.94
9064,The Nail Shop,1957042.4,1768363.88
9065,Home Wines & Liquors,2143721.51,1648814.78
9066,Custon Cleaners,4045096.27,3206589.18
9067,Mac & Lindy's,1810740.75,1501358.79
9068,Lox of Bagels,2805885.45,2041669.53
9069,Total Eyecare,2603941.25,2268915.29
9070,Randology Hair Studio,110909.72,77525.78
9071,Dirty Jerzy Smoke Shop,424277.87,380247.49
9072,Terracon Consultants Inc.,2485351.11,1722301.15
9073,Rebenack Aronow & Mascolo L.L.P.,81261.13,69741.78
9074,New Century Insurance Agency Brokerage,2407867.94,2275137.32
9075,Spark Software,4022533.71,3618262.92
9076,Sunkissed Airbrush Tanning,3419075.15,2143619.14
9077,Core Synergies Massage and Pilates,4801387.68,3388445.46
9078,Ray Catena Lexus of Freehold,4626428.92,4164492.06
9079,University Laundry,4080172.6,2899521.45
9080,Fang Dollar City,1485611.48,1094313.29
9081,Honda of Freehold,4572945.76,3582354.62
9082,Hamilton,134665.25,87063.81
9083,Conveyance Mortgage,1654363.96,1078738.6
9084,Patrick's Wine Barn,2071133.5,1575783.59
9085,Country Club Apartments,2955724.28,2778306.95
9086,"JET Electrical Testing, LLC",4317418.66,2984812.14
9087,Expo Nails,4788276.13,4119592.5
9088,Dimple's Salon,1377804.17,833006.26
9089,Shoe Dept. Encore,1623160.09,1240981.19
9090,Men of Fashion,1598516.13,1286266.16
9091,Professional Hair Design,734418.01,659582.25
9092,Organic Nail Bar,4113322.08,3479129.01
9093,Zen Spa,329188.78,213247.08
9094,Things of Beauty,2471883.66,2036490.81
9095,Woodbridge News,4353803.15,2830191.87
9096,JD Sports,3750646.63,2321810.09
9097,Kali Kouture,682790.59,452442.31
9098,Relax Massage Spa,1975931.01,1448576.19
9099,Fun Kids Train,644934.52,464007.16
9100,Kohesion,842572.91,749165.61
9101,Tillys,1654052.14,1286785.55
9102,Gertrude Hawk Chocolates,2648445.26,2216005.68
9103,Sivory Collection,3296699.01,2041484.53
9104,M City Dollar,1527318.51,1119117.57
9105,Ultimate Fashions,609675.35,410184.66
9106,Your Leggings,4727980.05,3045208.7
9107,Perfuroma,1991768.36,1787745.69
9108,Cohen's Fashion Optical,129935.71,95258.56
9109,Embroidery Place,4963071.25,4214208.29
9110,Signature For Men,3737030.2,3199629.74
9111,Jimmy Jazz,4019477.19,3482831.72
9112,Glamorous Chicks Cosmetics,4129058.27,2843623.77
9113,Castle Furniture,1056258.81,976348.17
9114,Kidz Kutz,605993.04,448961.64
9115,Rubee,1735519.5,1559205.88
9116,G By Guess,566414.76,417544.64
9117,Prints & Stitches,1679268.87,1192970.96
9118,Upper Elementary School,264102.64,180044.38
9119,Brownstones,2584502.02,1785053.61
9120,The Nails,4562682.11,3001542.59
9121,Sun Station,1673280.99,1167563.97
9122,Rustic Roots,3792005.55,2497240.69
9123,Pro-Files,2269099.49,1614602.12
9124,Yorke Tire & Auto,3467012.63,3179828.64
9125,Valley Mason Supply,1702219.82,1244770.49
9126,Valley Records & Antiques,2841191.25,1861221.52
9127,Highland Flowers & Gifts,4125629.23,2478904.97
9128,Carquest,2641127.87,2265891.22
9129,American Deli & Grill,1672056.59,1045766.93
9130,DJ's Barber Shop,177679.1,129859.78
9131,Handsome Heads,4500007.95,4071658.13
9132,Lynne's,4693264.12,3447066.25
9133,Luxe Nail Spa,1906644.68,1174531.72
9134,Shoe Bargain,2206254.08,2076888.09
9135,Hibbett Sports,297171.48,239444.48
9136,OneMain Financial,437604.58,357828.28
9137,Sterling Optical,4689196.35,3312380.98
9138,TNT Fireworks,2702238.62,2079842.15
9139,Image Studios,3054933.66,2265849.95
9140,La Moda Nails & Spa,4091313.87,3731608.57
9141,Flatwater Paddle Co.,3644539.31,2571134.99
9142,Super Nails,4302409.63,3332818.76
9143,Doors Outlit,838386.8,670680.77
9144,Princeton Learning Cooperative,2049398.54,1808582.82
9145,ELITE Cleaners,3719573.13,2816301.38
9146,American National Insurance,4698013.97,3838962.42
9147,Hopewell Laundress,4915489.87,4084227.77
9148,Eden spa & nails INC,1508453.51,1029376.63
9149,We Buy Land EZ,1770842.59,1318763.01
9150,Park Office,1897271.72,1729368.92
9151,Mahwah Wine & Liquor,2369800.82,1495907.49
9152,Forgotten Treasures,2749474.99,1966992.62
9153,Holmdel Nails,2348215.65,2000350.11
9154,Bella Beach Tanning and Spa,1935539.11,1260086.02
9155,Alex Dee Lighting,4214887.17,3352025.86
9156,Fleetmaster Truck Repair LLC,1834519.15,1340583.11
9157,Sound Motors,1259001.22,777904.51
9158,The Lash Lounge,2648823.48,1945085.76
9159,Wheels N Props LLC,3759117.14,2673659.55
9160,Sharon Beauty Supply,2159793.92,1985653.24
9161,MEGA DEALZ,3456395.82,2308499.14
9162,Dollar Magic Plus,141373.99,128608.65
9163,Trek,4941856.34,3508183.62
9164,Eco Friendly Cleaners,3574023.13,3305594.67
9165,S. Bertram Foods,2329370.59,1735916.49
9166,Express Tax Travel and Multiservice,473170.48,342080.64
9167,Impress Nails,2751730.44,2400235.37
9168,ALK Auto Service - Specialists in Volvo & Honda,1331889.04,1127506.91
9169,J-Tech Auto Motive,3759112.04,2657653.73
9170,Chocolate Works,4543739.59,4188258.96
9171,Liberty State Towing,2151096.86,1815477.34
9172,Forever,2010679.02,1893483.38
9173,Essex Shoe Repair,1060074.09,783930.46
9174,Mystic Spirit Metaphysical Shoppe,2891154.7,1939113.47
9175,Stokedville,4220822.29,2854227.03
9176,Sugarcoat Nail Bar,3485410.76,2961250.45
9177,St. Allen Realty Company,1757044.87,1299141.87
9178,Stuff by SJ,540248.39,489605.06
9179,Hipolito Pollantis,973338.28,906724.09
9180,Beauty Haus by J. Dominique,1270798.6,770572.34
9181,Natural Nails,2253412.02,1522489.75
9182,A&M Barbershop,2684763.62,1815973.31
9183,Madison Reed,830846.15,619149.66
9184,Ascend,4023391.68,2979972.4
9185,Montclair Video Boutique,3989074.35,3544057.77
9186,Studio042,4843229.76,2979540.6
9187,Chip City,4347821.62,3578376.42
9188,Contigo Pharmacy,2309755.53,1704410.7
9189,Studio Grommers,2340942.54,2127735.79
9190,eyevory Eyelash Studio,1324040.84,855028.07
9191,Columbia Park Liquor,2428873.11,2216320.82
9192,Pili Styles Wig Boutique,1916795.74,1684728.66
9193,"Jet Drive Exchange Boat & Jet Ski Club: Ocean City, NJ",336725.6,271456.11
9194,Chubzzy Wubzzy,720271.02,530599.67
9195,Qcleaners,326104.42,227786.31
9196,Cedar Grove Transmission & Auto Repair,3677868.1,3095640.16
9197,Hair by Ryan,2920424.98,2119187.36
9198,East Coast Toyota,1929393.71,1607769.79
9199,Total by Verizon,2039240.44,1777463.72
9200,Dollar Deal,3963997.17,3400231.57
9201,Opportun,4938788.2,3153994.22
9202,New World Minimart,3617914.37,2408457.65
9203,Guzman Jewelers Jewelry and Watch Repair,817335.47,629180.9
9204,Mastodon Ammo & Camo,173309.05,162167.56
9205,Wheehawken Liquor,2907356.05,2019484.43
9206,Society 201 Salon,1101319.22,771939.64
9207,Tumble In Dry Cleaners & Laundry,3566871.13,3197029.29
9208,Forest Nails,1143379.52,1077432.28
9209,Absolute Waterproofing & Renovation,4276277.32,3422814.79
9210,Kulinski Memorials,2329099.16,2204414.67
9211,Klean Kutz Barber Shop,3300990.86,2944458.51
9212,Pro-Line Kitchens,3626459.22,2212505.6
9213,Gamers Grove Esports Center,4794042.96,2919022.36
9214,E-Z Storage,4555981.79,4266165.82
9215,Mt. Olive Furniture,2271827.6,1634669.97
9216,Express Employment Professionals,2152021.03,1400554.52
9217,Heavenly Nails,2700686.13,2063975.79
9218,Ron's Hair Studio,2852495.94,2402744.39
9219,Minute Mart,4572750.0,3562586.66
9220,Lashes by Jessy,4672235.04,3128064.06
9221,Ginette's Deli,3442715.29,2133685.55
9222,Family Florist,368469.33,261667.73
9223,Qwik-Mart,2298151.85,1399007.98
9224,The Queen Smoke Shop,3940211.47,3075246.78
9225,Lighten Up Hair Salon & Spa,2864668.54,2629805.22
9226,PuffCity Smoke Shop,4021338.13,3521302.01
9227,Chef It Up,2886350.32,2687701.29
9228,Juliana's Fine Jewelry,219181.79,172585.34
9229,Legal Leaf New Jersey,3695945.06,2323383.38
9230,Sage Nail & Spa,1091665.45,780694.93
9231,Fruvana,3160716.86,2585240.9
9232,Entourage Salon,1890623.45,1611533.15
9233,Discount Dance Warehouse,2450922.47,2313055.73
9234,Diva's Nails Spa,3254196.44,2368934.4
9235,Special Technical Services,2992246.87,2556808.79
9236,Budd Wash & Dry,2213481.78,2002389.31
9237,Bella & Bello's Hair Studio,465214.85,294067.54
9238,Dollar & Party Mart,1367312.85,1297723.49
9239,Touch Of Health Therapeutic Massage & Spa Services,1501254.14,1102445.93
9240,Little Chicken,685214.96,428923.73
9241,Spot-Lite Hair Salon,1195760.25,987608.36
9242,Togno Insurance Agency,493628.26,363265.24
9243,Liberty Discount Fuel,2544999.08,2069023.65
9244,Native Ceuticals,2254856.56,1922786.07
9245,Orzelek Polish Deli,1874237.71,1295583.87
9246,Yessica's Nails & Spa,393556.0,245353.68
9247,Promise Cleaners,3991269.57,2609479.12
9248,Anderson Check Cashing,4544917.21,3170974.71
9249,Quick Stop Food & Deli,130886.24,104230.46
9250,MS Group CPA LLC,1973356.96,1518098.8
9251,Royal Salon,1538426.05,1141130.32
9252,Organic Pharmacy,4175522.82,3041302.75
9253,Main St. Optical,3765147.74,3524414.27
9254,Media Buzz,4406371.26,3793420.13
9255,Sultan Artisan Bakery,4397411.02,3252470.89
9256,Alsaidi Law Group,4139946.51,3078734.41
9257,The Nut House,1388805.52,1062225.38
9258,Pharmacy Express,4218500.23,3741687.45
9259,Sham Luxury Furniture,1398453.04,1057350.3
9260,Plato's Closet,104141.32,68458.64
9261,440 Liquors,2797409.39,2205183.26
9262,Holman Lincoln Turnersville,4148255.5,2660530.78
9263,Middle East Food Market,686268.91,433566.52
9264,Mustafa and Associates Law Office,3262940.45,2970195.61
9265,Amana Insurance,224917.61,173394.59
9266,Balanda Bakery,752949.35,478704.79
9267,Real Cuts Barber Shop,1098582.65,974038.69
9268,Lava Smoke Shop,397784.26,315367.9
9269,Ramallah Agency,824815.44,509171.45
9270,NJ Golden Home,1810397.35,1119814.47
9271,M&S Service Center,4287910.45,3328330.39
9272,Paradise Boutique,1434547.52,915598.81
9273,Nara Smoke Shop,3280830.05,2608389.84
9274,Zena,176876.67,130556.64
9275,Xtra Smoke Shop,822755.19,664836.41
9276,Al-Basha Sweets,4942331.42,3983838.41
9277,Lyca Mobile,4000798.07,3441221.53
9278,Gandom Sangak Bread,842788.83,596681.41
9279,Middle East Jewelry,4589823.25,3105669.06
9280,Meru Bazaar,1304728.52,981916.93
9281,LA Perfection Hair,1485739.75,942324.41
9282,Tesla Garden State Plaza,4964071.36,4499316.55
9283,INTERNATIONAL AFRICAN MARKET,1206102.98,814177.25
9284,Macy Discount Beauty Supply,1726961.29,1476993.08
9285,Irvington UNIFORMS,4071856.01,2686413.77
9286,Moes Pharmacy,2828161.8,2206559.92
9287,SUPREMO Food Market,2954000.1,2741014.49
9288,Family Discount Furniture,1071476.64,671499.0
9289,99 Cent Depot,3759911.16,2459446.8
9290,The LIQUIDATOR,4160204.09,3007553.48
9291,HM Designs Howell,4467059.4,3279342.61
9292,Geeky Clean Professional Services,61526.23,39558.51
9293,Arthur J. Henn Architects,199464.73,145508.2
9294,S4 Medical Management,2016152.61,1892525.56
9295,Sweet & Flour,540578.0,433777.07
9296,"Krauszer's Food, Liquor, and Deli",361778.48,224574.36
9297,PSEG Corporate Headquarters,3406497.95,2050606.96
9298,Masarelli’s,2534947.49,2137488.6
9299,Roselle Park Youth Football,728694.56,550848.62
9300,FloroStone Realty Inc.,4354127.42,3937660.35
9301,CCTAX Accounting Services,1775139.87,1476796.22
9302,Rose Valley,268560.15,246123.71
9303,Roselle Park Wines & Spirits,3191468.09,2694597.87
9304,"Cabanillas & Associates, P.C.",2281744.44,1673651.12
9305,Melfi’s Beauty Salon,1238178.45,912411.59
9306,Andrew Ullrich,4798301.87,3407895.4
9307,Legacy's Barbershop,2116248.03,1343823.78
9308,Allure Boutique,2023371.37,1670280.48
9309,"Richard J Noecker, CPA LLC",1912950.27,1223139.36
9310,Consultation for Any Occasion,4656082.72,3893407.01
9311,Electrodomésticos de segunda mano,1474295.23,989326.17
9312,E.R.E.N.A Hair Centers,1478691.75,1039460.08
9313,Kontos Construction,3913256.7,3491526.76
9314,Butterfly Nails,4849548.28,4270725.94
9315,LST Construction LLC,4855935.91,4085568.32
9316,Quick Snips II Salon & Spa,960725.78,634742.27
9317,Quick Tans,318752.26,290134.12
9318,KRS IT Consulting,3010782.54,2762016.93
9319,Gemcraft Homes,2467505.57,2250741.67
9320,D & Y Trading,2946815.39,2353150.42
9321,The Nail Studio,3553199.49,2925665.81
9322,H&J Spa,3252332.69,2086356.96
9323,Angelo's mini market,4554559.12,3041395.73
9324,Heather A. Stultz,4411119.08,3322945.36
9325,One of a King Boutique,2537103.76,2341715.51
9326,Four M Vending Service,4371719.46,3540222.19
9327,Vicen Vitamin Outlet,1083371.34,1022992.38
9328,Dominican Style Hair Salon,3556200.73,3346598.63
9329,Newark Symphony Hall Box Office,4262815.62,3305947.19
9330,Camp Store,3134285.53,1987873.37
9331,Cottage liquors,3219197.68,2495128.13
9332,Uncle Giuseppe’s Marketplace,2549452.5,2365363.52
9333,Home Towne Pet Shoppe,2739249.68,1752407.78
9334,Innovative Awards,4893320.74,2949085.84
9335,Careaga Engineering Inc.,3672770.21,2424846.73
9336,Hazards Research Corp,1904069.07,1560542.25
9337,Montville Fin. / Mileto Tax,1774695.16,1343335.8
9338,Cresthill Academy Day Care and Preschool,3983083.52,2429547.75
9339,Pink Petal Mani-Pedi,3316568.08,2387480.84
9340,Diane Durocher Interiors,4485407.16,3348245.37
9341,Massage and Wellness,3917964.31,3594876.47
9342,Glenn Kelly Real Estate,1309354.51,786181.27
9343,TMT Cash for Gold,453475.56,344748.39
9344,Dave's Village Auto Repair,1723039.01,1426585.78
9345,American Deli,2119105.79,1864993.86
9346,Bayshore Motors,2345018.45,1804082.79
9347,Krauser's Food Mart,4072571.51,3272573.78
9348,Yogi's Hoagies,1202275.05,972808.32
9349,Bombshell Hair Salon,4490851.23,4250593.0
9350,Best Nails,2721857.07,2098082.28
9351,Ares Nutrition,1923301.09,1708473.35
9352,2nd Ave Thrift Store,633506.18,569177.32
9353,Shell,1575334.27,1307812.97
9354,Family liquor,3517856.43,2355704.94
9355,Sol deli,1021112.07,621372.44
9356,Salvation army Family store,2016151.75,1276468.34
9357,Selectos supermarket,2641106.41,1746853.22
9358,Wash and dry,4017199.09,2696951.64
9359,Superfresh Supermarket,109014.05,90359.78
9360,Medford Company Store,1204141.66,1103814.35
9361,The Zen Den on Main,1934782.87,1645063.52
9362,"Mystical Blossoms ""The Cottage""",3895940.9,2774128.83
9363,2 Birds Hair Salon,1905143.46,1360533.74
9364,Village Treasures,4084543.28,3025521.18
9365,Pride Paws,1870565.02,1647049.34
9366,Wonder World Toys,54700.78,45534.92
9367,La Faccia Bella,3324447.57,2891684.96
9368,Main Street Cigars,4162753.21,2652898.92
9369,Little Majesty Boutique,2421719.39,2107781.15
9370,Biba's Beauty Spa,2031717.2,1240128.6
9371,Carriage House Antiques,325656.53,299821.33
9372,Mainly Vintage,628668.58,398127.96
9373,The Way We Were,4917661.97,3066922.72
9374,Village Car Care,3261701.23,2021771.66
9375,J.S.Braddock Insurance Agency,2046956.65,1854618.77
9376,Lechner's Funeral Home,1357484.61,1144586.56
9377,EY,2605298.57,2109467.49
9378,Wally's Bagels,2335344.36,1832493.55
9379,The Flavor Labs,1726055.22,1525934.92
9380,Adam's Bagels Cafe & Deli,3013598.02,2617691.58
9381,Dduck Bo Ne,978882.3,923280.3
9382,Jeong Beauty Salon,1829959.71,1157762.13
9383,Sunny Nails Spa,1507718.92,1163048.73
9384,Fashion Nails,1665115.92,1130878.84
9385,Spa Wellness,4988402.29,3227896.64
9386,Monaghan's,1220071.73,798523.88
9387,Zudao Foot Spa,70736.63,63040.86
9388,Gina's Supreme Cuts,4120241.93,2851824.95
9389,Mrs. Hanna Krause's Homemade Candy,68781.41,56696.41
9390,Habitat for Humanity,1778565.34,1560996.39
9391,NefertAri,987044.41,894601.15
9392,Mr. Mattress,2897111.73,2405469.79
9393,BeYoutiful Nails and Spa,3145549.62,2561367.91
9394,Sit Means Sit Dog Training,1834721.63,1668901.12
9395,Avalon Flooring,326817.88,266567.11
9396,Seaside Furniture,1290224.35,1062533.21
9397,Vitamins And Herbs,2508307.66,1646624.18
9398,Jersey Coast Appliance,3610208.76,3279112.27
9399,Quickfood,1904380.18,1239594.85
9400,Garden State Modular Homes,4823680.39,4144375.61
9401,Coastal Vibes,1306469.55,1027960.8
9402,Schlosser Real Estate,956116.53,745820.6
9403,Salon 35,4328419.76,3501284.79
9404,Sweet Shop,3799142.96,2792268.65
9405,Al's Family Farm,3930598.98,2556593.04
9406,Red Top Market,1231216.7,890271.14
9407,Jazz Me Up,4594745.98,3483036.55
9408,Gone Grooming,445830.33,379555.63
9409,Country Gardens,2638672.95,1958018.89
9410,Ruby Day Spa,365174.81,224523.53
9411,ZXCHEM USA,911651.64,645501.58
9412,Pilot,3453512.93,3195263.7
9413,United Hearts Islamic Academy,4631903.32,3131665.37
9414,Mahwah Liquors,1598965.01,1302119.43
9415,Mahwah Ford,1301726.77,966029.18
9416,Bergen Tire,1591732.53,1243614.18
9417,Mahwah Honda Repair,3967029.0,3499733.92
9418,Hidden treasures,1899869.82,1167880.97
9419,A Dollar,4583815.68,3460513.95
9420,Barrys Convenience,2975052.65,2499969.23
9421,YAYA 24HRS CANDY STORE,1868366.89,1174193.89
9422,Beecher's Handmade Cheese,1585047.84,1470443.57
9423,Zaro's Bakery,2941004.27,1994650.85
9424,The Atrium,2721871.87,2539333.27
9425,WHSmith,4413689.37,3842989.42
9426,Be Relax,2221211.99,1499857.59
9427,Boardwalk,1697363.22,1366227.38
9428,Hudson,2595131.97,2316639.62
9429,New Jersey Monthly,3808778.51,2556995.65
9430,Telegraph 1st Edition,1158301.34,810263.61
9431,Shore Points Market,3315085.99,2343184.52
9432,Ink Bookstore,1602238.55,1495812.62
9433,Evolve by Hudson,4126414.75,2685708.77
9434,Jersey & Co. Gelato,3784912.24,3554301.65
9435,Tonnie's Minis,1068123.93,839968.85
9436,BOLD Newark,2506049.15,1934874.35
9437,Bang Cookies,2605355.57,2028503.55
9438,Artist PopShop,4580057.8,2959705.36
9439,Kiehl's,2324424.01,1719459.8
9440,Boltimo Pary Rentals,153225.16,103424.33
9441,Marshalls and HomeGoods,321074.11,199305.04
9442,Palette Nails and Spa,1027418.97,727296.33
9443,Elite Nails and Spa,2897357.27,1755419.03
9444,Jovi Jewelry,990400.33,597086.5
9445,Florentino's Deli and Catering,4303037.26,2645323.38
9446,Glam House Salon,1617008.14,1359937.58
9447,J&M Italian Bakery,638809.41,546703.41
9448,Suzi's Sweet Shoppe,2146642.66,1392051.45
9449,Sunshine J Foot Spa,4017255.37,3476274.82
9450,Hot Tropics 2,2152021.74,1835711.71
9451,Middletown Dry Cleaners,2472142.14,1836913.03
9452,"Circus Wines, Beer & Spirits",2869791.57,2113056.68
9453,Harmony Cleaners,977256.68,768688.76
9454,Revo Hair Studio,2624306.95,2434677.67
9455,Rose Nails and Spa,301645.06,247103.09
9456,Shipyard Cleaners,4699845.42,2869715.43
9457,Evolve Med Spa,1526573.53,1428768.41
9458,Kodak Jewellery,1846139.24,1258063.2
9459,Tutti Nail Spa,428371.23,330405.34
9460,Braulio's Bakery & Bagelissimo,748204.29,557697.75
9461,Scott Wilson Hearing Aids,1549287.2,1080536.23
9462,Apple Spa,3600116.91,3294394.49
9463,Mansfield Dry Cleaners,4334703.38,4007172.25
9464,Panoply Books,1309516.11,1069137.05
9465,Styertowne Bakery,4502561.02,3811919.32
9466,Jacobs Engineering Group,2736929.49,1925278.86
9467,On The Spot Pest Control,544481.78,379217.55
9468,Batth Trucking,419018.06,269731.84
9469,JCP Glass Works,3936998.3,3233614.43
9470,The Brow Clinique,1045666.79,789986.75
9471,ShopSmart,436068.96,351149.75
9472,Ricciardi Brothers - Benjamin Moore,4161680.51,3117993.26
9473,Sparkle Couture Boutique,4815381.99,3078987.73
9474,F&M Hobby Center,1344971.68,1183631.57
9475,Color Couture Salon & Spa,3898725.07,2961232.91
9476,Central Medical Supply Inc,528157.32,455111.89
9477,Presents of Mind,3653500.74,2956159.88
9478,Young Cleaners,4571652.26,3245804.53
9479,Home World Inc.,3820475.04,3034685.78
9480,Flanders Nails,4240725.68,3159303.38
9481,Flowers By Trish,685407.82,532375.1
9482,pOpshelf,3682196.41,3445950.62
9483,TechGraphx & Printing,1688231.05,1225509.72
9484,American Tire & Auto Care,3567370.67,2526697.06
9485,Skyland World Travel,1495024.15,1008796.19
9486,Puff City,1198858.01,931786.05
9487,NJ District 23 Legislative Office,4884938.09,4112483.69
9488,C & J BEATUTY SUPPLY,320446.72,269386.07
9489,Pins & Roses,68411.79,43182.47
9490,"Preferred Termite & Pest Control, LLC",2062962.87,1852703.18
9491,The Cutting Edge,236535.65,204217.73
9492,Towne Cleaners,2316950.49,2176558.89
9493,Township of Pennsville Sewerage Authority,3802115.1,2607120.74
9494,Township of Pennsville Tax Collector,4504749.26,3375025.24
9495,Township of Pennsville Water Fees,4687063.95,3920303.69
9496,Township of Pennsville Assessor,4172184.18,2874012.9
9497,Flash Photo & Gallery,759119.8,458541.43
9498,HeavenLee Nail Spa,1386371.06,1023717.03
9499,SNKRS X PRESS,4791390.92,3197013.22
9500,Magic Sneakers,257280.73,176333.7
9501,Cach'ee Haven,1406355.64,970501.86
9502,Cardona-Cardona Salon,2454909.47,2276343.6
9503,Jaeger Florist,1827478.03,1388901.41
9504,NAIL 3000,2540581.34,2367769.49
9505,IRVINGTON FARMERS MARKET,3652337.01,3136789.15
9506,JJ Boutique,1424353.74,950223.07
9507,Hashstoria Dispensary,2205896.1,1884833.29
9508,Qnix Trading,4400774.19,3325002.02
9509,K's Styling Salon,761540.53,482879.68
9510,Rutherford Locksmith Inc,1079747.99,973159.26
9511,Sonic Suds,976447.27,765831.24
9512,Ames Barbershop,1243301.3,948699.07
9513,ERA justin realty,3980946.01,3003270.78
9514,Crest Jewelers,4823118.24,3101513.24
9515,Rutherford Florist,4705835.63,2882755.47
9516,Fabulous Stylz 2,2307489.35,1575492.05
9517,Village Wines,694547.19,428639.25
9518,Playa Bowls,3575204.72,2274258.31
9519,Sara's Children's Boutique,4856925.85,4384463.26
9520,Park Floral Designs,4682170.72,3407989.43
9521,Mikayla's Thiftique,3266149.13,2976903.92
9522,Sweet Avenue Bake Shop,4317223.45,2777143.07
9523,Steve's Coin & Stamp Shop,2684508.88,2369264.51
9524,Matera's Italian Market,717200.18,604257.14
9525,Rutherford Pharmacy,3856427.17,2523432.89
9526,Varrelman's Bake Shop,4528762.95,3067356.17
9527,Nails Plaza,4557443.34,4224381.46
9528,Elvy Rose Nail Spa,1319612.2,886681.53
9529,Flanders Cleaners,2368264.48,1836728.47
9530,Sandy's Wine and Spirits,308017.4,193848.86
9531,Timeless Nail & Spa,1481291.96,1193151.49
9532,Healing Hands Massage,4677789.14,3760026.09
9533,Alien Ink,4554020.47,3762431.06
9534,MILL RUN BEAUTY SUPPLY,2730464.42,1874267.83
9535,GS ACCOUNTING & TAX SERVICES,2555562.86,1948496.36
9536,Pianos of Princeton,891170.62,741457.14
9537,Allen's Automotive,1285377.54,1188254.19
9538,Metro Wine and Liquors,4677708.88,3816994.63
9539,Woodridge Wine and Liquor,3304945.96,2220775.3
9540,Lezze Flowers,3173925.92,2866605.2
9541,Finest Barber Shop,3901061.27,3461267.65
9542,Country Farms Convenience Store,1858515.02,1700053.68
9543,Beau Institute by Rizzieri,2787846.18,2350241.75
9544,"Gerald P. Scala, Esq.",4802423.32,3252006.63
9545,Hecho Restaurants,1646067.91,1419583.94
9546,Plunder Palace,3666396.95,2965658.2
9547,Blue Finn Dumpsters,2490150.94,2006382.65
9548,Meadowlands Wine and Liqour,3015972.53,2088059.51
9549,Mills Bakery,3751875.75,2919838.09
9550,Lairson Electronics,3222428.05,2300982.53
9551,"MSPC, Certified Public Accountants and Advisors, P.C.",2899083.08,2527732.16
9552,Ernest D. Buff & Associates,1320095.11,1060272.32
9553,NJ Basement Waterproofing & French Drains,3793927.31,3170534.52
9554,Main Office,1903057.59,1647102.98
9555,Sport Hyundai,560052.33,467095.9
9556,Sport Dodge,3921878.32,2448472.15
9557,Tri-County Building Supply,2665486.12,2476848.7
9558,The Arc of Atlantic County,3160408.63,2029393.48
9559,Dataline Verification,3708891.96,2577047.28
9560,NAI DiLeo-Bram & Co.,228625.16,140130.09
9561,AvantGirl Salon,2005455.73,1753333.09
9562,"Lipari & Walcoff, LLC",3087615.65,1961342.99
9563,Bob Testa State Farm Insurance,4804316.23,4084744.27
9564,Yale Electric Supply Co.,4689964.56,4327271.96
9565,Glorium Technologies,3770279.34,2811486.19
9566,Tijara Autos,1991087.25,1429034.22
9567,Black Stone Salon,2812945.85,2563336.6
9568,Seasons Lakewood - Kosher Supermarket,93331.64,71938.36
9569,AMMA Hair Braiding,4663768.97,3888139.14
9570,Falkin Platnick Realty Group,2144655.17,1552702.08
9571,Kurtz & Hornak Certified Public Accountants,2819515.23,2361024.59
9572,The Game Zone,4182008.59,2592178.62
9573,Stadium Beauty Supply,3039966.79,2677680.23
9574,Dollar Aim,3239015.91,2398552.51
9575,Liquor City,1952888.79,1655707.25
9576,Peter Cunha Real Estate Team,1867001.18,1265589.89
9577,Value Zone,1182729.73,1020487.98
9578,Rosa Dry Cleaners,4082930.6,3325508.26
9579,MACY BEAUTY SUPPLY,3154063.4,1918935.14
9580,Plaza Nails,2057411.83,1728570.31
9581,NODA FINANCIAL,565927.89,481601.79
9582,Joe's Market,2200246.05,1700437.48
9583,peopleready,3557958.01,2266162.68
9584,JM MINE Supermarket,431749.67,288356.46
9585,DELI & GROCERY,453700.16,382033.33
9586,Gifted Hands Unisex Salon,3291985.49,2518019.09
9587,Star Nail Salon,1458959.5,1237254.96
9588,Deerfield Christmas Tree Farm,4398266.71,3020622.47
9589,No 1 Nails,3562352.69,3323068.02
9590,TAPIA Barbershop,1853537.03,1130156.0
9591,WoN Step Ahead,4423809.0,3916862.09
9592,Irvington Business Center,3830927.36,2518675.89
9593,Baguette BAKERY,2254117.28,1459809.56
9594,Hair 4 You,2103258.82,1829606.14
9595,LD HEALTH FOOD NUTRITION,2891619.36,2222490.98
9596,Nia's Bundles,567363.09,430170.03
9597,DA BEAUTY SUPPLY,3934251.49,3230749.27
9598,STATE REALTY AGENCY,483666.81,438307.71
9599,Cloud9,2958030.77,1940034.63
9600,Essex Laundromat,290887.5,251301.56
9601,JAYCE MINI MARKET,3958765.72,3679805.19
9602,Ocean County Sheriff's Office,1814023.31,1538315.74
9603,River Laundromat,3603921.39,2269144.77
9604,Adonai Bakery,2824751.69,2223539.29
9605,Cream Ridge Transmission And Car Care,500157.08,428199.89
9606,Glassboro Convinence Store,2434888.71,1965475.92
9607,Premier Carpet Flooring,2337837.94,2152213.1
9608,Jerry's Artarama,2523311.39,2202983.89
9609,Mickey's Market,738224.92,470188.03
9610,Century 21 Preferred Realty,444129.67,396703.83
9611,Sago,1884198.33,1187835.42
9612,New Jersey Coffee School,303899.98,287379.12
9613,Breadberry,3228225.36,2917148.68
9614,Isabella's Hair Salon,1659686.98,1404736.29
9615,Lash & Beauty Lounge,4302306.16,3424365.96
9616,Blonde and Barefoot Hair and Nails,925633.1,870904.13
9617,Park Avenue South Couture Boutique,1935071.13,1427531.43
9618,SUDS Your DUDS,3438650.07,3161938.07
9619,Narcissus Florals,2849934.57,2623937.81
9620,Endless Summer Tanning Salon,4415375.92,3794754.4
9621,Two Country Chicks,1911480.6,1668173.25
9622,El Pacheking,4048145.45,3667689.18
9623,Celebrity Ford,3762960.66,2806672.67
9624,Psychic World,495277.25,428261.91
9625,Party and Boothissh LLC,3212173.15,2206260.34
9626,Venture X,3019912.39,2387342.16
9627,Naturacoon Cattery,3165980.19,2354382.73
9628,USCIS New Jersey Central Field Office,3892871.98,3375874.54
9629,"Mortgage, Bank of America",1780765.35,1566813.75
9630,KidStrong Wayne,440224.3,379215.26
9631,Chanukah Wonderland Store,1116975.68,852775.96
9632,CAM Consulting Solutions,2035631.65,1795502.31
9633,KeyMe Locksmiths,4854693.26,3117756.42
9634,Pops Market,314063.65,284381.93
9635,Tattooine Body Art,3287670.42,2887891.61
9636,Shear Brilliance Hair Salon,1385376.27,841244.83
9637,King Spa,880555.29,818021.96
9638,Paintings by Justin Studios LLC,3031500.68,2494650.52
9639,DVDXpress Kiosk @ Stop&Shop,1572095.63,1421774.16
9640,MFO Print,3662844.27,2273899.19
9641,blockerDNS,3349055.39,2713974.17
9642,Monmouth Stereo Center,4012236.83,3129110.28
9643,Internal Revenue Service (IRS) Taxpayer Assistance Center,557163.91,376578.21
9644,Shay's Liquors - Hamburg Turnpike,1589242.33,1074271.53
9645,Towers Studio | Professional Website Design,3686712.04,2658262.82
9646,Magnus Flooring,3900166.06,2717572.75
9647,Awaken The Mind Neurofeedback,2815367.73,2151818.8
9648,"Irina Weil, MD -Inner Balance Integrative Medicine",222717.77,159734.27
9649,The Great Cazoo,4842947.5,3542113.0
9650,Theo A. Cannabis Dispensary,617053.5,583136.21
9651,Steve Inglesino - TD Wealth Relationship Manager,182752.75,140118.27
9652,"Nermin Selman, Century 21 Gemini Realty, LLC",4379102.38,4084782.23
9653,Dick Dunphy Advertising Spec,788844.33,559743.0
9654,Fantasma Toys,1267736.8,923279.5
9655,Childhood Cancer Society,3925690.94,3391788.37
9656,Apolline Holdings,3910371.82,3676854.26
9657,Bookmark Literary,3677273.92,3165629.01
9658,The Steel Method,1552299.75,1090174.77
9659,Mariner Analytical LLC,935631.09,756425.81
9660,Open Systems Computing Corporation,979614.77,858175.84
9661,Wavework Concierge,117886.97,111331.57
9662,lauragraziano,2531726.44,1708392.77
9663,Organizational Leadership Strategies,2729070.04,2544460.01
9664,360 Home Inspections,1287380.97,1213397.32
9665,Strategic Occasions,1920144.12,1424300.07
9666,Public Window Cleaning,4823774.36,2900562.73
9667,Americome,2657731.85,1839246.74
9668,Voltaire Dispensary,3556395.51,2601182.7
9669,Boys II Men Barbershop,2130202.04,1725044.83
9670,PETicures Luxury Spa & Grooming,3054326.95,2034170.89
9671,Fabyan & Byrn,4278457.84,2927998.4
9672,Weis,1186545.23,781770.42
9673,PXG Paramus,3896600.85,3236782.74
9674,JD's Wines & Liquors,2746501.17,1972826.03
9675,DiB’s Barbershop,483569.23,334968.16
9676,Crystal Clean Laundromat,1209172.43,1110617.28
9677,The Wine Rack,1021755.7,656357.72
9678,Aspen Water Solutions,4178843.52,3530386.03
9679,The Law Office of Steven Ellman,4682344.28,2982998.82
9680,Willow Cleaners,2370700.91,2002210.36
9681,Sprouts Farmers Market,3903663.87,3362787.87
9682,Luna Rosa,4575519.7,3954266.5
9683,Creative Interiors,3749526.2,2305963.47
9684,Ebenezer Cleaners,425083.88,265995.0
9685,Many Stylez Barber & Beauty Salon,4697490.81,3730430.35
9686,Fortune Spa,4299988.83,3858360.85
9687,Wash N Dry Express,4114819.51,3669416.6
9688,Stacey's,976746.99,720140.16
9689,Dollar Plus Discount Store,1944971.15,1545665.62
9690,Pig'N Whistle Discount Liquors,91651.01,61288.32
9691,Happy Tap Spirits,2563227.36,1778222.01
9692,New Hanover Township Municipal Building,3123086.62,2002054.94
9693,Nova Alianca Bakery,4196699.78,2736705.55
9694,Minuteman Press North Arlington (MMP),3659309.15,2226649.14
9695,NJ Transit,1264827.6,1002264.48
9696,Newark Office Space,3350974.14,2205894.4
9697,Bard High School Early College Newark,3255595.95,2047532.88
9698,People's Preparatory Charter School,3712633.8,2507479.39
9699,Legacy Pole Buildings,2688352.93,1797811.91
9700,Aras Auto Repair,859146.26,790635.61
9701,Exoticustom Inc,256527.92,206631.77
9702,Rizzieri Salon and Spa,1521926.27,915395.21
9703,Bills Antiques,3630785.75,3128015.59
9704,Tickners,4656624.47,4005876.76
9705,Spiritual Awakenings,3082487.96,2778590.93
9706,CBL Fine Art,4364062.78,3047754.31
9707,Remember When Antiques,3756159.64,2383752.34
9708,Precision Auto Repair,2369339.41,1977056.9
9709,ShopRite Liquors of Franklin Boro,3524541.57,3339720.1
9710,Kearny Fish Market,2372069.96,1462298.43
9711,Moving of America,3425005.3,3072308.24
9712,Hackettstown Pet Supplies,721261.28,524279.13
9713,B&R Uniform Services,3626981.37,2750609.92
9714,Steve's Pit Stop Automotive,717113.78,674177.21
9715,Xplor Wine of Demarest,4866920.85,4244689.44
9716,Salon valerie,222049.41,164781.24
9717,Le Petique Atelier,3367159.25,2824119.83
9718,Rutherford Dry Cleaners,704701.18,615754.71
9719,Rutherford Wine and Spirits,1546399.04,973872.11
9720,The Lottery Shop,810472.01,744220.8
9721,Food Story Natural Market,4801280.74,3693391.69
9722,Atelie Eryn,867193.45,618877.27
9723,Le Petit Spa,3171995.96,2779965.88
9724,E&E Flowers,2734553.61,1780243.98
9725,Dziner Eyez,3854834.35,3031693.17
9726,Berkeley Candy,2792062.83,1965471.15
9727,Beach Paradise,2803770.34,2520047.61
9728,Beach Boyz,4382474.24,4138867.95
9729,Sun & Fun Jewelry,4066386.74,3080977.86
9730,The Rockstar Headquarters,1669497.09,1082859.04
9731,One of a Kind,2037813.66,1247426.43
9732,Temptation,4709953.3,3375952.37
9733,Island Soul,4357041.59,3196834.11
9734,America First,4615134.78,4312629.39
9735,Dentato's Clam Bar,4247859.74,2552239.89
9736,Ocean Jam,611039.07,518103.61
9737,Big Hearted John's,656406.44,612460.51
9738,Everything Jersey,3255023.44,3089302.02
9739,Seaside Gifts and Smoke Shop,4078863.77,3662206.36
9740,Beach & Chong Smoke Shop,897420.06,753000.95
9741,Forrester Law Firm,4718432.69,4296412.11
9742,Jurista Law,391707.83,248054.13
9743,Gittings Associates Architects,3684908.98,2830309.31
9744,Wurth USA,1851725.91,1142039.3
9745,Closter Eye Care,3204691.5,2831049.64
9746,E.B. Cohen Insurance & Risk Management,2037193.44,1807793.76
9747,Phillipsburg Office of Emergency Management,3359564.3,2898223.58
9748,John Hyatt Clothing,467038.03,316408.03
9749,Summit Medical Group Business Offices,1086806.89,971708.17
9750,Orange Water,2529266.97,2374128.07
9751,Cotten Funeral Home,1030386.43,712441.11
9752,Cybul Architects,3719145.95,3117220.3
9753,The Social Leaf,460323.5,292173.86
9754,Beachcomber Salon,4032626.62,3830699.27
9755,Office Guys Design Studio,3658476.07,2620488.85
9756,Adult Superstore,616505.43,550826.2
9757,Peek A View,111567.3,68173.04
9758,MTE Accessories,3100015.46,2574653.73
9759,Iris Environmental Laboratories,1838218.33,1158281.85
9760,Norberto's Auto Repair and Towing,1400918.32,1025811.28
9761,Right Hair Beauty Supply,4359587.98,3509201.92
9762,First Place Tattoos,1166334.9,897760.22
9763,Friendly Nails,198285.48,128937.94
9764,FruitiMex,4884083.73,3507410.81
9765,Acryfin Coastal Coatings,3817670.92,2572817.36
9766,The Beauty Castle,2031601.6,1230037.98
9767,Patis Bakery,2788586.36,1819376.27
9768,Excel Pest Services,1755465.92,1109829.79
9769,Saddleman,2408527.43,1963651.14
9770,L&NwaterDamage,2749021.79,1826801.22
9771,Free Clinical Clerkship for IMG,2693848.72,1999502.1
9772,Golden Hour,4232037.84,3603956.84
9773,Scotty G Auto MD,4749729.39,3250520.65
9774,Scott W. Bazzani Esq.,1504412.24,1030825.82
9775,Bogota Borough Hall,2225601.56,1578184.77
9776,U-Haul Neighborhood Dealer,4548913.66,4149773.16
9777,Modern Memory Design,389019.06,287078.75
9778,MPlus Creative,2750666.71,1704038.0
9779,Liebenzell USA,1572859.41,1305199.43
9780,Maid in Hoboken,3535157.39,3349611.39
9781,Caliber Collision,549660.46,351363.28
9782,Raven Ink,1597172.35,1016316.93
9783,Leo's Barber Shop,298780.24,214018.43
9784,"Marc A. Altobelli, ESQ.",2867332.55,1927228.09
9785,Rasta Smoke Shop,1635944.81,1124439.51
9786,Quick Mart,4333818.44,3467943.93
9787,Metro Mart,1832339.92,1380757.45
9788,Jersey Pride,1575768.87,1078309.88
9789,Creative Hair Salon,1914515.79,1735267.42
9790,Sofi's Tailoring,420867.8,302303.36
9791,Krauser's Food Market,4590331.45,3311883.05
9792,Bambino's Deli,3599316.7,2779870.61
9793,The Garage,4502515.08,4213732.98
9794,Sunshine Foot and Wellness Spa,4136760.42,3907240.11
9795,Bora Nail,2785764.49,2604661.42
9796,One Stop Supermarket,2405665.11,2103996.49
9797,University Store,1298861.43,1000650.06
9798,ATAX,1237501.24,1036153.79
9799,Joe's Barber Shop,4112396.96,3274564.3
9800,Tony's Barber Shop,1965802.5,1250499.96
9801,Boujiee Blinks Beauty Bar,776033.44,656867.92
9802,Hempnotic Exotics,4274826.78,3663642.0
9803,Phoenix Grooming Studio,3342046.93,2183222.5
9804,Cutting Edge Salon,4808688.18,4217424.55
9805,Quality of Excellence Hair Designers,1969452.38,1338737.76
9806,Awa's Braiding Place,4105819.24,2826531.39
9807,Palmyra Dollar Plus,3630867.56,3320157.79
9808,Sweet Wild Natural Studio,2999909.44,2657929.52
9809,Team Leaks Contracting,2054604.67,1613392.33
9810,Los Dulces,1626512.06,1433806.62
9811,Shamira's Braids,508194.23,308002.19
9812,SNB Management Group,4409328.82,3359569.59
9813,Speedy Mart Welsh Farms,3051771.29,2177359.4
9814,Refresh Food Mart,1455304.09,1333008.53
9815,Buendia Auto Group,2328360.4,1445479.73
9816,Micro City Wireless & Electronics,1022398.16,695819.75
9817,Corner Food Market,4130253.2,3348219.98
9818,Lucky Honeybee Goods & Gifts,4942301.99,4265967.78
9819,Rudo Plants and Home,2719042.85,2001624.08
9820,Store & Lock Self Storage,4835658.68,3426157.93
9821,Super Clean,1235736.2,1030524.4
9822,Beachwood Tire Center,4091341.23,2745696.6
9823,United Pool,124965.12,81588.99
9824,Academy Vision,1607719.53,1337211.93
9825,A&L Insurance,384209.07,332512.08
9826,Chef Lou's,3536354.27,3213632.25
9827,Charisma Hair Salon,4251933.49,3496311.81
9828,CBD HQ,4696663.2,3191572.85
9829,Gorilla Vapes,3349014.59,2623164.11
9830,Shearer General Practice of Law,669108.08,621387.23
9831,Lisa's Psychic Eye,4425192.88,2789030.51
9832,Progressive Dimensions Countertops,4686997.91,4005342.52
9833,Style in Action,3367035.74,3089550.18
9834,Cinco de Mayo Grocery and Deli,3734502.36,2351677.97
9835,Summer Illusions,1781642.21,1608755.68
9836,Krauszer's Food Mart,1449488.5,1129518.0
9837,Pauls' Pet Boutique,3475149.17,3101623.07
9838,givemeservice.com,4008491.03,3251887.32
9839,Mr. Lopez - Mexican Grocery Store,792313.97,644688.79
9840,Vicky Hsu Realtors,1032196.46,867088.61
9841,Simply The Best Pest Control,4848929.7,3153610.18
9842,Hoffman's Pharmacy,421100.37,342183.81
9843,First Onsite,3297966.59,2183588.27
9844,Monmouth Auto Diagnostics,1121272.92,993526.34
9845,Dale's market,2744513.68,1944186.18
9846,Livestock Cooperative Auction,4295323.52,2585433.13
9847,George's Auto Repair & Towing,4330578.41,3046224.17
9848,Elly Premium Laundry,2808027.31,1916679.0
9849,High Street Dispensary,250193.86,200614.43
9850,Bubbles 3,2251721.99,1584625.76
9851,CVS,2795101.87,1997992.77
9852,Spotswood Liquors,2245073.28,1803545.01
9853,Robert E. and Virginia N Littell Technology Center,1017539.99,887953.64
9854,MooIT Solutions,1783023.01,1306427.81
9855,Lee's French Nails,255751.62,233382.46
9856,Sculpted Silhouette NJ,4808598.3,3260658.25
9857,The Light of the Party LLC.,287736.49,192118.07
9858,MHI home improvement,4269042.53,3483878.43
9859,Halo Home Maintenance,1853582.23,1500371.41
9860,Oasis Deli,673224.1,432675.16
9861,The Villiage Market,946093.16,896619.34
9862,Ray Cleaner & Alteration,1027847.95,814908.88
9863,Savvy Dollar,3434432.61,3052554.92
9864,Canal's,2397722.44,2210286.77
9865,Twinkiss,942180.95,681436.56
9866,Julie's Headquarters,4568804.22,4218017.39
9867,Jilly's on Asbury,3832750.58,3555067.47
9868,Zen Leaf Dispensary,1267161.94,1077559.72
9869,Citi Roots Dispensary,1100700.37,992964.86
9870,Pure Blossom Dispensary,2527562.58,2400523.42
9871,Jersey Meds Cannabis Dispensary,320409.0,206824.48
9872,Breakwater Treatment & Wellness Cranbury,3381893.02,2871061.26
9873,Simply Pure Trenton Cannabis Dispensary,3639053.21,2539594.85
9874,Bloc Dispensary,2988135.46,2239589.16
9875,Theory Wellness Cannabis Dispensary,86183.89,70183.33
9876,Moja Life Cannabis Dispensary,2859359.82,2227394.66
9877,Silverleaf Cannabis Dispensary,1249197.15,848696.88
9878,Bleachers Cannabis Dispensary,2346810.18,1782949.69
9879,NJ Leaf - North Brunswick,3987076.36,2398153.84
9880,Pik Pok Consignments,4859010.4,3976637.14
9881,David's Cookies,881007.01,589678.53
9882,Smoke Shop,3648283.11,3387485.79
9883,PV Pets,3471723.67,2377792.0
9884,Tap & Bottle Store,2602487.03,2111155.38
9885,Sam's Club,1057522.07,717463.65
9886,Green Vue Spa,1725515.05,1394236.52
9887,New Jersey Motor Vehicle Commission - South Plainfield,3493126.1,2224589.35
9888,RDC Company,4623290.71,3110371.05
9889,Quinn Injury Lawyers,2418884.2,2293835.74
9890,Ministerio Vida Israel,4800509.02,3963879.81
9891,Major League Barbershop,715831.64,571707.74
9892,Bound Brook 99,4200800.92,3162382.02
9893,KRJ Gifts - Business Card Frames,536999.59,455823.98
9894,Sam's Deli,4200605.94,2906483.47
9895,Collegiate School,269099.48,192569.14
9896,Thomas Jefferson School No. 1,4138675.28,3882941.22
9897,YBH Of Passaic,1149371.97,951671.75
9898,Sharp Cleaners & Laundromat,3297915.75,2546028.14
9899,Island International Unisex Salon,4866495.1,3073020.21
9900,Philadelphia Water Ice,4175550.57,3061340.8
9901,La Manga Barbershop,2640817.21,2167093.5
9902,Lisbeth J Beauty Salon,791889.99,508613.96
9903,US Gold Exchange,407653.5,262859.72
9904,The Salon at Caesars,1488234.54,1069355.1
9905,Storage unit,2474502.66,1516456.95
9906,Forest Fire Services,4278380.62,2952594.32
9907,Marmora Thrift Shop,3985540.19,2490576.72
9908,Dollard-Baker Sew Vac,4048112.81,2525855.61
9909,Angel Nails Salon,158158.54,97965.85
9910,Consumer Credit and Budget Counseling,86515.32,82015.27
9911,"Fitzpatrick, Bongiovanni, & Kelly",4373422.41,2697376.75
9912,Savers,1538378.66,1183144.73
9913,Carnival Cleaners,1420529.59,1334708.7
9914,NJMVC - Hazlet Agency,1935274.13,1200950.39
9915,Denville Cleaners,1514599.94,1144584.99
9916,Network Digital Office Systems,3190498.41,2693296.52
9917,Railroad Quick Mart,298014.33,195452.44
9918,Jita's Door & Lock Service,2175489.11,2052304.39
9919,K-9 Kingdom,385198.42,308521.72
9920,Robbie Conley Architect,4005745.14,3245685.58
9921,Bon Voyage,857619.76,696169.48
9922,Dollar Dream,2822987.77,2673532.31
9923,Secaucus School Superintendent,1382450.04,1046643.84
9924,Secaucus Board of Education,415566.48,369937.85
9925,Foley's Family Market,2667475.86,2425838.94
9926,Spin Doctor Laundromat,3371301.87,2620861.22
9927,Buy Best Wine & Liquors,1320226.03,1166131.76
9928,Royal Nails,3236627.39,2550947.59
9929,Shampoo JC Salon,4513969.08,3988263.3
9930,blow-out,1017085.02,926605.53
9931,PLNTD,803756.89,543682.82
9932,The Lash Gallery,1993701.48,1733660.8
9933,Derma Beauty Spa,1712496.3,1168263.98
9934,Barnstable Academy,3746919.63,2268187.15
9935,Kradle 2 Kindergarten,3582462.48,2417209.16
9936,Asbury Park City Council Chambers,3448285.42,2916109.09
9937,Cinnaholic,3063975.0,2589504.6
9938,NHT Global,1011886.16,740097.52
9939,Better Homes and Gardens Real Estate Coccia Realty Kearny,4584985.73,3600675.63
9940,Borgos Hanlon Henry & Garcia,1930402.99,1373546.15
9941,Roxc Beaute,2545616.96,2032551.38
9942,Crft'd with Percision,632002.2,437416.72
9943,Computer Repair Center,4535920.0,3145208.55
9944,Sin City Smoke Shop,4529678.82,3477370.32
9945,Los Angeles Hair CAre Center,793076.75,649995.23
9946,Mid Realty Inc.,3933849.88,3185659.26
9947,The Law Office of Kenneth J. Lindenfelser,4173195.28,2998713.58
9948,Rosa Agency,2255678.33,1397692.76
9949,Lopez Liquors,139237.71,120053.22
9950,Fanny Marisol Nail and Hair Salon,2139509.06,1667725.57
9951,Lenas Hair Fashion LLC,3537163.39,2332833.2
9952,Kearny Collision,2728207.71,1898364.12
9953,Lemus Flowers,4747459.99,3408485.69
9954,Lava Smoke Shop 5,2626730.61,1732014.23
9955,Gillespie Gillespie Jablonski Law Office,2511791.71,1617641.34
9956,Paz Music Academy,2872132.72,1848335.05
9957,Quincy Barbers,387396.45,247173.24
9958,Nail Express,3395378.33,2591514.41
9959,Maestro Barber Shop,2267269.18,1746685.13
9960,Ideal Tuxedos,2212750.91,1749495.08
9961,Spirits of Kearny,374147.86,296358.95
9962,Be-You-Tiful Hair Salon & Spa,575861.6,424562.03
9963,Berthas hair Saloon & Spa,4966847.13,3858483.07
9964,Hair Fashion Salon,1983615.96,1638626.19
9965,Erika's Grocery & Deli,4543857.27,3129761.68
9966,Rachel Jewlers,2838317.58,2384848.19
9967,Lourdes hair and Nail Spa,3740074.18,3218914.64
9968,Kearny Town Hall,2291002.11,1823562.77
9969,Zaris Fine Jewelry,4814456.13,4560005.17
9970,Arcos Pastry,256745.16,226220.48
9971,Mary's Cleaners & AAlternations,1396751.58,989419.58
9972,European Travel Agency Inc,2044004.24,1877346.46
9973,Tony's Deli & Liquors,649596.38,518414.01
9974,Cousin Auto Repair,265887.14,218333.67
9975,Miltiservicios Latinos,4968997.89,3112476.39
9976,Kairo's Unisex,1947391.51,1704816.0
9977,Gomar Nail Salon,1732238.28,1212976.08
9978,Oh My Dog,3388705.02,2924327.59
9979,Headlinerz,1628019.79,1527959.31
9980,Super Laundromat Center,4264437.66,2845649.98
9981,Subs Galore,1907089.72,1764732.61
9982,Towne Auto Sales,1661297.99,1479672.24
9983,Classic Nails,175199.54,119252.51
9984,Best Buy Wine & Liquor,4363647.19,3467540.11
9985,Franco barber Shop,2853312.11,2701165.5
9986,Manny Mini Mart,1320458.39,1115233.05
9987,Anthomny's Shop and Save Supermarket,4594843.17,4066904.36
9988,Dollar Daze,1651986.14,1456061.89
9989,Gina's Hair Design,2417248.73,1454547.07
9990,Zizzi Hair salon and Spa,1882670.46,1435712.08
9991,Soccer Post,1594029.62,1256678.83
9992,Kearny Nails,2458814.05,1667563.68
9993,City Smoke,2420192.94,1975830.46
9994,Atomy of Kearny,374311.26,326935.09
9995,Pao Quente D'Avenida,4721496.98,3451500.11
9996,Sea Girt Borough Hall,3886380.12,3689767.93
9997,CooperSurgical,69907.81,52587.16
9998,Work Hard Dress Right,417662.94,387752.46
9999,City Discount Liquor Store,4176313.36,2915881.67
10000,Zanaib Foodmart,1905441.57,1571906.55
10001,Continuous Networks,3233665.99,2035539.09
10002,Akshardham Store,4948775.6,3550084.95
10003,Laundry World,4660017.87,3817196.65
10004,Davenport Laundromat,4867969.96,3144022.7
10005,Cash My Check,4880316.29,3344763.03
10006,Chunchi Bakery,2522664.8,1534307.02
10007,Calandra's Bakery,1413655.27,864486.11
10008,OpenFS LLC,2685836.69,2324746.21
10009,Georges Salon,4588172.29,3597674.94
10010,Suncrest Village,4428951.99,4023742.12
10011,Eat Clean Bro,4241169.34,3923792.28
10012,Dirty Laundry,1364136.14,846683.0
10013,Hana Mission Thrift Store,4592843.13,3602437.82
10014,URB'N,3582013.6,2727794.71
10015,Children's Hospital of Philadelphia,1118742.59,671896.36
10016,NJ Mattress,2181615.76,1550107.48
10017,Orange Carpet & Wood Gallery,995712.04,878050.59
10018,Pure Ink Tattoo,3183690.44,2770427.55
10019,Avalon Street Maintenance,591530.18,403609.38
10020,Brady & Kunz,4906815.37,4633592.82
10021,Seton Hall University Bookstore,2320085.44,1488772.55
10022,William S. Rich & Son,4609718.14,4346086.49
10023,Queen Halal Mini Market,2678087.76,2029070.28
10024,Raimo Wine & Liquor,3534628.79,3232671.25
10025,Spinosa Music,2559299.48,1936628.22
10026,Serenity Montessori Preschool,632216.01,575531.98
10027,Pueblo Liquor,4462367.9,2708967.77
10028,Pueblo Laundry,3230781.9,2769660.51
10029,Sand + Stitch,2176985.43,2009844.57
10030,9 North,1476521.84,1308344.5
10031,To Go,2839662.19,2260796.2
10032,New Era Barber Shop,3394470.37,2572362.11
10033,Isabella Variedades,4393913.51,2835781.69
10034,Champion Replacement Windows of Philadelphia,4151248.0,3332490.48
10035,R&M Make Up Barbershop,3283925.59,2287980.34
10036,TP Electronics Car Audio,2181998.93,1870772.09
10037,M.Shin,4473799.97,2793882.43
10038,Four Seasons Spa,1576598.33,1331522.19
10039,Shilla Travel,1922358.65,1390209.53
10040,AC Barstool Brothers,3920788.59,2729517.05
10041,Jack & Son Nails Spa,1232498.14,771380.52
10042,A Time for Wine,2992079.56,2503744.32
10043,Zeytina Gourmet Food Marketplace,968492.09,871801.04
10044,Talk of the Walk,1217196.05,1116358.31
10045,The Dean,3018691.35,2501283.42
10046,Marshall Rousso,4971700.16,4137922.22
10047,Mrs. Fields,684036.57,502895.49
10048,Sea Spa Sanctuary,692481.29,466207.16
10049,Caesars Sportsbook,2991647.01,2050331.52
10050,Going Nuts / The Green Bar,2795333.19,1780182.99
10051,A Dam Good Deli,885684.39,627320.77
10052,James' Salt Water Taffy,4928936.36,3600826.45
10053,Boardwalk Corner Store,1105972.88,1006386.63
10054,Lobby Essentials,283103.19,264318.95
10055,Luxe Salon,2536890.56,1810654.11
10056,The Corner Market,205646.04,175395.72
10057,Business Center,4151283.9,3731905.5
10058,Breathe...Salt Spa,1865512.49,1736396.79
10059,Essentials,2352588.91,1879173.42
10060,Hat Emporium,1338220.44,1077670.47
10061,Step Up,207727.32,165918.67
10062,Francesca's Collections,2582030.07,2242626.48
10063,Caesars Exclusively,3294917.59,2522683.42
10064,Emporer's Essentials,1402635.66,947743.92
10065,Bally Bet Sportsbook,1606491.58,1077176.32
10066,The Spa at Bally's,4164238.6,2774879.2
10067,Bally's Boutique,866664.56,738884.82
10068,High Rollers Dispensary,2808414.73,1980613.26
10069,The Gateway Shops,2609180.08,1631455.36
10070,Starbucks Coffee & Gift Shop,4116724.33,2620084.78
10071,Magma Smoke Shop,2734312.42,1706740.79
10072,MOM's Organic Market,1992665.26,1457939.68
10073,Alex Jewelry,3709326.88,3144609.06
10074,Pacific Food Market,2117322.56,1957838.03
10075,Ali's Jewelers,1037155.15,982498.9
10076,Atlantic City Psychic,1658459.85,1026874.72
10077,Rosa D'oro Jewelers,82078.2,57959.76
10078,New Hope Gold,4234561.62,3202865.19
10079,Water Side Market,575964.33,438974.35
10080,All Star Liquor,999996.79,635907.28
10081,Brigantine Dry Cleaners,2068805.5,1827745.62
10082,Brig Chic,187698.04,140802.61
10083,Rittenhouse Home,2089086.91,1686325.39
10084,Akwaaba Caribbean Market & Deli,877414.63,690695.06
10085,Ruff to Fluff Pet Spa,2268836.71,1978061.71
10086,Nailcessity,2748671.2,1809229.66
10087,Paradise Salon and Spa,1167440.75,901511.31
10088,Artim Salon & Spa,3719864.39,2459822.36
10089,Scotty's Automotive Service,3846152.31,3386043.54
10090,TPS Financial,2015546.15,1768236.57
10091,On The Way,1785682.58,1548842.27
10092,AWISCO Branchville,1435252.79,1357223.78
10093,Unicar Autobody,1395754.16,968262.77
10094,Enfinity Medical BIlling,2367232.14,1505294.52
10095,BMW,1752819.53,1346754.22
10096,Pleasant Market,3688786.49,3248621.27
10097,Back to Nature Wellness & Gifts,4956343.21,3324637.58
10098,Hunter Douglas Gallery,1219537.77,814850.88
10099,KitchenArt,3322705.76,2850103.2
10100,Paws About,4438337.77,3088537.14
10101,The Vested Interest,476763.06,388163.31
10102,Clipper Club Hair Salon,4964968.7,4051346.44
10103,688 Boutique,3118535.37,2662890.81
10104,Buenavista Multiservices,3608747.6,3067273.39
10105,St. Carmen Jewelers,2091520.41,1274933.73
10106,Dynasty Gift & Discount Center,3580859.29,2847761.37
10107,Digital Mobile Electronic,2955931.53,1813657.89
10108,Fancy Fish,616204.52,548911.98
10109,NutriCentro,1097967.85,890576.69
10110,Shreeji Beauty Salon,517205.35,484810.46
10111,WNY Liqour Store,2030563.29,1613681.95
10112,Amigo Smoke Shop,121828.39,93445.13
10113,Nutricion Garcia,437765.56,414522.14
10114,Robert USA,2808177.53,2179156.3
10115,Fabco Shoes,3209401.34,3016190.17
10116,Crystal Lens Express,3817044.67,3438754.32
10117,Jay’s Uniform,2666791.64,2141950.75
10118,Panda Shoes,3317496.52,2981325.71
10119,James Great Deals,1684536.11,1087552.44
10120,Bergenline Electronics,4887692.12,3076200.39
10121,Pennington Borough Hall,4002902.31,2812067.7
10122,Ridgedale Wines and Liquors,2599277.3,1916004.98
10123,Franco's Barbershop,1888653.67,1579513.57
10124,In Bloom Salon,4239609.77,3277741.2
10125,Threading Studio,678435.5,578896.59
10126,The Potted Granium Florist,2836016.97,1856862.12
10127,Bello by Marco,99855.16,93683.14
10128,Ace Auto Group,1269151.29,909029.83
10129,Lou's Jewelers,3819161.21,2299103.39
10130,Howard Hanna Rand Realty,4755260.11,3809801.16
10131,D. Sierra Lash Co. | East Hanover,312572.26,205587.71
10132,Joy's Nails,880484.47,629269.26
10133,Polar Skate Shop,3781446.77,2783734.08
10134,Winfield Mutual Housing Corporation,798714.07,708280.31
10135,East Hanover Deli,2983107.11,2207470.16
10136,Centre Plaza,1234841.39,758839.38
10137,Express Deli Food Market,1088178.15,825731.08
10138,Restore Hyper Wellness,1767531.17,1311306.5
10139,Woodbridge Ski & Board,4413645.78,3549376.47
10140,The Consignment Closet,1584214.44,979207.11
10141,Old Bridge Gold Buyers,4259238.33,2939681.0
10142,US Pharmacy,2334339.93,1439531.54
10143,Organica,2769399.5,2213710.91
10144,Oasis Salon and Spa,4112398.39,3843323.98
10145,The Bubble Factory,256155.92,230976.27
10146,Muskan Beauty Parlor,266769.34,174262.38
10147,Alhamdanya Sweets,2586858.03,1642046.78
10148,Patrick Moriarty,3789655.62,2519024.5
10149,Pat Butler,3889822.76,3108750.09
10150,Cavin Ramrup,2193375.52,1952062.98
10151,Metro Title and Settlement,1864619.31,1288868.55
10152,BPS Warehouse,4781188.12,4485954.64
10153,Village Stationery,1044728.43,676406.33
10154,Gertner Mandel Attorneys at Law,1700395.43,1466623.03
10155,Sydney Krupnick Realty,3796088.38,2585510.12
10156,Cathy's 14th Street Bakery,713268.17,533526.77
10157,199 Smile Laundromat,2709351.41,2386158.21
10158,Aramex Investment LLC,1546663.88,1132738.06
10159,Bloomers and Things,3964082.24,2761797.3
10160,Bruno's Bicycles,1211927.56,932570.13
10161,Vingo Wine & Liquor,3619590.84,3274496.77
10162,Crown Tire,4918062.65,4318628.44
10163,D & R Canal State Park Headquarters,3714210.57,2988196.05
10164,Cupily Coffeehouse,2868970.22,2525039.65
10165,Vila Verde Farm,1913587.61,1791542.32
10166,SOCO Construction Field Office,2598998.41,2314330.09
10167,JS Pro Construction,3425809.49,2729972.61
10168,Emilio Bayway Florist,1824118.89,1658990.16
10169,Good Fellas Barbershop,765250.57,721758.21
10170,Rocky Hill Municipal Building,2324893.12,1396432.26
10171,Crazy Johnny's Barbershop,2702150.9,2363253.17
10172,Stylish Nails,4011629.05,3224309.86
10173,Barber Culture,4499149.31,4212858.48
10174,Urban Roots by J & H,1611740.83,1389826.32
10175,Fashion Nail Beauty Spa,2167306.46,2052094.22
10176,XO Nails,4647346.41,3753579.82
10177,JS Pro Property Management,3442162.78,2610891.23
10178,Sterigenics,1358276.36,1260055.2
10179,Milford Borough Hall,4838080.1,3700084.5
10180,Hampton Borough Municipal Office,4251722.8,3360806.63
10181,Mountain Lakes Municipal Building,1613835.68,1064948.8
10182,B&B Mens & Kids,4771652.2,4484441.08
10183,"Walter J. Golczewski, EA",3957421.58,2694125.96
10184,North Jersey Chamber of Commerce,2167062.89,1750567.46
10185,Khaled “Jay” basuf,2470573.72,1856555.87
10186,Maria A. Giammona Law LLC,962009.75,734992.91
10187,Venusys Technology Solutions,1101215.13,973981.3
10188,Darragh & Bocker LLC,1068148.9,1004423.4
10189,Chesterfield Liquors,4086720.28,2859518.24
10190,Genuine Me LLC,235230.84,173633.36
10191,Medical Ear Piercing Clinics,4755168.15,4141169.62
10192,David M Gallaway Tax Services,3632680.86,2466599.05
10193,Serafini Louis J,3048505.7,2396012.29
10194,WPUNJ human resources,3149446.19,2118677.31
10195,CB2,2836134.13,2693521.16
10196,West Windsor-Plainsboro Regional School District Offices,2064650.76,1761142.73
10197,Alantic Health Patient Transport Center,4115162.46,2601933.44
10198,Vito's Bakery and Deli,2766887.29,1941695.38
10199,HairSee,3585128.7,2516271.1
10200,Shin Brothers Jewelers,416469.5,270096.6
10201,Once Upon a Child,2372855.55,1869356.72
10202,Armani Cleaners,2047201.2,1629161.02
10203,Quality Roots Cannabis Dispensary - Marlton,3538475.88,2928791.86
10204,Tipple & Rose,4622977.98,4129293.13
10205,Ascendia Pharmaceutical Solutions,4245956.32,3689093.34
10206,Drive Cheap Auto Insurance,140787.59,117706.49
10207,Shrewsbury Arms Leasing Office,1245814.23,1114282.69
10208,Shrewsbury Mini Mart,2222230.16,1690257.58
10209,Hopewell Township Board of Education,1782570.51,1591024.6
10210,White Horse Wine & Spirits,1926588.5,1614013.51
10211,Divine Beauty & Barber Academy,3933734.03,2410621.14
10212,Com-Tec Institute,558948.81,342193.88
10213,Zadie's of the Oranges,2399276.17,1792186.12
10214,Zadie's Early Childhood Center,135294.13,113665.06
10215,Dorson Professional Training Institute,4401755.78,3860239.15
10216,East Orange YMCA,145023.61,117682.02
10217,Above All Hair and Nail Salon,3141117.52,2323235.05
10218,Kissey Nails Salon,2299038.83,2123011.76
10219,Lake Ridge Spa,190952.26,154744.78
10220,WB Uniforms,2074756.85,1780845.71
10221,"Law Offices of Taff, Davies and Kalwinsky",2208999.89,1945071.06
10222,Bloomingdale's Outlet,1049305.34,649393.93
10223,NAPA AutoCare Center,1320789.03,1112438.17
10224,Strato,1576196.14,1309782.71
10225,All Access Staging & Productions,1494930.76,1080375.8
10226,Woof Gang Bakery and Grooming,450812.46,335016.96
10227,Angelina Nails Spa 2,4969397.36,4228574.64
10228,Sugaring NYC Spa,4391917.12,3628936.93
10229,Home Town Market,4442213.05,3784975.37
10230,Liquorama Wine & Spirits,3983224.56,2547869.1
10231,Hopewell Antiques,623655.19,400819.04
10232,Le Petite Salon,3116376.23,2661400.65
10233,ace Medical Supply,1920551.42,1403728.05
10234,Country Farms,2101509.58,1481855.04
10235,Lakehurst Barber,189173.6,137050.83
10236,The Arc Ocean County Chapter,3350700.18,2916014.56
10237,The Borough of Neptune City,3790965.82,2360212.69
10238,World Class Barbers,1224834.59,1047190.26
10239,Nielsen Kia of Newton,4515519.16,2846738.36
10240,Island Cleaners,4280553.1,2730591.02
10241,Ginnie's House,4357152.83,3172646.29
10242,Wild Fork,1455324.41,1284689.75
10243,5.11 Tactical,3080904.66,2540476.02
10244,Boot Barn,3593914.88,2990824.14
10245,"Destination Athlete of Bergen, Passaic, & Rockland NY",1983270.44,1294952.34
10246,"Bookkeeping Made Simple, LLC.",4982587.65,4102746.05
10247,Agnello Massage,2354204.2,2122542.44
10248,Business Management Services,2192006.44,1367885.37
10249,Cita medica dr yaki,4669488.11,3119623.7
10250,Leisure Spa Asian Massage,482406.64,355676.54
10251,Oasis Barbershop,4875593.79,4429019.64
10252,Professional Therapy Associates,2917117.95,2561872.2
10253,Good Gears Automotive,4626220.23,3193985.07
10254,Rite Liquors,64976.28,44825.89
10255,Shoetique,999797.97,805237.21
10256,The Hat Box Express,2399945.59,1962293.54
10257,Yerushalmi,1431676.56,1079896.72
10258,Drum Point Dry Cleaners,4755133.57,3096548.28
10259,Country Farms Grocery Store,2579893.75,2232438.02
10260,The Mega Nails,2504741.83,1896875.13
10261,Wishing Well Cards and Gifts,1837955.99,1511676.5
10262,A New York Touch,4533699.2,2923373.75
10263,Veporistic,278630.01,189985.26
10264,BeautyStat Cosmetics,3834549.18,3635923.71
10265,FIRST ONSITE Property Restoration,1968894.03,1303366.85
10266,Untangled Hair Extensions,4874477.11,3051505.34
10267,Wayne Day Program - Pillar Care Continuum,1562547.01,1399068.44
10268,The Hair Loft at the Corner,2760761.32,2482647.82
10269,FK Living,2828890.88,2157954.34
10270,A&J Jewelers,418017.51,342329.66
10271,Polska Szkoła Jagiellonów Inc.,2014521.83,1875751.63
10272,Inkwell Global Marketing,4097427.87,3008636.59
10273,First Avenue Elementary School,57037.79,38581.0
10274,Vineyard Express,2876674.23,2549819.3
10275,Universal Cabinet Design,4571931.54,3380939.29
10276,Crossroads Realty,2965407.27,2090379.79
10277,"Mold Testing, LLC",2126639.65,1551356.36
10278,Bloom Realty,4631682.99,3775767.96
10279,Allure Floral Design,735844.41,607308.54
10280,Lowe’s Home Real Estate Team,2028622.71,1626919.0
10281,"Rosa Schiro, Howard Hanna Rand Realty",114995.37,90892.38
10282,Cherilyn Ventola- Howard Hanna Rand Realty,2758091.31,1693202.25
10283,Howard Hanna Rand Realty NJ - Allison Vitella,4667555.84,3061530.42
10284,Port Authority Truck Service Center,3950721.91,2999643.0
10285,Voorhees Township Town Hall,1267726.81,1161389.28
10286,Brooklawn Borough,2702079.98,2297030.52
10287,Tres Leches Bakery,2675468.87,2014082.15
10288,Vinyl Addiction Records,612675.82,477705.41
10289,The Cupcake Carriage,439739.13,314003.02
10290,Paradox Comics,206964.2,181168.54
10291,Gloucester City Sewer Department,1028781.71,856131.51
10292,Derosa Pharmacy And Home Health Care,3516285.38,2210019.48
10293,La Fe Food Market & Grill,831904.18,632185.23
10294,Auction Direct NJ,4052918.8,2650082.0
10295,American Automobile Association,415848.72,260724.09
10296,The Optical Center,1278439.55,1101710.27
10297,Wine Country,4805723.66,3762527.5
10298,Peapack Fine Wines,4880691.05,3283099.82
10299,Urban Cottage,3127683.54,2681218.83
10300,Professional Tire Pros,2340891.51,1592421.72
10301,Hound About Town,1618246.68,1177976.18
10302,BudZOOka Cannabis Dispensary,1274723.61,1100591.24
10303,Keytlym Bakery,170195.6,131125.63
10304,BMW of Newton,4952850.43,4367403.39
10305,Toyota World of Newton,4188722.76,2613891.59
10306,AVR Enterprises,350156.86,269764.76
10307,Wild Logs - Firewood & Cooking Wood Supplier,3422780.05,2449687.32
10308,Bright Vision Technologies,297163.01,254035.14
10309,ReMax,4780085.71,4085096.62
10310,The Hobby Shoppe,504741.51,323315.46
10311,Court Jester,3457178.45,2227294.42
10312,U Frame It,3952732.08,3255364.8
10313,The Print Shoppe,1135393.75,795091.07
10314,Riccardi Brothers,3413762.24,3063342.79
10315,Henny Penny,4290356.9,2638210.73
10316,DJ Got Me Fit,4370270.44,3315958.84
10317,Moxie Salon,4796325.03,4162450.37
10318,Dr. Bloomberg,3599424.95,2994674.01
10319,Wing Hing,1931249.25,1707438.74
10320,Livotis Old World Market,846206.68,726597.48
10321,Gallo's Wines and Liquors,2095514.49,1334483.76
10322,Wrap Innovations,1723450.15,1061634.76
10323,"Richard J. Angelo, Esq.",4096447.28,2915027.5
10324,Hy Gorgeous Lash Bar,769224.59,657315.95
10325,The Bookshop,3024391.82,2553506.58
10326,Applegreen,305808.59,190321.04
10327,Route 35 Tire Center and Auto Repair,1847850.57,1498537.8
10328,Exotic Smoke and Cigar,1203966.74,730511.92
10329,Parts Authority,359812.85,318496.37
10330,Fade Salon,1245197.82,961195.74
10331,Milanos,1434969.03,923460.59
10332,Caramel Shop,3088645.53,2118918.87
10333,Maserati,4738546.81,3432760.04
10334,Kosher West,3846383.66,3497947.77
10335,Agripas Street,4432358.84,3326940.2
10336,Barbanelli Uomo,2991404.36,2421666.23
10337,Accents,934247.25,700487.66
10338,Lakewood Dry Cleaners,489283.02,406210.34
10339,Executive Offices7,4022753.56,3435243.48
10340,Fino Custom,135831.98,120733.63
10341,Outlet and Co.,54090.89,48080.17
10342,Line Art,3247918.22,3036182.03
10343,J Golf,2516860.2,2141237.56
10344,Kaie Head Spa,2437876.62,2057320.18
10345,I Love Lash,638218.26,456571.54
10346,Tov Boutique,818458.39,558321.24
10347,Peonia Atelier,2161552.02,1647039.42
10348,Skyline Cleaners,4829427.81,3752928.89
10349,"WFP Tax Partners, LLC",3988345.74,2634947.55
10350,Volkswagen World of Newton,4975838.6,3859721.23
10351,Audi of Newton,4441930.65,2920316.39
10352,Raj Auto Center,188832.34,132074.1
10353,Northern Lights Hair Studios,2839623.14,1744084.78
10354,Sandra V Tailoring,363511.53,241064.2
10355,Blue Oak Dispensary,1945404.15,1772386.32
10356,Bro's Vape,324559.06,286633.66
10357,John Michaels Estate Jewlery,4674240.12,3589382.5
10358,Barneys II,2606521.4,2159244.03
10359,Brookdale Wine Country,4926725.0,4458279.42
10360,Beauty Buzz,1831775.39,1211094.22
10361,Madtriano's | Deli & butercher in Bloomfield,1085864.25,735230.6
10362,Brookdale Pet Center,4069705.35,3098511.94
10363,Annie's Art Nail,4987909.27,4106275.36
10364,Salon Femi,3399425.69,2627190.99
10365,Ladyfingers Bakery + Bar,1337027.72,960179.53
10366,Al's Cleaners,184518.48,123007.01
10367,Iron Workers Local,2648460.35,2399057.26
10368,Chevron Lummon Global,3051230.3,2465414.11
10369,Urology Management Associates,3766737.02,3384000.24
10370,Clipping World,4903583.34,3074919.39
10371,Gallery of Ink,3136749.41,2297857.2
10372,United Railroad Historical Society of New Jersey,2451170.63,2048062.87
10373,Express Liquors,2888901.58,2025058.62
10374,HeliFlite,2131638.54,1607767.04
10375,Cedar Market,4698539.18,4451357.14
10376,Home Towne Pet Shop,4700086.51,3494562.16
10377,Terry's Boutique,1347420.73,857811.04
10378,Space Smoke Shop,646529.04,521443.14
10379,Sneaker Arcade NJ,1498593.43,1386859.55
10380,Pristine Electric,1087068.78,685937.97
10381,Max's Electric Bikes,2258096.55,1358734.36
10382,Drop & Go Cleaners,217548.36,157661.7
10383,Bollettieri Advanced Automotive Services,1269069.64,837228.46
10384,Prestige Autowerks,4121976.86,2943859.36
10385,Computer Connections Inc,2229602.48,2080913.42
10386,True Cuts,3051824.0,2475620.95
10387,Buy 'N Sell World,3132359.46,2252429.98
10388,United Tarps Parts & More,748248.81,558229.36
10389,Royal Mile Coffee Roasters,4353589.92,3530821.91
10390,The Hiredge Agency,3089257.93,2717313.1
10391,Hawthorne Liquors,1457468.62,924111.24
10392,Then & Now Consignment Shop,2767391.02,2265265.38
10393,Churchill Living,4632015.11,3732201.99
10394,Cozy Tea Loft,1864616.15,1528950.52
10395,Mustillo's Town & Country and Bridal,3640390.52,2396874.81
10396,Vincent Sciortino Tailors,2206386.81,1778587.35
10397,Bliss by K Boutique,2621367.74,1581015.37
10398,My Soho Design & Kitchens,1969417.76,1426806.96
10399,J&S Jewelry,3497250.83,3206483.49
10400,Broad Street Barbers,1400105.53,892614.07
10401,Red Bank Drapery Shop,2055081.1,1710745.4
10402,HiDef NJ Home Audio,2985870.12,2005525.7
10403,Presidential Gardens at Manchester,2168767.61,1643402.36
10404,Valahia Kitchens,1791717.34,1693991.41
10405,ILKEM Marble and Granite,1000519.48,747758.05
10406,"Ferguson Bath, Kitchen & Lighting Gallery",4642477.8,4261738.15
10407,Kumon Learning Center,3628654.23,2587796.34
10408,Qualita Market,57864.75,40644.03
10409,J'Adore Nails,3453878.09,2833792.22
10410,Friendly Food Mart,4961425.26,3641733.95
10411,Hikma Pharmeceuticals,3760691.9,2393997.16
10412,All Brand Appliance Parts,3399894.85,2474183.65
10413,Mixed Media Arts,896554.43,821751.99
10414,Melcon's Pharmacy,113586.62,99490.5
10415,Basak Premium Turkish Bakery,1242599.63,1124017.11
10416,CMIT Solutions,3867855.05,2986081.33
10417,The Lion's Mane Salon,4362531.52,3690675.29
10418,Irma's Bridal,1271894.92,1095016.42
10419,Gem'n'i,1291633.29,1202720.93
10420,Skip to my Brew,3589984.1,3014640.21
10421,Greater Mercer Transportation Management Association,2834253.86,2049883.32
10422,Hainesville General Store,290590.95,256849.94
10423,NJ Office Furniture Depot,3364922.19,3120737.62
10424,Cloud Smoke Shop and Convenience Store,2324908.33,1877246.88
10425,Jersey Devil Firearms,2425602.34,1776681.69
10426,"Brandon J. Broderick, Esq.",4147180.54,3129325.0
10427,CityLeaf Dispensary,3953689.7,3326982.3
10428,Local 54 Benefits Office,695701.74,584593.32
10429,Fair Lawn Pharmacy,791015.87,543277.48
10430,Radburn Liquor,2798148.42,2047377.63
10431,Marlot Wines & Liquors,1028695.98,960943.12
10432,Ebisu,776743.28,675687.39
10433,One Piece,4319021.56,3672464.06
10434,The Joker's Child,2223487.85,1834150.15
10435,Fair Lawn News,1555922.46,1266962.82
10436,Napoleon Auto Body,1510727.06,985175.01
10437,Quick Shop Deli and Liquours,3388655.5,2513846.66
10438,PC Warehouse,1104391.82,994191.27
10439,AJC Advisors,510002.56,372172.98
10440,Bergholz's Tree Experts,3098502.38,2538734.16
10441,Morris County School of Glass,3182077.95,2258500.96
10442,GoodieBox Bakeshop,4282500.77,3802177.46
10443,His/Her Boutique,3351071.0,2497832.38
10444,His Place Collection,1413534.71,1311673.94
10445,Mefoar,2704244.0,1668753.39
10446,Elemeno,199442.11,157909.98
10447,Perroquet Shoes,466587.05,325829.6
10448,Center of Town,4993500.55,3197713.32
10449,Style and Trend,703021.64,478720.09
10450,Wine on Nine,3564946.0,2188456.82
10451,Eternity Jewelers,3479545.76,2119098.64
10452,Optical EyeLand,993859.14,672258.71
10453,Augenbraun Bridal,1954619.87,1607153.03
10454,Evergreen,617826.54,552708.95
10455,Aira Home,3865183.2,2836405.15
10456,Iris,4915897.96,4285538.65
10457,Columbia Self Storage,1250054.16,800187.42
10458,Honey Stash Dispensary,4855398.89,3990748.64
10459,Metuchen Travel,3531587.33,3293230.72
10460,George's Tailoring & Dry Cleaning,2555486.93,2095860.46
10461,Genus Boni,121902.84,99728.48
10462,Miss Sara's Play Place and Baloons,4349584.38,3369720.43
10463,Metuchen Liquor & Wine,1355512.9,1011761.43
10464,The Back Door,4803062.44,3425055.4
10465,Silvia's Tailoring,4736745.65,3431774.27
10466,Friends of Metuchen Arts,3806889.05,2915541.18
10467,Galaxy Nail & Spa,1085289.67,684802.84
10468,Essie's Cuts,1247448.7,890528.58
10469,Metuchen News,605786.85,547306.08
10470,Jewelery Doctor,1208126.9,973835.85
10471,Pyramid Vitamin & Health,1383395.66,898415.57
10472,Metuchen Nail Spa,1673635.96,1091311.62
10473,Daiso - Japanese Household Goods,3877791.93,2834293.97
10474,Puff & Pipe,3165877.37,2744161.54
10475,Kevin Nails,2633740.39,1695732.48
10476,Thompson Stone,4505381.69,3243624.19
10477,Fantastic Cleaners,3320895.87,2366584.33
10478,Cafecitos,1241930.67,932229.7
10479,Sonny's Meat Market,2344081.76,1457009.9
10480,Elizabeth Truck Center of Matawan,1272602.78,1037820.77
10481,Paws on 34,340718.16,268139.3
10482,Progressive Gardens NJ,4087673.34,2850655.08
10483,"Townsend, Tomaio & Newmark LLC",3124773.16,2962755.07
10484,Taylor Management Company,936500.34,879328.38
10485,Telogen Hair Restoration Center,3416755.2,2131791.35
10486,Nuts Factory,988767.28,797089.28
10487,United Decorating Company Inc.,4445732.74,3626164.48
10488,Framebridge,855061.85,605558.66
10489,Blue Violets,4153506.78,2977624.33
10490,Hollydae,1610251.7,1518160.9
10491,Two Twenty-Three,4615134.18,4097566.51
10492,Pure Nail,2030470.53,1922845.23
10493,Cork Wines & Spirits,4967660.86,4356956.03
10494,Switlik Survival Products,3201242.63,2396748.14
10495,MyUnique Thrift,1649059.64,1426030.01
10496,Royal Dry Cleaners,3984617.94,2920831.18
10497,Saltwater Liquors,1252782.15,1045191.14
10498,Super Foodtown of Atlantic Highlands,3186398.86,2296034.84
10499,Snack Bar,4056954.71,3018228.56
10500,Montville Wine & Spirits,3554464.15,3072893.57
10501,Salon I Am,1373995.81,841161.07
10502,Ringwood Police Department,4045342.37,3255140.63
10503,Ringwood Municipal Building,4001751.42,3043528.83
10504,Unitemp Inc.,626512.92,440172.59
10505,Maid in Jersey City,4674358.89,2931108.33
10506,Bagel Bazaar Deli & Grill Of Piscataway,1947328.61,1223372.74
10507,Smile Loft Dentistry - Westwood,2327532.12,1970847.31
10508,Salad House,980172.14,672250.2
10509,Earth Spirit New Age Center,4185484.08,3570231.72
10510,AH Fisher Diamonds,849911.68,605435.76
10511,Castello Store,377305.34,276826.24
10512,Splendor Web Marketing,3461091.95,3229467.72
10513,Restoration Hardware,3777306.66,2465211.0
10514,Celebration Creations Balloon Decorations,4831446.53,3314128.16
10515,Suzy's Convenience Store & Deli,4632527.22,4356540.48
10516,New Century Tax,4173684.18,3864799.15
10517,Vega Jewlry,2597633.53,2396277.38
10518,The Public Garden,4315608.54,2734795.61
10519,Nightjar Cannabis,138375.31,122613.48
10520,Frenchtown Borough Hall,2271118.93,1556256.38
10521,Seabra's Market,2533015.74,1547042.59
10522,Law Office of Boyd & Squitieri,3019505.51,2449445.22
10523,Elevation Printing Services,1970248.13,1417833.43
10524,Sage Residential,4500212.13,3012726.2
10525,Docksider Ship's Store,2911855.36,2285201.44
10526,Golden Gate Jewelry,3886385.65,2817274.58
10527,The Tidy Bin Company,2598369.39,2345743.7
10528,Unite Pharmacy,2724196.51,2245598.82
10529,Bloom Nail's,2369090.59,1421615.24
10530,Park Deli,1186448.15,751625.15
10531,Park Liquor,1233444.36,800328.96
10532,Best Barbershop,1748885.58,1502392.92
10533,Century 20 Antiques,4518402.23,3921106.7
10534,A Garden Party Salon,2480512.21,2119472.02
10535,Roma Salon,3338824.66,2734821.51
10536,Luxi Nails & Spa,863823.76,802481.27
10537,MeeTU,2893393.66,2353607.33
10538,Main Street Highland Park,110812.4,98717.3
10539,Ms. Joann's Beauty Salon,2073486.77,1440241.22
10540,Herbalicity,4743614.03,4319262.84
10541,Art Gallery Tattoo,2375533.08,1978538.87
10542,The Optical Shop,1560953.89,1292046.92
10543,Boho Luv Boutique,3500043.8,2984192.02
10544,Headz or Nailz Salon,4534471.34,3957482.21
10545,Fortunato Concrete Pools,2086622.24,1493535.1
10546,Mysty Rose by Merkk,1898692.31,1171108.72
10547,Custom Land,4655345.77,2872354.75
10548,Cards 2 Go,4265443.3,3529379.87
10549,250 Years,3118532.42,2054986.93
10550,Steals & Deals,1187872.9,1090465.07
10551,Liberty Market,1717226.64,1178826.37
10552,The Market,4758420.72,3945903.8
10553,Play the Field,201776.9,172415.75
10554,Abruzzo Mercato,3874611.22,2426481.22
10555,National Carpet,4620781.95,3535260.07
10556,Magic Cleaners (JP Cleaners),4692947.9,4385796.85
10557,NikkiSnips Hair Salon,2002883.68,1203406.02
10558,Colorful Nails and Spa,4237122.13,3664879.6
10559,"Kitchen Kraftsman - Remodeling, Cabinets, Flooring",4132636.4,3081892.07
10560,"Corradino & Papa, LLC",3624936.85,2450350.26
10561,Dreamland Smokes,4889086.14,3780046.64
10562,Nick's Auto Sales,2441753.37,2241757.77
10563,Hudson Honda,1693366.13,1042223.42
10564,Everyday Savings,771985.22,528621.31
10565,XIOS,4234530.6,2621823.22
10566,La Luna,1041617.36,883427.94
10567,Noah Electronics and Wireless,2098749.04,1900978.71
10568,bercian signs,721528.7,683561.64
10569,Kennedy Tire & Wheels,1966089.9,1392560.16
10570,Crown Liquors,258855.86,231587.79
10571,New Image,2910173.91,2059217.81
10572,Mike's Discount,4814542.32,4536782.38
10573,Gonzalo Kovach,101520.08,92127.75
10574,Vicky's Nails,3975199.12,3220081.86
10575,La Roca,1789114.49,1598553.3
10576,Tech Depot,2655719.26,2090480.88
10577,Roma,2479580.59,1953783.48
10578,Furniture Direct,1608892.01,1162127.37
10579,Tonnelle Truck Tire,3643142.9,2463741.13
10580,Natural Skin Care,895459.88,729288.67
10581,The Tunnel Convenience Store,3176800.27,2625313.4
10582,Universal,4093009.29,3739357.98
10583,Lens Lab Express,2224720.63,1970015.41
10584,Colombiana Boutique,2175767.89,2054425.79
10585,Bon Épi,2829972.03,2456326.43
10586,Los Padrinos,3078986.04,2731640.71
10587,Delicious Sport Wear,3558825.56,2376179.02
10588,"Danielle Coyle, Realtor - The Coyle Real Estate Team",736566.53,513963.63
10589,Maxs Beer Wine & Liquor,2034207.37,1386844.25
10590,Calico CPA,1086275.44,706176.98
10591,Artifact Visions,1300901.64,854561.65
10592,Tropic Bowls,241675.58,204481.69
10593,Carpets Unlimited,2827830.83,1717545.02
10594,ValuClean Cleaners,4470599.75,4163980.15
10595,Salon Shampoo,1937938.1,1783142.37
10596,Super K Food Store,4547265.91,3869404.06
10597,QRH20 Water Store,2108392.39,1580653.73
10598,Mint Nails,3652097.36,3408409.06
10599,Lucy Cleaners,4288448.67,2816832.02
10600,Premier Meat Market,851779.17,569583.24
10601,James Edward Salon & Bridal,2592726.7,1814609.61
10602,Big Pack Hobby Shop,2306264.09,1990073.35
10603,Dr. Mufflers Auto Repair,4994368.49,4737741.38
10604,The Frosted Nug,215851.72,202138.14
10605,Nick's Sandwich Shop,2117059.57,1848551.78
10606,Twin Armory LLC,2578883.29,1661149.05
10607,Leash N' Lather,2862263.39,2156181.17
10608,Nails Sketch,1543552.96,1285329.81
10609,The Law Offices Of Peter Van Aulen,81818.07,50117.88
10610,Felicity Hair Salon,810898.79,682800.24
10611,Bella Nails & Spa,3546770.22,2375992.97
10612,Chand Mortgage,4913327.86,4599991.14
10613,Strzepek Group | LPT Realty,191920.32,118026.35
10614,Love Hair Salon,3200959.74,2978346.17
10615,Handsome Devil Tattoo Company,3058563.65,1990465.6
10616,Mucci's Italian Market,1622843.22,1328076.79
10617,Art Nails,4262302.83,2827475.46
10618,Laundry Smart,2665526.62,2425711.69
10619,Saddle Brook Liquor & Bar,629597.04,456627.92
10620,Mike's Mattress & Furniture,4706367.74,3183927.45
10621,Kimbridge Florist Cards & Gifts,1772486.82,1086889.14
10622,TLC Plus III,4961412.96,3796914.56
10623,Nail Dazzle,2742210.13,2111595.19
10624,Miracle Leaf,956602.24,879586.86
10625,The Medicine Shoppe,1607382.54,1311756.67
10626,The Real Deal BBQ,4743401.37,4017515.57
10627,Clinton Bicycle Shop LLC,3864994.19,2775462.32
10628,Maria's Italian Bakery,3515588.91,2143575.48
10629,Amy's Royal Treatment,4785901.89,3053121.06
10630,J&J Tires & Wheels,160345.66,120735.68
10631,Massage - Moonlight Day Spa,4647107.18,3480831.2
10632,Kwik Chek,2787977.53,2047485.42
10633,Circle Auto Group,641252.47,556205.0
10634,Bordentown Laundromat,197663.43,153471.42
10635,Ocean City Jewlers,3766258.21,2442907.02
10636,Fisherman's Cove,3698308.24,2743202.57
10637,PoppinPuffs,3926024.54,3437722.36
10638,L.E.H. Soap company,4617680.01,3882081.54
10639,Marty's Beach Wear,259808.33,220785.12
10640,The Jewelry hut,3097023.39,2072670.11
10641,Mike's Toys & Collectibles,3867161.6,3196799.23
10642,CandyLand,301080.38,214003.46
10643,Ocean City Coffee CO.,359620.83,226934.61
10644,VR connection,192901.94,138868.3
10645,all campus - hats,2052797.3,1557836.27
10646,Bad Kitty,4238806.47,3860415.91
10647,Old Time Photos,3424163.5,2264933.57
10648,Rudolph Research Analytical,1149548.74,888975.75
10649,Barefoot Trading Co.,114814.78,100340.84
10650,Shelly's by the Sea,3505166.01,2701301.71
10651,Down the Shore,4575470.86,3693845.06
10652,Pushpa's Beach Jewelry,4657090.95,4025329.69
10653,Silver Secret Jewelry,4070407.61,3202445.1
10654,Candy Tyme,3477093.18,3014144.33
10655,Jilly' Souvenirs & Gifts,892248.68,776314.16
10656,Douglass Fudge,1878984.71,1570112.42
10657,Capswag.com,682402.82,643522.2
10658,Silver Secret,1622810.31,1482475.61
10659,Custom Airbrush,4377184.24,3964115.32
10660,Sweetheart Coast,1783285.63,1581823.47
10661,Stainton's Gallery by the sea,4052455.19,3569244.22
10662,Spark,708998.29,605845.52
10663,The Greenhouse Music Co.,4102141.62,2670985.52
10664,Vaseful Flowers & Gifts,729936.51,621989.3
10665,Hung Vuong Food Market,3589507.37,2462583.62
10666,High Profile of Somerdale Dispensary,3589790.93,2601643.48
10667,O P Metuchen Books,4571387.53,4023779.41
10668,The Print Shop,4465209.73,3199848.02
10669,Genipox Wellness & Spa,767283.44,618736.28
10670,My Unique,2730247.92,2206891.37
10671,P.C. Hardwood Floors,884198.4,821997.98
10672,Double D Construction,1380925.06,930484.66
10673,Defense Tattoo,3944430.03,2443016.88
10674,Jersey City Fish Stand,3166678.8,2049623.29
10675,Legacy Auto NJ,679577.74,507300.57
10676,District 1199 J National Union,3209496.83,2950014.29
10677,Simple Smiles Dentistry of Paterson,264156.72,199752.06
10678,Freedom Towing,4304595.53,3027161.15
10679,Comprehensive Insurance Agency,1479248.21,1067255.93
10680,Christina's,2158377.91,1332117.73
10681,Marchese Real Estate,3009446.46,2468137.86
10682,Daves Tackle Shop,4109033.87,2620921.55
10683,Lillians Market,3722477.63,3352938.41
10684,South Jersey Auto Parts,1357025.82,1176756.21
10685,CarMax,3794242.27,3501508.28
10686,Gabe's,2455565.03,1673164.4
10687,Prestige Nails,608983.38,576422.23
10688,Land's End,475929.71,351776.47
10689,Crate & Barrel Outlet,4778579.21,3178099.07
10690,NJ Paver Restorations,606731.15,414029.47
10691,"Hiering, Dupignac, Dunn & Schreiber, P.C.",2475305.52,1749006.57
10692,Oliverie Funeral Home,1360217.87,965815.43
10693,Blink By Mack,2361005.86,1421919.41
10694,Maxima Cosmetics,2547425.5,1832977.0
10695,Horizon Copy & Printing Center,4585669.54,2954326.47
10696,Happy Nails Saddle Brook,3466920.4,2403854.43
10697,It's Lit Smoke Shop,79810.59,52398.87
10698,Bagel Bros Deli,759595.31,494011.7
10699,Bergen Coin Exchange,3897690.93,3489134.14
10700,EZ In & Out Convenience Store & Smoke Shop,304862.78,216886.34
10701,One Price Dry Cleaning,2329314.11,1688072.02
10702,Premier Sports Cards LLC,4269523.87,2717330.47
10703,Prince Cutz Barber Shop,2156362.61,1482698.54
10704,LFG AUTO,4841060.39,3155701.81
10705,Hasmedia,4057324.3,3368460.13
10706,Rowan,2702128.95,1707815.05
10707,Cleopatra,3112755.12,1931254.53
10708,Nails By Us,2969899.38,1836622.55
10709,Cawmans Antiques & Things,1160432.28,1040367.1
10710,Hudson's Grill,3073101.24,2035181.67
10711,Lomo'Da Massage and Spalette,2227407.82,1691438.23
10712,The Hairports Wash and Blow Dry Bar,3365630.81,2729898.39
10713,Deli Delight,3851084.25,3641981.64
10714,New Nails,1380058.92,936776.75
10715,AK Studio Barbershop,3255966.96,2507918.54
10716,Dante Zeller Tuxedo,2388308.18,1997881.57
10717,New Pearl Cleaners & Tailors,2417207.65,2151256.77
10718,Ideal Part Stylist,1576675.52,1121186.36
10719,Panasonic U.S.A.,785750.86,493933.65
10720,Genova Burns,1295320.78,913914.22
10721,Structure Studio,755611.23,624816.25
10722,Newark Symphony Hall Corporate Office,124810.71,98393.87
10723,Cosmo's,800923.51,601821.27
10724,Office of Newark North Ward Councilman - Anibal Ramos Jr,1307060.99,940203.85
10725,Newark Discount Wine & Spirits,4981105.76,4002161.77
10726,Tick Tock Cleaners,343848.67,223356.26
10727,Office of State Senator Maria Teresa Ruiz,3669454.46,3143820.42
10728,Law Offices of Michael V. Calabro,442706.45,319688.56
10729,Cyber Knight Computers,3899060.55,2765159.26
10730,Spin & Grin Laundromat,107425.26,71782.45
10731,Qi Zhang Academy of Fine Arts,1890184.87,1556908.32
10732,Prudential Financial,3604344.94,2255657.95
10733,Gadoll Auto Services,4230132.77,3527114.96
10734,Secrets To Plush,3422844.43,2683062.52
10735,Dave's Auto Body,4625314.01,3708225.32
10736,Mr. B's Tire & Auto Service,222107.46,172070.88
10737,City Wide Towing,3393611.56,2271990.38
10738,Delta Auto Repair,3340998.34,2736600.63
10739,Mr. Guy's Auto,497584.31,349879.74
10740,Cozy Cohost,3904540.9,3135824.62
10741,Ocean Auto Repair,2302117.06,1629247.71
10742,La Moda,3012692.99,2105254.65
10743,Olguita's Deli,3112059.81,2789742.02
10744,Florida Grocery & Convenience Store,4261162.87,3492064.64
10745,La Tipica Grocery,551784.69,351094.97
10746,AC Auto Service,991490.77,700732.82
10747,Dominican Barber,2891986.41,2028741.13
10748,Salon Infinity,2551018.75,1883942.83
10749,Arctic Auto Repair,4569702.61,2933708.84
10750,Vina Auto,1860189.55,1142488.19
10751,Arctic General Store,4924756.09,4592779.28
10752,Botanica Cubayende & Speciality Gifts,1570396.51,1062771.41
10753,Formica Freitag Bakery & Cafe,1637927.02,1034375.7
10754,Julian Tailors,3821260.63,2414676.01
10755,A. Rando Bakery,3436483.08,2336475.68
10756,Super Mini Mart,1746528.12,1135786.84
10757,La Latina Barber Shop,3369485.75,2909114.49
10758,Salt Air Botanicals,1064282.11,956575.41
10759,The Pier News Stand,2796100.45,1756028.72
10760,Sports City,1830286.9,1552383.97
10761,Essentials 24hr One Stop Shop,2110223.48,1950746.1
10762,Style & Trend,4261509.21,3279891.09
10763,d' Oro,158925.01,137012.23
10764,Signature Liquors,3285498.67,2747563.0
10765,Love Toys,231404.78,142682.11
10766,The Schultz-Hill Foundation,4716096.55,2998249.42
10767,Thuy-Land Gold,4922987.1,4018047.37
10768,The THC Shop,2847326.67,2041941.21
10769,Food 4 Less,2839587.22,2570187.9
10770,Wood's Loan Office,388346.47,288041.8
10771,Playground Video,3240805.71,2998463.61
10772,Honey Buzz Farms,4023466.51,3273136.31
10773,Ocean Therapy,371302.39,241625.83
10774,Cali's Variety,2437712.93,1621229.26
10775,Hi-Five Communications,2402814.91,1637446.42
10776,Center City Deli,1254702.39,985534.86
10777,Miss Audrey's Tailor & Thrift,1844937.2,1247968.42
10778,AC Fashion & More,1996772.19,1710779.43
10779,Late Night Wine & Liquor,851631.81,638746.1
10780,Savon Discount,4032536.27,2920293.9
10781,Unique Variety,2900016.81,2516742.09
10782,Carlos Pizza & Grill,3650408.7,2705976.21
10783,Khan's Discount Store,1465484.62,1137870.85
10784,Panaderia Rodriguez Restaurant,2047670.1,1839254.55
10785,Local 68 Operating Engineers Atlantic City Office,1807974.17,1301437.88
10786,Dreams Atlantic City,4048406.41,2919039.74
10787,Hideaway Atlantic City,1562979.82,1307304.44
10788,Atlantic County Residents Outreach Association Consignment Shop,4890492.5,4237073.99
10789,Deuces Barbershop,1715162.53,1622416.0
10790,African Hair Braiding,3581783.35,2616835.61
10791,JY Enterprises,4153050.17,3564091.62
10792,Mariame Super Hair Braiding Salon,590042.23,533555.62
10793,Carlton Laundromat,2902903.14,2015032.94
10794,DraftKings Sportsbook,4547004.85,3344409.4
10795,Margaritaville Retail Store,1812303.15,1166395.93
10796,AKA,1341750.63,1223612.86
10797,Luxe 78,3854738.7,3075707.77
10798,Rae's Farmer Market,4857255.71,3218184.36
10799,Sunrise Nails Spa,4920574.4,4174212.16
10800,Montclair Bread Company,1054849.44,890667.18
10801,Atlantic Salt Inc,3322473.75,2185200.84
10802,Essex Cement Company,1766920.67,1494868.01
10803,Barlow Chevrolet,4291804.13,3826575.38
10804,Hartford Deli & Smokeshop,2049329.58,1836407.62
10805,Joe Canal's Discount Liquor Outlet,3382496.75,2030587.76
10806,"Riverton Pool Supply, Maintenance & Christmas Store",1557270.26,1007120.42
10807,Christina's Nail & Spa,113383.46,73171.32
10808,Todd Marcus Birds Exotic,2090028.33,1506288.44
10809,Cappadocia Turkish Market,1959785.38,1211987.05
10810,The Butcher & Grill,1526090.4,1155962.62
10811,Allure Nail Bar,1722114.56,1371317.52
10812,Unionwear,4208763.09,3668598.04
10813,Metuchen Massage Therapy,4730449.29,3677879.18
10814,Razorsharp Barbershop & Shave Parlor,1654873.96,1088456.35
10815,Woodbury City Hall,3028640.77,2775433.0
10816,evnia hair studio,2155347.51,1914422.18
10817,Morris County Career Training Center,4796236.11,3260584.19
10818,The Cellar Wine & Spirits,4035149.3,2810382.0
10819,Rock Shop,1235582.22,892102.93
10820,Prestige Boutique,800574.44,635007.49
10821,Rock Spa & Salon,4724366.89,3281718.11
10822,24K,4879024.77,3096021.65
10823,Hard Rock Store,4220231.38,3018854.03
10824,Law Office Of Eric B. Hannum Esq. LLC,4490408.51,3353801.72
10825,Thiana Mini Market,3648215.1,2376310.26
10826,Cedar Food Market V,858809.54,578284.41
10827,Violet Mae's,1379343.37,1238891.32
10828,Sea Breeze Cleaners Laundry,3767948.73,2832357.29
10829,JJ Food Grocery,1988529.8,1219980.36
10830,Barbershop 22,2591758.65,2007042.4
10831,USA Professional Services,4029330.33,3549120.26
10832,Diamondback Massage Therapy,2292646.58,1625765.44
10833,"Blume, Forte, Zerres, Molinari, Makowicz, Elwood, Zenna & Feldman, PC",2596124.32,2190504.4
10834,Firestone Complete Auto Care,169442.47,133276.83
10835,MyThai Massage & Wellness,258143.86,217180.04
10836,Commissary,2744569.77,2079633.19
10837,Exchange,2975458.23,2045816.4
10838,The Train Doctor,3398948.53,3023244.46
10839,Faro Pest Control,1517714.7,1090121.77
10840,New Jersey Registered Agent,4218234.38,2890243.48
10841,South Jersey Classics,1283349.14,935646.09
10842,Beef Jerky Experience,1272285.49,782890.83
10843,Lace Silhouette Lingerie,3037963.49,2294507.94
10844,Henry's,3039920.47,2478355.56
10845,Jacks Laundromat,4762268.8,2875440.73
10846,De Jesus Deli & Market,1150885.89,865144.51
10847,SuperFresh,3401255.21,2976350.77
10848,Summer Fun Surf Shop,2130296.64,1744326.34
10849,Swede Things,3843027.39,3018086.35
10850,Gallery D'May,2484294.01,1705377.86
10851,The Cheese Chop,2882483.6,2628866.44
10852,Whale's Tale,4073577.75,3486532.16
10853,South of Jackson,1488555.8,900756.82
10854,It's a Breeze,3075131.79,2763614.08
10855,Great White Shark,3584786.96,2502496.97
10856,Cape May'd,4288129.64,3609803.44
10857,Angie's Grocery,1329514.0,935182.74
10858,Cape May Surf,4327913.9,2617366.0
10859,Stitch by Stitch,4803441.61,3509477.64
10860,The Days Sustainable Apparel,1563230.08,1245495.43
10861,Meva,3885464.48,3228998.38
10862,Jersey Cape Realty,3630431.89,3326889.94
10863,Liquor Lot,2635697.53,1818187.65
10864,East West Asian Supermarket,3739191.86,3468222.42
10865,Myra's Bakery,2549143.39,2405135.4
10866,Ledgewood Autobody,2626190.91,1654342.06
10867,Commvault,3602237.71,2757528.99
10868,"Varcadipane & Pinnisi, PC",4812211.94,3685755.22
10869,Hunterdon Ski and Snowboard,3603753.55,2814995.21
10870,Sahara Pools,1197765.34,990279.74
10871,Synergy Wellness and MediSpa,75627.62,70943.42
10872,Easy Way Laundromat,2125527.08,1947490.68
10873,Greyhound/Flixbus Newark Ticket Office,2551378.44,1879521.39
10874,Max Smoke,2321191.38,1856691.53
10875,Aquarium Paradise,4482467.96,3141195.19
10876,Fine Touch Nails Spa,779704.68,697700.95
10877,Saicare Pharmacy,1068681.58,886850.13
10878,RE/MAX Professionals,3911159.65,2669206.02
10879,Fresh & Clean Laundromat,1439066.25,1252340.99
10880,Prime Refunds,1376963.11,972021.99
10881,Blue Star Pure Water,1348468.55,1023438.73
10882,IBEW 164 JATC,3092276.48,2346397.44
10883,Jayce Baudry French Pastry,4983572.03,4654570.84
10884,Mike's Shoe Repair,128895.35,85476.59
10885,J&P Dry Cleaner & Tailor,2056602.73,1503934.56
10886,Belleville Automotive Parts & Supply,4884587.5,3317321.07
10887,Specs Plex,4097521.73,2948819.64
10888,Rock City Tattoos & Body Piercing,518353.3,395827.29
10889,Belleville Barbershop,2413392.26,1853979.1
10890,Perfectly Polished Nails and Spa,2663487.2,2009093.89
10891,T & L Rinaldi’s Italian Specialty Deli & Grocery,4372487.74,3549469.97
10892,West 10 Tire & Auto,2407190.92,1992641.14
10893,West 10 Express Lub,3830153.46,3447482.87
10894,Magic World of Roses,215243.91,157727.79
10895,Calima Bakery,4274900.64,2916707.98
10896,Day Spa II,3865067.57,3043490.53
10897,ABB Floors & Window Treatments,595402.32,486274.15
10898,Modern Salon,3581086.54,2958453.83
10899,Tuxedos by Moattari Menswear,4311959.61,3530777.69
10900,Puffin Jewelry,477666.2,317227.69
10901,N.E.S. Rentals,1856790.85,1669748.68
10902,Twin City Supermarket,2440160.52,1869887.09
10903,Dragon Fire,2683748.47,1760588.22
10904,Natural Health,3569980.14,2961160.21
10905,E-ZPass Customer Service Center,1775535.95,1644225.16
10906,Girl Scouts of New Jersey Leadership Center,2164036.42,1715615.49
10907,Robert's Florals,1228879.7,753092.32
10908,Be Beauty,4252372.7,3026012.28
10909,Alfredo's Fine Jewlery,3965179.88,2797251.25
10910,Haven,4880329.28,4297540.98
10911,ACCU Staffing,510917.64,424885.27
10912,AC Deli & Food Mart,857239.01,738975.02
10913,Oldwell's Liquor,3674376.06,2587580.56
10914,Professional Cleaners,1769045.3,1318422.19
10915,Dug's Rugs,4296954.62,3574188.44
10916,Magpie Bakery,2327800.75,1985491.98
10917,Highland Park Cleaners,2184120.05,1515889.29
10918,Sybil's Vintage,3191680.86,2393098.97
10919,Landmark Supply,561729.64,399540.13
10920,The Loft Salon,3992413.92,2646480.15
10921,Martin Accounting Services LLC,89860.65,57567.66
10922,"Afonso & Afonso, LLC., Attorneys at Law",3328974.9,2022345.59
10923,Olde Towne Deli,3995179.09,3137863.26
10924,Cocoa Beach,4343715.25,3318713.22
10925,Careza Pharmacy,1423242.93,1152776.97
10926,Bloom Salon,2257523.36,1361886.54
10927,GW Massage,3458003.38,2286609.69
10928,Linx8,3223894.52,2821599.69
10929,All Colors LLC,2978314.62,2211080.31
10930,Willow Botique,1225372.76,1159145.66
10931,Berlin Rental: The Event Place,3025590.45,2595203.79
10932,Cooper Party Rental,3453757.86,2779623.69
10933,Party Works Rentals,220421.96,134643.85
10934,Poké Plug,2499942.29,2091768.36
10935,FiveEleven House,2645866.15,1657450.37
10936,Prism Career Institute,4441872.38,3531821.57
10937,Festival Discount Liquor,406725.33,247151.65
10938,Tutu School,4091812.51,2943376.8
10939,T&M Food,4255590.18,2616034.01
10940,Brecianos Cards & Gifts,4101674.65,2829072.58
10941,Refined Wines & Spirits,2334424.96,1520092.68
10942,Wyckoff Cycle,1196003.68,1018967.5
10943,D' Bryan Barber Shop & Beauty Salon,2281170.88,1689115.72
10944,Ride Bike Shop,3902942.74,2577394.11
10945,Bud 2 Bloom Dispensary,4772505.03,3210686.41
10946,Abma's Farm Market & Petting Zoo,1590889.91,1147243.96
10947,Professional Cuts Barber Shop,129681.43,112018.31
10948,Oscar Supermarket LLC,2184620.53,1993187.27
10949,Maywood Ave School,2133384.01,1995927.25
10950,Exit 28 Boutique,2084930.08,1686320.61
10951,Diamond District,3145213.99,2899635.51
10952,Odie & Ott's,2744240.61,1873744.34
10953,Salem County Cooperative Extension,4155893.95,3258829.76
10954,USDA - NRCS - FSA - Rural Development,3738458.06,3441843.13
10955,The Bike Stand,534207.41,420193.38
10956,Jay's Cycle Center,607323.96,409468.23
10957,Macedos Construction,137746.05,104719.49
10958,Precision Concrete Pumping,2227596.16,2097933.89
10959,Waltron,1427256.39,887628.32
10960,Murphy Ruffenach Brian W. Donnelly Funeral Home,184950.62,158473.74
10961,William Stothoff,2524249.66,2251171.74
10962,AJG Packaging,3911993.75,2571962.33
10963,Turner Brothers,172739.39,107815.6
10964,Lamp Cleaners II,3508738.76,2532423.41
10965,Rug Outlet,1990680.39,1885918.69
10966,Al Noor Halal Meat & Grocery Store,1380775.43,962061.91
10967,Puffcity,1422070.97,1127570.09
10968,Jing Massage & Reflexology,3325814.02,2162931.91
10969,Bella Nails,4461359.45,2802591.75
10970,Pioneer Woodwerx & Remodeling,600480.26,394727.92
10971,McKinley Elementary School,239490.31,194311.65
10972,Alex's Barber Shop Est.1961,480069.2,407626.57
10973,Sigma Pi Alpha Mu,299577.76,281028.42
10974,Botoni Jewelers,4101741.88,2534041.66
10975,DeRosa's Barber Shop,2599279.6,1807998.62
10976,InJeanous,675471.04,467170.62
10977,Good Spirits,3828706.27,3307043.83
10978,JM Services,3516060.98,2723587.36
10979,Anchor Ace Hardware,725635.73,673874.03
10980,Globoloon | Balloon Store in NJ,1574921.81,1042852.41
10981,Good Earth Nursery,131360.11,120856.0
10982,Rocky Mountain Chocolate Company,2979581.9,2290534.0
10983,Gap Outlet,3900787.78,3152219.37
10984,Puma Outlet,3194978.43,2707061.78
10985,Nautica,4840656.27,3921478.11
10986,K Beauty,4558605.38,3620915.93
10987,Guess Factory,4694012.92,3387309.67
10988,Vineyard Vines,4459703.64,2885343.37
10989,Theory Outlet,4331249.85,2743840.87
10990,Michael Kors Outlet,3267160.27,2085184.56
10991,Marc Jacobs,3727525.11,2985061.42
10992,Johnston & Murphy Factory Store,3667504.31,2610206.92
10993,Boss Outlet,3223492.68,3039473.31
10994,Cole Haan,832869.25,729653.75
10995,New Balance Factory Store,4703339.87,3181631.23
10996,Aldo Outlet,4155044.35,3121511.83
10997,Movado,2690088.08,1792193.72
10998,Lucky Beauty Store,3083720.68,2194400.79
10999,Lovisa,665077.22,497934.21
11000,It' Sugar,1755844.16,1099757.09
11001,Oakley,4202324.11,2755191.7
11002,Vans Outlet,1620649.13,1082051.51
11003,Samsonite,545545.3,417932.35
11004,Crocs,3328419.67,2664515.42
11005,Fly Standerds,1705370.92,1196192.55
11006,J.Crew Factory Crewcuts,3125091.08,2744404.5
11007,Spode,4002665.77,3751984.87
11008,Old Navy Outlet,2377569.17,1725460.76
11009,Chico's Off the Rack,1013091.1,889244.95
11010,Brooks Brothers Factory Store,782128.04,667314.03
11011,Lacoste Outlet,4786816.44,3036897.94
11012,Hey Dude,3754809.47,3232720.04
11013,Vera Bradley Factory Outlet,3222156.01,2129566.05
11014,ReGro Hair Studio,4093242.75,2768988.36
11015,Approved Industries,2594889.54,1852143.38
11016,NJC Global Service,4239898.84,3415669.69
11017,The Fade Factory,4546609.83,3401441.45
11018,Am Tax & Wireless,4083382.08,3005023.75
11019,KRP Automotive Repair - Franklin,2322008.6,2175939.42
11020,KRP Automotive Repair - Newton,3707343.98,3074525.15
11021,KRP Automotive Repair - Clifton,3196283.86,2374878.92
11022,U.S. Nails,2232032.16,1982617.2
11023,Adnetechs,2176182.05,1656894.4
11024,14 Northfield,4509374.55,3838120.33
11025,J & Z Nail Salon,202775.23,155552.51
11026,Tip Top Nails,629195.54,381338.3
11027,Commercial Furniture Resource,1520045.66,1287443.11
11028,Municipal Building of Bordentown Township,868965.27,674216.33
11029,Dick's House of Sport,826102.91,602247.16
11030,Forbes Liquor,3570752.27,3005884.9
11031,CyberPro USA,361952.73,263840.13
11032,Triple Oaks Nursery & Herb Garden,968299.79,905096.0
11033,Figueroa Barber Shop,1511011.31,1068083.08
11034,Virgy Beauty Studio,3941052.79,2625101.14
11035,Stafford Municipal Complex,53662.5,48530.04
11036,Stone Harbor Municipal Building,4158453.68,2946279.13
11037,Pottys Plus,2299860.27,2162188.48
11038,Restroom Resources LLC,3447955.69,2113199.98
11039,Via Consulting,2569892.95,1938702.56
11040,D'Oro Jewelry Store,4677622.82,3176462.17
11041,Capri Liquor RDC Wine,343036.19,290952.61
11042,Brown Waters Productions,1116299.31,774423.9
11043,Midnight Oil Auto Repair and Diagnostics,1099638.06,767734.76
11044,Columbus General Store,2435591.94,1580749.85
11045,Joy Mart,3348900.21,2561694.51
11046,The Fade District,2554089.78,2318042.74
11047,Play It Again Sports,1195558.33,1047646.64
11048,Dunkin Donuts,2109004.45,1874009.03
11049,Sunny Food Mart,656066.16,577895.46
11050,Lemon Tree Hair Salons,3220924.59,2888828.71
11051,Central Deli & Luncheonette,1738575.81,1428942.7
11052,Dior Nails & Spa,2788259.46,2454691.45
11053,CJ Tobacco Stop,750418.11,512689.65
11054,Earth Powered by Apollo Gardening,864418.47,810469.63
11055,Cramp's Liquor Store,2166093.8,1632675.32
11056,Living Spring Water,4873242.05,4241837.57
11057,Melrose Soap,3293010.88,2295318.83
11058,Wraptime,2213591.19,1562825.13
11059,Steve's Pro Auto Inc.,4894602.25,3148385.61
11060,Sara's Corner,129239.13,107162.18
11061,Bollard Home Services,4417338.93,3273724.48
11062,Mastermind Automotive Repair,1751610.54,1517304.37
11063,ZenTek Consultants,2035345.02,1409869.7
11064,King George Enterprises,1280768.13,928765.57
11065,WholesomeHeart,700605.33,664712.7
11066,Dagostino Well Drilling,2222539.71,1724401.29
11067,The Pickled Herring,4943887.23,4109003.55
11068,Jazzie Lashes & Spa,1774785.13,1221762.73
11069,Holland Ridge Farms,1288164.79,1140742.5
11070,Ed's Elegant Coins,853969.67,725165.61
11071,Sunseng Supermarket,3364855.59,2484621.26
11072,38 Hair Salon,2078376.86,1530937.22
11073,K&K Cellphone,2131575.06,1847097.3
11074,K&G Home Supply,1969026.43,1606665.65
11075,Leonardo Jewelers,885837.95,707572.36
11076,Ragingeek Comics & Toys,1265263.2,1043709.14
11077,Goldstein Law Group,317485.33,233766.3
11078,Kapadokya Market & Bakery,3244143.44,2772451.93
11079,The Laundromat At Ridge Park,4691522.15,3373666.72
11080,Borough of Washington Municipal Building,3217124.51,2254158.74
11081,Daniel Smits Salon,190714.29,153719.44
11082,RNG-Gamez,2677951.62,1909576.49
11083,The Dragon's Hoard,1240568.06,1175489.43
11084,Deluxe Barbershop,393566.15,369287.93
11085,Mazur Cafe & Chocolate Lab,3751227.29,2780581.1
11086,Hackettstown Health Foods,1039706.03,943535.42
11087,Sunrise Convience Store,4234750.25,2744742.0
11088,Radiant Waxing,1278897.42,822494.56
11089,Willow St.,1498170.42,1362349.76
11090,O'Dowd Bierals Wealth Advisors,791066.64,571096.1
11091,Bloomfield Civic Center,4036527.25,2553729.87
11092,Rombiolo Bakery,3991817.98,3080903.75
11093,Malu Deli Barbeque Pizza,4561853.45,3420234.21
11094,Great Meadows Middle School,1890116.17,1185611.22
11095,Fiesta Time,3058171.41,1848268.36
11096,Franklin Towing,1931887.18,1200681.18
11097,Metuchen Corner Deli,2732366.03,2119216.79
11098,M Nails,2940100.21,2045954.92
11099,Autosport Services,3560547.31,2858808.35
11100,Four Season Nails,673874.9,576807.81
11101,Barbie Beauty,2952379.49,2180613.28
11102,Twine.,1130317.51,792213.62
11103,M. Rose Hair Salon,4763989.54,3628731.03
11104,Lily Nails Salon,2149323.61,1512527.02
11105,Pets In Paradise,2310532.46,2130793.09
11106,Green Cleaners,4868567.07,4227339.61
11107,Clifton Jewelers,4970676.14,4184677.88
11108,Rockaway Borough Offices,1903272.36,1513028.96
11109,Mobile Tans NJ,4003711.99,3779181.84
11110,Fukuya Life Store,249915.18,224599.6
11111,La Rou Bakery,3615749.81,2645378.34
11112,Monsters Ink,4840336.09,3990677.98
11113,Village Barber shop,4498078.56,3771060.1
11114,The Gingered Peach,1788950.0,1357896.52
11115,Valhalla Wellness,2437348.15,2263097.39
11116,West Jersey Smoke Shop,522257.57,437140.34
11117,Quick Foods Chester,1652484.83,1485986.46
11118,Victor Dean Transmission,3654854.36,2572772.39
11119,$1 Store,3190321.5,2162176.02
11120,Netcong Hardware,1051771.51,677470.51
11121,Stanhope Liquors,4483707.76,2983054.72
11122,Tuxedos By Rose,796118.0,718866.08
11123,Hermès,2172720.37,1625632.4
11124,Epstein's Meats,3138467.48,2952335.0
11125,Pachos Minimarket,73925.69,51855.13
11126,Dig This,3320764.79,2644448.85
11127,KS Diesel On-Site Repair,691288.2,469192.83
11128,Felix’s Towing Service,3436883.71,2378232.75
11129,Sanofi,4381121.15,3039017.48
11130,Smoked Out,4936550.29,2975508.7
11131,Shooters 365,998144.42,838645.68
11132,The Brothers Barbershop,1794330.76,1330692.72
11133,Bad Intentionz Tattoos Studio,1664569.31,1035049.43
11134,Buy Rite Discount Liquors,421763.27,273650.44
11135,Blend Men’s Grooming & Spa,2748813.09,2009939.57
11136,Zippo's Mobile Electronics,1776946.68,1306618.2
11137,Whiting Pharmacy,4016356.86,3728068.1
11138,Psychic Readings by: Melina,741966.46,605573.74
11139,Alvarez Grocery,3022354.55,2843815.86
11140,United Healthcare,485755.83,320067.81
11141,Royal Barbershop,4514262.2,3297020.56
11142,New Jersey Bike & Walk Coalition,1142617.29,894218.49
11143,Wave's Cafe,250527.59,156500.96
11144,Grade A Smoke,4788771.26,3312925.63
11145,"Simon, Sarver, Swetz & Jachts",401461.89,296405.51
11146,Roots Rocks Salon,847996.85,756593.11
11147,Pointe GMC,977713.46,658191.3
11148,Monmouth Stamp and Coin Shop,3687537.16,2327818.84
11149,Pequest Engineering,4023087.76,3617544.65
11150,Florham Park School District,1872059.54,1430318.29
11151,Within Spirit,1162952.41,815532.62
11152,systMD,4354613.58,2819797.45
11153,Mikki and Al's Noshery,2492894.34,1595189.59
11154,Plum Bakery,1269473.63,968331.54
11155,Queens Gardens Apartments,4635684.47,4399604.64
11156,Bloomfield Education Associates,1975949.5,1812768.1
11157,Herb Haus,1823190.8,1107746.46
11158,Urban Style Barber Shop,941372.96,569418.62
11159,Krauszers Food Store,4119420.85,2572128.5
11160,Queen Best Nail & Spa,2600822.51,1674865.71
11161,Perfectly Pressed Dry Cleaner,2851965.33,1941757.72
11162,LY MASSAGE CENTER,2546757.66,1670614.3
11163,Chester Meat Market,4500760.31,3552036.66
11164,Paintpourri,4702799.35,4404118.08
11165,Adam's Pet Safari,571002.53,398655.29
11166,Canal's Discount Liquor Mart,749006.11,706385.55
11167,Middlesex Welding Sales,3444952.0,3030033.93
11168,Agin Signs & Vehicle Lettering,1101211.7,1012270.26
11169,AAMCO,439026.84,311755.5
11170,Suits & More,3012341.58,2268138.66
11171,Touch of Class Cleaners,4978374.6,3036321.13
11172,Suburban Development,3646787.84,2635633.64
11173,Sunbelt Rentals,3656511.01,3029035.62
11174,J. Elkon Realty,3261215.58,2987640.73
11175,Drop N' Ink Tattoos,4238968.87,3812544.49
11176,City Nail,859372.25,653990.28
11177,Autobella,4018969.07,2901803.05
11178,Mall at Short Hills,196506.76,158599.93
11179,Hoboken High School,2963809.57,2436793.38
11180,Thomas G. Connors Primary School,2740150.65,2115867.53
11181,Wallace School,2767461.42,1860955.4
11182,Calabro School,3515699.78,3064214.62
11183,Joseph F. Brandt Middle School,3576400.17,2412299.79
11184,Jubilee Center,921302.82,775873.72
11185,Pleasantville High School,349348.72,301561.73
11186,Holy Spirit High School,4984613.57,3662287.42
11187,Hoboken University Medical Center,1613708.13,1346498.22
11188,Newport Mall,2763291.28,2019447.48
11189,AtlantiCare Regional Medical Center,2272931.88,1553944.43
11190,Oakcrest High School,4473461.1,2876632.17
11191,Atlantic County Special Services School,1066569.38,909943.46
11192,Atlantic County Institute of Technology,125170.33,107094.68
11193,Atlantic County Alternative High School,2600781.32,1815234.9
11194,Hamilton Township Municipal Complex,1923407.7,1376219.75
11195,Ocean Acres Elementary School,4349202.99,3049191.69
11196,Stafford Township Public Schools,1538402.88,1157924.43
11197,Southern Regional Middle School,3697722.84,2746439.41
11198,Southern Regional High School,3907761.69,3681218.43
11199,Marine Academy of Technology and Science,154353.76,143607.12
11200,Southern Ocean Medical Center,3956732.28,3123050.2
11201,St. Augustine Preparatory School,2015055.12,1429184.12
11202,Pinelands Regional Junior High School,1029198.63,882423.06
11203,Pinelands Regional High School,888516.0,597819.67
11204,Tuckerton Elementary School,1952317.85,1478535.74
11205,George J Mitchell Elementary School,4804438.18,3889192.31
11206,Bass River Elementary School,89831.39,59378.32
11207,Little Egg Harbor Intermediate School,3833437.74,2340573.23
11208,Eagleswood Elementary School,728487.36,632833.76
11209,Oxycocus Elementary School,2273500.67,1916659.37
11210,Barnegat High School,4480226.82,3919055.16
11211,William Davies School,808854.27,653975.43
11212,Mainland Regional High School,2455296.68,1679441.43
11213,Deptford Mall,2190484.72,1452522.46
11214,Glassboro High School,1215793.43,737697.98
11215,Roger Wilco,1651094.19,1115789.62
11216,Central Early Childhood Center School,1814321.78,1388105.69
11217,Deptford Township Municipal Building,1140699.27,1016018.8
11218,The Botanist,1290565.17,1103863.51
11219,Royal Farms,2999026.88,2722098.37
11220,George L Hess Educational Complex Elementary School,3541530.1,3160701.3
11221,84 Lumber,2575895.78,2374637.37
11222,Chapman Ford,4615153.36,3955265.82
11223,Absecon Public Schools,2065379.09,1552738.77
11224,Egg Harbor Township High School,2350033.61,1872135.1
11225,Boardwalk Acura,1478377.55,1315455.99
11226,Kensington Sqaure,3066431.37,2704402.81
11227,Beacon Cycling,1009252.19,609549.03
11228,Lexus of Atlantic City,1017466.02,643458.39
11229,Shore Medical Center,2739779.18,2488084.51
11230,Charter Tech High School,1055346.89,930962.15
11231,Seaview Elementary School,1481555.25,1255260.6
11232,Belhaven Middle School,4755966.99,3570440.67
11233,Northfield Community School,334998.12,251325.88
11234,Jewish Community Day School,1747341.49,1312905.07
11235,"Children's Hospital of Philadelphia - Specialty Care, Atlantic County",437969.68,270051.62
11236,IKEA,3985719.64,3785807.07
11237,Absegami High School,2989760.39,2694900.07
11238,Joseph C Shaner Memorial Elementary School,3667752.54,2738927.17
11239,Forest Hill Elementary School,1431455.59,1311472.42
11240,9 Executive Campus,3353191.45,2865152.06
11241,Camden City Hall,4273539.65,3959594.33
11242,Dwight D Eisenhower School,1003893.6,750847.87
11243,Archway Schools,1244804.35,1067999.23
11244,Woodrow Wilson High School,1058131.99,901410.99
11245,East Camden Middle School,3029371.77,2057344.84
11246,McGraw Middle School,4636352.72,4357603.98
11247,Collingswood Middle and High Schools,923898.47,572440.39
11248,Cherry Hill Mall,3963831.35,3579695.66
11249,Our Lady of Lourdes Medical Center,3987202.68,2660443.92
11250,Cooper B Hatch Middle School,2726817.25,2223402.45
11251,Pope Paul VI Catholic High School,543257.11,344666.86
11252,Haddon Township High School,3792393.82,2786601.52
11253,Martin's Liquors,1264186.97,994699.02
11254,Moorestown Mall,563289.36,416030.79
11255,TD Bank Offices,1611097.83,1314732.5
11256,Holman Cadillac,1767531.98,1161419.33
11257,BMW of Mt. Laurel,268573.83,202897.75
11258,Bishop Eustace Preparatory High School,3096734.43,2135475.94
11259,TD Offices,183087.11,158709.26
11260,Grainger,4766665.36,3821676.87
11261,Haddonfield Memorial High School,1808323.91,1464223.59
11262,CED Electrical Supply,491303.67,298191.87
11263,Holbein Middle School,4621378.08,3653987.88
11264,Toms River High School South,2507535.47,1572545.09
11265,Ocean County Mall,4907040.71,3199857.44
11266,The Children's Home — Mary A Dobbins School,1917551.2,1372076.39
11267,Githens Centre School,3604356.02,2775440.07
11268,Rancocas Valley Regional High School,3138782.28,2482995.63
11269,Gertrude Folwell Elementary School,4933184.59,4172294.35
11270,Monro Muffler Brake & Service,1689078.57,1223518.46
11271,Russell Brackman Middle School,541967.34,387367.13
11272,Waretown Elementary School,1607285.74,1439831.61
11273,Frederic Friff Elementary School,1573735.8,969467.66
11274,Lacey Township Middle School,543133.56,367194.26
11275,Lacey Township High School,2315999.54,1698298.83
11276,Cedar Creek Elementary School,4718078.46,4266226.09
11277,Mill Pond Elementary School,3847374.24,3188204.48
11278,Central Regional Middle School,2110037.13,1891562.67
11279,Central Regional High School,1475412.44,1128930.59
11280,Lakewood High School,1359110.41,896634.38
11281,Lakewood Middle School,4410992.36,2821020.11
11282,Ella Clarke Elementary School,3155690.15,2191410.59
11283,Brick Township High School,1288616.55,1106112.38
11284,Cherry Hill Township Building,3553519.74,3060811.54
11285,West Avenue Elementary School,1305229.82,913008.49
11286,Bridgeton Senior High School,3965755.78,2389402.66
11287,Bridgeton Middle School,391387.9,245364.83
11288,Quarter Mile Lane School,2040596.13,1350063.63
11289,Eastampton Community School,2958277.03,2361175.82
11290,Wilbur Watts Intermediate School,952589.71,739084.28
11291,Burlington City High School,2259605.62,2125399.29
11292,Burlington Township High School,4862002.97,4564041.57
11293,Fountain Woods Elementary School,4009752.02,2886630.5
11294,Bulrington Township Municipal Complex,3039391.37,2451888.63
11295,St Mary's Hall Doane Academy,2226998.57,1453192.69
11296,Saint Paul Elementary School,3002220.26,1996308.28
11297,Millbrook Park School,4129559.26,3700720.32
11298,Abraham Levitt Middle School,3925234.49,3299085.65
11299,Garfield Park east Elementary School,4904654.69,3795345.81
11300,Memorial Upper Elementary School,800725.08,645850.98
11301,Hawthorne Park Elementary School,3241448.87,2456142.23
11302,Garfield Park Elementary School,373834.56,351016.01
11303,Country Club Ridge School,4634401.08,4042991.76
11304,Buckingham Park School,535036.1,326957.43
11305,Willingboro High School,1214548.06,999996.96
11306,Pope John Paul II Elementary School,3161021.46,2162502.51
11307,J Creswell Stuart Elementary School,828930.46,714644.01
11308,St Joseph School,1099860.22,822796.94
11309,Lourdes Medical Center of Burlington County,2813668.87,2418876.79
11310,Pearson Elementary School,2872151.79,2091941.26
11311,Edgewater Park Public Schools,3331848.22,2721114.49
11312,Saint Mary of the Lakes School,3230508.31,2486837.2
11313,Riverside Public Schools,4480335.85,3286015.79
11314,Mount Laurel Township Municipal Building,189054.14,122093.96
11315,Cape Regional Medical Center,1619583.5,1316977.81
11316,Middle Township Middle and High Schools,2800574.25,2362376.17
11317,Holy Cross High School,3591362.32,3099552.92
11318,Delran Middle School,2812850.02,1783255.3
11319,Delran High School,2712010.4,2559781.37
11320,Esquire Liquors,2678339.32,2542598.71
11321,Millbridge Elementary School,4887358.76,4436746.81
11322,Moorestown High School,4726131.64,4112195.29
11323,William Allen III Middle School,251897.08,204712.67
11324,Moorestown Friends School,1476366.94,940545.06
11325,R C Molina Elementary School,2701251.22,2398388.07
11326,Charles Street School,2735481.89,2001274.34
11327,Eleanor Rush Elementary School,2253721.29,1919282.83
11328,Cinnaminson High School,4980776.45,3397286.28
11329,Mary E Roberts Elementary School,860164.23,795203.66
11330,South Valley Elementary School,654497.42,539020.86
11331,L.L. Bean,3465712.58,3093868.71
11332,Rastelli Market Fresh,4066510.06,3098362.29
11333,Ford,3216097.6,2381461.28
11334,Cumberland Mall,703691.38,535240.5
11335,City Hall,4658739.86,3078972.57
11336,City Hall Annex,2985741.12,1851574.08
11337,Bridgeton City Hall,1701478.41,1191868.66
11338,Inspira Medical Center Vineland,515475.66,392124.82
11339,Action Hyundai,4500104.31,4192128.52
11340,Vince's Tire,4240181.57,3326199.24
11341,Matt Blatt Mitsubishi,4462195.97,2871367.43
11342,Woodbine Developmental Center,788220.72,584531.46
11343,E R Johnstone Elementary School,4693387.16,4119411.41
11344,Vineland Sehior High School North,4709691.21,3995268.65
11345,Vineland Senior High School South,3924815.78,3396126.51
11346,Memorial High School,901162.47,774017.01
11347,Jordan Road School,2477555.59,1618810.4
11348,Marlboro Elementary School,4384021.55,2736891.24
11349,Dwight-Englewood School (Solomon Field),3377715.87,2831058.35
11350,Parsippany Hills High School,567505.22,399180.52
11351,Sussex Avenue Elementary School,3672282.59,2782958.56
11352,Littleton Elementary School,3491492.06,2289588.88
11353,Waldwick High School,2748562.38,2312358.87
11354,Dr. John Grieco Elementary School,3839981.74,3134020.07
11355,Florence M Burd Elementary School,4391906.2,3519357.3
11356,Grace Norton Rogers Elementary School,1900105.06,1563180.92
11357,Nottingham High School,1799161.84,1118475.28
11358,Ridge High School,2564987.2,2108327.19
11359,Maurice Hawk Elementary School,2994155.08,2824537.37
11360,Thomas R Grover Middle School,4970434.25,3620888.3
11361,Melvin H. Kreps Middle School,3827972.54,2863123.83
11362,Taunton Elementary School,2920086.03,2731864.88
11363,Dutch Neck Elementary School,1872941.11,1459478.15
11364,Alexander Elementary School,404104.8,357867.22
11365,Robinson Elementary School,4383421.04,3498847.3
11366,Langtree Elementary School,4705894.52,2830989.44
11367,Newbury Elementary School,2917760.55,1841128.67
11368,Albert E Grice Middle School,4879197.46,3801546.17
11369,Perry L Drew Elementary School,3951653.37,2452187.72
11370,Montessori Enrichment Center School,4553741.79,3895427.94
11371,University Heights Elementary School,4803538.39,4071870.44
11372,All Shore Printing,1617922.85,1210837.24
11373,Trenton Catholic Academy,963867.96,864763.43
11374,Scotch Plains-Fanwood High School,2865468.96,2290793.71
11375,Richard C Crockett Middle School,2742599.53,1723864.35
11376,Greenbrook Elementary School,4952360.72,3648688.25
11377,Trenton Central High School,1951310.21,1663781.09
11378,Villa Walsh Academy,1878169.08,1440860.73
11379,Taylor Mills Elementary School,3557798.01,2576772.96
11380,Cedar Drive Middle School,1017733.08,650696.15
11381,Brooks Crossing Elementary School,452328.6,349784.86
11382,Sharon Elementary School,1095047.83,939903.38
11383,Sandyston-Walpack School,704272.86,485455.37
11384,Brick Township Memorial High School,699949.73,540827.4
11385,Wall Intermediate School,4235270.93,3673824.28
11386,Beachwood Elementary School,4583330.87,3441574.67
11387,Winslow Township Elementary School Number 4,3941290.25,2386382.74
11388,Riverbank Charter School,1417766.96,1221635.91
11389,Florence Township Riverfront School,4018586.52,2970532.58
11390,Land O'Pines Elementary School,223007.92,174314.62
11391,Howell Township Middle School North,2245592.58,1636570.53
11392,Marlboro Memorial Middle School,710407.44,449760.39
11393,Deerfield Township School,1306805.86,1031340.38
11394,Encompass Health,1576002.86,1222699.86
11395,Balic Winery,2517406.27,1960762.45
11396,Cherry Hill High School West,4451824.35,3034035.52
11397,Lake Riviera Middle School,3585469.06,3370521.39
11398,Manchester Township High School,1326363.62,1118396.54
11399,Allentown High School,1414371.5,1103877.09
11400,Helen A. Fort Middle School,3088841.57,2530818.37
11401,Toms River Intermediate School South,2268090.92,1735939.1
11402,Walnut Street Elementary School,4562938.72,3437408.15
11403,South Toms River Elementary School,4134534.43,3134912.58
11404,Gilmore J Fisher Middle School,3532482.84,2870680.18
11405,Chester M. Stephens Elementary School,4348931.76,3898051.67
11406,Rutgers Landscape Design,2494239.12,1663545.83
11407,Contemporary Foods,2570684.0,2418962.18
11408,Arthur Zo,781185.35,541025.63
11409,CBS Realty,2437757.83,1706480.65
11410,The Store in Harrington Park,2729115.53,1658964.49
11411,Harrington Park Market,1087634.21,991439.18
11412,Travel of Harrington Park,4621979.16,3464248.75
11413,Harrington Park Garage,960979.9,662851.93
11414,Paramus Park,1050328.83,911467.17
11415,Liberty Kia,1037010.08,778123.3
11416,Ramsey Subaru,2629289.67,1816933.96
11417,MINI of Ramsey,1233489.72,1079739.17
11418,Prestige Lexus of Ramsey,4476141.53,3224507.58
11419,Prestige Toyota of Ramsey,1017550.47,690308.22
11420,Township of Mahwah Municipal Building,1303498.37,1015919.23
11421,Liberty Hyundai,4431328.44,3621327.74
11422,Bolla Market,218609.72,162843.62
11423,Reddot Truck Service,649494.54,609149.99
11424,Wilson's Auto & Truck,4811720.19,3242832.62
11425,Kerbeck Subaru,268558.96,168240.97
11426,LL Flooring,457744.87,428916.49
11427,Harrington Park Boro Hall,3816678.47,3533247.77
11428,New York-New Jersey Trail Conference,1963083.1,1234960.26
11429,Camp Glen Gray Headuarters,3913954.34,3165480.07
11430,Law and Public Safety Institute,4950800.72,3502863.07
11431,Bergen County Communications,330556.7,271341.51
11432,Brigantine Municipal Building,172655.33,106411.38
11433,Estell Manor School,4578595.51,3036857.31
11434,Estell Manor City Hall,3481012.65,2848025.03
11435,Thomas E Bowe Elementary School,1023499.32,703804.23
11436,Hamamatsu Photonics,2687734.74,1976016.78
11437,Glassboro Intermediate School,4203059.18,3814355.39
11438,The Store,2592833.71,2228446.07
11439,Gotham Underground,502984.33,412199.33
11440,Newton Medical Center,2089832.9,1285121.54
11441,King's Commons Shopping Center,2764342.5,2345194.25
11442,Taylor Street Elementary School,4177895.7,3835356.53
11443,Life Time Work,3812483.16,3135518.56
11444,West Belt Plaza,2824833.06,1734955.2
11445,Willowbrook Plaza,4079109.99,3357962.44
11446,Macy's Furniture Gallery,3181272.18,2854766.75
11447,George Washington Middle School,3082188.66,2519611.88
11448,Ramsey Municipal Building,4799947.77,4375458.77
11449,St. Joseph's Parish Center,1357738.07,936255.95
11450,Mount Olive Middle School,3799129.42,3340066.81
11451,Sandshore Elementary School,4241041.22,3684297.51
11452,Township of Mount Olive Municipal Complex,1320414.53,1044830.98
11453,Amish Mike,535643.09,473452.99
11454,Motion Kia,2936281.28,2553634.33
11455,Callaremi Cadillac Buick GMC,3508632.02,3047628.1
11456,Robbies Music City,4091647.74,3797556.89
11457,Nature's Food Markets,4957288.43,3701730.59
11458,Ridgewood High School,2041298.78,1490889.36
11459,The Valley Hospital,4548810.23,3548795.39
11460,Motion Chevrolet,2591148.56,2281064.44
11461,Volvo Cars Ramsey,4893095.85,4418347.42
11462,Ramsey Auto Group,2311242.69,1526360.75
11463,Ramsey Infiniti,1883770.66,1712873.01
11464,Joe Heidt Motors Corp. Volkswagen,2773910.35,2065080.45
11465,Fuda Tile & Marble of Ramsey,4109806.45,3138785.39
11466,A. Fazio Moving & Storage,3411525.74,2575407.55
11467,Ramsey Mazda,2539910.48,1849646.78
11468,Model Electronics,3669423.22,2427858.76
11469,DTA Automotive,410549.92,386211.76
11470,Port Norris Middle School,1382204.97,1249698.62
11471,Jack Daniels Porsche,3214407.14,3024221.91
11472,Office Suites and Services,974773.6,853075.14
11473,Ramsey Alfa Romeo Fiat,1818045.51,1726804.36
11474,Ramsey Nissan,4260508.17,3402948.9
11475,Valero,3322415.26,2480279.15
11476,Jack Daniels Audi of Upper Saddle River,3293561.23,2759301.43
11477,Maserati of Bergen County,4853329.25,4239583.23
11478,Ramsey Acura,3271013.78,2506250.54
11479,Port Republic Elementary School,4930687.31,3610579.0
11480,Home Liquor,328806.91,254999.28
11481,Hopatcong schools administration building,537476.68,380277.84
11482,Borough of Hopatcong,3297725.18,2383040.63
11483,Hopatcong Hardware,4724072.98,3705734.37
11484,Hopatcong Middle School,2902945.16,1824687.03
11485,Newark Star Ledger,1829953.64,1186480.62
11486,Galloway Township Public Schools,1689597.32,1227811.12
11487,Hopatcong Diner,1923678.02,1557562.83
11488,Lucky Nail's II,2109292.58,1960904.58
11489,Fernwood Avenue Middle School,4013791.78,2872579.06
11490,Chelsea Heights Elementary School,1479920.3,1063659.09
11491,South Cove Plaza,3555651.68,3358630.78
11492,Casio America Inc,4978029.46,4273865.2
11493,Spring Flemming Elementary School,4749250.33,3522353.4
11494,Netcong Elementary School,1479245.06,1196336.11
11495,Netcong Auto Restoration,2283994.52,1915410.12
11496,Lenape Valley Regional High School,3003997.44,2627104.67
11497,Bergen County Utility Authority,2950249.7,2802007.9
11498,The Rush Market,919624.28,809961.37
11499,Wallkill Valley High School,4507732.05,4009687.43
11500,Pope John XXIII High School,4514434.19,3241763.36
11501,Rev George A Brown School,3865433.79,3177606.16
11502,Ridge Elementary School,3129698.39,2762179.51
11503,Sea Star,4999372.97,4742274.02
11504,Crab Shack,457072.83,411458.72
11505,Whiton Elementary School,4152519.93,3271647.61
11506,Joseph Kushner Hebrew Academy School,2022591.58,1367242.44
11507,ExpressPort Plaza,4455644.12,3610756.18
11508,Bed Bath & Beyond Corporate Headquarters,4703323.12,3127526.12
11509,Cold Springs Elementary School,3950886.54,3284001.95
11510,Theodore Schor Middle School,1465560.85,1130387.27
11511,Syms,1695704.53,1600077.17
11512,Maher Terminals,1250890.28,978170.57
11513,Ventnor Elementary and Middle Schools,4312971.69,2649472.2
11514,Tighe Junior High School,524707.43,481014.74
11515,Ciocca Cadillac,1444726.83,898949.83
11516,Ciocca Corvette,3856327.82,2352321.63
11517,Ciocca Chevrolet–Buick–GMC,2392540.56,1554020.13
11518,Baptist Regional Elementary School,3909941.03,3638542.68
11519,Stone Design Works,3584401.16,2367213.83
11520,Walkers Deli,1476505.0,1318270.66
11521,Macopin Middle School,2373940.66,1695976.61
11522,Wild Things,598970.54,446508.58
11523,Gotham City Gifts,4669302.04,4164884.21
11524,Attitudes,627816.34,528374.9
11525,Flags,312004.19,223403.7
11526,El Mercado,269645.16,250912.87
11527,Rowan University Barnes & Noble,1589776.35,1430200.14
11528,Morristown Mercedes-Benz,2406053.48,2265222.98
11529,Acura of Denville,946063.97,676181.84
11530,Nielsen Nissan of Denville,1753303.57,1095165.48
11531,Fire Fighters Equipment Co Inc,2250316.11,2127213.08
11532,Jefferson School,1768708.94,1394553.13
11533,F.C. Kerbeck and Sons,3159796.7,2409644.75
11534,Towne Toyota-Scion,861227.54,533305.1
11535,Town Toyota Service Center,109754.77,79154.41
11536,Township of Roxbury Town Hall,3348745.67,2973957.83
11537,Leber Lakeside Funeral Home,1025071.91,914617.8
11538,Lake Hopatcong Foundation,910459.95,788593.95
11539,Station Hardware & Garden Center,4324310.14,3746170.67
11540,Dominick's Salon,3571907.1,2563410.69
11541,Terry's Automotive Center,3463535.28,2131807.62
11542,Franklin Square,3202218.97,2387310.17
11543,Just Parties,3661840.34,3035481.15
11544,Emily's Creations Chocolate Factory,3740259.7,2680442.74
11545,B London,1783884.05,1657749.92
11546,Genie Cleaners,4615775.67,3889822.18
11547,The Liquor Factory (Hopatcong),100287.21,92209.21
11548,Lakeside Boulevard,1577580.12,1428608.5
11549,Frazee's Landing Auto Body,872844.97,773481.27
11550,Couture Traders,1040841.93,796812.9
11551,The Cycle Exchange,1827158.36,1210602.13
11552,Clarity,4722242.28,3665544.88
11553,Bloom Auto Group,665093.33,617190.75
11554,Romero's Auto Repair,3065753.03,1977370.71
11555,Hearth & Home,1405894.92,1080874.14
11556,Video Bank,3807313.81,2752267.43
11557,Denville Town Hall and Courthouse,103578.35,96264.3
11558,Denville Hardware,2493815.96,1526381.07
11559,Mutts On Main,1381959.18,839220.71
11560,Denville Firestone,3923063.87,2996454.18
11561,Gloria M. Sabater Elementary School,3699808.3,3456775.71
11562,Jersey City City Hall,4262766.36,3674306.0
11563,Travel Centers of America,4171133.19,2806359.45
11564,Northvale Self Storage,1122341.61,1052569.92
11565,Cleatus Farms,4890646.14,4544121.62
11566,Plaza Pet World,3403999.89,3068474.84
11567,Beverage Barn,160985.35,111780.28
11568,Winslow Township Municipal Complex,3152920.39,2323147.75
11569,Mr. Bills Restaurant and Bakery,1367665.33,1111578.93
11570,Petrillo's Deli & Pizzeria,2188507.93,1381174.08
11571,Red Lion Plaza,2600935.64,2011656.64
11572,Buena Boro Municipal Building,1645538.28,1230896.81
11573,Chester Shopping Mall,4917587.33,3332796.29
11574,Europastry,2436275.94,1603879.54
11575,Town and Country Liquor,3758903.63,2320856.17
11576,Trezar Fine Jewelry,2102877.15,1683480.28
11577,Morristown Town Hall,1784352.95,1105808.6
11578,Pine Street Plaza,1605874.9,1200889.67
11579,Home Towne Hardware,2911467.49,2080440.75
11580,Nic Knack Conveinience Store,588921.24,535285.44
11581,Las Rosas Bannnworth Funeral Home,4075448.08,2833172.38
11582,Mendham Garden Center,2089812.97,1555871.51
11583,Marshall Hill Elementary School,1319445.71,1195238.61
11584,Chester Township Municipal Offices,4836646.99,4450592.09
11585,Menlo Park Mall,1155694.2,912957.14
11586,William B Donini Elementary School,2296536.39,1929102.97
11587,Pantry 1 Food Market,2971136.93,2572478.48
11588,Notre Dame Elementary School,4726719.54,3444792.66
11589,Green Olive Market,2961077.97,1844527.97
11590,Herb's East Mill Garage,500776.95,304194.02
11591,Rambo's Country Store,4520765.89,3636430.81
11592,Califon Municipal Offices,1498857.98,1275418.19
11593,The Acropolis,2052642.27,1594756.73
11594,Plainsboro Municipal Offices,1051297.26,942430.61
11595,Town Center Elementary School,556522.67,455176.0
11596,Mitsuwa Marketplace,4337933.78,2871273.38
11597,Phillipsburg Middle School,2164864.33,1382528.03
11598,Lopatcong Township Municipal Building,3289005.96,2086455.58
11599,Phillipsburg Municipal Building,171061.05,138772.68
11600,Ocean City High School,4378829.43,4022734.15
11601,The Surf Mall,4788483.07,4324734.16
11602,The Mills at Jersey Gardens,2140759.36,1381322.75
11603,East Brunswick Municipal Building,4795516.59,3260119.24
11604,Paul Miller Volkswagen,4381051.66,2817797.48
11605,Linders French Cleaners,2226786.68,1784402.02
11606,Windsor Heights Shopping Center,2522427.08,1644071.65
11607,Town Center Shopping Center,190601.59,154862.84
11608,East Windsor Village,2125534.84,1493116.18
11609,Family Ford Car Care Center,3939593.38,2621132.31
11610,Borough of Netcong Municipal Building,208543.7,144166.11
11611,Wegmans,189759.24,171723.61
11612,Raymour & Flanigan Outlet,3560538.45,3250227.93
11613,Volvo,294888.69,221413.98
11614,Princeton Auto Care,214108.34,149360.1
11615,Whippany Cycles,4688146.73,2969163.28
11616,Hilltop Nissan,3860578.28,3427810.06
11617,Livingston Mall,3512506.22,2995507.12
11618,JK Design,3237986.86,2690503.97
11619,Hillsborough Business Center,1007703.08,792204.58
11620,Stryka Botanics,2243383.47,1602395.3
11621,Goodard School,2890599.99,2660064.04
11622,National Pools,2754794.37,2052685.17
11623,Yarn Attic,4715234.91,3479242.95
11624,United Way of Northern New Jersey,576682.91,521885.02
11625,Open Road Mazda,1330811.33,951354.48
11626,AIAM Massage Therapy School,2706261.05,1904814.73
11627,Village Green Mall,3970051.56,3544080.21
11628,Route 18 Auto,4383344.74,2756185.85
11629,Roxbury High School,3686780.71,2322089.78
11630,Randolph Agency and Driver Testing Center,542179.95,340499.97
11631,Tesla Collision,3396975.09,2138045.81
11632,Malouf Buick,2852766.7,1933004.76
11633,Malouf Chevrolet,4649829.82,4332413.97
11634,The Farm at Green Village,3898092.12,2729152.59
11635,Chatham Mall,941650.49,773503.23
11636,Bookstore,4689290.13,4268889.76
11637,Adminstration Building,137901.54,112390.27
11638,University Medical Center of Princeton at Plainsboro,3416753.91,2491843.12
11639,Osage Elementary School,398833.94,290965.87
11640,Escape Beauty Boutique,942239.35,699943.58
11641,Cranford Municipal Building,4058689.68,2970267.51
11642,Paradise Knoll Elementary School,3612218.75,2633523.21
11643,Sussex County Administrative Center,2117858.54,1394364.42
11644,Judicial Center,4681081.8,3921810.81
11645,Keogh-Dwyer Correctional Facility,1165519.64,891626.73
11646,NJ Herald,1051846.15,647764.62
11647,Sheriff's Office,4282302.34,3866580.68
11648,Prosecutor's Office,856347.06,556240.19
11649,Workmen's Comp Court & Grand Jury,4304175.98,3880723.09
11650,The Cochran House,2330056.04,1527520.2
11651,Ino Commercial Tires,4716182.95,3172135.09
11652,Highland Park Borough Hall,2951181.58,1944977.1
11653,Urby's,1497262.93,1075570.04
11654,Petmar,3971503.51,2547166.49
11655,Psychic Gift Gallery,3669770.87,3131968.63
11656,Irving Primary School,4451446.45,3603552.54
11657,New Jersey Motor Vehicle Commission - North Bergen,1603310.8,1103027.05
11658,Washington Bridge Plaza,3541071.43,2428385.17
11659,Andover Cannabis,2130215.07,1352989.92
11660,Springfield Motor Vehicle Agency,739895.56,471583.72
11661,General Store,4320096.6,3202374.97
11662,Franklin Park School,3016014.72,2730967.42
11663,Franklin High School,4859971.61,2935953.74
11664,Health Sciences Technology High School,4443389.22,2966635.28
11665,New Brunswick High School,1967780.17,1632102.82
11666,Scotch Plains Municipal Building,713082.54,430589.6
11667,Harding Elementary School,1520410.55,1173554.23
11668,Kilmer Square,1100284.76,962945.54
11669,Readington Township Municipal Building,232969.73,145588.97
11670,Levinson Plaza,695674.73,456630.09
11671,New Jersey Motor Vehicle Commission - Edison,892201.47,540835.62
11672,D'Bella Salon,4259446.56,3674790.79
11673,Hudson County Motors,2425442.94,1994945.67
11674,The Designer Outlet Gallery,199315.04,187025.52
11675,Martinez Party Rental LLC,595906.9,382365.01
11676,Saint Francis Cathedral School,3050962.77,2076862.03
11677,Mercedes-Benz,2650974.43,2092408.45
11678,Sabzi Mandi,4806414.55,3405300.54
11679,Warnsdorfer Elementary School,3328122.84,2597397.61
11680,Petits Enfants,1480205.4,1117217.93
11681,Morris County Administrative Building,1433521.15,1351455.13
11682,Hayeks Market,4115896.0,3653097.12
11683,Linde,3363918.33,2667929.3
11684,Galloway Township Municipal Complex,1984021.98,1354670.97
11685,Victory Subaru,544947.61,501104.86
11686,Green Way Market,2857413.78,2665329.24
11687,Van Emburgh Funeral Home,4363927.5,3752675.81
11688,Ridgewood Village Hall,3506840.65,2615986.36
11689,Ridgewood Hot Bagels,1222343.39,1019804.4
11690,Lexus of Edison,502447.81,386656.82
11691,Innovation Kitchen,913613.43,713555.7
11692,New Brunswick Adult Learning Center School,1384574.27,1203616.72
11693,Roma Plaza,107921.64,74780.74
11694,Inman Grove Shopping Center,1066129.76,996227.5
11695,"Monmouth Medical Center, Southern Campus",4815801.07,4206376.57
11696,Seemore Appliance Center,4998207.13,4315646.64
11697,St. Luke's Hillcrest Plaza,933503.51,668250.98
11698,Parkway Auto Parts,3038503.12,2794825.86
11699,Muller Powersports,523670.02,414943.99
11700,Hay & Co.,1624109.03,1100006.09
11701,Plymouth Rock Assurance,2952553.79,2389766.98
11702,Building G,2228295.86,1772657.53
11703,Building B,89861.34,79174.71
11704,Building E,2160823.76,1685311.04
11705,Building C,1829783.64,1411565.87
11706,Building D,3148899.13,2519689.45
11707,Building A,157440.66,112182.29
11708,Most Holy Rosary Church Rectory,547908.54,349829.18
11709,Gill & Chamas,1176512.32,882482.92
11710,Middlesex County Prosecutor’s Office Training Center,2442805.23,2106464.7
11711,Parish Office (Rectory),2295654.64,1567244.77
11712,East Brunswick Supply,1808463.1,1250720.47
11713,Shire Hardware and Sports,3935479.52,2576835.46
11714,Kam Man Food,2987887.15,2159179.15
11715,Ray Catena Mercedes-Benz of Edison,4496734.19,3472376.62
11716,Ray Catena Land Rover of Edison,606017.56,493471.8
11717,Ray Catena Porsche of Edison,1133901.49,698571.84
11718,GenScript Biotech Corporation,1459955.26,1308924.05
11719,Foley,3142315.06,2282976.13
11720,American Standard,2143845.96,1933398.64
11721,Ericsson,3726946.39,2505258.07
11722,Chanel,651390.2,398723.93
11723,Binsky Mechanical,2960646.24,1828511.24
11724,Piscataway Township Municipal Building,4979343.95,4686017.93
11725,Food Bazaar,3692408.67,2358328.9
11726,F.W. Webb,3206170.31,2712308.04
11727,iPerkz,567917.81,430064.54
11728,ALBA Kitchen and Bath,2982694.75,2764861.62
11729,Clutch Performance,1369095.08,1298480.52
11730,Edison American Auto Repair,764356.67,495843.68
11731,Used Quality Cars,4461531.52,3639306.25
11732,Barracks Trading Post,3454348.95,3158226.03
11733,Open Road Honda,620850.25,408680.46
11734,Home2 Suites,3652882.62,2349471.59
11735,Maserati of Central New Jersey,3985945.8,3623204.91
11736,Trax Car Wash,3238527.97,2200986.94
11737,Audi,4179858.06,3236373.48
11738,Open Road Volvo Cars of Edison,4367885.57,3464285.38
11739,Edison Collision Repair,2314592.97,1395445.55
11740,Mobil 1 Lube Express,332416.07,243493.89
11741,Nissan of Edison,1132589.49,827758.1
11742,Edison Infiniti,3676940.56,2246016.57
11743,All Occasion Party Store,1816498.64,1553330.7
11744,Family Tire Center,567286.06,528738.11
11745,Mabel Accounting Services,3904024.89,2508381.04
11746,Attorney at Law,3330387.42,2292036.55
11747,Insurance Group,585636.9,463448.88
11748,Top Rank Homecare,4608859.07,4187301.92
11749,45th Street Barbers,499856.64,457999.83
11750,Bill's Electronics,4346556.14,3274244.86
11751,Mazie's Liquor Store,551565.93,346377.77
11752,Atlas Travel Group,3389103.67,2956865.38
11753,Ritmo Wireless,1983946.97,1597845.74
11754,Ive's Beauty Salon,278389.37,231388.87
11755,Cash for Gold,399451.83,374223.09
11756,Judy's Nail Salon,2580329.66,1863369.86
11757,Holly's Nail Salon,3748024.61,3363250.24
11758,Juanita Estilo Unisex Salon,395254.17,252602.56
11759,Ahio Immigration,4999737.15,3283494.41
11760,Escapes Nail Salon,3371885.56,2346317.03
11761,Callazo Insurance Agency,2469141.95,1495055.32
11762,Accounting and Tax Services,2582178.51,1635060.23
11763,World Spa & Nails,923891.54,787490.51
11764,World Wine and Liquor,3709864.01,2424163.93
11765,Stop n' Shop,4613984.96,2786822.97
11766,Bayville Liquor Store,4734796.68,3694525.99
11767,Roy Rogers/Baskin Robbins;Dunkin Donuts/Baskin Robbins,97722.9,69416.94
11768,Becker's Parent/Teacher Store,3714122.53,2846084.54
11769,Le Camera,1767351.56,1485078.03
11770,Chester Florist,4782400.81,4507301.25
11771,Kiddie Academy School of Chester,2150719.03,1595888.06
11772,Manville Municipal Complex,4375387.61,3419740.53
11773,P-burg Auto Repair,3629303.21,2563000.35
11774,Opdyke Lumber,3393394.41,2379664.0
11775,JDT Collision Center,4848942.48,4130952.34
11776,Valvoline Oil Change,3619919.85,3074441.67
11777,Dave Phillips Music & Sound,1456810.36,995514.23
11778,Free Bridge Wine & Spirits,408003.46,379812.5
11779,Delaware River Joint Toll Bridge Commission,2268988.8,1475209.56
11780,Country Bumpkin Antiques & Collectibles,4367904.11,3864098.73
11781,Warren Brake & Tire,3551839.32,3165765.75
11782,Phillipsburg Public Works,3030416.49,2414560.7
11783,Bridgewater Commons,195630.97,123014.25
11784,Roman Jewelers,975393.89,697705.81
11785,Bridgewater Commons Shopping Center,205487.46,131506.9
11786,Princeton Record Exchange,4528689.41,3678559.05
11787,Twp of Washington Town Hall,398121.76,320951.22
11788,Love's,2839530.04,2569667.72
11789,Mcmanus Middle School,4428080.54,3518970.85
11790,Joe Canal's Discount Liquors,2330051.61,2033385.79
11791,Panico Salon & Spa,4455930.59,3805296.75
11792,Somerville Elementary School,2678349.26,1801525.34
11793,Akshaya,503833.18,444224.27
11794,South Brunswick Medical Center,4847787.22,3711875.57
11795,Able Total Auto Care,1161101.37,721629.54
11796,Motion Auto Body,1759012.54,1442859.55
11797,Family Ford,2350355.39,2016260.96
11798,Jefferson Washington Township Hospital,3023212.11,1971450.33
11799,Jefferson Health Management Services Center,607690.04,453698.08
11800,Jefferson Cherry Hill Hospital,2156374.02,1587590.71
11801,Jefferson Stratford Hospital,3752276.34,3374841.85
11802,Lynne's Nissan,3184673.73,2899430.61
11803,The Plumbing Store,2958378.58,2753164.84
11804,Henry P Becton Regional High School,2010530.27,1864638.54
11805,Wawa Fuel,3122515.99,2928029.09
11806,MarketFair,139158.46,110198.41
11807,Conte's Automotive & Equipment,2374885.96,1549589.35
11808,"Wielkotz & Company, LLC",738188.89,450561.36
11809,Pompton Lakes Municipal Building,2622134.07,1743078.07
11810,United Transmission & General Auto Repair,1039069.07,771754.29
11811,Circle A Convenience Store,2248590.61,1929358.89
11812,H&R Automotive,4443369.17,3504253.23
11813,Brigantine Public Schools,450680.92,380708.23
11814,OTA Car Care Center,4468255.37,4099744.04
11815,"Solar Products, Inc.",2001536.36,1227463.51
11816,State Of New Jersey Casino Control Commission,4048662.05,2634934.67
11817,Playground Pier,2084811.42,1628016.59
11818,Willowbrook,3959913.48,3301411.6
11819,Westfield Garden State Plaza,3500995.29,2974682.08
11820,RND Part Services,1781041.93,1188052.31
11821,Kingdom Traders,2374588.81,1498047.72
11822,Wall Township Municipal Building,2096285.44,1412491.8
11823,The Crossing,1287100.52,994298.35
11824,Mountain Creek Cobblestone Village,541931.48,396056.18
11825,Pompton Auto Care,3316878.13,2191290.31
11826,Saint Louis The King Catholic Education Center,4382062.27,3433644.69
11827,Ken's Magic & Costume Shop,4417220.47,4142670.89
11828,M3TRIC Motorsports,2481296.62,2135794.55
11829,Avalon Municipal Building and Municipal Court,3671239.4,2608593.13
11830,Route 23 Kia,4827219.51,3991227.29
11831,Circle Farms Garden Center,3507478.16,2404224.68
11832,Circle 3 Farms,966814.5,689147.37
11833,"Weitchert, Realtors",4055243.75,3553351.73
11834,Scanlan Funeral Home,1854360.23,1516008.7
11835,All Service,2519687.07,2248349.47
11836,Crestmont Volkswagen,4035952.77,2748288.37
11837,Crestmont Toyota,1768800.81,1482792.01
11838,Route 23 Honda,3253790.26,2695690.96
11839,Fuelco,4798517.42,3522435.21
11840,Wayne Subaru,2153243.67,1896887.79
11841,Route 23 Honda Used Cars,1438191.75,1034232.95
11842,Pequannock Insurance,3529465.58,3320876.61
11843,Jitan's Market,4607208.35,3140975.56
11844,Pompton Sport Center,3138365.71,2070462.71
11845,Luxcraft Cabinets,2823998.41,2351978.79
11846,Stix Cigar Shop and Lounge,580177.95,530827.2
11847,Caribbean Blue Pools & Spas,4281764.1,4043773.28
11848,Fastop Mart,206554.7,160539.56
11849,Rentals Unlimited,4682783.09,3949251.1
11850,Fresco's Bagels,1916150.61,1442203.86
11851,Wayne Hyundai,2113454.82,1572536.53
11852,Lincoln of Wayne,848003.68,737825.07
11853,North Jersey Gastroenterology and Endoscopy Center,1256770.62,809627.35
11854,Valley Bank Residential Mortgage,4138627.48,3539075.06
11855,Wayne Crest Shopping Center,3410124.28,2227260.15
11856,Enterprise Car Sales,4732431.5,3290977.56
11857,Elco Administrative Services,4128726.11,3857620.43
11858,Paul Miller BMW,2261790.73,1394609.31
11859,Slater's Carpets,2586793.6,1751185.19
11860,Bolla,463766.56,317913.29
11861,Open Road Acura of Wayne,4929548.8,4215349.73
11862,"Lighting Expo - Chandeliers, Ceiling Fans, Outdoor Lights",3812708.83,2438472.7
11863,Derbyshire's Solid Wood Furniture,3204176.72,2199247.58
11864,Wayne Mazda,1155858.24,720212.49
11865,Silverstar Motors Corp,1158641.36,733331.37
11866,Stahl Plaza Shopping Center,3580605.82,3253524.09
11867,NailVac,1453724.94,1089239.45
11868,Louis B. Chapman Law Offices,4243122.66,3051247.71
11869,Advance Medical Supply,2443445.76,1571568.23
11870,Sal's Visible Changes,3279903.94,2471850.92
11871,Chocolate Treasures,84284.63,78622.79
11872,Super Mart,1368893.18,883281.27
11873,Mountain View Auto 76,858059.99,537826.62
11874,Lakeland Baby & Juvenile Furniture,1840805.34,1151466.78
11875,Lenyk's Automotive,3637947.63,2441567.22
11876,Greg & Son's Auto Services Inc,2410281.94,1998027.56
11877,Bloomingdale's Furniture Outlet,1861340.0,1378061.45
11878,Wayne Ford,4679627.87,2849174.29
11879,Robbie's Music City,965276.9,905896.47
11880,Route 46 Nissan,4509560.65,4005011.1
11881,Route 46 Mitsubishi,707323.4,560883.88
11882,Farms View Roadstand,1592127.71,1434408.97
11883,Greendell school,842305.54,723210.56
11884,Washington Middle School,4117163.38,2987924.14
11885,Kearny Commons,1217888.41,1005381.83
11886,Fran's Wicker,3348257.16,2629018.93
11887,BMW of Ramsey,730571.6,563934.01
11888,Black Tie Cleaners,4814647.74,4351603.94
11889,Pompton Lakes Board of Education,599049.61,568387.17
11890,Pompton Lakes Service,4252883.81,3737258.01
11891,Citro's Auto Body,1986637.4,1591389.84
11892,Pompton Lakes Public Works,3649579.72,2199948.38
11893,Northeast Janitorial Supply,2165248.1,2034231.48
11894,Family Laundry,4933687.59,3915776.55
11895,Mint Market,189078.55,123878.74
11896,Hackensack University Medical Center,4404073.44,3610228.67
11897,Holy Name Medical Center,3136772.11,1888811.96
11898,Englewood Hospital Medical Center,1641081.36,1042000.23
11899,St. Joseph’s Regional Medical Center,4001016.26,2784700.24
11900,Feeney Funeral Home,3201638.0,2257426.65
11901,Ridgewood Public Schools,2688263.47,2137003.54
11902,Apricot Lane Boutique,4173257.1,2536638.62
11903,South Brunswick Township Community Center,3429623.35,2068597.02
11904,Savvy Chic Consignment Boutique,1475429.64,1022015.4
11905,Tapestry,2565054.84,2344292.67
11906,Sweet & Sassy,3608547.13,3300839.67
11907,Fox's,280151.23,178296.61
11908,Starbucks Drive-Thru,1195367.66,812424.46
11909,Phantom Motorsport,4576936.9,3007930.92
11910,Little Falls Trophy,4350817.55,3337266.25
11911,Davis Surgical Supply,4970799.19,2995930.24
11912,Tri-County Lexus,3804548.04,2322232.15
11913,Tri-County Lexus Pre-Owned,2358695.66,1645470.48
11914,Tri-County Lexus Service Center,816091.36,664006.43
11915,Mill Lake Elementary School - Main Building,136532.66,121761.14
11916,Mill Lake Elementary School - Side Building and Daycare,411109.22,370116.83
11917,West Side Bagels,1527416.29,1178819.38
11918,Wine Sellers,1992477.62,1713124.19
11919,Mark’s Trackside Auto Center,3725253.21,2431438.56
11920,West Windsor Municipal Complex,3121409.59,2619098.36
11921,Enterprise Bodyshop,1018642.5,700954.62
11922,Pinoy Auto Repair,3729294.12,2807304.21
11923,Dottinger Design Inc,2588758.7,2112649.07
11924,Pompton Lakes Chemours,447183.03,393346.3
11925,Central Park Auto Body And Collision,1434824.39,986027.48
11926,Twin Lakes Garage,836819.2,552836.23
11927,RVG Landscape Design & Build,1683950.09,1054096.44
11928,Ale's Auto,1674385.68,1405542.99
11929,Glassboro Municipal Building,2318886.76,1482399.08
11930,Runnells Center for Rehabilitation and Healthcare,4971836.13,4317921.06
11931,Meadowbrook School,4960374.91,3870327.56
11932,Cleary School,2279513.04,1407558.88
11933,Marie Durand Elementary School,3839965.24,3569051.59
11934,Solve E Dlppolito Intermediate School,671049.9,560678.06
11935,East Orange Campus High School,3931151.43,2854387.91
11936,Robert Wood Johnson University Hospital,1364029.53,893646.36
11937,Rutgers Health - University Behavioral Health Care,2817724.43,2602984.76
11938,Barth's Market,4505300.93,4174494.0
11939,Ricciardi Brothers Hardware,3204318.1,3004489.88
11940,Colonial Appliance,154264.1,102902.61
11941,Former Bank of America,1951240.14,1221550.32
11942,Rutherford Borough Hall,3419142.67,2488482.06
11943,Doctor Albert M Bean Elementary School,1148480.61,913103.45
11944,Overbrook High School,4865521.58,4188216.59
11945,Pine Hill Middle School,1286513.24,906924.82
11946,Sylvan Elementary School,1677522.25,1368593.58
11947,New Providence Tire and Auto,4870770.19,3994327.71
11948,Ames Computer,2582079.98,2291503.23
11949,Dean's Greens,4149664.62,3729378.77
11950,Thomas P Hughes Elementary School,693363.44,498673.43
11951,Dwight D. Eisenhower Elementary School,879480.95,665262.62
11952,Verizon End Office,2737582.34,1912008.63
11953,Weston Elementary School,1256182.85,761516.08
11954,Saint Charles Borromeo School,2744470.05,1803438.64
11955,Streets of Chester,2129482.16,1472195.64
11956,Summit Municipal Building,2762708.09,1753726.76
11957,Millburn Town Hall,261833.33,224940.72
11958,Glenwood Elementary School,4738113.59,3405161.72
11959,South Mountain Elementary School,2828693.25,2395932.27
11960,Oratory Preparatory School,1794201.24,1605553.9
11961,Southern Boulevard Elementary,2029417.57,1252050.0
11962,Capitol Cleaners,197277.11,182602.86
11963,The Jersey Joint Dispensary,1943071.25,1719202.19
11964,One Stop Shoppe,669671.37,524414.34
11965,E Lawsuit Loans,3557986.13,3089400.69
11966,Christopher Peacock Short Hills,4473717.61,3444851.16
11967,Frames & Framers,1523872.28,966900.24
11968,Urban Paint & Wallpaper,4162280.79,3624469.47
11969,PNC Financial Services,114379.27,84373.1
11970,The McGrath Pharmacy,4326313.9,3948343.74
11971,St. Ann School,2461758.39,1768516.83
11972,Volkswagen,3081161.4,2442256.85
11973,"Kubick & Kubick, Inc.",2549984.36,1584443.33
11974,"Ralph A. Grieco, P.A. Counsellor at Law",1846115.22,1290748.44
11975,Calico Corners Calico Home,2805119.33,2386368.3
11976,Maplewood Middle School,3644927.06,2333453.94
11977,Nancy and David Fine Jewels,2802741.54,2638386.44
11978,Heritages Dairy,2167099.22,1525000.89
11979,West Deptford Motor Vehicle Agency,1366907.23,948501.29
11980,Vine Republic,2266679.4,2065045.52
11981,William Woodruff Elementary School,2740879.61,2304921.11
11982,Heritage's,4596154.84,4112654.55
11983,Vine Ripe Market,624653.8,446458.89
11984,The Colleen Fraser Building,4649809.47,3980567.51
11985,Best Cellars,4663918.45,3264221.64
11986,BobKat Liquors,3796678.14,2511026.33
11987,Wilmot Walk,2095615.13,1466817.83
11988,The Shops at 14 Pine Street,808798.04,736398.63
11989,Morristown Parking Authority,788311.82,554766.61
11990,Salon Di Parrucchiere,1143171.79,1034567.83
11991,High End Barbershop,807179.77,710189.47
11992,Salone Pisani,1886495.74,1549148.63
11993,Morris County Democratic Headquarters,3466128.25,2377929.33
11994,Morris County - Schuyler Annex,2786576.48,2353924.57
11995,BC Salon,2189516.74,1432867.89
11996,Visiting Nurse Association,2385720.92,1462810.75
11997,American Christian School,2203148.87,1672296.61
11998,Academy Street Elementary School,2753329.57,2371957.32
11999,Allendale Technical Center,4061417.01,2866116.98
12000,Cape May Point Municipal Building,1279116.43,847239.17
12001,Deerfield Elementary School,179667.99,122072.03
12002,AAA North Jersey,4915853.31,3030092.89
12003,Walter H Hill Elementary,2472600.17,1762135.48
12004,North Star Academy Charter School of Newark,479330.16,332201.72
12005,Newman Center,2264651.6,1888543.18
12006,Burnet Street Elementary School,3862894.29,2963076.8
12007,Saint Margaret Regional School,4265134.28,2988005.64
12008,JWG Wine and Spirits,3842065.17,2456142.21
12009,Huber's Automotive,3206904.41,2636216.64
12010,Malanga's Automotive,3850560.82,3477783.43
12011,Pee-Wee's Cycle,2180518.28,1735988.46
12012,Riverdale Power Mower,1988543.19,1556779.96
12013,A J Willner Auctions,3379386.97,2336221.95
12014,Richards Funeral Home,1297265.58,1062130.74
12015,Inn Style LLC,1440918.79,989594.5
12016,John Desch Associates,4287870.52,3502899.5
12017,Mini-Mall,670402.64,482874.54
12018,Dellas 5 & 10,4418496.37,3159865.84
12019,St. Teresa's Rectory,4294984.66,2924267.97
12020,FDR Preschool,2709106.18,1881589.88
12021,Collier's Liquor Store,4878512.94,3646156.1
12022,Cape May City Hall,4237614.4,2746760.13
12023,Riverdale Police Department Shooting Range,2233864.67,1988032.92
12024,Riverdale Department of Public Works,3464832.94,2739021.49
12025,Swain's Ace Hardware,2799871.04,1809247.12
12026,Bamboo Shack Boutique,2402434.23,1525632.36
12027,Sunset Beach Gifts,4251613.72,2583635.46
12028,NJ DOT Riverdale Maintenance Yard,2277481.2,2154466.62
12029,Girl Scouts of Northern New Jersey,83044.88,52114.86
12030,Riverdale Collision,114270.67,92486.76
12031,Riverdale Municipal Building,3661140.43,2828574.71
12032,PDA Laboratories,1471850.72,955772.27
12033,Quinn Service Agency Inc,3344802.41,2426207.9
12034,Darmofalski Engineering Associates,3007653.49,2296316.96
12035,Pequannock Township Town Hall,2838310.81,2233565.65
12036,Stephen J. Gerace Elementary School,4438181.18,3648876.1
12037,Oakland Borough Hall,3973310.26,3099633.13
12038,Village Country Store,2792454.98,2483677.18
12039,Old Bridge Township Municipal Building,600990.6,455425.62
12040,Old Bridge Township Public Works Department,4632934.87,3812390.52
12041,Woodbrook Elementary School,849329.22,598464.25
12042,Preakness Shopping Center,4703083.99,3052847.67
12043,Wayne Counseling and Family Services,2089708.65,1848023.09
12044,Wayne Tire & Service,3955742.7,3659643.31
12045,Wedgewood Plaza,4775607.1,4265677.97
12046,DePaul Catholic High School,3059354.02,2103222.61
12047,Getinge,1789377.43,1492751.55
12048,Valley National Bank Offices,3775354.22,3267299.41
12049,"The Church of Pentecost U.S.A., Inc National Headquarters",3778566.93,2679825.29
12050,Vnb Capital Trust I,3259804.11,2225989.71
12051,Valley Bank,626964.17,404838.74
12052,BP Lubricants,3079369.45,2883590.45
12053,Wayne Office,2692647.11,2047161.47
12054,Maarif School,3075436.92,2374114.28
12055,Albert Payson Terhune Elementary School,753044.91,714830.24
12056,Dobco Inc,4480262.23,3075700.87
12057,Old Bridge Township Building Department,2073068.28,1580485.48
12058,Salerno Duane,3281446.7,2183447.1
12059,Gillette Elementary School,4686412.51,2998524.82
12060,Eli's Taylor Shop,606747.61,474413.38
12061,James J. Howard Marine Sciences Laboratory,4846716.76,4119791.8
12062,Elmer Times,3115719.46,2118943.08
12063,"Munich Reinsurance America, Inc.",4617897.18,4103310.31
12064,Munich Reinsurance America Inc.,1882561.62,1311014.31
12065,Elmer's Country Store,2257247.94,1411529.84
12066,Bottle & Barrel Liquor Store,622710.18,431173.48
12067,Elbert J. Flippen Funeral Home,1395949.04,1267738.47
12068,Recreation Department,4869511.48,2996229.1
12069,John F. Kennedy Elementary School,1067959.64,742404.24
12070,"AmeriTemps, INC.",2082077.43,1636764.61
12071,Buster's Liquor,3094969.31,2208354.67
12072,Family Barber Shope,3140844.74,2739323.52
12073,Hilltop Food Market,1068357.18,690756.26
12074,Lanning Elementary School;Lanning Elementary School Annex,3938406.59,3725035.93
12075,Los Amigos Grocery II,1986163.83,1706273.5
12076,Los Amigos Grocery Store,4334383.31,3326847.13
12077,The Source Sportswear,4137767.32,3023217.69
12078,Showtime Barbershop,634394.74,454953.58
12079,Haskell Elementary School,2532205.32,2310637.83
12080,Wanaque Elementary School,3987372.21,2591476.81
12081,John P. Faber School,1619929.04,1031840.45
12082,Alexander Batcho Intermediate School,2077807.63,1660442.03
12083,O&C Supermarket,2751319.74,1888818.15
12084,Dominican Expression Party Supply Store,894972.16,594528.64
12085,Falco Caruso & Leonard Funeral Home,3753839.92,2682896.47
12086,RC’s Universal Tonsorial Parlor,3043431.95,2260965.28
12087,Giambrone's Meats,332910.25,303642.17
12088,Law Offices of Frankie Fontanez,3642893.75,3025386.6
12089,Freddie's Grocery Store,3124836.02,2359619.39
12090,City Invincable Charter School,672086.14,476532.2
12091,Ronald McDonald House,4713265.06,3968838.95
12092,Kipp: Cooper Norcross Academy,3080098.09,2028049.14
12093,South Camden Food Market,1689055.6,1530659.15
12094,Integrity Auto Group,1908838.69,1460113.6
12095,B&J Mini Market,3298095.96,2977810.26
12096,Nino's Grocery,4366314.4,2815486.22
12097,Saint Joan of Arc Elementary School,1847459.3,1741668.95
12098,Givnish Funeral Home,4063255.94,2671647.41
12099,Chevrolet,453067.88,404716.77
12100,Erie Street Mini Market,4674865.69,3965084.18
12101,F.M Supermarket,3408860.51,2464526.98
12102,Fritz's Food Market,331433.3,285072.62
12103,La Dominicana Grocery,3399852.8,2501680.36
12104,Guatapanal Food Market,4661975.21,4119424.68
12105,Cooper's Poynt Elementary School,2916343.41,1785426.27
12106,Helen L. Beeler Elementary School,1405315.56,1018772.56
12107,La Unique African American Books & Cultural Center,1964519.82,1206248.81
12108,Private Park,4063016.96,3045093.26
12109,Harry C. Sharp Elementary School,1978379.39,1840182.02
12110,Irizarry Insurance,2045674.26,1604306.7
12111,Gomez Shoes,2391568.41,2242218.57
12112,Platinum Transmission & Auto Repair,805009.78,612187.93
12113,Quick Touch Maintenance & Detailing,2185268.17,1654702.05
12114,Quick Touch Auto Repair & Detailing,679923.83,435888.06
12115,Henry Hudson Regional High School,4002115.31,2730652.22
12116,Mount Olive High School,3685909.21,3377859.63
12117,Vizcaya Liquors,4598974.79,3023778.59
12118,Nina's Auto Repair,688504.27,635287.73
12119,Kings Grant Liquors,2876963.14,1913342.46
12120,Luxe,1095121.84,861585.98
12121,Dollar Heaven,749617.67,589224.04
12122,Economic Grocery,4676394.21,3939039.45
12123,Antony Electronics,3999596.81,2600575.78
12124,NCN Auto Repair,1632308.76,1082360.43
12125,Lou Rocco Realty,375277.02,268054.49
12126,Jordan's Supermarket,1095987.21,970104.3
12127,All Stars Nails,4833950.3,4170407.82
12128,Cramer HIll Electric & Plumbing Supply,2716034.44,1675724.83
12129,Decisions Beauty Salon,715676.34,591035.86
12130,J&H Auto,1983779.32,1772118.72
12131,Jersey Auto Repair,4201144.9,2526627.34
12132,Saint Anthony of Padua School,829563.66,696581.15
12133,Sheyla & Millie's,148071.05,134675.58
12134,Cafe Tinto,2139332.17,1467264.58
12135,U S Wiggins Elementary School,1844935.1,1159352.3
12136,R & N Auto Service,753064.36,612784.36
12137,Five Brothers Auto,1876579.8,1594226.03
12138,Hot Wheels Auto Repair,1393868.47,1287043.81
12139,Cheo's Super Market,841078.21,789264.33
12140,Flowers by Mendez & Jackel,4342336.72,3501440.33
12141,A & A Soft Pretzel Baking,2073782.41,1949530.56
12142,Luis Music,3575951.79,2736365.1
12143,La Poblanita,4203605.91,3561742.68
12144,Fast Lane Auto Body Repair,1879689.81,1649982.98
12145,5 Point Auto Repair,2651557.54,1705166.33
12146,"Louis E. Shimpf, Inc.",2613476.27,1695068.52
12147,Crescent Liquor Store,1849530.37,1737016.06
12148,Leap Charter School,4373006.34,3229070.53
12149,Longo's Auto,2320977.58,1424224.89
12150,Zinman,3126034.13,2797338.78
12151,Stop-N-Shop Discount Liquor,1921011.11,1764301.56
12152,Cousin's Supermarket,4855839.42,3953146.85
12153,Saint Joseph's Child Development Center,2230555.6,1811338.81
12154,Federal Laundromat,3429174.13,2397580.62
12155,Eddy's Deli & Grocery,1869652.9,1516342.57
12156,Four Seasons Dry Cleaners,4180325.2,3346293.39
12157,Machuca Auto Repair,3125594.74,2141748.36
12158,Latin Barbershop,1863694.0,1654634.4
12159,Red Circle Liquors,4330223.13,3692070.0
12160,El Vivero,2011075.69,1388762.41
12161,Father & Son Auto Repair,1001925.85,644356.11
12162,Tom's Liquors,3892666.12,3595339.87
12163,Las 3D Food Market,2489974.86,2110918.57
12164,Alex's Grocery Store,2017844.15,1462485.02
12165,East Coast,4774768.22,3126080.42
12166,Urena Mini Market,4276336.0,3511600.52
12167,Express Auto Repair,2624996.42,1680165.03
12168,Eddie's Auto Repair,2536983.39,2014891.49
12169,J&H Fresh Fish & Live Crabs,3208440.81,2545557.1
12170,Freddy's Grocery,3616022.8,2736107.75
12171,Acelero Learning Center,2095349.32,1516542.81
12172,Marlton Pike Food Market,2933091.84,2012941.58
12173,RiteAid & Dunkin Donuts Parking,3255946.29,2311855.71
12174,Tenin's,379097.32,292722.63
12175,Tienda Cordarro Pasteleria,1765513.01,1108835.86
12176,International Liquor,4851654.16,3621081.92
12177,21 Fashion,4418981.74,4179540.27
12178,Christo Rey Grocery,304798.72,265981.41
12179,Barbernado's Barbering Lounge,3906963.11,2731328.8
12180,Manhattan,968629.92,833879.6
12181,M&N Fashions,1991776.27,1445467.92
12182,Ramos Supermarket,4816121.43,4205798.16
12183,Wash&Dry Landromat,2979883.04,2272299.1
12184,Ureña Food Market,4631921.11,2981071.23
12185,Elena Hair Studio,1207199.8,839513.18
12186,Mabel's Food Center,1132784.2,1067097.57
12187,Atlantic Avenue Meats,122060.46,77641.37
12188,Downtown Food Market,4002445.4,2720559.74
12189,American Water - Camden Operations Center,275048.72,214090.52
12190,Matrix Auto Body,3595633.55,2892058.91
12191,Valdez Auto Repair,2797125.05,2196448.2
12192,Nunez Brothers Super Market,4621997.99,2933328.05
12193,Ilusiones del Caribe,4969737.08,2984318.99
12194,Twisted Tatt2's,2519104.27,2225641.76
12195,Speedy's Liquors and Saloon,542052.98,508296.69
12196,Goodyear Tires and Auto,2137842.02,1435334.76
12197,Delmonte's News Shop,4086770.51,3038846.2
12198,Casino Jewelery,2974555.98,1885742.68
12199,Gemini,2263181.5,1451029.38
12200,Boardwalk Bargains,4793406.71,4491219.37
12201,Rollers Salon,4898609.69,3779459.03
12202,Catelli Brothers,2322379.67,1956808.78
12203,Diamond Motors,4518779.1,3913523.12
12204,Park Ave Autos,3052742.64,2302619.16
12205,Modern Liquor,3167706.7,2395197.67
12206,Howard Hill,2854492.47,1796196.33
12207,Village Thrift,3594944.96,2904265.2
12208,Sneaker Outlet,3574922.83,3264054.63
12209,Martinez Auto Repair,2962009.28,1836782.84
12210,Miller Fabricators,3963093.39,2531532.24
12211,Tony's Auto Center,4540719.66,3657445.57
12212,Stanley's Memorial Chapel Inc.,4569166.85,2915969.26
12213,Mr. T's Tire Repair,1171230.34,995938.93
12214,Jim's Supermarket,4866207.5,3134271.24
12215,Tire & Auto Service,2094335.02,1707339.35
12216,Beauty Heaven,1657030.4,1449471.75
12217,Virtua Health & Wellness Center - Camden,861128.14,765144.16
12218,A&A Glass,3446256.21,2371445.71
12219,White Oak Market,2657118.85,2434960.51
12220,Park Bakery,2939189.41,2711102.17
12221,Academy School,878518.0,619026.84
12222,Urban Promise Ministeries School,2745008.9,2597380.25
12223,Neighborhood Discount Store,1577947.94,1161334.93
12224,ABC Supply Co,99052.63,77184.79
12225,Woodlynne Municipal Building,3977344.63,3278644.37
12226,Memory Florist,1016756.94,834668.05
12227,Heritage's Dairy Store,4225584.71,3431582.67
12228,Auto Repair,3542114.5,3011321.91
12229,National Park Municipal Building,3127321.25,2761271.61
12230,Bill and Eileen's,3019482.74,1870992.9
12231,West Deptford Town Hall,758720.52,564769.62
12232,Tire World,4729555.52,3882062.3
12233,Park Wine and Beer,995068.21,627063.2
12234,Plainfield City Hall,3537235.47,3064411.14
12235,Salvation Army,1772366.41,1319794.21
12236,Oak Ridge Heights School #21,3198326.51,2469979.12
12237,Woodbridge High School,442117.24,302290.27
12238,Union Urena Supermarket,386407.92,295724.18
12239,National Park Elementary School,3127780.22,2926261.3
12240,Elizabeth City Hall,3992321.82,3256690.91
12241,Elmora Elementary School,4586618.85,3680954.66
12242,Capital Academy,3783601.11,2415866.06
12243,Bonsall Elementary School,3802975.61,2493123.69
12244,Upscale,2215913.32,1528422.34
12245,Almonte Grocery,3724326.44,3490750.97
12246,Laundry,4266248.19,3404442.76
12247,JT's African Hair Braiding,610144.68,464285.41
12248,Kentz Mini Market,3912360.91,2949188.99
12249,Atlas Fish & Produce,2949363.84,2105354.25
12250,Clipper's Shop,2071176.33,1538432.01
12251,Eddy's Grocery Store,4481981.45,3624399.31
12252,La Botanica,1876678.31,1649339.25
12253,Banasz Discount,1708797.28,1496925.1
12254,TT Jewelers,1031941.12,870727.05
12255,Kevin's Beauty Salon,2072860.58,1361224.37
12256,Banasz Hardware,3916291.3,3131589.73
12257,Klue?,4646973.34,3855375.8
12258,Forbidden Look,3790851.01,2296946.43
12259,Digno Fashions,3905388.64,3145373.74
12260,Eddy's Liquor II,2624428.98,1930056.36
12261,Extreme,4984480.93,3854607.89
12262,Haddon Food Center,2144185.41,1853047.91
12263,Premier,4248832.14,3571799.91
12264,Camden Auto Electric,4422560.52,3256458.66
12265,Total Perfection,2812686.88,1895088.34
12266,Diaz Grocery Store,4995289.17,4428625.62
12267,Glamour Gear,1747807.06,1294212.16
12268,Ron Jon Surf Shop,4126908.01,2994500.28
12269,Ron Jon Beach Rentals,830837.1,508134.47
12270,Country Corner Farm Market,1821432.14,1385029.11
12271,Fisherman's Headquarters,4910760.78,3775132.95
12272,"Wwichert, Realtors",1077300.03,651676.99
12273,Surf City Boat Sales,4023891.76,2778329.13
12274,Oskar Huber Furniture & Design,1638634.21,1178491.52
12275,B&B Department Store South,4829887.32,2948415.65
12276,Wenonah Municipal Building,2561441.67,2031142.2
12277,Westville Borough Offices,2333692.55,1871844.31
12278,Wenonah Elementary School,228670.88,187760.15
12279,Borough of Wharton Municipal Building,1965835.09,1775368.43
12280,Pequannock Parks and Recreation,3589531.29,3188057.67
12281,Marco's Emporium,1379593.32,1062906.98
12282,Clocktower Plaza,4289295.28,2719283.01
12283,Cruise Concepts,3562452.15,3293186.26
12284,B&B Liquors,3464238.71,2752569.16
12285,Brothers Mercedes Repair,2163087.09,1892068.39
12286,Archway Realty,3284971.59,2360283.28
12287,La Espanola Grocery,1200178.9,1032361.25
12288,Daniel's Auto Repair,1025634.33,685224.84
12289,Paul's Auto Glass,3155531.83,2675045.35
12290,MG Tire Center,3585237.11,3385827.64
12291,DeJesus Auto Repair,812556.92,748281.83
12292,Imprinta Hispana,363759.09,268032.48
12293,Village Laundromat,209609.19,157237.05
12294,Max Wellness Center,1497512.51,1381308.7
12295,Lelo's Auto Repair,2771278.62,2211240.74
12296,FLG Brothers Auto Repair,4535242.69,3333405.89
12297,Frank's Auto Body,3080686.56,1960006.88
12298,Netherlands Reformed Christian School,4272217.2,3079826.3
12299,Zucker Steinberg & Wixted,3180983.54,2156766.77
12300,Ginko's Gift Shop,74627.72,62504.28
12301,Frank's Coastal,1556629.43,1122813.33
12302,Deli Works,1499281.28,1019169.04
12303,Kings Kid,3744139.54,2533218.1
12304,Selective Insurance,1448590.61,1022984.75
12305,Pequannock Cleaners,1609923.34,1031917.95
12306,Pequannock Shopping Center,2239197.04,1989881.88
12307,Maresca Lumber & Building Materials,780292.8,532774.32
12308,Pequannock Automotive,4556902.21,2768224.07
12309,Turnpike Plaza,555242.31,342210.6
12310,Pequannock Mini Mall,792848.69,620752.24
12311,Hawk's Corner Deli,1474196.48,1070913.19
12312,Camden Board of Education Administration Building,4749900.58,3941218.22
12313,Pellegrino Chevrolet,1196029.68,1107549.22
12314,Wayne Tile Company Outlet Center,4613839.98,2844611.63
12315,Geisler's,3085114.93,1921400.38
12316,Sansone Auto Mall,801691.04,585077.27
12317,Sansone Toyota (Service),3759123.37,2788402.12
12318,Sansone Nissan (Service),2921730.0,2438199.13
12319,Sansone Hyundai,2318950.74,1878299.44
12320,Sansone Toyota (Sales),4040343.65,3271147.4
12321,Sansone Nissan (Sales),953890.8,598760.18
12322,Sansone Mazda,3410751.38,2304193.61
12323,Sansone Chrysler,4795443.12,3789719.21
12324,Ryerson Elementary School,1689801.1,1108160.39
12325,Verchio's Produce & Deli,702591.59,631554.51
12326,Chesterbrook Academy Preschool,2266368.87,1909536.26
12327,Liquor Land,1353905.29,898824.61
12328,Randall Carter Elementary School,4496765.87,3642074.81
12329,Wayne Shell,3963274.39,2452975.72
12330,James Fallon Elementary School,135596.79,84178.99
12331,Wayne Board of Education,1118169.93,1004769.43
12332,Valley Ridge Shopping Center,3990498.37,3379162.02
12333,Benway School,894236.82,571383.87
12334,Ramapo Plaza,4320243.94,3420102.63
12335,Plaza Square,4562877.39,3833057.79
12336,Wayne Auto Works,749397.21,557642.76
12337,ETD Discount Tire Centers,2326894.06,2031528.13
12338,Psychic Readings of Wayne,4625424.76,3913927.25
12339,Berdan Shopping Center,2599223.05,2135254.4
12340,Valley National Bank Wealth Management & Insurance Services,2754254.88,2296673.43
12341,Preakness Plaza,110007.03,72944.76
12342,Leasing Office,3563801.27,3361629.35
12343,Berdan Square,2494292.59,1505674.52
12344,Corrado Plaza,3776499.44,2921750.3
12345,Nail Plus,3334458.06,3159623.03
12346,Mini-Mart,3145545.25,2101393.69
12347,Mack-Cali Centre VII,1138411.24,736015.7
12348,Mack-Cali Centre VI,3997852.22,2817997.31
12349,Tesla,706991.04,507905.05
12350,Foundation for the Handicapped,4353244.02,3434593.27
12351,Passaic County Technical Institute,736373.17,653571.25
12352,The Train Shop Model Trains & Hobbies,422337.21,266849.23
12353,Wayne Meat Corporation,1025963.93,775007.56
12354,Forest Creek Clubhouse,3717797.05,2240020.8
12355,Pallazone 1960,1730763.02,1352738.47
12356,patriot pickle inc,2195915.08,1649961.82
12357,Berkshire General Store,309655.07,269741.44
12358,Bimbo Bakeries,2690446.1,2327327.41
12359,Sensual Collection,2245200.46,2083222.92
12360,Bakkafrost USA LLC,4352452.94,3160123.69
12361,St Joseph Hospital,3778458.32,2559107.63
12362,Direct Depot Kitchens,2642461.01,2342160.16
12363,Four Corners,4102314.25,3662923.41
12364,Buono's Prime Meats,3260960.14,2116386.39
12365,Trinity Salon,4621021.58,3452458.33
12366,Benjamin Moore - Rossi Decorating Center,4779428.97,3287408.47
12367,West Main Deli,388584.17,340611.53
12368,Main Street Automotive,1421861.5,1212577.11
12369,Nail Cafe,314140.87,194750.01
12370,Little Falls Cleaners,558045.81,390270.28
12371,Little Falls Town Hall,3653935.98,3281649.91
12372,Little Falls Liquors,1429834.3,1208788.06
12373,Falls Automotive Specialties,2697884.51,2151944.67
12374,Kirk's Goodyear Auto Service,2553397.1,2221065.59
12375,Clifton Power Equipment,1647346.12,1416408.59
12376,Schumacher Chevrolet,646139.41,508344.57
12377,Schumacher Pre-Owned,1149517.28,942031.1
12378,Little Falls Auto Service,2725921.91,1959214.37
12379,L'Chic Salon,1163815.31,881366.65
12380,Little Falls School No. 2,4772482.76,3331491.69
12381,Service Center,3373968.76,3066573.62
12382,Ralph's Auto Service,3045898.65,1995159.97
12383,Monarch Pools & Spas,972257.41,670927.93
12384,Magic Years Pre-School,3916646.01,3422774.56
12385,Magic Years Daycare,997927.84,912612.98
12386,Jon's Auto Service,2133259.69,1877074.24
12387,M&A Video Productions,1323231.29,1096546.33
12388,Charles Olbon Elementary School,4527826.84,2770133.87
12389,Town Deli,3598534.78,2194444.51
12390,Beatrice Gilmore Elementary School,2962189.07,2111340.49
12391,Woodland Park Municipal Building,4574069.8,3314749.04
12392,Wine & Beverage Depot,686457.2,634329.25
12393,46 Farmer's Market,320007.77,193789.08
12394,Foreman Mills,4996852.82,3402793.48
12395,Brogan Cadillac of Totowa,89589.33,61637.86
12396,McBride Auto Body,4681007.53,4094267.01
12397,Martha B. Day Elementary School,3102960.32,2867750.8
12398,Buy-Rite Wine & Liquor,495926.31,356162.55
12399,Riverside Square,1859299.05,1245488.73
12400,Loreng's Transmissions,2996540.26,2626860.33
12401,Wards Plaza,1747881.59,1542795.03
12402,Anne's Hair Spa,195713.03,168631.16
12403,Puebla Mex,2036784.99,1807732.48
12404,Butler Municipal Building,4987680.55,3280480.97
12405,Route 23 Ford,3542749.66,3131051.96
12406,Route 23 Nissan,4680290.7,4407666.55
12407,Precision Chrysler Jeep Dodge Ram,3178567.71,2475434.97
12408,Express Deli & Convenience Store,1486152.56,1189880.22
12409,ETD Discount Tire Center,4986306.05,3619968.54
12410,23 Chrysler Jeep Dodge,3993774.61,3620227.8
12411,Mavis Tires & Brakes,3447332.3,2484528.79
12412,The Music Den,3545787.99,2181582.12
12413,Integrated Medical Center,3826336.07,3556838.14
12414,Butler Deli,3259356.75,2562662.88
12415,Alvino's Barber Shop,4783842.68,3763178.41
12416,Butler Candy & News Shop,4605560.98,3403231.41
12417,Coin-O-Matic,4543249.33,4119851.04
12418,Butler Dollar Plus,870121.15,641465.93
12419,International Auto Body,663001.63,436929.53
12420,Samuel R. Donald Elementary School,1751945.45,1421670.09
12421,TNT Transmissions,188477.25,120305.38
12422,Bloomingdale Borough Hall,3680471.05,2483437.57
12423,Turnpike Discount Liquors,587486.04,421952.27
12424,Universal Auto Parts,1839331.67,1499964.72
12425,Walter T. Bergen Middle School,1783010.09,1449379.2
12426,Auto Tech,2762794.04,2479392.98
12427,Walker's Deli,4976836.69,3377165.64
12428,Walker's Auto Body,3308177.19,2417654.37
12429,Eber's Automotive,1821939.28,1563166.83
12430,Long Branch City Hall,110053.76,69656.69
12431,Edward J. Bloustein School of Planning and Public Policy,4423484.93,4147000.38
12432,Vio Medical Spa,3328340.09,2459556.77
12433,Garden State Honda,3579524.72,2278776.11
12434,Bergen County Academies,2371092.57,2016879.71
12435,Buy Rite Liquors,4942299.83,4333885.08
12436,Oakland Shopping Center,361041.16,221611.85
12437,Tire Tech,4667565.73,3731299.2
12438,Copper Tree Shopping Center,3232537.29,2765997.19
12439,Extreme Motorsports,291410.9,178688.03
12440,Jack Daniels Kia,2361002.33,1639951.81
12441,Gift Pavilion,2626101.52,1673320.22
12442,The Shops at Lincoln Harbor,2850333.42,2677332.15
12443,Tower Plaza,4384319.24,3038073.9
12444,Harmon Cove Outlet Center,4915767.23,4220680.56
12445,Toyota Universe,1938636.84,1780973.91
12446,Hanover Powersports,3258848.6,2400202.39
12447,Bomarr Opticians,1104849.31,794122.6
12448,Kent Place School,1513221.08,1127806.01
12449,Summit Senior High School,564939.97,467477.94
12450,Millburn High School,1090127.67,873819.68
12451,Hartshorn Elementary School,471585.93,410901.57
12452,Millburn Middle School,1988817.23,1411255.59
12453,Patio.com,4053097.86,3519303.65
12454,Nissan World of Springfield,3668235.02,2307938.75
12455,The Leafy Basket,2075241.86,1601306.64
12456,Jewelry Plaza,4281045.66,3111111.74
12457,Autoland Toyota,878397.19,636372.36
12458,Fortunoff,1221895.6,1123564.99
12459,Checkers Oil Change,4367329.69,3234333.8
12460,Karako,3975630.01,3074764.75
12461,Video Extra,349034.43,297485.86
12462,Monroe Township Municipal Complex,1356279.64,1052092.01
12463,Monroe EMS Office,1777870.5,1520307.83
12464,Northwestern Mutual,4662989.25,3806287.36
12465,Far Brook School,3645161.36,2760794.91
12466,Mavis,1288581.8,934642.69
12467,Bill's Outdoor Army Navy Store,4847188.45,4217416.21
12468,J&D Liquor,2352771.65,1620922.9
12469,Pingry School Short Hills Campus,4989707.76,3575438.98
12470,Costco Business Center,3537993.65,3007359.06
12471,Overlook Medical Center,4382872.83,3790072.22
12472,Glen Ridge Borough Hall,4678571.3,3149793.52
12473,Griggstown Canoe & Kayak Rental,1056823.08,660776.11
12474,Smith Boring Auto Parts,2772271.95,1805625.58
12475,Jefferson Dairy,3097176.53,2906046.35
12476,Price Saver Marketplace,1578131.22,1317874.86
12477,Borough of Middlesex,4339415.39,2695354.37
12478,Peddie School,1982005.06,1563294.85
12479,Newton High School,2027657.59,1887299.85
12480,EP Henry,4508804.73,3178426.49
12481,Morris Canal Plaza,2110388.49,1991765.61
12482,Parsippany High School,2221303.63,1968423.06
12483,Firestone - Store #26255,465866.45,290901.82
12484,B & A Mart,2591087.88,1711651.2
12485,Lee and Sons,1647407.42,1061277.2
12486,Gary's Wine & Marketplace,1769721.65,1259103.23
12487,Saint Vincent Martyr School,364287.34,282193.73
12488,Madison Junior School,3691414.28,2414362.64
12489,Central Avenue Elementary School,929097.41,563503.2
12490,Netcong Village Florist,3019539.17,2005664.33
12491,Abbott Point of Care,897662.5,716576.21
12492,Metuchen High School,3475067.79,2905945.68
12493,Campbell Elementary School,1175477.72,720900.11
12494,Edgar Middle School,2608565.07,1890147.24
12495,Mildred B. Moss Elementary School,4875101.8,3220847.36
12496,Sandy's Wine & Spirits,2623337.99,2242091.64
12497,West Windsor-Plainsboro High School South,312975.75,270969.04
12498,Main Street Market,4038677.05,3455644.67
12499,Lake-Vu Deli,3531615.34,2801963.68
12500,Honda of Hackettstown,2714314.97,1817641.22
12501,Tuttle funeral home,2132456.06,1550085.86
12502,Wine King,3478829.41,2751204.55
12503,ProAutomotive,3431039.59,2729794.24
12504,Atlantic City Municipal Utilities Authority,3126915.71,2078893.37
12505,Camdon County Communications,3168201.38,2808166.56
12506,Johnson Dodge,129153.6,89591.15
12507,Hackettstown Medical Center,3430959.86,2996537.65
12508,Woodbridge Middle School,4742621.9,4385264.37
12509,Brunswick Square Mall,4307959.97,3846660.19
12510,Our Lady of the Lake Rectory,3758059.18,3071708.0
12511,Prout Funeral Home,3841187.77,3163863.87
12512,Home Liquors,1830262.83,1437792.02
12513,Verona Town Hall,4766574.99,3679283.99
12514,Maple Road Elementary School,2963724.02,2550839.37
12515,Renaissance at Rand Middle School,410759.75,310413.31
12516,Spotswood High School,969323.86,663499.17
12517,Grandview Elementary School,949091.27,710979.25
12518,Whiting Elementary School,3876816.42,2801335.25
12519,Sacred Heart Grade School,851477.74,516245.5
12520,"Selini NY, Inc.",3446609.58,2704108.62
12521,Paramus Place Shopping Center,636874.97,423620.41
12522,NetCost Market,91867.87,76147.54
12523,The Jewelry Center,4124843.4,3412170.82
12524,Nishuane School,3928114.09,2540615.26
12525,Avenel Street School #4/5,4013562.98,3096804.21
12526,Joyce Kilmer School,1494604.9,1167492.04
12527,Lincoln-Hubbard Elementary School,1906582.83,1788692.6
12528,Montclair Municipal Building,4006013.88,2907431.95
12529,Grey Charter School,1454619.46,921362.87
12530,PSE&G Customer Service Center,3147459.05,1893228.0
12531,Foodtown,4669054.95,3701715.74
12532,Red Bank Middle School,2290867.07,1964149.79
12533,Murray A. Chittick Elementary School,3853340.57,3066324.87
12534,Spotswood Municipal Building,871001.97,543329.6
12535,HCL America,3584465.0,2334377.49
12536,Sarar,4794753.24,2971131.8
12537,McGuire Buick GMC,2149397.25,1753154.26
12538,Route 46 Chrysler Jeep Dodge,4245979.77,2863675.37
12539,FUJIFILM Medical Systems U.S.A.,4181843.42,3844537.11
12540,Rahway City Hall,1826316.9,1530623.18
12541,NOAA Fisheries,965660.24,605105.73
12542,New Jersey Sea Grant Consortium,1687514.15,1549740.13
12543,Kawameeh Middle School,2610265.24,1796559.37
12544,Gables Elementary School,4006862.29,2800642.39
12545,Monmouth County Academy of Allied Health and Science,2671676.5,1939958.46
12546,CCM Plant & Maintenance,2890979.86,2694128.86
12547,Memorial School,2051366.04,1743815.93
12548,Number 21 Elementary School,1069057.96,939255.2
12549,Number 26 Elementary School,2831319.7,2402192.67
12550,Valley Girl,3617718.12,2223307.43
12551,Angelbeck's,2824115.78,1880745.3
12552,Theodore Roosevelt Number 5 Elementary School,1657277.74,1402076.04
12553,Campmor,2767867.38,2545996.36
12554,C+A Global,4640861.06,4037261.22
12555,Schwartz & Nagel,3366608.94,2864252.65
12556,Asian Indian Funeral Services,2726030.84,2053281.98
12557,Frederick Scott Salon,2580763.71,2128272.1
12558,Highland Park Wine & Liquors,784051.36,503630.86
12559,FreshMart,2052549.26,1774073.13
12560,Anja,3488044.84,2418495.15
12561,Mario's Auto Body,414936.24,320052.68
12562,E-Z Auto Glass,3713043.6,2620430.22
12563,Topwell Stone,1607700.25,1428184.54
12564,King's Cages,662216.15,403486.48
12565,"Quality Electric Motor Service, Inc.",1125253.57,1066709.54
12566,Sycamore Drive Early Childhood Learning Center,3330015.54,2902390.78
12567,Coleman Auto Body,4893074.1,3275618.19
12568,Lawrenceville Ford Lincoln,2328840.76,1677041.65
12569,Retros,2830952.32,2150105.23
12570,Wonderful World of Wine,984250.45,858915.81
12571,Lincoln Avenue Elementary School,4134231.49,3305932.44
12572,Orange High School,4988845.34,3842941.89
12573,Orange Preparatory Academy,1311851.45,1200616.79
12574,Scholars Academy,1916785.13,1477584.21
12575,David E. Owens Middle School,4207952.23,2660640.09
12576,Dumont High School,1590394.76,995135.63
12577,Honiss School,2457555.17,2046265.93
12578,Hoover Elementary School,1737544.6,1450899.88
12579,Roy W. Brown Middle School,3251071.16,2503992.56
12580,High Societea Tea Room,920720.22,844806.09
12581,Daretown School,1449182.62,1255507.6
12582,Muller Toyota,3391290.49,3125800.59
12583,Subaru of Cherry Hill,1625556.65,1151265.53
12584,South Plainfield Emergency Management Service,4088509.81,3611093.34
12585,IEEE Standards Association,471180.15,360125.33
12586,Harmony Schools;The Harmony School at Princeton Forrestal Village,962169.53,815074.29
12587,Martin J Ryerson Middle School,4367897.85,3219904.76
12588,Kingston Garage,2220566.16,1403945.63
12589,Kingston Deli & Cafe,737329.19,513462.07
12590,The Comic Book Store,1572971.12,1364677.34
12591,Lincoln Park Municipal Building,4285865.67,3817898.79
12592,Radburn Car Care Center,220139.68,165743.57
12593,All American Subaru,79118.45,50215.92
12594,National Guard Armory and Recruiter Center,3894905.42,3263947.58
12595,Vander Sterre Bros,4000553.24,2498054.29
12596,Midland Park Police and Municipal Building,2218861.72,1338344.06
12597,Gingerbread Consignment Shop,3693418.91,3155470.0
12598,Morali Barber House,79326.26,47613.71
12599,Custom Cut Salon,4912537.62,3354784.34
12600,Sharp Shop,4735528.36,4343698.44
12601,Peter A. Jeffer,2071686.9,1370263.57
12602,Salon I.D.,1507720.41,1420496.91
12603,Nick Poulos Restaurant Supply,2800987.29,1980694.94
12604,Olthuis Funeral Home,3637146.65,2428657.65
12605,Midland Park Auto Body,3878077.63,3314848.74
12606,Goffle Antiques,1339419.11,862261.29
12607,The Brownstone Mill,868157.89,792331.51
12608,Reilly's Oriental Rug Cleaning,3718164.62,3421269.37
12609,The Whole Dog Grooming Salon,1239167.22,903602.16
12610,Wyckoff Power Equipment,4139004.51,3367691.82
12611,Westbrock Home,4041607.76,2748281.69
12612,Kuiken Brothers Lumber,2357285.32,1482505.68
12613,Close Knit Yarns,3012091.17,2057515.8
12614,J K Noble Nails,880431.35,588844.57
12615,Alterations by Jin,1939304.98,1494430.66
12616,Horizon Pest Control,4373038.87,2752520.46
12617,Bright Beginnings Learning Center,3406711.15,2950574.12
12618,Piscataway Regional Day School,1076630.09,757001.35
12619,Raritan Valley Academy School,865821.46,757055.6
12620,R&R Book Company,4615303.45,3983425.74
12621,St. Joseph the Carpenter School,4036513.14,2893394.8
12622,Randy's Auto Repair,1114043.99,918226.91
12623,Sparta High School,479747.66,319073.19
12624,Car Guy's Auto Repair,2585091.59,1668672.03
12625,Grover Cleveland Middle School,2067944.52,1743162.26
12626,G&G Realtors,4093617.64,2903988.31
12627,Phillipsburg-Easton Honda,4768435.52,3537812.37
12628,Rossnagle's,4434317.25,2785559.81
12629,Warren County Collision Center,2043968.69,1742831.9
12630,Hyundai,381164.64,359521.69
12631,Glatt 8,3516174.54,3127759.52
12632,Race Mart,3150304.96,2339263.65
12633,New Balance,133818.33,98016.8
12634,Omaha Steaks,389837.97,257829.76
12635,Phoenix,3001676.75,2034882.1
12636,Trident Mortgage,3817595.1,3397961.15
12637,Monsoon,3909919.66,2661564.09
12638,Cambridge Cleaners,3219710.36,2213680.73
12639,Charming Charie,1190185.5,1072923.43
12640,BP Shop,1622284.54,1302035.11
12641,New York Auto Depot,438591.37,403746.34
12642,Mobility Works,3048913.58,2277399.83
12643,FBN Auto Service,2915921.8,2016127.58
12644,BLKBRN Dispensary,3211590.84,2427062.62
12645,Acme Auto body,2584906.58,1707583.76
12646,B & B Auto Repair,4095338.4,3699182.23
12647,MAACO,2001348.77,1509962.9
12648,World Jeep Chrysler Dodge Ram,4966527.91,3467802.61
12649,Bankbridge Development Center,4625969.73,3172467.87
12650,Citi Motors,1860168.57,1594790.41
12651,Fuel One,4278351.37,2843571.07
12652,F&S Tire Center,1253186.5,1035312.38
12653,Muse Salon,4879859.21,3752166.49
12654,Ellinikon,3445830.76,2798321.17
12655,Japanese Automotive,818357.37,635696.12
12656,J & A Service Center,4261582.15,3512420.25
12657,Mordy's Bakery,2224847.1,1741054.5
12658,El Tropical Meat & Grocery,4161609.12,3085871.81
12659,Cabinet & Floor Direct,3228029.39,2934987.85
12660,STS,868397.13,570189.57
12661,Jenkinson's South Gift Shop,3260588.95,2435050.84
12662,Princeton Forrestal Innovation Park,1135336.13,969546.17
12663,O'Neill Hall,2817667.07,2234796.1
12664,Woodburn Hall,146666.35,121110.7
12665,Middlesex County Park System Headquarters,2532366.22,1584493.9
12666,Franklin L. Williams Middle School,4572356.76,3878015.92
12667,St. Joseph's School for the Blind,2868685.47,1908444.21
12668,Picture-IT Awards,3885919.26,3523973.33
12669,Winners,2400875.08,1804532.81
12670,Bayonne Crossing Shopping Center,664854.87,612571.29
12671,Union City High School,3407124.3,2769904.4
12672,Jersey City Regional Day School,1314264.93,944784.06
12673,Tropical Supermarket,1116022.49,730119.53
12674,McNaughton's Garden Center,3286902.67,2869660.75
12675,Greenwich Township Municipal Building,4970958.71,4165971.76
12676,Summit True Value Hardware,3927537.15,2843233.63
12677,Shore Store,4379704.17,3932265.67
12678,Shoreline Apparel,646787.07,429898.58
12679,Vintage Anchor,3671418.01,2273400.52
12680,One of a Kind Beach Supplies,4201386.92,3480846.3
12681,Planet Candy,4811702.95,4030404.78
12682,Sunset Beachwear,319110.5,284095.85
12683,Regent & Co.,3513730.26,2110402.81
12684,Sand Tropez,2964045.41,2718513.01
12685,Surf Liquors,3924000.12,3459802.12
12686,TC's Liquor Locker,4317681.28,3265784.48
12687,In & Out Deli,956925.72,830922.14
12688,Seaside Liquors,2824347.18,2462057.14
12689,Seaside Heights Municipal Building,3698857.89,2631921.96
12690,Hugh J. Boyd Jr. Elementary School,1897867.19,1197223.91
12691,Jerry's Farm Market,3752392.02,2825435.19
12692,Ace Laundromat,4119686.71,3785206.6
12693,The Beach Shoppe,2801229.35,2237009.62
12694,Sweet Treats,1529151.14,1188926.08
12695,My Six Flags Photo,2014288.99,1218751.15
12696,Six Flags Universe,4945505.04,4460392.24
12697,Mporium,2349070.43,1632034.92
12698,Coaster Candy,2506181.06,1670857.42
12699,Hazlet Township Municipal Building,1921812.84,1607868.0
12700,Cooper University Hospital,2029906.98,1878050.18
12701,Octavius V Catto Community School,2189094.62,1847074.52
12702,State Line Cafe,3342959.67,3064717.48
12703,Albert E Burling High School,404105.06,380492.96
12704,Sumner Elementary School,1221088.14,1143350.76
12705,Peace Token Fishing Tackle,1776188.05,1129309.53
12706,Lamboy Furniture Company Factory Showroom,3089140.91,2752638.66
12707,Harry's Plumbing and Heating Supply,4429475.8,3134286.38
12708,Benjamin's Grocery,1231314.16,1041504.97
12709,South Camden Liquors,3363481.88,2931068.7
12710,Mini Market #1,4879491.71,3524817.92
12711,Hogan Self Storage,3474908.41,3138389.39
12712,Ewing Township Municipal Building,4943461.43,4378140.17
12713,Raritan High School,4187489.83,2519435.25
12714,Nucar Collision Services,3770659.87,3256134.26
12715,South Camden Laundromat,4501767.64,3072618.82
12716,Bill's Liquor Store,3684400.39,3405531.01
12717,Two Amigos Auto Repair,1582196.04,1195963.31
12718,Final Touch Barber Shop,436718.69,325301.97
12719,Parkside Food Market & Deli,482985.38,451493.94
12720,Fayers Market,3838502.63,2821166.78
12721,Quba School,4578524.01,3996083.46
12722,Parkside Elementary School,1500077.18,999338.5
12723,Camden Pride Charter School,3199137.94,1949600.78
12724,Frank's Deli & Grocery,784369.19,581337.02
12725,Martin's Da Shop,1245924.45,755459.08
12726,Carmen J. Sanchez Professional Services,2982392.62,2657363.16
12727,Xpress Audio & Wireless,812740.9,618185.08
12728,Reyes Auto Repair,1341840.43,988339.54
12729,Saint Joseph's Carpenter Society,1602189.47,1374021.03
12730,Junior Supermarket,3832199.16,2674794.94
12731,Jireh Tire Shop,2412556.32,1448199.45
12732,McCollum Insurance,4779918.82,4267593.46
12733,Cars Unlimited,2629688.31,1782853.62
12734,Devine Beauty & Barbershop,4990685.42,4212986.75
12735,S & T Laundromat,1540560.06,1440708.7
12736,Things Thrift,4473763.42,3562875.86
12737,Litwin Market,3496672.02,2284846.89
12738,Hazlet Middle School,3367866.4,2246729.33
12739,Universal Supermarket,714970.15,568972.99
12740,The Work Group,3411684.81,2510122.24
12741,Leigh's Service Station,2695127.96,2042033.41
12742,Tomato Factory Antiques & Design Center,728335.41,605487.68
12743,Wull & Oak,3523709.16,2238519.72
12744,Hopewell Borough Hall,1693944.83,1380940.35
12745,Sutphen Memorials,3353092.4,2170267.21
12746,ŌDE,1012029.58,686012.85
12747,Hopewell Motors,2181210.81,1998540.31
12748,Morehouse Engineering,4815514.27,4243672.62
12749,Victory Baking,384385.28,294059.6
12750,Cape May Point General Store,1595368.69,1000769.85
12751,Rosedale Town & Country,4694333.54,3540835.08
12752,Valley Oil,4003455.17,3497955.63
12753,PNC Bank Arts Center Box Office,4665116.47,2890241.8
12754,The Creative Arts Morgan Village Academy,3410209.68,2119451.85
12755,Brimm Medical Arts High School,446394.63,385060.28
12756,Friends Auto Sales,4073652.35,2918473.06
12757,Camden Auto Sales,3814329.6,3195625.26
12758,Riletta T Cream Elementary School,3283827.56,2701012.66
12759,Pantry Food Mart,2834663.79,2622250.18
12760,Crabs Plus,285441.22,222198.05
12761,Live Crab,4784991.9,4359446.51
12762,Liquor Bank,4913664.17,4196324.19
12763,H.B. Wilson Family School,3454874.62,2242692.25
12764,Camden Community Charter School,1614135.68,1009768.92
12765,Mancine's Liquors,2004770.06,1406173.03
12766,R C Molina Annex,4196184.9,3336561.21
12767,Contractor Service,821912.62,734651.26
12768,Tom's Service Center,2926188.02,2676407.06
12769,ABC Companies,1913298.08,1574717.48
12770,Carool's Discount Liquor,72755.08,54496.4
12771,MetEast High School,4226893.49,3746373.13
12772,Sourland Cycles,626089.23,502508.51
12773,Seeds to Sew International,812878.27,669595.1
12774,Weidel Real Estate,4083268.82,3775046.77
12775,Township of Mansfield Municipal Complex,4511954.55,2744491.35
12776,Crystal Toyota,3004431.59,2716498.16
12777,McLaughlin Funeral Home,2202617.93,1879139.11
12778,Subaru of America Headquarters,3688010.36,2600613.7
12779,Deptford Township High School,3905712.2,3050540.72
12780,Johnson and Johnson,3522041.26,3301814.93
12781,Wilson Apple Funeral Home,1367727.4,893462.66
12782,Ez Quick Food Market,1612240.68,972462.95
12783,McKinley Number 10 Elementary School,231656.76,172446.36
12784,Perth Amboy City Hall,2744531.77,1913049.4
12785,Kitchen Fabulous,2065885.85,1770797.0
12786,RSW Euro,3957444.36,3728251.27
12787,Britland Auto Body,2019578.75,1893535.18
12788,Casey's Office Furniture,3946154.69,3364904.35
12789,Liccardi,4170091.21,3384820.02
12790,Green Brook Buick GMC,1514707.03,924913.14
12791,Naughty a Couple’s Boutique,2879393.66,2232921.46
12792,North Broad Food Mart,662238.21,520653.69
12793,Cornerstone PEO,1389604.5,1279976.39
12794,NJ School of Music,4254470.54,2661253.2
12795,Cattell's Sew-Vac,4031249.77,2783693.39
12796,Janssen Pharmaceuticals,3552711.39,2660870.46
12797,Keyport Central School,2341878.28,2084963.17
12798,Keyport High School,2832837.85,2187643.18
12799,Monmouth County Vocational School,396172.46,278477.23
12800,Pine Belt Nissan,1648869.81,1415047.05
12801,Middletown Township Municipal Complex,3051599.15,2241110.75
12802,Buhler Chrysler Jeep Dodge Ram,4478772.81,3726747.64
12803,Straub Buick GMC,1142779.99,915072.99
12804,Tom's Ford,1030386.46,628406.48
12805,Keyport Fishery,3982557.46,3710455.23
12806,The Parlour,3963638.17,2392568.24
12807,Keyport Borough Hall,3168351.09,2333197.72
12808,El Apache Food,3847317.21,2810727.14
12809,Riverview,4208664.51,3156152.78
12810,Samaha's Farm LLC.,2439157.51,2154399.9
12811,Lumber Super Mart,1190723.38,982341.04
12812,The Tackle Box,2808826.94,2133461.57
12813,Parkview School,4190888.21,2645564.53
12814,Surfers Supplies,3634147.22,3145145.57
12815,Columbia High School,2516934.8,2051837.63
12816,Magic Sneaker,4807498.39,3272858.75
12817,Roserne's Liquors Northbound,3603642.52,3257152.91
12818,Furniture City Super Store,2122842.86,1867107.63
12819,G. Fried Carpet & Design,1684992.1,1114542.85
12820,Steinway Piano Gallery,1680553.08,1308139.96
12821,Batista Grocery & Deli,4754613.56,3677615.01
12822,Crib & Teen City Clearance Center,2971360.54,2213195.68
12823,School 7,2309727.0,1940851.32
12824,School 29,845587.21,666671.2
12825,J&S Mini Market,4694870.05,3510617.84
12826,Stoney Road Auto & Tire,4316151.76,3778071.31
12827,Ricciardi Bros.,4619856.11,4195406.33
12828,Iggy's Auto Services,3682899.63,2521269.53
12829,Hillcrest Wine & Liquors,2475176.4,2228559.02
12830,Preakness Mini-Mart,1302407.52,1214720.2
12831,School 19,1423578.65,1124151.78
12832,Bangla Town Supermarket,2566412.55,2106565.87
12833,Boulevard Liquor,786391.51,553357.18
12834,Griny's Bakery,2108946.68,1983651.8
12835,Tana's Food Market,1885344.06,1453973.42
12836,Genesis Bakery,114064.12,97430.57
12837,Rigeo's Dayton Speed & Sound,3649529.71,3289548.11
12838,Deli 011,1378552.5,1306673.87
12839,Grand Grocery,1733774.46,1317900.17
12840,Lose Vecinos,2843223.82,1994694.09
12841,G&S Hunters,1308636.39,1020165.91
12842,Midtown Market,2134844.42,1439490.7
12843,Grand Hardware,3505921.06,2446428.98
12844,Rafael & Angel Liquors,224107.19,140433.65
12845,Passaic County Social Services,152975.97,102670.54
12846,Passaic County Administration Building,4329916.12,2865231.7
12847,Meter Products,2202754.74,1766670.81
12848,Robert A. Roe Federal Building,1061610.79,697573.21
12849,Center City Mall,2984243.57,2371427.48
12850,Kids Palace,1099861.58,778493.28
12851,Paterson Electronics,765688.81,485039.01
12852,Paterson City Hall,4989975.96,3388176.25
12853,Main Street Square,2388635.61,1824779.11
12854,Valenti's Bakeries,711860.51,622376.06
12855,Super Supermarket,1476894.05,987026.75
12856,Washington Fishery,2617899.21,2306168.53
12857,Norman S. Weir Elementary School,248878.49,184965.95
12858,Paterson City Board of Health,4720656.15,2903555.35
12859,Wilson Auto Parts,3578274.03,2988088.22
12860,Metro C-Mart,1528726.55,934408.55
12861,Peter Grocery,4327682.56,2997695.2
12862,Circle Ave Grocery,1658416.07,1571417.12
12863,Rick's General Store,1294416.87,797075.98
12864,Belmont Mini-Mart,3156757.89,2202553.86
12865,Belmont Liquors,298801.31,269055.51
12866,Edward W. Kilpatrick School of Discovery,2159794.23,1423483.64
12867,Sparta Alpine Elementary School,1971626.9,1829283.65
12868,Promar Precision Engines,3488212.23,2365270.99
12869,Popeyes Auto Glass,356215.87,240638.53
12870,Lopez Deli & Grocery,1926115.91,1533889.56
12871,Abuelito Cheese,3798024.23,3588337.49
12872,C-Town Supermarket,3830431.06,3056465.5
12873,Ferrara's Auto Body,4722221.88,3487384.68
12874,QV Advanced Auto Repair,1118880.15,751347.6
12875,Delta Dental of New Jersey,2812260.34,1798536.22
12876,Wine Legend,2455268.15,2214831.07
12877,Bassett Furniture,978743.48,768366.11
12878,Saint Peters School,3635357.37,3313887.76
12879,Greater Newark Conservancy,80028.67,59717.18
12880,Essex County Technical Careers Center,2054151.71,1240295.27
12881,Newark City Hall,2531300.87,2383369.7
12882,City of Newark: Department of Engineering - Division of Traffic and Signals,1907373.36,1380802.99
12883,Echelon Ford,2302790.37,1568657.37
12884,New Jersey American Water,926646.18,577960.91
12885,Waldwick Administration Building,2923762.07,2371698.38
12886,Dalessio Chevrolet Buick,324561.23,198157.14
12887,Liquor Outlet Wine Cellars,861466.21,648915.65
12888,Mansfield Commons,749231.4,661598.11
12889,For Eyes,769404.61,479646.11
12890,Platt's Funeral Home,2820724.34,2502087.69
12891,Novartis,2711047.59,1825500.32
12892,Barclays,634778.71,577006.94
12893,Rosaline's Farm and Bakery,4178555.18,2958273.29
12894,UPS LAWNJ 0819,1616623.93,1507093.78
12895,Cherry Hill Nissan,4731333.83,2927375.52
12896,Porche of Cherry Hill,3956519.49,3696184.78
12897,Cherry Hill Volkswagon,1731903.14,1239490.2
12898,Cherry Hill Audi,4656095.56,3437302.68
12899,Cherry Hill Jaguar,1459125.32,1087234.87
12900,Winner Ford,1223977.95,937243.83
12901,Haddon Township Building,2665680.63,1745967.84
12902,Planet Honda,3866695.41,3604487.46
12903,Palisade Wine and Liquor,1229326.1,822649.8
12904,City Fourniture,92668.46,72962.63
12905,Lee's Liquor,4753269.29,3617864.17
12906,Milton Elementary School,2050952.75,1294062.15
12907,7th Heaven Food Mart,533089.63,353389.35
12908,Singh's Farms,4442700.0,2935767.53
12909,7th Level Mortgage LLC,549463.79,339309.97
12910,Jersey Cycles,2142384.55,1546293.96
12911,McMillan's Bakery,2614788.15,1617035.15
12912,General Charles G Harker School,3422092.32,2302102.97
12913,Margaret C. Clifford School,1272034.26,1154852.24
12914,Woolwich Township Building,2463050.24,1926635.39
12915,Marshall W Errickson Elementary School,4251941.24,3607383.1
12916,Zeus Complete Automotive Services,4634525.38,4112081.94
12917,Woodcrest Elementary School,1988944.52,1573755.24
12918,Rainbows,3212164.01,2223203.56
12919,99 Cent store,2235848.99,1947959.94
12920,Jaritza II Supermarket Grocery,1767000.4,1083828.51
12921,Kenny Ideal Food Market,870603.79,580905.11
12922,Wilson Auto Parts at Jersey City,3064843.44,2285277.58
12923,Angel Mini Market,2357009.7,1784891.46
12924,Brianna's Beauty Salon,3748636.71,2461668.99
12925,Blossom Dispensary - Jersey City,3307082.99,2645650.19
12926,Freehold Raceway Mall,1005481.97,790467.97
12927,Saint Paul School,4502743.01,3734616.83
12928,Bubbles Laundromat,2559291.71,1929509.67
12929,Frank R. Conwell Middle School,3866328.44,2648255.92
12930,James J. Ferris High School,4771578.76,4220624.56
12931,Griggstown Farm Market,1521897.35,1210169.31
12932,Kenmare High School,1962204.87,1761431.05
12933,SGS North America Inc,4972913.42,3644110.26
12934,MVN Logistics Corp,512711.08,313735.45
12935,West Essex Graphics,1753881.41,1279895.33
12936,Our Lady of Czestochowa School,1790983.72,1623137.19
12937,Liberty Twp Municipal Building,4103475.82,2788906.0
12938,Jersey City Medical Center,1191735.16,860610.28
12939,BP Car Repair,679730.99,579592.23
12940,Salem Halal Meat,1710023.65,1552796.29
12941,A1 Nail’s One,2973088.19,2194850.74
12942,Sugartown,2143701.0,1300645.68
12943,Morristown Medical Center,2828427.52,2070526.71
12944,Hudson Maxim Elementary School,2391699.34,2185123.37
12945,Rafael de J. Cordero Elementary School - PS 37,2173117.67,1510448.38
12946,Cooper Bone & Joint Intitute,989556.52,908975.81
12947,Burns Honda,2438105.89,1617438.43
12948,Public School #5,4999003.81,4332644.29
12949,Carter Liquor Store,3868138.27,2821000.04
12950,Brothers Deli & Grocery,2165463.95,2030220.46
12951,Cadwalader Elementary School,85663.35,68303.01
12952,Patton J Hill Elementary School,2636126.97,2180684.07
12953,Key Food,1929918.86,1785309.55
12954,Carmen Rosa's Bakery,2286162.17,2067286.91
12955,Star Cleaners,4287655.72,3820181.52
12956,Prime Storage,502029.56,390434.76
12957,99¢ Dream,377904.66,325909.12
12958,Hoboken Beer & Soda Outlet,4889933.72,3656629.78
12959,Sudzy,546596.79,375865.07
12960,Apna Bazar Cash & Carry,3266157.99,2217609.26
12961,McNair Academic High School,3037985.94,1850303.35
12962,Jersey City Super Buy-Rite,2946430.94,2612512.53
12963,Lucas Chrysler Jeep Dodge Ram,2114208.34,1952617.34
12964,Glenn Insurance Company,4942817.29,3162628.31
12965,14th Street Garden Center,2187216.31,1729855.63
12966,Morris Plains Municipal Building,3630100.6,2376881.4
12967,Rub A Dub,2341754.44,1959901.77
12968,Kinnelon High School,644148.94,462456.9
12969,Car Keys & Remotes,2845340.66,1838181.64
12970,Sip Auto Body,4921064.37,4652141.05
12971,County Prep High School,3512681.65,2627064.57
12972,William L. Dickinson High School,1907116.68,1214895.64
12973,Aquí MARKET,4049888.12,2855070.74
12974,Chrysler,1493375.63,1207896.52
12975,Westside Tire and Automotive,2296254.95,2094875.76
12976,West Side High School,1373572.0,917083.46
12977,Schuyler Elementary School,973676.91,827466.99
12978,South End Elementary School,3631980.14,3360883.81
12979,Joseph Kohn Training Center,3279610.65,2844504.49
12980,Crabiel Parkwest Funeral Chapel,2251626.13,1902985.97
12981,Selover,330298.54,261517.71
12982,Eastside High School,1544367.92,1089047.19
12983,Dale Avenue Elementary School,3065766.29,2701130.01
12984,Elementary School 11,1261260.21,890084.74
12985,International High School,1183860.21,904324.06
12986,Paterson Academy for the Gifted and Talented,1572066.4,1371742.69
12987,Dr. Frank Napier Jr. School of Science & Technology,4642462.38,3870795.46
12988,Super Saver Wine & Spirit,2084757.28,1719777.29
12989,High Point Regional High School,2260862.18,1773017.2
12990,Atlantic City Electric,4611629.28,2995469.81
12991,Capitol House,774572.47,712996.09
12992,New Jersey State AFL-CIO,2014331.88,1240324.38
12993,Roebling Market,3945143.88,2525192.53
12994,New Jersey Business & Industry Association,197897.43,178390.9
12995,New Jersey Farm Bureau,3143867.69,2883970.61
12996,New Jersey Education Association,4158925.23,3712470.13
12997,Mercer County Offices,1493880.94,1012684.18
12998,Verizon Technology Center Branchburg,1628663.21,1322010.44
12999,Saint Michael's Medical Center,240891.17,218573.81
13000,Marian McKeown School,855780.51,793275.1
13001,Mercer Street Friends,462735.2,416555.66
13002,Glass Roots Inc,3172411.44,1969554.71
13003,Science Park High School,1253414.75,806537.46
13004,Gladys Hillman-Jones Middle School,4276990.43,3852586.92
13005,City of Newark: Department of Water & Sewer Utilities,1470679.44,1253006.49
13006,St. Mary School,2376398.59,1995749.82
13007,Arts High School,4698775.7,4160867.59
13008,Newark Foundry Workspaces,1847619.53,1566570.96
13009,Morton Street Elementary School,2912393.88,2115668.78
13010,Jimenez Tobacco,2044233.37,1625486.02
13011,Newark Teachers Union,3394263.97,2371305.76
13012,Saint Columbus School,3947526.81,3285957.78
13013,Plume House,354299.86,243169.98
13014,Saint Vincent Academy,2413920.49,1939688.44
13015,Newark Christian School,990161.06,904033.33
13016,Elizabethtown Gas Building,864478.99,754038.66
13017,Hillside High School,4223369.42,3372404.62
13018,Route 1 Chrysler Dodge Jeep Ram,2421302.14,1477645.99
13019,Marinos,4153940.71,3856113.49
13020,Naudain Academy Montessori School,3422369.68,2372563.84
13021,Mixellaneous,136258.3,88104.76
13022,Saint Anns School,225335.67,144952.99
13023,Fourteenth Avenue Elementary School,4614587.38,4227443.55
13024,Westfield Town Hall,1127095.72,941480.07
13025,Thirteenth Avenue/MLK Elementary School,4529501.6,3743275.71
13026,Saint Antoninus School,2997349.29,2038707.28
13027,Harriet Tubman Elementary School,2067764.18,1286601.77
13028,Epic Auto Group,1934858.1,1681178.26
13029,Mt. Holly Transmissions,3708660.92,2994078.29
13030,Typical Dutch,3241368.63,2035247.49
13031,Team Toyota of Princeton,4051436.67,3158640.09
13032,Edith A Bogert Elementary School,2441402.84,1857285.96
13033,John F. Kennedy School,4936911.78,4007650.17
13034,Saint Roccos School,2180925.9,2018686.48
13035,Fifteenth Avenue Elementary School,1562245.49,1122375.23
13036,Blair Academy,1151161.15,735030.83
13037,Pemberton Township Municipal Authority,856117.43,589012.72
13038,Dix Tire Center,2637336.72,1981871.19
13039,Cleveland Elementary School,597440.08,391608.55
13040,Harold Wilson School,1867061.7,1304845.16
13041,Central High School,4839991.65,4148842.09
13042,Eighteenth Avenue Elementary School,3045540.85,2776789.93
13043,Louise A Spencer Elementary School,3474454.5,2505702.86
13044,Malcolm X Shabazz High School,716599.42,640606.09
13045,Avon Avenue Elementary School,4108273.54,2961678.94
13046,Clinton Avenue Elementary School,788781.68,580353.49
13047,Ramapo High School,1822297.54,1323296.47
13048,Wayne Hills High School,3031621.91,1963795.13
13049,Anthony Wayne Middle School,3531227.47,2956335.95
13050,University High School,942161.46,667091.36
13051,Madison Elementary School,2676282.5,1643085.87
13052,Stellitado Farm,596714.15,524457.47
13053,Thurgood G Marshall Elementary School,3935164.42,3114960.77
13054,Speedway Avenue Elementary School,1679638.45,1064085.0
13055,Cangiano's Marketplace,4251218.51,3987056.83
13056,Speedway School,3526774.08,2429404.84
13057,Lankenau Funeral Homes,307478.55,236837.32
13058,VA New Jersey Health Care System,4321436.9,3188949.4
13059,Hanover Deli & Grocery,486517.72,382069.15
13060,Collins & Son Funeral Home,1539412.47,1143174.41
13061,Hanover Street Salon,1631987.61,1336100.78
13062,North Warren Regional High School,4447826.85,3926694.86
13063,Cranberry Blossom Floral Co,4435809.93,3801227.7
13064,Grist Mill Antiques Center,1363155.97,1068343.9
13065,Creekside Glass & Mirror Inc,3771137.33,2831565.23
13066,Mount Vernon Elementary School,438875.65,391774.7
13067,Rose Hill Plaza,357690.45,237945.09
13068,Village Thrift Shop,796031.83,558157.91
13069,Vailsburg Middle School,4183983.02,2945931.47
13070,Hopatcong High School,1843115.93,1381287.07
13071,Tulsa Trail Elementary School,2123304.36,1602665.0
13072,Kessler Institute for Rehabilitation,2215096.02,1504323.03
13073,Newark Academy School,3121815.74,1904644.75
13074,Briarwood Elementary School,3211647.72,2717486.45
13075,Brooklake Elementary School,686035.74,450021.47
13076,Northeast Fisheries Science Center,1641145.13,1554581.94
13077,Madison High School,4148947.74,3162153.65
13078,Wegmans Wine Liquor & Beer,1481966.75,1235576.28
13079,Cherry Hill Food Store,2581847.56,2340962.92
13080,Tony's Farm Market,1767464.37,1460253.39
13081,Cape May Olive Oil,1149132.36,805480.58
13082,Cappalleti & Sons Italian Deli,280360.75,194855.22
13083,Cape May Linen Outlet,4478425.77,3732594.63
13084,West End Garage,4781224.37,4502700.24
13085,Sunset Liquors,4885540.97,4194468.35
13086,Sutton Speed Shop,3244380.78,2562217.03
13087,The Ink Shop,700134.75,543182.36
13088,Master Plumbers Office,2032319.87,1223114.25
13089,Truck Drivers Office,4577507.23,3231137.68
13090,Water Heater thru Bio-Gas Control Center,480098.09,425130.64
13091,Caesars Entertainment Human Resource Center,966968.69,820548.78
13092,All About Her Beauty Bar,2307155.42,2173982.49
13093,New Jersey Department of State,3096574.42,2573626.55
13094,State House Annex,4146179.57,3381004.95
13095,New Jersey State House,4900737.01,3740124.04
13096,New Jersey State Chamber of Commerce,3286155.28,2856649.31
13097,New Jersey Division of Taxation,175371.23,108498.15
13098,New Jersey Division of Revenue,4564950.98,3923639.55
13099,Boylan Early Childhood Center,2178885.78,1605758.05
13100,Alexander Street Elementary School,3681689.66,3133646.39
13101,"Mitsubishi Hitachi Power Systems Americas, Inc.",4656525.66,3800412.29
13102,Holland Brook Elementary School,778540.1,599033.77
13103,Readington Middle School,521469.29,382287.08
13104,Re/Max Executive Realty,2572147.78,1825337.13
13105,LaBar's Lock Shop,717784.96,525244.03
13106,Thompson's Lawn & Garden Supply,2501548.33,1929633.67
13107,Goble Used Auto Sales,1745416.02,1283779.15
13108,Homer Liquors,2074170.83,1646173.92
13109,Craig's Auto Inc,871764.82,710870.84
13110,Miller Street Elementary School,2297185.59,1577538.61
13111,New Jersey Motor Vehicle Commission - Newark,2708412.14,2444734.05
13112,Belmont-Runyon Elementary School,2860166.27,2293921.31
13113,Belmont Runyon Elementary School,1405380.74,909305.34
13114,Wine World Outlet,1448472.36,1226345.57
13115,Voorhees News and Tobacco,1180740.15,808712.6
13116,Mansfield Township Elementary School,2464262.49,2338055.95
13117,Bancroft School,856481.03,570975.36
13118,William H Brown Academy,3010257.76,2763743.29
13119,Voorhees High School,2111968.01,1729287.26
13120,Bagelati,3474760.09,2103529.51
13121,Bragaw Avenue Elementary School,2554715.65,1561236.86
13122,Colombo Liquors,1022401.46,945090.18
13123,Arthur L. Johnson High School,388322.02,362017.15
13124,LYONS PLAZA,1318353.76,1170675.24
13125,Super Fresh,4308910.28,3582724.89
13126,John Adams Middle School,3774757.82,3581693.26
13127,Newark Beth Israel Medical Center,2962093.19,2078803.9
13128,Medical Offices,4362463.42,4135385.01
13129,George Washington Carver Elementary School,1236872.86,887288.25
13130,Chancellor Avenue School Annex,4569131.56,3378615.07
13131,Maple Avenue Elementary School,2191131.98,1553335.56
13132,Burns Hyundai,2666141.91,1839492.54
13133,Maple Avenue School Annex,1181175.59,1027960.97
13134,Maple Avenue Supermarket,3679177.98,3238502.4
13135,Elkins' Chevrolet,504432.37,376222.27
13136,Vernon Township High School,1748236.11,1625465.19
13137,Checo Mini Market,3216547.39,2652649.69
13138,BKG Motors,3818963.97,3256767.66
13139,North Hunterdon High School,4473923.15,3496432.88
13140,Saint Charles Borromen School,4636906.95,4398854.13
13141,Peshine Avenue Elementary School,965669.73,754933.0
13142,Luxe Nails,4998194.12,4061374.4
13143,Burns Buick GMC,1820714.33,1713397.63
13144,Valley Mall Plaza,3122120.86,2854871.63
13145,Forrest Hall,3350517.74,3171345.4
13146,Office of Substainability & Shared Services,1740391.83,1257952.99
13147,Michael J. DipieroBuilding,2921842.35,2668551.67
13148,Dayton Street Elementary School,3586503.62,3337691.86
13149,South Street Elementary School,1591074.57,1493135.84
13150,Hill City Cleaners,916966.69,781946.52
13151,Rekemeier's Flowers & Gifts,3835471.55,3378016.15
13152,Ashwood Laundromat,2288132.66,1669815.26
13153,Hilltop Auto Repairs,3660721.74,2683110.0
13154,Peotter's Auto Body,4669406.53,2942266.93
13155,Natale's Summit Bakery,67885.18,58087.27
13156,Rolf's,3334630.18,3097526.37
13157,Oliver Street Elementary School,839670.5,601064.07
13158,Carlos Auto Electric,3424128.67,2466180.97
13159,East Side High School,1014362.86,748249.32
13160,Saint Casimir School,4510691.82,3816923.87
13161,Ann Street Elementary School,1571339.9,1338042.72
13162,Wilson Avenue Elementary School,4937700.24,4191898.79
13163,Lopes Sausage Company,1943658.27,1457712.57
13164,Roosevelt Intermediate School,1591272.92,1450105.32
13165,Hillside Avenue School,2636021.34,2326244.39
13166,St. James Rectory,2153599.27,1549307.44
13167,Olshin's Pharmacy,937669.32,808246.6
13168,Lafayette Street Elementary School,2246905.91,1824702.22
13169,Lafayette Street Annex School,3408838.92,2278821.45
13170,Slackwood Elementary School,3227687.92,2105147.14
13171,Pao Com Manteiga,4339055.75,3028126.11
13172,Mobil Mart,3787281.32,3593665.67
13173,Newark Auto Sports,619502.6,548175.15
13174,Teixeira's Bakery,2876165.08,1950541.76
13175,Under The Sun Learning Center,636632.23,438891.05
13176,First Class Nails & Spa,4886188.23,4001200.12
13177,Wilson Auto Parts at Newark,2592480.56,2169226.34
13178,Academy of Saint Benedict,1025631.96,723815.72
13179,SaveSmart of Newark,4828055.18,3195944.71
13180,Allenwood Elementary School,4874198.24,3120523.97
13181,Alure,2944501.26,2406113.94
13182,Venus Nails,632637.29,493699.04
13183,Dewey's Dry Cleaners,1363081.32,1175678.17
13184,Nerdology Computer Solutions,501434.48,324218.39
13185,Betel Bakery,4730211.05,4382964.26
13186,Linda's Lingerie & Bra Boutique,1047800.25,715289.94
13187,Verizon Authorized Retailer,2571110.54,1773661.64
13188,Bernard's,286612.45,191749.96
13189,Holly Ravine Cleaners,4171511.63,3469918.12
13190,Market Street School,3441996.21,2334610.38
13191,Met Foodmarkets,1284633.38,1197015.82
13192,Hawkins Street Elementary School,2086872.15,1767399.08
13193,Enlighten Dispensary,2383941.85,2143451.58
13194,Lee Newman Fine Mens Clothing,1155565.82,1032544.4
13195,Elmwood Cleaners,245895.59,193383.04
13196,New Image Nails & Spa,2369465.62,1486513.21
13197,Love on a Hanger,1990554.59,1656238.87
13198,Tutoring Club,2569267.04,2252931.34
13199,Cleaners,3746753.78,3386856.06
13200,Short Hills Restaurant & Deli,1570767.39,967672.18
13201,WW Studio,3675661.23,2518691.24
13202,Essex County Parks Adminstration Building,3515717.27,2399142.83
13203,Traino's Wine and Spirits,1281350.96,1138638.2
13204,Roman Catholic Archdiocese of NEwark,4301100.66,3241175.54
13205,Gibbsboro Town Hall,3729014.78,2691260.8
13206,Berkeley Heights Town Hall,1323563.51,1087571.84
13207,Paul Ippolito Summit Memorial,1103486.32,695754.75
13208,The Learning Experience,894144.05,621032.48
13209,Technology High School,4719097.6,2885392.04
13210,State Teachers College,2763601.38,2303923.47
13211,Saint Michael's Grammar School,3967375.79,3673327.67
13212,Branch Brook School,2116796.7,1886680.53
13213,Phillips 66,2160076.96,1930770.68
13214,Wine & Spirits,1106537.01,1024446.63
13215,DR Autoservices,4935168.57,3418242.45
13216,Blue Dream Vapor,3182092.4,2074762.63
13217,Akoi Nail Spa,2549289.2,1855728.99
13218,Cleaners at the Ritz,4186878.41,2853124.18
13219,Z-BAGS,231059.37,206652.05
13220,Roberto Clemente Elementary School,4657965.99,3494284.23
13221,George Street Co-op,2369489.73,2078479.5
13222,Rafael Hernandez Elementary School,2601633.65,2001508.78
13223,Arlington Avenue School,3499425.76,2146247.35
13224,O'Dibella Music,1929095.1,1275942.71
13225,New Jersey Eye Center,3454431.78,2860861.06
13226,Food Fair Fresh Market,2466796.95,1519728.41
13227,Wawa Gas,4328928.62,2957040.38
13228,Montessori Learning Center School,2893393.05,2042247.12
13229,Robert Treat Academy,2310865.06,1812213.38
13230,Warehouse Service,982992.72,598528.92
13231,Summer Place School,2404143.81,1472777.16
13232,Chestnut Market,4963810.31,3434677.36
13233,New Jersey Food Council,3602003.25,3198865.95
13234,Keepin' It Cute,1645062.63,995653.1
13235,Luis Munoz Marin Middle School,629179.89,542836.85
13236,Elliott Street Elementary School,4526419.63,3975907.02
13237,Cuba Bakery,2323171.85,1487528.69
13238,American Home Title Agency,1960322.75,1238910.06
13239,Edward J. Patten Elementary School,4281318.95,2741870.45
13240,Verona Food Mart,3692176.53,2751928.69
13241,Millenium,2730681.74,2097492.18
13242,Pueblo,868850.66,554012.99
13243,Park Elementary School,1018413.35,629867.55
13244,Clara Maass Medical Center,3978655.8,2727881.09
13245,"Respond, Inc. Bakery",3443378.06,3122577.5
13246,Jacob's Music,2166422.32,1753520.65
13247,Mr. Wish,442875.17,393663.83
13248,Jacobs Music,4990370.47,3979299.41
13249,Ridge Street Elementary School,4422596.88,3800071.28
13250,Home Wine and Liquors,4114376.64,3769425.84
13251,Spin Central Laundromat,4572189.42,4017616.99
13252,7th St Laundromat,2101545.61,1568211.11
13253,Bell Liquor & Wine,1549018.87,1373848.42
13254,Saint Francis Xavier School,3199182.06,2459419.85
13255,Abington Avenue Elementary School,4869478.57,3265566.4
13256,Columbus Hospital,3439613.66,3222244.61
13257,Cutting Edge,4590384.81,3646783.77
13258,RevPro Healthcare Solutions,1868788.14,1557266.44
13259,Kingdom Liquors,2287399.99,1447983.65
13260,AMG Auto Sport,2065500.47,1447458.34
13261,Jack's Laundromat,3053657.83,2164316.45
13262,Northern Burlington County Regional High School,1032254.14,888155.87
13263,Northern Burlington County Regional Middle School,1295099.07,1169699.37
13264,Elliot Street Annex,4424068.75,2879540.56
13265,Essex County Vocational School,3827239.9,3152606.46
13266,DeVelo's,779625.67,666562.79
13267,Chad's Auto Repair,1371584.33,1102966.82
13268,Tavistock Borough Hall,3341893.88,2350070.33
13269,Doctor William H Horton Elementary School,4413545.06,3211140.45
13270,Russ Auto,1526528.67,964482.19
13271,Kidz Cuts,2650453.84,1682149.79
13272,East Newark Public Elementary School,1364884.86,1127420.64
13273,Harrison High School,1075844.69,811835.75
13274,Lincoln Number 3 Elementary School,136701.06,86390.77
13275,Peters Valley School of Craft: Office,1265378.03,786254.75
13276,East Newark Municipal Building,2893751.56,2319115.49
13277,Barclay School,4079516.55,3475379.24
13278,Talmudical Academy of Central NJ,4136627.54,3872798.96
13279,Franklin Lakes Municipal Building,1757497.65,1261343.91
13280,GEICO,4991183.01,4711337.57
13281,Rosenbluth Vacations,4253527.58,3131053.7
13282,All Saints Episcopal Day School,991151.92,685957.2
13283,Hoboken Charter School,4739030.29,3751298.56
13284,Saddle River City Court Clerk,2075503.74,1388252.37
13285,Mustard Seed School,2210815.44,1608637.14
13286,Hoboken Childrens Academy,210473.34,163057.31
13287,Hoboken City Hall,1537685.47,1338187.85
13288,Bocco Funeral Home,2248170.17,1408293.32
13289,Woodbridge Municipal Complex,2257934.99,1860635.39
13290,Comcast,4452186.34,4178647.71
13291,Municipal Building,3738379.31,3419260.78
13292,Daniel Webster Number 2 Elementary School,4745926.85,3040937.61
13293,Bradley Funeral Home,4831960.18,3753131.53
13294,Administration Building,3523146.83,3162867.12
13295,Fugi Electric,3553334.57,2886054.35
13296,Zed's Beer,2955789.06,1786892.89
13297,Kiora Nail Spa,3490612.41,2926571.32
13298,Hudson Regional Hospital,2553272.68,1973177.6
13299,Lucas Chevrolet,488271.11,317765.0
13300,Lynk Computers,1598284.79,1268303.41
13301,AT Nail & Spa,4238754.13,3011651.44
13302,Head Candy,2675732.44,2052308.88
13303,7th Heaven Market,4332772.29,2742549.63
13304,IQVIA,2886892.19,2347311.35
13305,Secaucus Municipal Government Center,3099263.08,2106749.01
13306,Route 3 Liquor Store,2791684.95,2126250.48
13307,Sara M Glimore Elementary School,2266905.0,2009054.99
13308,Huber Street Number 3 Elementary School,750319.66,483343.9
13309,Harry Bain Elementary School,3561819.28,2527067.78
13310,Harry L Bain Elementary School,247853.78,194277.75
13311,Restoration Hardware Outlet,1366314.89,1262992.39
13312,Jaguar & Land Rover of Paramus,3250892.08,2937298.47
13313,Lamborghini Paramus,1391463.53,901296.48
13314,Paramus Chevrolet,1694462.95,1305612.76
13315,The Diamond Exhange,3396769.13,2641181.96
13316,Rock Farmers Market,2133716.48,1406771.64
13317,StorageMart,2300848.84,1572799.95
13318,Anna L Klein Elementary School,2120913.46,1502948.27
13319,Albio Sires Elementary School,2396910.75,1914482.85
13320,Best Laundramat,848027.46,709602.71
13321,On the Run,2740534.28,2245378.46
13322,Weatherhead Young Funeral Home,2029917.6,1844833.74
13323,fancy dry cleaners,2459360.32,2325730.78
13324,Julys best groomer,2125356.26,1849116.93
13325,ScentSational,1202963.94,800289.3
13326,La Fiesta Supermarket,3859402.01,3402295.94
13327,Grocery Store,1339517.21,868679.67
13328,Our Lady of Liberia School,3719849.65,3358410.57
13329,Tranquility Salon & Spa,336803.71,265033.4
13330,A.C. Moore Arts & Crafts,2332691.23,1463148.53
13331,Wawa Training Center,3635422.7,2940266.69
13332,Tara's Hair Salon,84214.1,67482.47
13333,Rizzieri Salon,1999935.23,1523255.26
13334,Robert Fulton Number 2 Elementary School,4994966.18,4026703.9
13335,Robert Fulton Annex School,2575424.06,1973299.76
13336,Sogno Toscano,1652205.88,1510453.58
13337,Roger Wilco's Wine Warehouse,1891748.09,1582455.48
13338,Eagle Plaza Cleaners,3706284.02,2838015.97
13339,Office Depot,1499757.58,1227675.41
13340,North Bergen High School,375250.21,234330.68
13341,Crystal's Nails,4306926.96,3212321.93
13342,The Tutoring Center,4679727.98,3647734.98
13343,Scuba,2754722.43,2593982.36
13344,Michael's Diamond Club,130869.22,119713.94
13345,Cookies by Design,1192884.67,1027023.28
13346,Florist,3107903.22,1897624.42
13347,Victoria's Nails and Spa,664777.63,408129.56
13348,Beltone,1776233.73,1531774.48
13349,Niagara Pools & Spas,2199022.42,1873270.25
13350,Costello Law Firm,3865292.14,2777251.92
13351,Springdale Farms,1637234.8,1476911.1
13352,Palisades Medical Center,3754828.14,3537049.91
13353,Spring Dance Hot Tubs,2518133.84,1840365.43
13354,Toppersspa Salon,3952381.75,3285318.59
13355,Atlas Interiors,2332440.62,2186976.58
13356,Kroungold's Furniture,1879920.22,1202175.12
13357,Salon Bank Street,841525.11,571876.42
13358,Cabinet Gallery,452389.05,372362.88
13359,Mill Creek Apiary,3609613.4,3291070.7
13360,Antiques At 9 South Main,2005676.45,1599777.44
13361,White Cleaners,453096.98,316741.49
13362,Copy Plus,3487118.08,2556605.98
13363,Printing Plus,4857167.51,4096834.91
13364,Haircut One Hundred,1056946.44,859374.0
13365,Tiffany Nails & Spa,4729689.49,3027530.52
13366,E-Z Drop Cleaners,2612572.29,1851628.33
13367,Relax the Back,4562127.2,3315687.03
13368,William Robert Salon,1789998.32,1312984.08
13369,Cho's Salon,2706949.96,1962408.98
13370,Wineworks,4255485.98,3358872.29
13371,Perth Amboy Adult High School,3840723.35,3160599.43
13372,Final Touch Cleaners,3871996.9,2948220.61
13373,Fantastic Sam's,3469963.83,2350225.76
13374,Liquor Fair,4480801.83,3001302.41
13375,Tulip Nails 2,55452.91,47399.96
13376,M&M Beauty Supply,3930916.22,2799349.56
13377,Favor's,4582533.11,2786021.62
13378,Cost Cutters,3656315.5,2586432.68
13379,Hand & Stone,760242.18,639732.57
13380,Lumberton Plaza Cleaners,1255196.46,981966.31
13381,Bee Nails & Spa,71311.72,65645.62
13382,Jsuites,70586.31,66941.33
13383,Joyce Leslie,3603284.68,2718992.47
13384,Music Training Center,4832091.37,3974186.08
13385,Utopia Nails & Spa,4885575.49,4605440.75
13386,Taglia,3137967.59,1900221.91
13387,Donna's Bag,816881.03,512697.05
13388,Horace Mann Number 9 Elementary School,3422242.46,2098087.28
13389,Pottery Barn Kids,3388570.59,3112867.3
13390,Luluemon,1514284.05,1415910.06
13391,Concierge Services,3126545.95,2570319.86
13392,Brite Eyes Optical,2796327.5,2510044.6
13393,Jay Roberts Jewelers,1067155.12,823662.82
13394,Jo-Ann's Fabrics & Crafts,2904131.26,1911517.16
13395,GMC,2652591.26,1630617.24
13396,Joyful Noise Christian Preschool,4123005.4,3830850.9
13397,Evesham Mortgage,4093335.87,2914547.93
13398,Plaza 70 Cleaners,3616561.11,3189657.51
13399,Treasure's Hair,3732347.97,3316873.71
13400,Marlton Eye Associates,716426.29,496453.77
13401,Family & Co. Jewelers,2487634.26,2239102.13
13402,70 Nails,3690132.15,2457129.31
13403,Howard Hill Furniture,4805101.18,3463989.99
13404,Bristol-Myers Squibb Lawrenceville,1799920.92,1623014.18
13405,PSE&G - Lawrenceville Southern Division,2947479.76,1840471.77
13406,MiMi Nails & Spa,3330519.45,2630711.34
13407,Spirit Shop,4521090.23,3661298.0
13408,Tehen Women's Clothing & Shoes,4436237.5,3870235.04
13409,Thrive Salon & Spa,2844552.54,1968100.04
13410,Signal Hill Elementary School,3886340.44,2477207.37
13411,Rumson Country Day School,1792071.11,1102480.09
13412,Surf City Tans,4507268.64,3529838.09
13413,Lily's Massage,1286370.97,1022385.25
13414,Ramagli Pro Shop,1601964.67,1193161.74
13415,Ashland Smoke & Convenience,3952321.14,3733457.75
13416,Cosmo's Recycled Auto Parts,479773.6,364749.0
13417,Berkeley Auto Body,4070626.24,3117045.35
13418,Woodbridge Grade School Number 12 (historical),1125467.49,1039113.23
13419,Vito Mazza Salon & Spa,2023548.9,1735850.68
13420,McDonalds,4348167.9,4014387.57
13421,Hall's Garden Center,875041.25,723529.09
13422,Roselle Office of Emergency Management (OEM),317932.95,256484.41
13423,Saint Joseph Regional School,1583260.74,1389095.48
13424,School Playground,3812656.49,3569596.19
13425,Lacordaire Academy,151802.58,105221.75
13426,Circle Liquor,4898402.25,3038994.4
13427,Bizub-Quinlan Funeral Home,2644965.55,1972213.23
13428,Clifton City Hall,4203906.71,3553673.34
13429,Visenti's,1874467.58,1351945.7
13430,Jose Marti Freshman Academy,2887807.05,1737985.68
13431,Alfred E. Zampella Elementary School #27,1403840.63,1174667.56
13432,Saint Joseph's High School,4673298.18,2881733.74
13433,Honduras Tires,997445.6,647466.3
13434,Jackson Supermarket,2624908.11,2433737.71
13435,Trinitas Regional Medical Center Williamson Campus,3741627.66,2538928.52
13436,Moreng Telecom Products LLC,4406173.53,2954052.59
13437,Christa McAuliffe School - PS 28,1920715.88,1705547.22
13438,Colon's Hardware,3971062.88,2860659.11
13439,Aura Elementary School,4133261.6,3148942.67
13440,Port Reading School #9,1098191.76,935533.15
13441,Valley Family Deli,3620847.74,2219419.96
13442,Stelmach Auto Care,658456.4,474305.26
13443,Clifton Collision Center,2444254.3,1918269.35
13444,Lawnside Borough Hall,1547834.55,936168.94
13445,Lawnside Historical Society,284364.84,242216.63
13446,Alexander Hamilton Academy,525717.23,340812.72
13447,Wyckoff PTO Economy Shop,3494699.39,2987190.39
13448,Barrington Municipal Building,551122.13,352122.04
13449,Dover Town Hall,4277542.09,3077231.67
13450,Bayshore Community Hospital,377350.25,339254.65
13451,Garwood Municipal Building,2730017.06,1692345.56
13452,Highbloom Auto,4602331.41,3741659.12
13453,New Jersey Eyes,2998979.66,2694658.58
13454,Fette Ford/Kia,1971718.55,1418146.7
13455,ModernFold Styles,2861422.7,2321449.7
13456,Taskin Bakery,3408259.84,2513862.88
13457,Kittatinny Regional High School,1302508.64,1051312.33
13458,Hampton Township Municipal Building,3327668.34,2560648.51
13459,International Delights,186945.46,148044.02
13460,Swift Lube,2768190.64,2153203.41
13461,School 18,3764423.3,3224833.39
13462,DCH Freehold Nissan,2398835.03,2189372.87
13463,Airbrush T-Shirts Co.,4601067.56,3593460.02
13464,Memberabilia,4011410.34,2985317.68
13465,Tiger's Leap Market,1261491.39,1105985.4
13466,Berman Jewlery,3338248.1,2171660.4
13467,South Jersey Medical Center,4793576.58,3845096.18
13468,Highway 90,3344696.92,2181472.24
13469,Food Universe,3748755.95,3538871.95
13470,Wilds' Trading Post,4998724.27,4432169.61
13471,Allendale Auto Repair,4676866.05,2917089.73
13472,Westbrook Elementary School,1791274.56,1401759.15
13473,Perk's Place,1241908.25,793539.34
13474,Seasonal World,2304960.61,1481369.78
13475,Waldwick Board of Education,106907.4,95153.23
13476,"Road Runner Courier Service, Inc",1436496.87,1250854.9
13477,Lockers,1359741.65,1150578.13
13478,Island Traders,1665264.66,1095711.39
13479,Cabana Brothers,385918.49,304168.11
13480,Erlton Bicylce Shop,345421.53,256371.22
13481,Freehold Borough Hall,131863.95,92308.97
13482,Robbinsville High School,580432.74,550265.64
13483,Lynch-wood Opticians,3127135.1,2401526.72
13484,Barclay Cleaners,2055767.49,1352763.25
13485,Victoria's Nails,504662.95,325339.1
13486,QQ Nails,3331740.86,2389547.18
13487,Puppies,996500.72,885497.99
13488,1 Executive Campus,2238077.34,1464580.2
13489,Benash Liquors,4139512.73,2500671.29
13490,Pond Road Middle School,600293.84,445610.4
13491,Silver Bay Elementary School,2239937.01,2088896.9
13492,Belmar Municipal Complex,2862906.31,2137749.34
13493,Belmar Elementary School,356218.68,251095.96
13494,Princeton Deli & Convenience Store #2,2253639.19,1924237.72
13495,Stone Hedge Professional Offices,4039620.38,2729322.19
13496,Miltons Liquors,1842262.32,1525846.58
13497,Gold Valley Supermarket,213359.45,153259.39
13498,embroidery,1579235.78,1086061.1
13499,Eastern Christian High School,3077144.51,2070495.89
13500,South Jersey Gas,1543208.19,1135110.87
13501,Affordable Tire of Millville,2092074.88,1859249.17
13502,Deli Plus,529309.65,383504.77
13503,Clark's Liquor Store,1991662.95,1687467.27
13504,Tire Corral,3443479.29,2321233.47
13505,Santori's Produce Market,1793356.54,1360150.12
13506,New Jersey Treasury Department,3723101.81,3268094.45
13507,New Jersey Department of Human Services,2182669.07,1417831.56
13508,New Jersey Department of Community Affairs,873182.99,700008.93
13509,Capital Center,2269851.33,1923339.66
13510,Economic Development Authority,383450.8,297028.4
13511,Angel Cleaners,3363274.26,3122127.48
13512,Jackie's Nails & Spa,356421.53,251510.58
13513,Union County Vocational-Technical Schools,1488897.33,1064955.76
13514,Linden High School,4025017.35,3270741.3
13515,Deerfield Elementary,4924647.47,2968056.18
13516,School 1 Elementary,889183.8,709873.84
13517,Williams Mason School,2918045.37,2771860.15
13518,Churchill Junior High School,3569253.5,2266944.65
13519,Voorhees Middle School,4254155.46,2894155.88
13520,Silverton Memorial Funeral Home,4334031.35,4052401.35
13521,St. Luke's Hospital - Warren Campus,4766608.02,3353877.63
13522,Hunterdon Medical Center,2482286.44,2315534.52
13523,Riverside Market,2667766.45,2401477.19
13524,Brick Auto Body,2775972.09,1745261.47
13525,Dover General Hospital / Saint Clare's Dover Hospital,2091549.49,1633080.42
13526,Osbornville Elementary School,3195648.02,2851547.39
13527,Al's Auto Care,4303527.27,3099989.33
13528,Lenape BuyRite Liquors,216663.71,172667.81
13529,Shore Cycling Sports,4122814.17,3848832.07
13530,Chilton Medical Center,708086.67,474075.47
13531,Pequannock High School,1672010.71,1331221.06
13532,Saint Clare’s Behavioral Health,3198830.33,2095267.09
13533,The Wine Library,481020.32,363654.54
13534,St. Joseph's Wayne Hospital,2967896.7,2641052.9
13535,New Bridge Medical Center,2653944.22,2255795.62
13536,Hackensack University Medical Center at Pascack Valley,1696298.15,1275097.74
13537,Dr. Leroy McCloud Elementary School,531197.59,425035.76
13538,St. Mary's General Hospital,1755167.58,1510697.86
13539,Mountainside Hospital,2076009.29,1573498.66
13540,Charles H. Bullock School,1542028.34,1307094.2
13541,Christ Hospital,3018639.15,1889262.63
13542,Frank R. Conwell Number 3 Elementary School,467065.52,318266.51
13543,East Orange General Hospital,829341.94,560651.93
13544,Saint Barnabas Medical Center,3060311.11,1968005.27
13545,Summit Oaks Hospital,3320814.89,2326139.47
13546,Bayonne Medical Center,3822600.25,3325541.56
13547,Trinitas Regional Medical Center New Point Campus,2461372.8,2062080.14
13548,Elizabeth High School,814994.04,546267.87
13549,Children's Specialized Hospital,1652909.33,1102095.4
13550,Robert Wood Johnson University Hospital At Rahway,3236155.38,2154907.99
13551,JFK Medical Center,3022785.2,1992735.78
13552,Hackensack Meridian Health - Raritan Bay Medical Center,875551.53,825304.77
13553,Saint Peter's University Hospital,2206442.94,1994513.61
13554,Smalley Elementary School,3833541.45,2872645.0
13555,Bound Brook High School,2840233.03,2100873.32
13556,Robert Wood Johnson University Hospital Somerset,2420935.31,2014460.14
13557,Princeton House Behavioral Health,4930670.07,4069723.51
13558,Saint Lawrence Rehabilitation Center,871006.02,721189.05
13559,Saint Francis Medical Center,3412849.7,2494524.44
13560,Capital Health Regional Medical Center,465094.93,417533.5
13561,Raritan Bay Medical Center,1072234.89,890373.74
13562,Riverview Medical Center,1532445.93,959563.01
13563,Monmouth Medical Center,2172259.6,1595820.09
13564,Jersey Shore University Medical Center,2054939.22,1386801.23
13565,CentraState Medical Center,4628158.96,3422609.39
13566,Community Medical Center,897782.63,731819.0
13567,Cunningham Academy,277665.5,237597.53
13568,Veterans Memorial Intermediate School,3665281.09,3432403.62
13569,Inspira Medical Center Elmer,2976637.52,2484551.7
13570,Deborah Heart and Lung Center,2378549.24,1429536.71
13571,Inspira Medical Center Woodbury,3209754.72,1943597.71
13572,Virtua Marlton Hospital,1401610.22,866865.89
13573,Virtua Health & Wellness Center - Berlin,792387.15,744278.01
13574,Sweet Eats Bakery,3382764.52,2998900.15
13575,Sayen Elementary School,1828796.64,1534636.29
13576,Livingston Municipal and Police Building,997944.38,630391.05
13577,Faherty,2753318.99,2495599.92
13578,Skillman Furniture,4993151.76,3987065.33
13579,Kimble Funeral Home,1407501.87,1061024.24
13580,Stanford Flowers,3462107.9,2702076.09
13581,The Kiosk,3049721.05,2746317.45
13582,Linden High School Academy Building,1422521.75,1209132.04
13583,Acme Nissan,785471.16,741527.56
13584,Jeff's Top Notch Garage,1349382.17,1203376.11
13585,Lobster Dock,3552228.71,2307790.27
13586,Lucky7 Deli Hamilton,4491192.26,3864204.72
13587,J&S Auto Haus,3894333.47,3298064.1
13588,Jersey Tires,4673036.59,3668623.57
13589,Nut's Auto Repair,508943.06,379575.92
13590,Pure Beauty Hair Salon,2580389.39,1576540.82
13591,Brother's Automotive & Towing,2296561.26,2079875.82
13592,Car Depot Sales & Service,327852.73,286495.89
13593,Garcia Realtors,851270.06,802683.75
13594,Sahill Wholesale,2010106.08,1857311.08
13595,Liberty III Laundromat,1615398.36,1005236.88
13596,Pennsauken Township Municipal Building,4999611.67,3520723.22
13597,Colonial Road Elementary School,1235911.49,801738.1
13598,RE/MAX of Princeton,867199.96,776542.2
13599,Craft Cleaners,2174517.62,1579129.11
13600,Jay's Cycles,4336019.67,2694020.81
13601,Pierce's Long Branch Liquors,4989353.64,4045182.72
13602,Laclemencia Grocery & Deli,1055045.59,911429.19
13603,Gloria Joline Tire,703325.37,601238.81
13604,Roth-Goldstein's Memorial Chapel,3545985.33,2231547.05
13605,Alpha & Omega Market,1284142.55,829341.8
13606,Mel's Furniture,2326682.05,1819077.28
13607,Mather-Hodge Funeral Home,665436.47,526068.81
13608,Salon 54,970955.35,782963.81
13609,E Y Staats & Company,1382102.64,923061.16
13610,Uptown Auto Repair,4328053.16,2871763.24
13611,Slab Supply Co.,881883.11,775791.89
13612,New Montclair Nail & Spa,2888510.84,1849205.61
13613,Montclair Public Schools,3586672.04,2522823.89
13614,Milk Money Montclair,431380.85,271834.55
13615,One Savvy Design,1764881.93,1580535.38
13616,Vanity Salon,2539803.23,1697502.98
13617,Music Dietetic,2456594.89,1493211.25
13618,Pedal Montclair,4210443.01,3476976.62
13619,Park Street Automotive,2948214.95,2016949.46
13620,American Red Cross,4351941.96,2738603.79
13621,Lackawanna Plaza,4927187.42,4231826.92
13622,Robbinsville Township Municipal Building,1138886.88,904555.65
13623,illy Coffee At Earth's End Princeton,3740767.37,2709069.44
13624,Copper River Salon & Spa,3994522.85,2873247.04
13625,Ardena Elementary School,3293411.71,2631244.93
13626,Marlboro Township Hall,1468418.05,1352719.77
13627,Marlboro Jewish Center School,4999322.13,4367521.95
13628,DCH Volkswagen of Freehold,1430749.3,871324.66
13629,Central Wine Merchants,3168101.5,2218598.65
13630,Northvale Florist,4429515.21,3092538.51
13631,Washington Wines & Liquors,1098689.39,794105.57
13632,US Tires & Window Tint,2724343.34,2238400.2
13633,Green Acres Bait Store,1987491.56,1527929.06
13634,Ocean Auto Center,90900.72,67828.85
13635,Insurance Associates Plus,4272144.37,3102531.14
13636,Connie's Cutting Cove,1489797.54,1387717.26
13637,Rose Ink Studios,1387049.83,1254108.0
13638,Friendly Deli,3160510.53,2222351.98
13639,Beachcomber Coins,4880737.84,4401644.76
13640,"Terrence R. Mooney, CPA",3566377.14,3367090.69
13641,Absecon Municipal Complex,4112284.39,2529951.21
13642,Walter F Robinson Elementary School,4125647.71,3584940.35
13643,Allendale Flowers,2265551.59,1640636.93
13644,Asbury Park High School,2822377.61,2240535.26
13645,Camden County Technical Vocational School,2969379.75,2437426.36
13646,Loch Arbour Village Hall,3876766.56,3189403.52
13647,Allentown Family Pharmacy,329385.72,261005.53
13648,Allentown Borough Hall,107552.11,87315.55
13649,Winter Auto Repair,4191193.88,3852017.9
13650,Superior Automotive & Transmission repair center,2314027.98,1413195.34
13651,Old Fashion Barber Shop,1389847.46,1070339.79
13652,Performance Tire,1175290.49,711731.64
13653,PossAbilities Thrift Boutique,413920.59,294861.15
13654,Asbury Park State Office Building,303485.02,287235.09
13655,Conover Agency,2407088.17,1530230.5
13656,Coil & Co. Vape Supply,1255273.26,926363.2
13657,Seneca High School,2388680.53,1674964.79
13658,Frank's Deli & Restaurant,1335527.33,899182.52
13659,Mac on Main Liquors,4118772.47,2976957.56
13660,Kona Surf Co. Bike & Board House,3859760.88,3658984.9
13661,Rio Grande Liquor,1348591.24,1129766.47
13662,Kona Surf Co.,3257705.29,2218918.31
13663,Kee Liquors,2338288.36,1748015.76
13664,City of Wildwood Municipal Building,567209.11,452450.46
13665,Michael's Grocery,1304571.99,892807.33
13666,Pacific Variety Thrift,337636.55,313393.72
13667,Bobby's,1220775.73,1060905.9
13668,Boardwalk Mall,1242925.64,827659.04
13669,Dreyer Lumber,946764.44,885573.7
13670,Kiel Elementary School,4821420.14,3897796.7
13671,Paulsboro Administration Building,2044321.45,1497263.05
13672,Andover Borough Municipal Building,3532920.67,3191674.2
13673,Lodi High School,1937529.91,1502365.61
13674,America's Florist,3651295.94,3282616.17
13675,Halo Farm,1056322.75,814304.89
13676,B&A Market,4655929.46,4318517.06
13677,William L Antheil Elementary School,4811121.76,4117003.75
13678,City Motor Group Inc.,4924692.05,3279100.96
13679,Meating Place,3646042.76,3200154.04
13680,Tullo & D'Amico Services,575680.64,507150.46
13681,Law Office of Andrew B. Finberg,2348482.91,2018318.87
13682,David Perry Associates,1821901.14,1123981.45
13683,Advocare Young Adult Health,3067748.03,2626719.49
13684,South Jersey Dental Medicine,2108804.03,1360667.5
13685,Allergy & Asthma Associates,3877862.27,3176971.26
13686,Advocare Pediatrics,4607597.15,3719294.43
13687,South Jersey Pain Consultants,2785813.47,1966593.17
13688,"Savatore B. Benigno, Real Estate Broker",3328597.45,2215085.52
13689,Cornerstone Foot & Ankle,2106992.78,1782269.3
13690,Mellul Facial Plastic Surgery,3768102.67,2901543.27
13691,Marlton Acupuncture Center,2982210.09,2191000.26
13692,Kirshner Spine Institute,2486651.55,1756057.49
13693,Aventura Outpost,3072233.42,2515101.7
13694,Green's Liquors,1625728.14,1378870.27
13695,Mulligan's Liquor Store,974669.85,653296.34
13696,Warehouse Wicker,3207457.61,2478325.18
13697,Bob's Auto Body,3221210.47,2054994.5
13698,Cork N Bottle,4806811.18,3433376.92
13699,Watergate,1816837.56,1511136.08
13700,Shore Style,3281824.87,2703266.06
13701,Dock Street Seafood,1543688.65,1258794.49
13702,Island Produce,3007816.84,1901679.67
13703,Zippy's Bikes,4941263.22,4530112.12
13704,New Jersey State Emoloyment Services,1954125.79,1241979.17
13705,Commercial Mexicana,2125789.24,1319253.91
13706,Grove Supply Inc.,2191025.88,1807169.74
13707,Wildwood Sewer Utility,2381838.88,1871426.71
13708,Stroehmann Bakeries,3954613.84,3023755.99
13709,Chicks Deli,4094825.0,2946466.02
13710,Pro Nails & Spa,1753720.35,1145329.56
13711,James F Cooper Elementary,2014792.71,1612567.42
13712,Maple Shade Laundromat,1287292.37,828543.38
13713,Maple Shade Township Municipal Complex,1505403.81,1274062.93
13714,Christopher Columbus Middle School,1140871.34,1031638.44
13715,Ocean City Bicycle Center,4971491.7,4619177.79
13716,Dunkin Donuts Parking lot,3933873.89,2438972.54
13717,Exxon Shop,3040838.68,2129702.18
13718,Spinning Wheel Florist,4083005.39,3163688.48
13719,Ocean City City Hall,269331.87,228491.25
13720,Mr.Tire,4791022.28,4241371.3
13721,Truckland,4766898.8,4171920.87
13722,Jammer Doors,234484.05,146956.62
13723,Ewing Township Board of Education,3825726.49,2547552.06
13724,New Jersey Department of Transportation,1986093.93,1859744.21
13725,Lang's Ski and Scuba,3484631.25,2384869.04
13726,J & S AutoHaus Group,3126633.1,2822078.52
13727,Olden Deli,1776585.27,1460532.19
13728,Davis Hyundai,3181526.46,2551195.06
13729,Arctic Motors,1886638.9,1224825.28
13730,Liquor Warehouse Discount Store,885018.42,640998.87
13731,"Discount Auto Exchange, Inc",2320399.37,1957442.72
13732,Heath Lumber Company,1762218.74,1119688.24
13733,Victorian Beauty Supplies,4552717.38,3538773.64
13734,Ewing High School,128245.74,105488.7
13735,Atlantic Highlands Elementary School,1715884.73,1336945.21
13736,AAMCO Transmissions & Total Car Care,1920695.08,1806685.65
13737,Cade Motor Company,4639319.03,3933118.87
13738,Carlo's Auto Repair,2336787.44,1601413.6
13739,"Katie Scozzari, LCSW LLC",1371719.55,827110.94
13740,Francis Lore Elementary School,469539.16,434504.29
13741,Ewing Public Schools,2818057.14,2416550.12
13742,Mercer County Technical School Sypek Center,1556756.32,1251312.97
13743,Incarnation Elementary School,1800456.44,1660757.08
13744,State of NJ Department of Transportation,4079682.35,2723955.68
13745,Paul Miller Subaru,1548229.98,1369978.89
13746,Sansone Kia,1670504.98,1323719.14
13747,Notre Dame High School,482417.6,420620.94
13748,New Jersey Motor Vehicle Commission - Wayne,3905282.56,2531366.75
13749,Five Point Check Cashing,3363579.89,2363908.96
13750,Mexico Lindo Mini Market,3693426.49,2913349.76
13751,Eldridge Park Elementary School,1558446.05,1045896.68
13752,Poulson & Van Hise Funeral Directors,2623096.47,1707793.92
13753,Kulak Arms,1481221.45,1188108.7
13754,Audubon High School,563955.05,447736.07
13755,Garden State Car Wash and Detail,3511084.14,2746343.99
13756,Pathway Car Care,1632071.89,1114060.16
13757,Lawrence Intermediate School,1079431.95,699237.14
13758,New Providence High School,3881153.32,3458297.08
13759,Lawrence Township Municipal Building,3625060.04,2428680.11
13760,Capital Health Medical Center - Hopewell,812139.94,657696.2
13761,Saint Ann Elementary School,1832771.64,1380878.76
13762,Crepe Shop,3543374.82,3116085.85
13763,Beach Bathing Office,4394806.07,3597188.82
13764,Robert Wood Johnson University Hospital Hamilton,4966923.04,4501603.89
13765,Ray Sayre Jr - State Farm Insurance Agent,4022247.98,3470230.08
13766,Pennington Montessori School,1736987.13,1481581.32
13767,The Pennington School,3845278.26,3567897.38
13768,Toll Gate Grammar School,3862620.24,3053069.74
13769,West Trenton True Value Hardware,1339600.46,952701.63
13770,Sterling High School,3508258.62,2272287.19
13771,New Jersey School for the Deaf,431409.6,297382.48
13772,The Village Charter School,4801791.7,3660241.6
13773,Trenton Psychiatric Hospital,625139.24,455759.01
13774,Gaylord Popp,624438.61,405262.49
13775,Garage Sale Warehouse,2685133.6,1666093.34
13776,Motorcycle Madness,2387553.09,1868760.69
13777,Intercar Inc. Mercedes,4271023.63,3278939.49
13778,Moove In Self Storage,3447873.17,2397924.97
13779,Arthur J. Holland Middle School,523136.15,398999.68
13780,Villa Victoria Academy,682359.35,638467.43
13781,New Jersey State Police - Reigonal Operations Intelligence Center,1191847.56,761989.86
13782,Dawn Bottle & Spirits,3237993.68,2715133.78
13783,Glen Discount Liquor Store,3893086.72,2873609.18
13784,Ewing Tire & Lube,2106711.3,1563989.42
13785,Stokes State Forest Office,2100610.12,1262497.33
13786,Hopewell Valley Central High School,4441599.02,2809676.9
13787,Timberlane Middle School,1742894.11,1343801.0
13788,Hopewell Township Municipal Building,2190662.43,2047446.14
13789,Super Delikatesy,3674236.26,2987532.82
13790,Relaxation Sensation,4971477.53,4397222.06
13791,Auto Lenders of Princeton,4434251.91,3451005.83
13792,Haldeman Lexus of Princeton,4227572.73,3831125.85
13793,Lawrence Middle School,1099317.29,890877.05
13794,Lawrence High School,3126786.71,2443904.83
13795,Lawrence Township Public Schools,1505573.08,1120241.39
13796,Precision Acura of Princeton,2651647.12,2315658.3
13797,Audio Tour Pavilion,3715858.76,2592742.16
13798,Mercedes-Benz of Princeton,4640515.0,3613394.37
13799,Volvo Cars Princeton,3748206.55,3078361.21
13800,New Jersey Motor Vehicle Commission - Bakers Basin,2409779.91,1812323.54
13801,Patio World,3737487.87,2488843.4
13802,RH Outlet,3866881.87,2930788.02
13803,Polestar,4557321.78,3697629.04
13804,Princeton Porsche,1779204.17,1667850.59
13805,Brick Flower Market,290868.56,180908.39
13806,Linode,707567.56,623505.77
13807,Hartford School,4221917.31,3372824.18
13808,Milltown Municipal Building,431842.96,304314.79
13809,Chapin School,2291747.35,1886645.53
13810,Old Tappan Town Hall,109306.64,102995.6
13811,Walter C Black Elementary School,863493.39,736605.34
13812,Hightstown High School,4856962.49,3602395.36
13813,Steinert High School,2031522.22,1621659.85
13814,Emily C. Reynolds Middle School,2403567.51,1790180.23
13815,Allied Self Storage,4754948.17,3761611.83
13816,Chesterfield Elementary School,4636533.14,2801208.2
13817,Transcendence Massage & Facial SPa,2552336.25,2189172.09
13818,Padma's Beauty Salon,2501912.54,1713677.26
13819,School Number 1,4657059.79,3903910.4
13820,Posh Nails and Spa,622666.09,445398.96
13821,The Chocolate Goat,950333.25,764904.42
13822,Manasquan Bank,4879088.62,3317734.34
13823,The Wine Barrel,756112.23,701077.31
13824,Thomas A Edison Career and Technical Academy,316537.78,297542.28
13825,Cook's Liquors Westmont,2914432.86,2631692.55
13826,Gervasio's Auto Service,3023499.71,2143171.71
13827,Gold's,3866664.83,3406231.95
13828,Bordentown Regional High School,4181987.95,3792013.0
13829,Oak Tree Center,2609702.92,2419963.02
13830,Just Tires,1962637.95,1597965.34
13831,Mr. Tire Auto,3192778.61,2992108.76
13832,Mall Chevorlet,3113943.22,2240802.64
13833,Haledon Public School,3092247.58,2567543.37
13834,UPS Customer Center,3531961.5,2918904.8
13835,Bergenfield Borough Hall,3941370.46,3245628.5
13836,Performance Buick GMC,3370752.89,2383836.79
13837,BoConcept,1084225.48,920469.93
13838,My House Kitchen,2780649.84,2304791.12
13839,All American Ford,3095381.36,2351347.08
13840,Wild Birds Unlimited,3718058.1,2329710.97
13841,DTV Installations,573709.87,469107.07
13842,Quick & Fresh,2401864.71,2035930.37
13843,Paramus Borough Hall,2083277.65,1913555.78
13844,Lazzoni Furniture,4670855.21,3257087.97
13845,Capital Carpets Center,1126958.92,799545.89
13846,The Shops at Riverside,661572.08,441389.8
13847,Mt. Holly Motorsports,2652980.06,2490878.93
13848,South Jersey Legal Services,4913975.81,4309407.61
13849,Upper Freehold Regional Elementary School,4861756.74,3060427.12
13850,Bass Pro Shops,2395952.03,1808490.73
13851,Beach Apparel,3250480.35,2781869.38
13852,Collector's World,2159863.27,1444170.14
13853,Seema's Fashionwear,1806347.73,1340782.71
13854,Big G's Tattoos,3508437.68,2828837.15
13855,Irene's,3242159.75,2863423.5
13856,One Stop,3940727.77,2501555.65
13857,Sun Trading,3188022.7,2918832.92
13858,Ocean Point,3304928.26,2016109.12
13859,Stop N Save,1687173.97,1503895.69
13860,Peanut World,2637795.56,1613090.65
13861,Boonton Town Hall,4927621.06,3488005.63
13862,Hamilton Honda,2732758.39,2106113.64
13863,Community Baptist Christian Academy School,813172.76,601078.22
13864,Deserrie's Salon,3589960.21,2996837.95
13865,Quantum Mortages LLC,3735463.94,2775767.31
13866,"Nowak & Gehan, CPA",4291437.3,3541141.07
13867,Dennis Dennis | Fairway Independent Mortgage Corporation Branch Manager,972436.29,714206.68
13868,Sea Isle City Hall,2248720.66,1574297.88
13869,Dooney's Pub,1395803.4,981443.34
13870,Earthwise Pet,3051477.96,2177168.4
13871,Keg & Barrel Homebrew Supply,4153558.42,3293524.89
13872,Cutting Times Salon,3804013.9,2723329.25
13873,Mode Vapor Lounge,1551530.3,989231.84
13874,Advanced Women’s Care of Springfield,1448786.95,1322841.73
13875,Goodwill Industries Attended Donation Center,1391488.94,1097750.77
13876,NJ Department of Human Services,1565865.6,1486448.25
13877,Somerset County Prosecutors Office,60996.86,56647.67
13878,Somerset County Administration Building,2046549.74,1382045.15
13879,Flemington Department Store,2485856.14,1922146.37
13880,Roger’s Appliances,4649221.56,3307875.3
13881,John Marshall School No. 20,3158310.27,1926236.42
13882,Lindenwold Number Four Elementary School,1985445.34,1698122.59
13883,Lindenwold High School,1308899.82,1010149.91
13884,Twin City,4217351.89,3309572.87
13885,"Javerbaum Wurgaft Hicks Kahn Wikstrom & Sinins, P.C.",3455635.99,2939158.0
13886,Howard Lipstein,3282119.89,2169471.98
13887,Jerry Morese Auto Sales,2670501.49,1690533.59
13888,Jen Electric Inc,3486232.05,2615520.53
13889,Pella Windows and Doors,167860.54,116132.11
13890,Nelson & Ward Co Inc,203242.29,153718.6
13891,Carlstadt Municipal Building,1755782.47,1599544.43
13892,The Gazette,3232268.2,2986976.67
13893,MINI of Mount Laurel,2308028.01,1510163.24
13894,Holman Toyota,404478.67,295333.45
13895,Roman Pantry,2142586.24,1453627.1
13896,Pennsville Recreation Department,1779925.84,1075470.63
13897,The Cottage Retreat Day Spa,4258043.25,2608060.54
13898,Laughrey Funeral Home,3345713.84,2869704.65
13899,Ted's Place,4485685.93,3372559.07
13900,Krausers,3050345.48,1993068.44
13901,Central Ave Wines and Liquors,4350427.17,3809902.35
13902,Central Barbershop,2941545.08,2393714.09
13903,Sevelle's Auto Body,1745376.65,1429904.99
13904,Sevelle's Auto Repair,4983124.32,4704138.63
13905,Utopia Salon and Day Spa,892194.68,830205.82
13906,Stone Mill Gardens,4100486.98,2823322.79
13907,Cook's Liquors,1100870.69,933477.45
13908,Monticolo Insurance Agency,4402905.79,3423148.76
13909,Iron Hills Construction Inc,4304274.17,3459070.97
13910,Brooks Artificial Grass Company,3213989.26,1984976.39
13911,Infinity Flowers,3162332.22,2942471.07
13912,The Italian Touch,1212488.15,810241.7
13913,Bridgewater-Raritan High School,4718865.17,3877599.46
13914,Jeff's Auto Repairs and Sales,3668004.77,2237528.35
13915,Nature Care Cleaners,3485117.57,2914488.17
13916,Brian J. Duffield,1247764.53,1165747.93
13917,Harrison Township Municipal Building,3354880.47,2620258.21
13918,Any Co.,1484665.48,1026841.06
13919,Wright & Ford Family Funeral Home,2859704.82,2369695.03
13920,Pearle,4513763.65,2939807.95
13921,Legends Salon & Spa,4773026.17,4126209.04
13922,Yamaha,2274971.55,2037351.74
13923,Mavis Tire,2503138.8,1775286.8
13924,Orellana's Tire Shop,4771395.86,3699102.97
13925,Blue Star Auto Care,2123664.18,1387507.92
13926,Raritan Township Municipal Bldg,2773600.25,1878570.84
13927,Robert Hunter Elementary School,1936138.72,1256981.89
13928,Reading Fleming Intermediate School,321998.91,239691.89
13929,Raritan Learning Cooperative,1788592.15,1520718.65
13930,Rovere & Sons Contractors LLC,1335445.61,997672.26
13931,Makeup by Artsyandpettite,2002061.54,1537613.91
13932,CEO Focus of New Jersey,4209418.04,3715243.95
13933,Flemington Chrysler Jeep Dodge Ram,4269235.78,3667981.31
13934,Ditschman used cars,3666664.17,2959797.24
13935,NJ Motor Vehicle Commission - Flemmington,4789285.38,4060574.86
13936,Reagent Chemical,4919010.11,4669933.75
13937,Convenient Food Mart,2739508.91,2041396.89
13938,Copper Hill School,2247570.23,1473029.15
13939,Serendipity XIX,729893.1,488417.21
13940,Royal Pup Cuts,2580927.87,2037294.45
13941,Psychic/Medium Colleen Frances,1209472.5,831520.37
13942,rcm appraisal services,2647225.35,1731257.42
13943,Made by Alyssa Inc,2738146.82,2578306.0
13944,SNG TRANSPORTATION SOLUTIONS,2319671.55,1459524.91
13945,PC Repairs by Steve,662947.84,455322.91
13946,Point Pleasant Boro High School,3898390.32,3262359.62
13947,Primerano Construction LLC,3926296.01,3384503.75
13948,Rnc Llc,74334.22,57040.61
13949,Aberdeen Township Municipal Building,2594396.87,2209873.07
13950,Hilltop Auto,1774391.88,1646758.82
13951,Toyota of Turnersville,684710.55,519055.23
13952,Nissan of Turnersville,4127266.35,3873827.7
13953,Cadillac of Turnersville,3365800.69,2984727.25
13954,Chevrolet of Turnersville,1877446.5,1636920.2
13955,Corporate Computer Solutions,1348703.35,1167841.74
13956,Alan Hughes Construction Co,3265029.74,2066310.48
13957,Kicks USA,4204323.97,2555029.84
13958,Verdi: The Agency,567297.07,482652.71
13959,Michael Scalera Ins Agcy Inc,662475.18,589455.92
13960,Custom Auto Interiors,3725497.05,3500564.76
13961,Responsive Automotive Systems,2572366.56,1720293.86
13962,Kris's Family Barber Shop,3962881.3,3478756.56
13963,"Weichert, Realtors",4720465.46,4303403.37
13964,Bliss Salon & Spa,1963145.23,1673998.03
13965,Blooming Nails,2127729.92,1920548.48
13966,L B Appraisals Inc,3218736.52,2933238.04
13967,Creative K& B,4009149.43,2442732.5
13968,Mesce Associates INC.,2329031.46,1532257.39
13969,Gloucester City Junior Senior High School,2580497.91,2236450.94
13970,Ridgid Paper Tube Corporation,399655.9,246883.29
13971,Serafini & Serafini PC,1009917.28,958310.66
13972,Madison Public Schools Administrative Office,1946075.74,1453838.97
13973,Torey J. Sabatini Elementary School Grounds,1529132.68,1267959.04
13974,onaantiques.com,4511907.75,4112120.56
13975,Little Bow Studios,3505008.39,2381914.6
13976,Tony Dallessandro Architect,1923308.29,1232640.79
13977,"Massood Law Group, LLC",1140272.12,941882.62
13978,Casino Reinvestment Development Authority,589580.01,527548.68
13979,Atlantic City Rescue Mission,1578057.41,1178567.22
13980,Alexis Technology Inc,1756364.04,1184904.38
13981,Haber Steven H CPA,746680.61,626655.35
13982,Manor Financial Services LLC,218261.9,144553.37
13983,Entrepreneur's Source,3476132.54,3160215.7
13984,Francisco Chua Patawaran & Associates,242522.12,186420.25
13985,Rutgers Annex,2566285.34,1847591.61
13986,Rutgers New Jersey Agricultural Experiment Station,1425929.42,1314875.96
13987,Mosquito Control,1615341.84,1211375.27
13988,Passaic County Weights & Msrs,1969973.32,1251455.71
13989,Rutgers Cooperative Extension,974628.86,914820.82
13990,Brahma Construction Corporation,2599526.43,2241959.34
13991,Little Friends Hamilton Day School,2936628.27,1809491.88
13992,Morgan Elementary School,145836.35,111203.69
13993,Fine Fair,4746012.86,3201568.82
13994,Mercer County Special Services School District,4922625.13,4443304.13
13995,Mercerville Elementary School,3485305.05,2956796.58
13996,Yardville Heights Elementary School,4120124.46,3775216.49
13997,Sunnybrae Elementary School,1878769.86,1676473.66
13998,Yardville Elementary School,546883.49,420831.77
13999,Kisthardt Elementary School,4646896.44,2952569.94
14000,McGalliard Elementary School,1493237.58,1100829.43
14001,George E Wilson Elementary School,4070954.5,3469565.64
14002,Eugene S Willey School,507746.6,436137.83
14003,Lalor Elementary School,3402759.48,2168452.91
14004,Kuser Elementary School,4704447.46,3391650.43
14005,Greenwood Elementary School,1803274.65,1117732.86
14006,Pace Charter School of Hamilton,2472030.29,1655887.07
14007,Klockner Elementary School,2736869.1,2151415.15
14008,Sapphire Tree Inc,2021751.72,1400225.97
14009,Perfect Done Construction,3929737.16,2723018.64
14010,Hair Secrets,2122086.09,1453867.97
14011,Harrison Township Elementary School,512249.68,418041.15
14012,Ethel McKnight Elementary School,700223.13,555948.84
14013,SDF Wireless,3224510.39,1981015.05
14014,In The Cuts Stylez,3524288.29,3047749.19
14015,Rabbit Juanrry Auto Body Shop,222363.05,188214.01
14016,Marco's& Son Tires,1570221.62,1082178.69
14017,"H Scott Aalsberg, Esq., P.C.",918136.3,591026.42
14018,Advantage Contracting,1247107.94,1023502.5
14019,Salem & Sons,1890686.03,1686539.21
14020,YankeeDabbler Hobbies,2385211.68,1513560.24
14021,Invigorate Travel,4346118.67,3344791.43
14022,OnCom Technologies,1780796.22,1615431.08
14023,Dutch Hill Convenience Store,980142.03,902186.22
14024,Jiffy Lube Oil Changing Facility,1071896.38,959596.26
14025,"Magic's Home Theater, Sound and Security, Inc.",4856657.58,3860256.87
14026,C'est Si Bon Bakery,1706141.02,1070950.94
14027,Paulison Liquors,3757807.35,2391432.88
14028,Kitchen Cabinets II LLC.,1508272.0,1360351.52
14029,JM Manuel's Auto Services,3412257.8,2982527.99
14030,Wawa Gas Station,775447.5,604397.6
14031,Weiner Adam,4243669.97,3819973.56
14032,GloPath - Global Telepathology Portal,1941126.92,1528379.3
14033,Vision Investments I LLC,640556.16,501790.44
14034,Kaplan Steven,4452409.77,3047277.85
14035,Alma Cleaning Services LLC,2578740.66,2011860.41
14036,School Number 15;School Grounds,492378.35,323217.86
14037,Greenberg Center for Education School,2542359.25,2277472.46
14038,Weingart Gerald,3023277.1,2841444.42
14039,Bee's Cafe,1371721.61,972874.25
14040,Passaic County Classics,3021413.41,2451906.64
14041,Sleeping Beauties - Lashes By Victoria Lynn,2472860.48,2102240.05
14042,George Washington School,4940823.87,3580042.92
14043,Saul Funeral Home,2766942.1,2360982.11
14044,Hudson Elementary School,2695951.43,2136201.03
14045,Think Clean Laundromat,4686364.44,3385321.98
14046,SMG,2255822.83,1738961.06
14047,Duncan Power Washing,2258298.07,1537013.57
14048,Little Personal Touch LLC,2166279.36,1340071.64
14049,Quality Management Consultants,1483907.39,1325806.87
14050,Flair Cleaners,2931830.9,2544848.64
14051,Hershey's Subs & Deli,1035047.42,697683.67
14052,Serenity Nails & Spa,3472728.66,2397181.73
14053,Haircut Bar,3814113.07,2358659.32
14054,Wood floor Install and Refinish,2729191.63,1810517.01
14055,"The American Cesky Terrier Fanciers Association, Inc.",2404307.07,1779899.04
14056,Spindler's Bakery,574209.6,360481.83
14057,Westfield Lumber,411043.86,347107.43
14058,EJG Sports,4321484.41,2816181.48
14059,Shear Impressions,1718854.89,1398099.94
14060,Yoshi Liquor and Wine,3682957.63,2613856.81
14061,Bill O'Shea's,4251831.75,3449365.84
14062,Primadonna,2819981.08,2284964.19
14063,Excellence Auto Image,4561969.76,4294329.91
14064,Gogates Group Inc,4263756.46,3829141.28
14065,Union City Liquors,1100997.89,823590.48
14066,Main Street Auto Repair,2912128.19,1895046.74
14067,Audubon Municipal Building,3871722.65,2667647.51
14068,Eric's Auto Body,4931709.83,4314565.8
14069,Mr. Prime Old Tyme Butcher,4457161.48,3678396.05
14070,RE/Max Bay Point Realtors,4227399.16,2741063.5
14071,Brook 35 & West,3795987.55,2497187.34
14072,D'Amico & McConnell Realtors,3568554.52,2976875.81
14073,Ray's Cafe,4687325.33,3104168.75
14074,Sneaker Factory Running Center,234359.2,184825.37
14075,North Arlington High School,1024136.7,899777.8
14076,Mike Kaufmann Dealer Group,469923.85,306299.55
14077,Kahlenberg Stuart CPA,1588090.34,1382950.26
14078,Halal Butcher Store,2448150.99,2238874.48
14079,Heights Flower Shoppe,2355789.72,1712868.45
14080,Calhoun Mania,3748401.59,3308900.1
14081,Allied Brothers Home Corporation,3596570.75,3105763.27
14082,Mountain View Tree Service LLC,2666661.72,2027393.13
14083,County Of Morris Weights And Measures,832477.17,779946.51
14084,Stephanie’s Deli,3612776.68,2962966.78
14085,D Tanis Home Improvements,2834453.61,2327516.56
14086,RMJ Environomics,2342650.38,2069216.0
14087,gnsl trucking,1456319.37,1260040.32
14088,NJCPL,2701063.64,2062925.43
14089,Building Dream Homes LLC,2865307.57,1958739.8
14090,Universal Market,4102928.14,3492495.29
14091,Wayne Same Day Overhead Garags Doo'rs Repair,4605103.02,3913722.04
14092,Cedar Hill Nursery,2655557.33,1842249.51
14093,Morristown Tailors,1700689.89,1051943.77
14094,The Goddard School,1641109.58,1043735.37
14095,Supreme Kutz,863169.33,596787.77
14096,Diedre's House,1170075.86,1011597.92
14097,Fox Rothchild,3749144.02,3060866.53
14098,Square Luggage,4931383.34,4667730.96
14099,Junkin Irishman,458845.87,349380.8
14100,Elite Acrua,4263752.54,3128257.37
14101,Holman Ford,4718641.87,4007666.84
14102,Holman Infiniti,3013808.02,2301056.51
14103,Alfa Romeo & FIAT,3583814.25,2223312.51
14104,Reptile roadhouse,195800.91,163827.08
14105,Grand Looks Construction,3694158.59,3054214.05
14106,Jason Bush - State Farm Insurance Agent,4951687.3,4601327.65
14107,Tristate Timing,1738872.46,1343731.02
14108,Gilan Gadsden LLC - Certified Public Accountant,566411.87,432439.04
14109,FirstLook Services,1176183.01,867563.91
14110,GSM Distributing Inc,3295135.98,3097378.49
14111,Inspira Medical Center Mullica Hill,690737.38,500552.28
14112,Supreme Automotive Service,1133044.02,992437.11
14113,Bab Medical,1520785.14,1303997.74
14114,Legend Builders LLC,4922125.88,4064960.37
14115,Foggy's Automotive,2597419.31,1747607.21
14116,Bosland's Flower Shop,4800146.08,3536198.43
14117,Tri-State Professional Contractors,2947786.78,2659674.37
14118,India Cultural Society of Nj,1621772.75,1427379.24
14119,Passaic County Technical Institute Business Office,1237900.26,754556.97
14120,Arc of Bergen-Passaic Counties,3592222.18,3352258.99
14121,Patricia Perry,1311544.18,871437.84
14122,Interior Elegance By Elki,1126641.29,873746.51
14123,"Mary R. Apol, LPC",2464424.58,2234853.99
14124,Westwood Municipal Building,264810.01,199921.32
14125,Mountain View Auto 96,4578040.2,3661374.21
14126,"Konica Minolta Healthcare Americas, Inc.",730644.98,527080.92
14127,Reed-Lane,3288538.4,2623119.41
14128,Graphic Packaging International,4687472.7,3889194.45
14129,DownTown Company,3942861.73,2894416.18
14130,US Sign and Lighting Service,3240957.12,2127857.18
14131,Aim Tank Services Co,4330805.69,3406966.43
14132,Hawthorne Industrial Radiator,2641383.73,1604197.25
14133,a and b motors inc,2186995.72,1576649.97
14134,Manor Realty,2829306.1,2197555.57
14135,Deutsche Auto Hause,2491134.08,1591396.27
14136,Phone Connection,1776451.72,1520975.07
14137,Janco Limited,1502912.88,1143660.37
14138,Centre Commercial E. Leclerc,997279.08,886823.23
14139,Perry's Florist,2226992.45,1384090.89
14140,Web Arcitech,3575664.32,3345909.42
14141,Pantry One Food Mart,1320386.92,875947.54
14142,Happy Nails Spa,1163392.87,702702.56
14143,Tire Plus,733877.96,565727.51
14144,Marty's Reliable Cycle,4360080.47,3892380.08
14145,Our Lady of Mercy,268852.67,198288.43
14146,UBIKE IFIX,2389127.95,1834954.08
14147,Para Transit,3879242.99,3326655.8
14148,Passaic County Consumer Affair,3058068.41,1967823.5
14149,Capital Motor Cars,1532717.01,1239953.94
14150,Springfield Municipal Building,3913150.84,2417212.98
14151,My Charm Skincare,4611360.86,3876390.19
14152,Veterans' Memorial School,1547499.62,1451230.62
14153,Miftaahul Uloom Academy,2896066.43,1918108.85
14154,Colin Powell Elementary School,3313145.23,2069594.55
14155,Emerson High School,1331218.25,1020652.67
14156,Mother Seton School,4293400.24,3881770.57
14157,Quality Consortium Inc,3335704.04,3121264.56
14158,Matawan Borough Hall,1536612.06,1319058.52
14159,International Specialty Products,2135190.5,1374958.51
14160,Isp Management Co Inc,1212003.47,1129707.39
14161,William Blanchard Co,4856948.74,3243616.41
14162,8 Min Oil Change Auto Repair & Tire Center,2640958.52,1747818.97
14163,Union Deli & Grocery,2292153.16,1489951.26
14164,Moore's Home For Funerals,513532.84,345666.05
14165,Fond Memories,1417486.37,1161727.28
14166,MyBrandMark.com,274693.65,240779.94
14167,Apollo Tea House,4082633.05,3628381.29
14168,Monument Title Agency,4902174.93,2944828.3
14169,Township of Evesham Municipal Complex,3749964.2,2604890.97
14170,"Vander May Wayne Colonial Funeral Home, Inc.",1115020.96,700351.33
14171,Darmstatter Inc,507121.01,384074.73
14172,Saint Francis Academy,3307609.5,2950983.2
14173,Joker PhotoBooths,523279.04,361356.96
14174,Black Oak Auto Body Inc,1377662.47,1162359.87
14175,Deran Water Conditioning,225381.88,145070.51
14176,"Ferrara Law Firm, LLC",3747982.97,3476253.42
14177,J & B Auto Care Inc,1369997.03,1279220.31
14178,Delcrest Medical Products,4478975.59,3393900.2
14179,Monello Landscape Industries,3217240.04,2209345.0
14180,Thomas A Edision Elementary School,1057400.57,742786.65
14181,Bellmawr Park Elementary School,1120094.28,673814.68
14182,John F Kennedy Number 7 Elementary School,1615829.84,1483397.58
14183,Hi-Tech Auto Service Center,3465515.99,3026696.9
14184,Shadow Ridge Construction Co,52513.69,45333.51
14185,LRS Realty LLC,3178497.82,2274820.75
14186,FC Kerbeck,4111710.35,3086687.03
14187,Platinum Puppy Couture,3633093.67,2620069.04
14188,ABC Home Improvements INC,3941637.38,3119387.96
14189,Merck,4488670.59,3106676.28
14190,Rider Insurance,371243.57,343659.19
14191,Salon Frasca & Day Spa,1109479.41,761193.42
14192,White House Designs for Life-Living,4190708.37,3494110.01
14193,White House Living,4858985.85,4596649.19
14194,Mg Forge Construction,4058728.07,3032295.59
14195,Pravata Enterprises 1 LLC,3325302.98,3137136.51
14196,Merchantville Pennsauken Water Commission,1106216.19,919533.33
14197,J & J Food Market,3337234.16,2451201.43
14198,Gordon Sanders LLC,1490868.02,1093562.41
14199,Cozy Family Dental,1343142.7,916058.84
14200,Real Estate Funding Solutions,889607.28,607291.27
14201,Somerville Borough Hall,3764124.61,3548124.39
14202,Somerville Middle School,653031.59,480263.75
14203,SG Design Center,4821515.33,4492485.8
14204,Destiny Motorsports,2121323.5,1575995.02
14205,Edward V Walton Elementary School,3724184.02,3409069.45
14206,Maplewood Nurseries & Stone,1229198.9,1163719.14
14207,On3,1357809.34,977378.18
14208,Stew Leonard's Farm Fresh Foods & Wine,4544503.89,4222303.07
14209,Patrick A. Torre Admnistration Building,2848627.57,2641228.83
14210,70 Cleaners,4523532.86,3686624.59
14211,Trouble Brewing Coffee House,996177.21,896418.02
14212,Golden Note Entertainment Inc,4904064.43,4363338.04
14213,Verrilli Bakery,1656410.01,1204539.51
14214,Market Street Mission Thrift Shop,2032916.29,1461765.08
14215,pandit food,763857.36,595705.46
14216,Leber Funeral Home,141996.94,93620.53
14217,Goodyear Auto Service,4303215.3,3251410.73
14218,Highland Capital Brokerage,395095.6,286957.17
14219,"Alan Brosnick, CPA",4173791.02,3261396.05
14220,Shirt Printing and Promo Items Andrew Birnbaum woods2ocean,1124441.81,690452.77
14221,Laurie's Homemade Candy,2817054.51,2284529.77
14222,Berkowitz Merrill J,2662450.65,1704869.16
14223,Smell Good Company,1289830.62,1071698.75
14224,Raritan Agway,3835942.25,3545177.4
14225,Boro Liquor,602358.86,397304.88
14226,Bongiovi Funeral Home,716896.79,432952.75
14227,"Victor Hakim, CPA, PA",1758585.05,1367400.44
14228,Gowns by Valda,3711369.69,3214402.2
14229,Equity Exchange Realty,4841292.89,4302532.67
14230,MetLife,2073039.06,1916692.22
14231,Mr Tire Auto Service Centers,689613.88,533999.25
14232,Becker Funeral Home,4680003.45,3876899.14
14233,Union City City Hall,2844017.47,2593432.56
14234,Billing & Book,733043.1,446716.68
14235,Manitou Homeowner's Associates Inc,2575390.41,2324464.06
14236,NCJAR Wayne,2532335.4,2021212.57
14237,Millstone Wine & Liquor,3153365.72,2438999.64
14238,Hugo Meza Realty Team,403914.42,363678.44
14239,Professional Fireplace Services,77488.25,62690.89
14240,Robert Waters Elementary School,2232868.05,1488444.15
14241,Windward Capital Group Corporation,3370228.28,3101469.48
14242,Township of Mantua Municipal Building,3158728.05,2347681.76
14243,PDS Drives,1345980.12,1183210.51
14244,Kamine Arthur,4811747.63,4265181.91
14245,Point View Shopping Center,4366565.76,3580736.22
14246,Point View Reservoir,4336019.89,3840011.12
14247,Home Hardware & Supply,1491156.89,1199640.6
14248,Randazzo Pastry Shop & Bakery,536603.35,415642.39
14249,"Someset County Public Works Department, Division of Facilities and Services",1079974.93,948085.52
14250,Franklin Auto Care,1260072.28,906173.94
14251,Natural Cleaners,1650143.48,1276388.03
14252,Hamilton Square,2948694.54,1836477.61
14253,Uneeda Appliance Co,1777176.55,1398105.1
14254,BHL Accounting,1710662.01,1314700.04
14255,Affordable Storage,2189263.23,1774658.67
14256,Discount Pet Deals,849340.02,739797.27
14257,Wallington Police HQ and Municipal Court,4877272.98,4297792.45
14258,Q 5 Architects,2121013.49,1457777.39
14259,Wayne MovingCompanybyVHBs,1557610.02,1471453.91
14260,Ssa Notary Services,4088800.06,2617855.88
14261,Quick Pick,3797183.94,2988001.31
14262,K&M Tire & Auto,3808442.83,2772355.5
14263,Safelite AutoGlass,1711947.64,1395186.43
14264,New Jersey School of Conservation,1289092.98,1175526.97
14265,Bobbin Sewing Machine Co,3311907.01,3038048.33
14266,Island Heights Borough Hall,4647889.86,3241910.39
14267,Saint Clare's Hospital,667590.0,569262.96
14268,Ocean University Medical Center,1002772.61,818904.83
14269,Virtua Memorial Hospital Of Burlington County,2662118.42,2280878.95
14270,Mousa's Market,565720.77,340679.43
14271,Atlantic City Linen Supply,4458940.62,3555772.82
14272,Memorial Hospital Of Salem County,2951149.87,1888685.38
14273,Union Hill High School,3417658.29,2796197.89
14274,University Hospital,4003097.23,2754057.63
14275,Carl Miller Funeral Home,1996492.79,1632820.51
14276,Thomas Food Market,3290784.7,2048181.81
14277,G.A.G. Laundromat,289335.58,206735.98
14278,Two If By Sea Travel Llc,470577.46,289352.8
14279,Central Food Market,1431474.04,1015890.28
14280,Daniela Grocery,2231139.95,1412580.28
14281,Zehn Space Wellness,4075650.84,3463347.2
14282,Amanda Christine Image Consulting,804421.08,625576.06
14283,MBA Resources LLC,230889.08,143669.7
14284,Sussex County Foods,2520791.17,1752864.1
14285,Jacqueline's Florist,926396.7,658995.26
14286,Countryside Elementary School,186352.35,170851.64
14287,EbizzAd,2130054.84,1972695.6
14288,Kain-Murhpy Funerall Services,4485851.73,2786856.1
14289,C&C Auto Repair & Detailing,282066.0,192807.53
14290,School 8 School Grounds,3769418.24,2985022.55
14291,Botera - Union Cannabis Dispensary,4017873.47,2770603.57
14292,Laura's Fudge,2882024.99,2354302.02
14293,Hooked on Books,4306128.86,3775313.57
14294,Michelle's Island Cuts,1011346.83,726761.41
14295,Wildwood Water Utility,4075882.49,3500281.27
14296,G Harry Carson Elementary School,3602263.56,3048110.18
14297,A&D auto shop,3659692.48,3339949.31
14298,Saint Augustine's School,4059330.59,2513944.8
14299,Bradley Beach Elementary School,4807269.36,3497318.44
14300,LBI HotSpring Spas,753894.39,456640.54
14301,Giglio Blind Company,374288.91,306216.22
14302,Wave Hog Surf Shop,1959262.15,1690225.86
14303,House of Consignment,4116036.37,3806940.82
14304,Charlies Bait and Tackle,3780892.03,3247636.28
14305,"Everest Re Group, Ltd.",4590036.27,3579007.94
14306,"Fedway Associates, Inc.",1428893.82,877164.98
14307,Quick Check,568153.72,481909.96
14308,Charles E. Trefurt School - PS 8,2966969.17,2720623.5
14309,J&J Variety,4367086.44,3047047.16
14310,Paul VI High School,310965.08,269175.09
14311,Clementon Elementary School,2821584.98,2260959.49
14312,The Meat House,226615.15,158176.74
14313,Abueolita's,4423882.38,3100699.21
14314,Whitehouse Auto Service,1249763.73,893051.41
14315,Union Hill Shopping Center,3317112.27,2458725.64
14316,Hazlet Plaza BP (Repair Service),1133638.01,702220.01
14317,Vandermark Merritt Glass Studio,2017725.34,1726518.85
14318,Borough of Bradley Beach Municipal Offices,2013440.21,1772522.4
14319,AutoTek,210789.6,141983.06
14320,Favorites at Gloucester Township,2492716.79,1972615.04
14321,Cherrywood Liquors,1628303.84,1272221.82
14322,Mr. Tire Auto Service Center,4578440.54,3962123.25
14323,Mr. Brakes Auto Care,4744659.04,3886689.56
14324,Pennco Tech,2213070.06,1461533.46
14325,Kasper's Korner,2248102.46,1483630.27
14326,Nu 2 U Auto World LLC,1791927.39,1211409.89
14327,Arlong Auto Service,525293.51,443750.22
14328,Pike Liquors,3148103.32,2658208.63
14329,Nostrum,1317544.23,1202964.12
14330,Avon-by-the-Sea Borough,1720971.65,1093664.1
14331,Bay Head Elementary School,118160.44,79667.59
14332,Elberon Elementary School,4990454.82,4198571.09
14333,Ilan High School,1141131.18,694180.88
14334,Laura Donovan Elementary School,181211.2,145574.27
14335,Glen Oaks Liquor,1504433.84,941602.94
14336,Edlen's Meats,3913652.58,2931972.16
14337,Baron's Drug Store,4255419.51,3803696.2
14338,Pizzo & Pizzo,2611091.19,1648126.79
14339,Haddon Heights Borough Hall,391595.03,281465.07
14340,Branchburg Car Care Center,3417016.75,2773249.73
14341,Bagel Garden,1047358.87,989460.1
14342,Bridgewater Acura,2821802.6,1876099.41
14343,Safavieh,4366205.99,3567804.38
14344,"Tilus Business Services, Inc.",4436001.96,2677314.49
14345,The Anchored School,1164938.21,777987.53
14346,Interiors By CC,2239197.28,1735989.15
14347,Richard P. Calabrese Administration Building,1046635.18,677842.49
14348,Collision Max,3251334.48,2287179.52
14349,T&T Nails & Spa,2522799.88,1756057.46
14350,The Laboratory,3833767.07,3109707.48
14351,Action Auto Body,3855075.25,2318412.07
14352,Ocean City Coffee Company,3007231.42,2640170.95
14353,Pike Wines & Liquors,4084272.04,3580084.5
14354,Hammonton Town Hall,781494.03,701630.35
14355,Carnesale Funeral Home,2540811.37,1764216.63
14356,Toy Market,2529442.19,1788429.78
14357,Marinella Funeral Home,1712928.01,1385568.73
14358,Hillsborough Farm Market,4025570.42,3696596.75
14359,Annie's Deli,2929680.26,2281161.49
14360,Signature Salon & Spa,4424976.97,4026651.24
14361,Just A Cut Family Haircutters,3585536.7,2940502.9
14362,Johnson's Corner Farm,1005579.99,931997.39
14363,Middlesex County Board of Social Services,214506.44,149898.96
14364,Gleason Funeral Home,3684466.9,3152439.29
14365,Branchburg Municipal Building,3405888.93,2856046.72
14366,Branchburg Funeral Home,282664.42,224630.72
14367,Lopatcong Elementary School,2886029.33,2047037.71
14368,DCH Paramus Honda,2470379.51,1819034.81
14369,Ottomanelli's Sporting Arms,3104678.46,2146185.48
14370,Somerdale Automotive Repair,1092458.57,933892.2
14371,Warwick Wine & Spirits,952429.01,606465.88
14372,Webb's Barber Shop,3358251.81,2715580.8
14373,Village Bakery,528258.73,381049.36
14374,Hodi's Auto Services,3007463.63,2707099.67
14375,Washington Car Care Center,1126915.39,930802.17
14376,Vicky's Discount Liquors,2444690.01,1701316.54
14377,Top Notch Barber Shop,900897.85,720635.32
14378,New Jersey Motor Vehicle Commission - Randolph,3090930.89,2772901.22
14379,Hudson County Schools of Technology,1560391.19,1082912.73
14380,Gloucester City Discount Liquor,192281.84,127830.99
14381,Gloucester City Municipal Building,3862883.05,2997935.27
14382,Korner Store,3513177.79,2221331.08
14383,Duffy’s Liquor Stop,3290704.26,2894841.09
14384,Asbury Park Cyclery,3450616.43,2408067.06
14385,Oriental Rug Masterpieces,1515590.51,1251834.72
14386,TRM Automotive,3877225.17,3101874.31
14387,Bay Head Borough Hall,389367.53,358252.92
14388,Circus Wines,3343848.9,2989327.05
14389,Grease Monkey,4137556.35,2960577.5
14390,Fountain 9 Mall,1970741.88,1500084.47
14391,Stony Lane Elementary School,1242967.86,924459.0
14392,Norman A. Bleshman Regional Day School,1491558.81,901642.33
14393,Costantino Funeral Home,611206.23,529574.1
14394,Zale Funeral Home,4654836.52,2823407.69
14395,Gabriel Realty,3733639.94,2758838.94
14396,No Limit Auto Body Paramus,2637235.28,2319115.22
14397,Kale's Nursery and Landscape Service,1459678.38,1195438.09
14398,Carl's Auto Parts,2929828.99,2456637.94
14399,Enlightenment Ink,2986391.87,2770984.7
14400,Lukoil,2671222.03,2427642.89
14401,PVH Corp,4435143.48,3250122.06
14402,Bayside Title Agency,759101.22,641255.08
14403,Heritage Middle School,1776603.78,1240707.86
14404,Hunterdon Central High School,1896413.92,1541967.1
14405,Alexandria Township Municipal Building,2569335.3,1838228.41
14406,G Harold Antrim Elementary School,160642.54,147514.74
14407,Milford Elementary School,904207.25,693334.93
14408,Union County Administrative Building,149661.36,137700.62
14409,Union County Courthouse,888927.51,582576.48
14410,Phillipsburg High School,2404833.09,1863508.57
14411,The London Hair Salon,2815414.88,2084806.98
14412,Flemington Shell Food Mart,2369229.18,1845025.08
14413,Bart Dickinson Marine Services,4875664.62,4120518.82
14414,English Creek Supply,4702103.46,4298931.48
14415,BCI Truck Sales/Service,4474402.85,4120926.78
14416,Tomar's Discount Liquors,273059.6,175909.17
14417,Deltona Discount Tires,3772445.25,3081508.73
14418,Hometown Hardware,2342417.66,1843969.63
14419,Closter Boro Hall,4851563.98,3287281.88
14420,Hillsdale Municipal Building,3687233.47,2614910.35
14421,Francis A Desmares Elementary School,1222316.85,1012112.42
14422,Academy of the Holy Angels,3382207.24,2919035.67
14423,Bergen County Technical Schols-Teterboro,224846.17,178720.04
14424,Frenchtown Borough Annex,4773415.51,3887638.3
14425,Gorilla Vapes of Egg Harbor,1596132.53,1341362.02
14426,Mountain Way Elementary School,207125.1,171727.75
14427,East Amwell Municipal Building,2948722.46,2437585.6
14428,Shaffenoth Jersey Fresh Fruit Stand,4019547.89,3671041.27
14429,Hunterdon Storage Ringoes,4020654.07,2980522.13
14430,Delaware Township Elementary School,362546.8,339143.04
14431,Spencer Gifts Corperate Office,212003.28,148253.43
14432,West New York Middle School,1331332.02,1044112.09
14433,Atlantic City Public Works Department,4417749.43,3056703.59
14434,C and M Produce Market,3643112.91,2858208.1
14435,Oak Street Elementary School,1003434.73,642840.49
14436,Lakehurst Elementary School,2907506.9,2509533.36
14437,High Profile of Lakehurst Dispensary,3543657.12,2441546.88
14438,Unique Automotive,124261.97,83962.05
14439,Boom Supermarkets,705977.9,510985.55
14440,Bernards Township townhall,3284824.95,2558320.63
14441,Suburban Propane,3057380.72,2571850.66
14442,Hillsborough High School,3085097.31,2143927.72
14443,Nelson Mini Market,2431459.08,1661163.1
14444,Spina Records,2212261.65,1834728.93
14445,"Christopher A. Brown, Attorneys at Law",931033.97,606601.15
14446,Golden Merchandise Inc,101295.0,82736.29
14447,Mexicargo,4513537.82,3563219.39
14448,"Levine Staller Sklar Chan & Brown, P.A.",365068.13,241607.68
14449,Fairmount Liquor Store,1493254.41,1086223.94
14450,Queen of Heaven Regional School,1677039.14,1231104.34
14451,Travell Elementary School,2700246.36,2036913.24
14452,Flying Feather Farm,1211745.73,1149619.3
14453,Hometown Market,561299.49,404160.05
14454,Red Hot Ice Cream,350047.89,276489.89
14455,24 Hours Convenience Store,3694729.17,3358626.7
14456,D Formica Cleaners,2697982.25,2111727.31
14457,Pete's Convenience Store,623990.02,479914.08
14458,Starkman Distributors,4408722.7,3670849.61
14459,Tha Afty,459379.82,291122.97
14460,Egg Harbor Township Municipal Building,3606788.33,2466716.44
14461,Joseph T. Donahue Elementary School,4918351.55,3843580.76
14462,Shaheen Grocery,4539225.76,2990094.49
14463,Janis E Dismus Middle School,1752052.87,1307413.1
14464,Dwight Morrow High School,2159222.33,1924798.36
14465,Patrick M Villano Elementary School,2840607.12,2269365.84
14466,Eric S. Smith Middle School,2632960.75,2201609.8
14467,Just Cutt-N-Up,424823.48,343497.46
14468,Ginger Inc.,408212.23,266016.38
14469,Pleasantville City Hall,1459151.74,985609.36
14470,Cycles of Life,3229427.26,2074665.22
14471,St. Monica's Rectory,2938882.83,1773768.23
14472,Midland Park High School,3896086.13,2742732.91
14473,Grant Elementary,1566424.45,1263607.0
14474,Westwood Regional Jr./Sr. High School,473203.77,328081.56
14475,Catherine E Doyle Elementary School,3794161.07,3190352.32
14476,Northvale Public School,2522227.04,2048764.15
14477,Kramer Beverage,2355992.71,1973481.95
14478,Jessie F. George Elementary School,2759354.12,2395763.69
14479,Lewis F Cole Middle School,3138718.5,2397256.24
14480,Mendham Township Middle School,979460.12,734204.83
14481,Diamond Hut Jewlers,2512615.86,1675227.57
14482,Steps New York,726179.57,438857.88
14483,Deo Eyeglasses,2234467.74,2046738.37
14484,A Dollar Store,3378731.62,2617028.69
14485,Champs,1870193.27,1185705.37
14486,Justin's Mensware,1651467.85,1454249.45
14487,Kickclusive,698312.66,581433.35
14488,Atmosphere Shoes,4800475.98,3302703.37
14489,V&C Image Salon,4407689.98,3712570.33
14490,Swizzle Stick Liquors,860065.48,546720.99
14491,Milton H Allen Elementary School,2469335.24,2165886.47
14492,Brick Town Hall,236027.29,191004.17
14493,Mavis Disount Tire,3794712.9,2920908.08
14494,Princeton Municipal Building - Witherspoon Hall,1909367.53,1542115.81
14495,Miller Ford Lincoln,2099421.24,1490276.76
14496,Miller Subaru,1004097.16,877303.53
14497,Highway Tire & Auto Service,852013.88,541450.33
14498,Salon Muse,3679230.7,2815396.25
14499,Mt Holly Bicycles,3138585.85,2190172.88
14500,Ocean Tents & Party Rentals,3401597.65,3107448.26
14501,Saddle Brook Middle/High School,94597.0,74729.12
14502,Helen I. Smith Elementary School,3618602.21,3118576.13
14503,Long Memorial Elementary School,1466690.47,1171932.9
14504,James Madison School #10,4825102.84,4082290.65
14505,Flemington Borough Hall,4812101.46,3886212.53
14506,Mart's Liquor Store,4280671.25,3410388.18
14507,Westampton Liquors,4996115.49,4332398.13
14508,Burlington County Human Services Facility,61838.06,39339.53
14509,Levine Law,1824064.65,1115945.52
14510,Friendly Tire & Auto Center,4165398.2,3218932.58
14511,Cameo Fabric Care Center,316073.27,200567.0
14512,Fair Lawn Municipal Building,4321891.28,2849533.19
14513,MINI of Edison,1234752.01,952227.36
14514,Stop & Go,2553573.55,1649046.48
14515,Napoleon's Cremepuffery,4621036.34,4087458.78
14516,CarShop,935284.58,800058.66
14517,U-haul Moving & Storage,2844277.93,2468562.05
14518,Newton Town Municipal Building,2109298.3,1270055.69
14519,Virani Jewelers,4628053.78,3486635.26
14520,CP Jewelers,2684447.9,2527446.4
14521,Pintoo Jewelers,3050374.86,2649063.29
14522,Saree Bazaar,2991233.16,1859630.28
14523,Quality Sweets,2902080.77,2141213.53
14524,Shahnawaz,4058064.86,3227141.79
14525,Asian Grocery,3143271.03,2640471.66
14526,Gold Palace Jewelers,1040540.1,873663.7
14527,Orellanas Tires Shop INC,907924.93,676392.73
14528,the freshmen building,305288.22,285322.0
14529,Prime Liquors,4330467.06,3075506.05
14530,Payless Liquor & Deli,464809.97,434692.09
14531,More Than Perfect,1902730.71,1657913.8
14532,University Wines & Spirits,887106.64,572742.74
14533,Jackson Avenue Elementary School,690988.42,577186.3
14534,Faithful Motor Works,4261649.32,3945210.18
14535,Leonia Stationery,3132817.03,2051324.63
14536,Leonia Borough Hall,1505697.49,928193.63
14537,Leonia Board of Education,4619341.16,4147861.26
14538,Central Auto Tech,2888249.95,2343024.79
14539,Princeton Friends School,3660491.64,3194134.9
14540,The Lewis School of Princeton,4862612.41,4246787.6
14541,Frames of Mine,3478137.55,2814979.69
14542,"Park & Caporrino, LLP",1899488.96,1595843.33
14543,Gulf Express,920007.76,554183.64
14544,Windsor Woods Apartment Leasing Office,1557535.95,1242472.16
14545,North Hudson Academy,1775134.79,1129428.22
14546,Walter Faust LLC,1857443.28,1753019.33
14547,Lavi Nails,1904234.68,1528983.25
14548,American Eagle,2994145.43,1802964.28
14549,Maywood Avenue School,4143877.35,2795137.76
14550,Quick Chek,869467.4,673198.11
14551,The Bearded Dragon Games,4131930.3,3482856.78
14552,Moda Sportswear,1811684.46,1479345.34
14553,Lexus of Cherry Hill,706038.9,506125.94
14554,Mill Street Tire,3657073.95,2891331.49
14555,Saint Rose Grammar School,478851.65,294516.14
14556,Saint Rose High School,3031976.28,1938915.88
14557,BMW of Mount Laurel,1474775.38,893241.43
14558,Palisades Park Municipal Complex,2892233.22,1990994.48
14559,Atlantic County Historical Society,463167.92,306534.21
14560,Pink House Boutique,2024594.0,1528232.39
14561,Hall of Fades,340010.1,310274.28
14562,Somerdale Municipal Building,167124.29,143671.11
14563,East Hanover Township Hall,3303333.73,2548765.84
14564,Sixteenth Avenue Elementary School,314384.51,199422.54
14565,Bellmawr Municipal Building,4380205.83,4149597.75
14566,McGuire Chevrolet,1378800.09,872445.1
14567,Elmwood Park Municipal Building,2195479.88,1605432.21
14568,Lebanon Borough Elementary School,2346740.5,2125251.23
14569,Monmouth County Clerk's Office,3341614.63,2174348.33
14570,Cameron's Scotish Market,3130162.85,2863770.74
14571,Holmdel Township Town Hall,4251071.0,3295424.43
14572,Ravine Drive Elementary School,1115217.02,669361.64
14573,Bedminster Town Hall,4913442.43,4441902.37
14574,Julia A. Traphagen Elementary School,1226260.25,858816.04
14575,Wandell Elementary School,645745.9,426222.43
14576,Bergenline Supermarket,1582654.47,1343968.71
14577,Saint Luke's School,3936570.19,2676329.62
14578,Liquorland,3414368.51,2351392.01
14579,Waldwick Auto Service Center,2340072.0,1863407.84
14580,Bienvenido's Deli,1411462.09,1199804.99
14581,El Rodeo Store,859582.13,569025.0
14582,Mobile Mower Repair LLC,2220784.67,1402466.1
14583,Amster & Rosensweig Attorneys at Law,3644812.86,2281849.56
14584,The Village School For Children,4050341.28,2678812.92
14585,The Forum School,3522525.99,3328795.38
14586,Rocket Building Supply Inc,920790.35,568489.16
14587,Liberty Subaru,4361018.25,3211171.68
14588,Utopia Deli,934125.48,591440.44
14589,Kirbys Mill Elementary School,4086973.16,2818996.22
14590,Hair Town Barber Shop,114635.59,70575.27
14591,Waldwick Seventh-Day Adventist School,4310733.13,3190294.76
14592,Brooklawn Middle School,2820231.22,1796722.98
14593,Lake Parsippany Elementary School,3735956.11,3434190.75
14594,The Lake Parsippany General Store,1795794.97,1153783.9
14595,D & R Canal State Park Office,1504297.61,1331684.32
14596,Wall Street Journal,1737068.01,1460271.55
14597,Dow Jones,426105.52,268819.34
14598,Eastern Christian Preschool and Elementary School,208473.35,132449.06
14599,ADESA New Jersey,2258768.74,1462710.17
14600,Florence Township Memorial High School,2909687.36,2446982.11
14601,Santori's Produce Outlet,2109146.88,1649125.21
14602,AC Leef,2138520.72,1882895.0
14603,Daja,3764605.34,3543034.4
14604,Flavor,4044709.13,3789489.38
14605,Body Graochis,111620.22,105322.68
14606,Sal's Family Deli & Grill,1695078.28,1598949.56
14607,Cub Liquor,2814613.03,2036617.38
14608,Toa Reinsurance,3563627.88,3370883.51
14609,Crum & Forster,2356458.39,1543196.35
14610,Big City Store LLC,1952590.04,1325839.0
14611,Lawrenceville School,847502.74,733715.54
14612,New Jersey Realtors,2336914.28,1697559.48
14613,Frankels Boots,634050.71,573773.35
14614,Dryer's,2085816.45,1615414.03
14615,Bloomingdale Avenue Elementary School,484753.55,410624.55
14616,Mui Mui Nail Spa,302646.11,239132.57
14617,Eden Auto Repair,2350342.54,1860483.92
14618,Shell Select,1224991.58,1085071.26
14619,ExxonMobil Research,3823672.93,2314390.56
14620,Ivy League Cleaners & Tailor,2028468.32,1364593.23
14621,Stripes,4279131.69,3171906.27
14622,Community School,4775535.49,3518472.0
14623,Valvoline Instant Oil Change,4230928.54,3948994.96
14624,Hackensack Meridian Health,4410209.33,4101729.43
14625,Windsor Bergen Academy,2097920.5,1549237.15
14626,Ridgewood Vehicle Company Inc,297064.43,194394.21
14627,Delta,3889429.0,3319755.88
14628,Orchard Elementary School,2355388.39,1815692.37
14629,Hawes Elementary School,3008271.75,2234184.81
14630,Willard Elementary School,401399.82,286558.8
14631,Alexander Hamilton Elementary School,1684094.57,1247648.81
14632,Ripicon,2225502.7,2016609.82
14633,Hampton Behavioral Health Center,1131186.75,838143.81
14634,Dana Oil,2031353.05,1543062.56
14635,Park Avenue Collision | Auto Painting,4196226.13,2697158.25
14636,Park Avenue Auto Body,1376226.77,1058180.33
14637,Sisto Realty,438463.73,408871.35
14638,Empty Shop,4452438.74,3795299.06
14639,Saver's Club Liquor Locker,1883171.93,1622498.88
14640,Passaic City Hall,2819544.34,1966895.66
14641,Riverdale Self Storage,2809369.08,1968212.92
14642,Brookside Middle School,4233816.68,3024375.95
14643,Mercedes-Benz of Atlantic City,2203229.21,2055125.81
14644,Thomas Jefferson school,3783985.22,2687855.73
14645,Beach Haven Beach Patrol HQ,4062612.83,3537858.24
14646,"National Weather Service - Philadelphia/Mount Holly, NJ",3811641.78,2958155.11
14647,Murphy's Marketplace,4295768.7,2596689.79
14648,How To Live,4254859.48,3999368.18
14649,Beach Haven Elementary School,1811572.23,1408859.59
14650,yuleTIDE,3570998.08,2790166.09
14651,The Treasure Hut Henna Tattoos,280058.89,192398.78
14652,LBI Book Swap,754048.21,530289.76
14653,Hedgepeth-Williams Elementary School,4573164.96,3936769.04
14654,Paketeria Food Market,3533490.18,2271447.63
14655,Trenton Auto Enterprise,1626118.48,1359078.43
14656,"Red, White & Blue Thrift Shop",1699625.96,1022318.21
14657,Municipal Boat Ramp Office,1599840.88,1222298.54
14658,Island Gypsy,805891.84,751391.88
14659,How to Live Bayside,2425886.46,1959161.58
14660,Sweet Haven Candy Shop,2449719.56,1594242.29
14661,Bleu Salon and Spa,327258.04,241702.9
14662,Sea La Vie,191984.45,117754.0
14663,"Diane Turton, Realtors (Beach Haven)",58313.04,43972.24
14664,Borough of Beach Haven,1572310.88,1125549.47
14665,South End Surf 'N Paddle,1866699.07,1510252.2
14666,Rommel's Wine & Spirits,846268.03,580650.72
14667,Lavish Salon,747758.56,599895.67
14668,AJ's Rentals,656761.99,586483.15
14669,Pearl Street Market,937853.42,691975.54
14670,Hampton Elementary School,2079588.24,1755218.92
14671,Woodglen Elementary School,857083.18,644278.18
14672,Dewitt D Barlow Elementary School,2590150.78,2111674.59
14673,Frederic W Cook Elementary School,1119625.13,677775.95
14674,Turnersville AutoMall,3462719.41,3213171.63
14675,Rick Allen's Auto Repair,1610201.3,1158097.05
14676,Pardo Fleet Solutions and Pioneer Truck Sales,4240434.97,3436001.23
14677,xpressmart,1469005.39,945174.25
14678,Columbo Liquors,3072887.48,2067692.45
14679,Califon Borough Elementary School,3692155.36,3229269.22
14680,Meadowbrook Dry Cleaners,4743862.38,3424839.3
14681,"Spa, Hearth & Home",1421254.36,880746.49
14682,Farias Surf and Sport - Beach Haven,3660319.68,2831864.06
14683,B&B Beach Haven,4757966.72,4352834.58
14684,Farias on Centre,4554006.42,2766415.44
14685,Abbey Stationers,3075075.28,2275330.18
14686,Coast Guard Exchange,814920.39,740511.2
14687,The Red Oaks School,1810789.81,1170578.14
14688,Ray & Dana's Inman Auto,1251383.02,962761.86
14689,NicoStilo Barbershop,2718526.25,1887474.25
14690,Creative Hair Design,449854.07,315887.59
14691,Westfield Friends School,225176.87,155020.03
14692,Manasquan Beach Office,789883.93,621293.11
14693,The Abbey,1034456.6,637009.63
14694,Auto Exotica Inc,1403918.68,987519.68
14695,WuXi Biologics,4785494.01,3361215.33
14696,Fractured Prune,2410326.99,1731896.46
14697,Fertig Funeral Home,280538.51,251527.36
14698,Court Liquors,2110140.92,1509059.38
14699,Richard's Deli,2986643.84,1974629.32
14700,Skip's Sports,308069.02,197898.04
14701,Wash Land Laundromat,4295406.69,3614478.62
14702,Back on the Racks #140,1332539.26,1023879.27
14703,Brazilian Market,491553.3,399436.96
14704,Back on the Racks #144,2311027.76,1464799.04
14705,Back on the Racks #148,232409.97,188454.46
14706,Bay Village Kiosk,2522297.06,1795373.51
14707,The Seeing Eye,1251396.02,1148867.73
14708,"SERVPRO of Hamilton, South Trenton",4654002.03,3471408.54
14709,Long Branch High School,2026171.07,1604101.77
14710,Long Branch Middle School,850312.62,664882.79
14711,Carmen's Foreign Car Repair,3775435.21,2643150.73
14712,Anew Vision Realty LLC,3745709.01,2256037.87
14713,1800 Flowers,4435841.66,3316630.44
14714,Paul W. Carleton Elementary School,248740.18,219834.17
14715,Penns Grove Middle School,4160081.55,3025747.61
14716,Pitman Middle School,1729582.16,1642647.31
14717,Pitman High School,1427143.56,1262114.34
14718,West Deptford Middle School,2050352.86,1933224.26
14719,Sergeantsville General Store,4615652.02,3529216.28
14720,Mary S Shoemaker Elementary School,2417134.05,2169241.9
14721,UCEDC,1969705.46,1667934.2
14722,Accurate Auto,3521792.77,2885928.28
14723,Foreign Car Repairs,1816640.72,1626110.12
14724,Cranford Service,4236945.72,3545030.98
14725,Centennial Service Center,2941832.74,2761426.6
14726,Fanwood Tire & Auto,2879329.97,2515998.03
14727,Just Subs,2766518.94,1986038.9
14728,Roselle Borough Hall,4664068.59,3855855.64
14729,PC Richardsons,417038.37,287701.75
14730,Henry B. Milnes Elementary School,3489942.04,3116384.78
14731,The Grove At Shrewsbury 1,4403077.17,3868949.56
14732,The Grove At Shrewsbury 2,3766075.35,3350930.66
14733,NY Bagel & Deli,861301.52,801081.9
14734,Calandra's Italian Village,4794179.83,3749134.59
14735,Penske Used Truck,1141121.03,924622.71
14736,South Brunswick High School,4509588.88,3199336.09
14737,Blitz's 21st St Market,818693.54,775719.82
14738,York Fence,1323261.01,1054083.16
14739,Memorial Sloan Kettering Bergan County,3805513.14,2608630.7
14740,Sweet Rae's Cookies,1912822.64,1593969.84
14741,D J Duffy,3328533.14,2562260.95
14742,Jersey Shore Collision,1635115.85,1351111.83
14743,Volvo Cars Manasquan,2629458.46,1724028.89
14744,Volvo Car Repair Service,3495113.46,3200716.26
14745,Tiles to Sea,1209824.3,1059826.25
14746,Mr. Paul's Custom Cabinets,496688.44,389988.93
14747,"Aqua Land Pools, Inc",395189.26,274325.07
14748,Wall Trading Exchange,2384561.4,1565263.77
14749,Tires Tires,2117593.96,1641785.81
14750,Simonas Bakery,712957.31,664281.09
14751,T&T Coast Buick GMC,887314.55,583660.21
14752,MarineMax Brick,1267837.47,975295.32
14753,Coast Honda,4719382.6,3671306.17
14754,Furniture Warehouse,3891262.28,3079575.32
14755,Red Penguin,3980402.66,2562260.51
14756,Hobbie & DeCarlo Attorneys,1505384.22,1175594.12
14757,The Big Button Consignment,2738644.65,2376841.41
14758,Associated Brakes & Mufflers,2333635.17,1973372.49
14759,Tri County Agency of Brick Inc.,4375165.01,3505211.34
14760,Dennis Cassidy - Prudential Financial,2523433.92,1598568.04
14761,Specialty Automotive,3420700.59,2862541.35
14762,All American Ford in Point Pleasant,715147.53,667595.07
14763,Point Pleasant Collision,2569132.54,1762631.91
14764,M&M Auto Services,3015745.85,2024782.03
14765,Natures Reward Farm Market,1355039.17,902493.47
14766,Baron's Bagels,3496337.25,2477159.24
14767,Smalley's Automotive,1933641.84,1514586.85
14768,CocoLuxe Fine Pastries,2156637.09,1745329.45
14769,Fort Monmouth Economic Revitalization Authority,990192.74,744504.16
14770,Family Promise of Monmouth County,4186307.48,3393007.63
14771,Monmouth Health Foods,714466.6,460719.69
14772,Manasquan Borough Hall,4459502.8,2951009.25
14773,South Street Salon,4659572.04,3217476.39
14774,W F Sherman & Son,4872948.78,4244060.94
14775,Xtreme Custom,2427884.93,1597795.71
14776,A Plus Express,1316172.14,928006.27
14777,Belle Mead Co-op,879055.06,728483.92
14778,Delanco Department of Motor Vehicles,2420574.52,1650353.62
14779,Hillsborough Funeral Home,852719.32,515531.64
14780,Salon Elan,855102.83,660076.13
14781,Stockton Food Store,4159218.91,2706136.76
14782,Bridgewater Overhead Doors,1165697.89,1003444.72
14783,Hazel Boutique,1107160.45,829596.8
14784,Honda of Princeton,2618770.19,1996180.92
14785,Fanwood Borough Hall,3487056.29,2620307.93
14786,Janie & Jack,3460656.78,2641070.46
14787,Somerset County Business Partnership,4062516.77,3643255.07
14788,Holly Glen Elementary School,1866671.66,1562435.05
14789,Snack & Go,2064893.56,1542308.18
14790,Oak Knoll Elementary School,719516.37,642292.49
14791,Wholesale Outlet,4881166.89,3484933.57
14792,Somerset County Democratic Headquarters,4825019.57,4004306.89
14793,Bingham Elementary School,1978395.58,1593717.55
14794,Verona High School,310049.01,228613.55
14795,Robert J. Boyler Elementary School,1333610.22,844648.79
14796,Crescent Elementary School,2847135.33,1879159.88
14797,Land Rover,139633.27,103439.75
14798,Woodbridge Auto Tech,4441583.35,2707165.94
14799,New Jersey State P.B.A.,3813526.63,3139596.97
14800,Murphy's Fresh Markets,196053.71,173094.55
14801,Golda Och Academy,2228035.17,1888637.81
14802,Epic Cookies,1579135.03,1473842.25
14803,Roosevelt Middle School,1235479.83,902547.85
14804,Gregory Elementary School,3611051.34,2865516.59
14805,Hunter Truck Pennsville,913162.72,669594.05
14806,Bayshore Ford,2885342.79,2136530.35
14807,Broadway Laundromat,2187319.44,1557134.52
14808,Pennsville School Distrcit,99671.05,63741.48
14809,Brian Cowan's Auto Center,2694738.77,2205879.14
14810,Pennsvile Tire & Auto,202504.53,148413.22
14811,Open Road Auto Sales,2640497.19,1982748.7
14812,Curriden Auto Sales,4605352.6,3247476.26
14813,Pennsville Township Municipal Building,278525.0,239578.77
14814,Pennsville Community Hardware,2713912.16,1819355.47
14815,Fornaro's Wine and Spirits,774469.56,685606.67
14816,Elevated Remodeling,2377507.4,1779497.02
14817,STS Tire,3295593.75,2575692.15
14818,D & R Boat World,1431011.5,915322.86
14819,Garage 22,2844167.77,2241545.25
14820,Almost Below Cost,2398723.08,2183075.08
14821,NJ Cash For Cars,3165082.41,2538524.01
14822,Regus,3234578.57,3064621.67
14823,Infiniti,3994468.98,2556071.21
14824,AMG,4420745.57,3949306.03
14825,Fullerton Ford,2407317.78,1952120.86
14826,Fullerton Maserati,435553.48,390251.73
14827,Lexus,4589769.44,3907064.52
14828,RaceWay,1829515.04,1660209.05
14829,99¢ & Discount Depot,1920523.12,1669013.72
14830,Matsen & Ray Law Offices,3920089.08,2953315.88
14831,Lil's Barber Shop,1673386.96,1038964.58
14832,Ecret's Flower Shoppe,2588364.92,2150877.53
14833,Tom’s Auto Repair,2033279.32,1563630.64
14834,Maple Ave. Automotive,3337117.41,2558789.05
14835,CubeSmart Self Storage,1093590.95,835925.54
14836,Belmar Spring Water,978005.22,896526.23
14837,CarFinder Fred,1626191.26,1033423.42
14838,The Bristol-Meyers Squibb Children's Hospital,3931323.95,3163607.66
14839,The Center for Wound Healing,2658806.68,1750739.11
14840,American Hungarian Foundation,3308022.53,2525474.71
14841,Retro Lotus Games,4124342.4,2601949.25
14842,Rockaway Townsquare Mall,2171067.12,1687290.51
14843,Dennis B O'Brien Elementary School,863307.02,572306.71
14844,Enterprise,4036513.23,3669724.69
14845,Allamuchy Town Hall,4918411.41,3894627.24
14846,Franklin Mutual Insurance,520764.34,423259.17
14847,Branchville Borough Municipal Office,1834934.19,1571677.18
14848,Aquarium Laundromat,2067667.63,1846735.65
14849,Middletown High School North,1342027.8,997563.42
14850,Tiny Greenhouse,2977967.7,1891650.35
14851,Earthsongs: Works in Clay,4177846.67,2744386.07
14852,MainGear,51261.98,33386.82
14853,Cherry Blossom Montessori School,623155.57,435237.76
14854,Highland Park Schools,4490804.16,2776527.6
14855,Round Valley Middle School,3900132.07,3527390.31
14856,George's Liquor and Deli,4259400.43,3790949.63
14857,Epic Systems,2349020.0,2088424.14
14858,Phases Spa,4238039.14,2705487.72
14859,Redeemer Lutheran School,3872787.27,3197955.9
14860,Budd Lake Transmission & Auto Repair,2318759.3,1496638.68
14861,Bentley of Edison,2205345.81,1414844.71
14862,The Auto Store,4979657.56,4143818.98
14863,Jersey Vape Store,3855370.62,3033144.17
14864,Immaculate Heart Academy,1711046.95,1490427.44
14865,Verizon Wireless NE Headquarters,781689.83,628879.3
14866,J&M Storage,4908457.68,3061541.14
14867,Lampol Travel,2108399.06,1543326.23
14868,Bridgewater Funeral Home,4377061.9,2862329.81
14869,Martinsville Florist,1918968.47,1363871.28
14870,Collision Tech Auto Body,2978426.87,1896547.84
14871,Bell Mitsubishi,3693924.15,3471151.35
14872,West End Elementary School,2205971.96,1929442.32
14873,Morrison's Ship's Store,2870362.99,1806034.72
14874,Domenic & Pietro's Barber Studio,4047784.81,3193959.33
14875,Carlo Russo's Wine and Spirits,2536982.73,2182893.13
14876,Wyckoff Memorial Town Hall,2354579.94,2133279.95
14877,Tisdale Fields,1510066.29,944210.2
14878,Interstate Shopping Center,942550.62,585315.22
14879,John Y. Dater School,4717812.46,3159852.23
14880,Chubenko Funeral Home,1619391.81,1511572.02
14881,Van Meter Auto Repair,1478589.37,1248341.57
14882,Barry's Appliance,4842194.12,3687284.03
14883,Bridgewater Motorworks,1543041.3,1100127.91
14884,Ernie’s Guitar Repair,3468781.65,2616863.49
14885,The Ellison School,1377600.35,1112887.69
14886,Borough of North Arlington,711212.31,516579.26
14887,Revelations Salon,3516768.36,2789913.74
14888,La Sala James,4499279.28,2738929.38
14889,Yogi's Quick Shop,2407575.9,1674677.77
14890,JC Towing and Auto,3823404.62,3134370.82
14891,Hopewell House Wines and Liquors,3382819.85,3163595.69
14892,Mahbubeh's Antiques,465086.91,307171.76
14893,Típica Él Quetzal,4578466.32,3320388.44
14894,Bishop Schad Regional School,1827026.4,1565568.45
14895,Martens Body and Fender,4209962.26,3929920.13
14896,Verchio's Market,2766362.99,1776175.35
14897,CosmoLex,686915.58,600870.64
14898,Barnegat Light Borough Hall,4022876.54,2609263.19
14899,The Keepers Liquor Store,4857123.22,3897883.74
14900,Bobbies Boats,488916.77,403360.5
14901,Wildflowers by the Lighthouse,4580722.88,4038224.29
14902,Twig Nest and Bloom,1787192.91,1128030.12
14903,The Inlet Deli,3868444.35,2528125.03
14904,Oaklyn Municipal Building,1298674.48,1031122.73
14905,Yaatree Bazaar,1321839.95,960577.45
14906,Automotive MD,508762.96,324396.22
14907,Steckel's Auto Repair,1700173.14,1549603.27
14908,Jack's Auto,1864143.19,1442094.19
14909,Marshall's Garage,1920565.83,1287723.61
14910,Altra Nail Spa,2733540.1,1883909.31
14911,Woodstown Bakery and Coffee Shop,3942699.33,2852939.79
14912,Headlight Tattoo & Body Piercing 3,1448397.74,937349.99
14913,Alliance for a Living Ocean,2213342.7,1878645.01
14914,Surf City Fishery,3003950.45,2522413.98
14915,LBI Acupuncture & Healing Center,1719861.43,1446456.99
14916,High Bar Harbor Yacht Club,4666864.62,4416019.07
14917,Lighthouse Marina,2881676.93,2261715.11
14918,The Marina at Barnegat Light,2084682.42,1470278.9
14919,Island Surf & Sail,1325858.84,877109.45
14920,Farias Surf & Sport,1718197.58,1293004.6
14921,B&N Auto Sales,3884047.55,2960368.88
14922,Puglia's Produce,3284618.04,2542097.68
14923,Bill Wahl Supply,4512985.49,2879931.78
14924,"In The Village, A Fine Salon & Dap Spa, Mullica Hill",3320403.64,2778443.65
14925,thomas + main,293463.06,185554.2
14926,Dun Rite Auto Repair Shop,3159051.32,2135822.15
14927,Paul's Service Center & Towing,3784338.95,2277669.28
14928,Rocco's Collision Center,3404963.12,2930096.88
14929,Heritage's Diary Stores,2363797.79,2051692.73
14930,Concord Products Inc.,1909051.0,1541352.07
14931,Caché Beauty Lounge,4104373.98,3739764.64
14932,Sand Dollar Real Estate,2850420.93,2077911.23
14933,Surf City Bait & Tackle,4410209.83,2991589.32
14934,Surf City 5 & 10,3818432.5,3308978.49
14935,Belmar Bike Shop,4297071.09,2579228.83
14936,Surf City Borough Hall,4359246.28,3953542.77
14937,Commons at Saddle River,3346101.79,2261793.95
14938,Tire\Wheel Performance Center,1384221.38,1168571.94
14939,Blue Claw Seafood Market,3438270.62,2335905.49
14940,Garabedian Real Estate Companies,2458385.61,1889343.91
14941,Surf City Barber Shop,256089.17,215026.37
14942,Surf Buggy Bike Shop,512355.53,394122.48
14943,Kilroy's Wonder Market,2704766.93,2205136.09
14944,Lighthouse Deli LBI,288308.03,195182.63
14945,Coco Kimono,961091.66,853517.31
14946,Anchor Produce Market,2256321.59,1653002.17
14947,Okie's Butcher Shop,3571344.48,2925863.56
14948,Baked on the Beach,1513271.95,966263.87
14949,Society Beach,2012402.01,1320359.34
14950,Belleville News & Food Store,4964196.84,3276741.06
14951,Agnello’s on the Cove,4472769.05,3684440.93
14952,Harvey Cedars Borough Hall,2892324.48,1784284.73
14953,Jay Madden Architect,4608608.21,4169282.44
14954,IKM Insurance,2794945.1,1736918.75
14955,Ziman Development,469135.14,293217.31
14956,Benée Scola & Company Realtors,1191708.76,768086.96
14957,Oceanside Realty,3040712.41,1900736.17
14958,hch Real Estate,3522512.68,3181550.41
14959,Stonehenge Realty Group,2627494.23,1612392.61
14960,Neptune Wines & Liquors,4136832.63,3565397.01
14961,Michael Ryan Architects,184571.7,161687.77
14962,Cassidy's Fish Market,1036287.88,688731.77
14963,The Seawife,3091062.59,1978462.46
14964,Agnello Market,2038231.54,1838036.31
14965,Bayview Marina,1892796.43,1495941.96
14966,White's Market,3332193.2,2837764.62
14967,DiPietro Financial Services,3149269.48,2243187.9
14968,English Creek Self Storage,2736947.95,1690895.65
14969,Atlantic Christian School,3015540.22,1951509.41
14970,Prestige Auto Body,1829420.46,1240300.99
14971,H&Z Auto Body,3401995.22,2777461.97
14972,Ascend Cannabis,1902569.54,1440220.34
14973,Pumpkin Fine Cars & Exotics,1303142.94,891312.41
14974,Dunkin' Donuts and Baskin Robbins,2347568.81,2042045.8
14975,Singin,1597547.05,1333824.33
14976,MB Auto Repair,2083364.78,1283775.07
14977,Sunny's Auto Repair,1389226.22,1310983.69
14978,Total Precision Autoworks,3388340.21,2960986.13
14979,Pat's Village Deli,1951509.52,1512628.66
14980,Norwescap,2014750.08,1582398.31
14981,Paul-Mart,672853.12,415061.07
14982,Pohatcong Township Department of Public Works,4380754.19,4036012.65
14983,Pohatcong Municipal Building,2096508.53,1368138.04
14984,Manny's Tires and Auto Service,825919.11,633926.35
14985,Fort Lee School #1,2257197.94,1849696.91
14986,Lucero Florist,1248122.77,917947.87
14987,Caroline Boutique,2190222.84,1317763.65
14988,Millridge School,2438539.62,1508207.58
14989,Washington Township Municipal Building,1815724.58,1525957.8
14990,Spilker Funeral Home,4725954.6,3591845.36
14991,Wedgwood Elementary School,699665.64,447147.6
14992,CLM Advisors LLC,2670505.77,2293577.86
14993,Brava Vita Flowers & Gifts,3796933.1,2874920.86
14994,Law Offices of Cheryl L. Cooper,4804501.18,3935402.48
14995,Caffrey Glass,3566673.33,3016814.59
14996,West Capey May Municipal Complex,4699649.16,4291411.32
14997,Duckie's Farmer's Market,1302349.47,890992.1
14998,Beach Plum Farm,1799930.64,1494173.73
14999,Number 22 Elementary School,4133281.23,2759134.76
15000,Central Motor Pool Service,4449695.92,2869313.43
15001,Bagel Bin,2450292.23,2036330.82
15002,Clayton J Davenport Elementary School,4819581.12,4437201.88
15003,Joyce McDade Administration Building,2893446.83,1950555.86
15004,Bloomers Home & Garden Center,821435.17,621720.71
15005,Zoll Medical Corporation,1365886.57,1013006.04
15006,Erika Record Baking Equipment,2998316.21,2260503.74
15007,Mobility Elevator & Lift Company,4991567.26,3708662.63
15008,Quagen Pharmaceuticals LLC,1539887.1,1174835.37
15009,Wallwork Group,3984278.3,3773815.73
15010,I.U.O.E Local 68,4908928.87,3885220.38
15011,Ram International Shipping LLC,1107983.94,782146.57
15012,Tool Krib Supply Co,1121855.01,848945.51
15013,"The Ambriola Company, Inc.",708519.72,630789.51
15014,IUOE Local 68 Training Center,1937735.11,1793366.35
15015,Colter & Peterson Corporate HeadQuarters,4648819.27,4087857.04
15016,Plumbers Local # 24,2758576.53,2365319.05
15017,Essex Regional Educational Services,3869793.1,2715941.6
15018,Millennium Marketing,421832.49,258595.31
15019,Highland Capital Corp,2283817.91,1739686.99
15020,Selco Manufacturing Corp,4887965.4,4335380.66
15021,Original Bagel Company,3600662.48,2486886.14
15022,"Aerial Rise, LLC",192788.37,167056.23
15023,Regi U.S. Inc,1109188.36,1022938.04
15024,Midland School,3844524.67,2695987.67
15025,Clifton High School,439246.16,343514.71
15026,Installation Concepts Inc,1729797.47,1514738.95
15027,The Hair Spot,3308329.58,3065037.55
15028,Village Medical Supply,2719433.51,2002762.57
15029,Granite Kitchen Bath,3144164.09,1891425.15
15030,The Learning Center For Exceptional Children,1010271.1,715264.87
15031,Fit Fabrication,4430646.75,3447867.98
15032,Morici Motor Sports,268410.32,219248.45
15033,Hoboken Farms,4833990.46,4150366.5
15034,Nerds We Can Fix That,4724166.02,3687432.45
15035,Parkway Iron & Metal Co Inc,2147080.87,1553018.21
15036,Advanced Scaffold Services LLC,1376629.11,903718.26
15037,Clifton Self Storage,4300770.68,2689069.19
15038,DTS Warehouse & Distribution LLC,229527.88,205400.88
15039,A G L Welding Supply Co,3444117.96,2634114.51
15040,The Grace Church property,3863486.8,3158328.29
15041,The Red Oaks Middle School,2445502.92,2079272.99
15042,Cliffside Park Municipal Complex,1989272.94,1373663.16
15043,Ezra L. Nolan Number 40 Elementary School,4666816.71,2898739.56
15044,VAST Center,426213.89,363536.31
15045,Trenton Department of Public Works Division of Public Property,4093876.05,3580625.89
15046,Ark in the Park,3578999.37,3255948.61
15047,Cedar Hill Preparatory School,2464738.83,2193647.68
15048,Pure Laundry Services,4302178.45,2750363.49
15049,New Way Deli Market,3896828.9,2926720.98
15050,Old Bridge Funeral Home,2299749.95,2032189.97
15051,Trenton Health Promotions Office,1215331.18,1091932.01
15052,516 Auto And Tire,1501902.61,1139572.25
15053,Howell High School,2687074.91,1821821.66
15054,Adelphia Elementary School,2101234.58,1752770.17
15055,Puerto Rican Association for Human Development,2789764.02,1722045.7
15056,Chambers Auto Sales,2537478.6,2236507.22
15057,Ledford Funeral Home,3684508.85,2814658.51
15058,Rena Elle Bridal,2562081.09,1994562.49
15059,Formal Expressions Tuxedos,3773503.69,3474991.93
15060,The Automotiver Outlet,2734693.87,2018041.14
15061,Cherry Hill East High School,1325130.01,1100944.32
15062,Inman Plaza,2688854.58,1930882.26
15063,Dr. Debbie Kim Optometry,4890638.58,3273082.58
15064,Conoco,1575853.35,1203044.03
15065,Slaybaugh Primary School,339934.48,229263.34
15066,H. Russel Swift Elementary School,3253510.96,2815498.33
15067,Dr. Joyanne D. Miller Intermediate School,1276720.16,826511.23
15068,C&L Auto Body Towing,3043777.09,2792046.27
15069,Moorestown Hardware,844081.69,540884.95
15070,Romano's,2228765.17,1619172.34
15071,Wanaque Municipal Building,947360.84,585238.28
15072,Warren Point Elementary School,3263818.79,2240637.41
15073,Carl's Shoes,3922393.85,2974277.63
15074,Parish Office,3601240.66,3382571.1
15075,Long & Foster,193519.47,144179.67
15076,Studio Ten Salon,2305897.52,1810550.65
15077,DCH Freehold Toyota,3264834.0,2920305.83
15078,Conner Strong & Buckelew,4487934.42,3445573.34
15079,Reddy & Reddy,4712803.38,4286102.47
15080,Secondhand Revival,2418774.12,1843894.23
15081,Windsor Business Office,3630665.95,3336523.12
15082,Lewis Funeral Home,4267702.57,3332262.81
15083,"Attorneys Hartman, Chartered",2711076.65,2095343.92
15084,Hanamirian Law Firm,696384.37,441929.6
15085,Forrest Cleaners,3098448.95,2069916.7
15086,Shawnee High School,2443433.19,1541091.3
15087,Horizon Eye Care,4909867.73,3409793.8
15088,Berk's Furniture and Mattress,2856501.17,1933786.22
15089,Solo Motors,3484419.74,2846300.1
15090,Robert Spearing Funeral Home,2151082.1,1725807.35
15091,"Taenzer, Ettenson, & Aberant, PC",2405250.01,1999941.45
15092,"Merriken Financial Group, Inc.",3975494.05,3484209.63
15093,Thomas/Boyd Communications,3986834.2,3260011.32
15094,Toms River Township Department of Recreation,1667801.02,1416669.39
15095,Cumberland County Administration,2359822.27,2145235.51
15096,Broad Street Deli & Liquor,3454021.82,2142338.57
15097,Grove Pharmacy,4859021.83,3303208.4
15098,George C. Baker Elementary School,2498056.88,2300422.5
15099,Quickway Auto Sales,2174040.85,1617128.07
15100,InterArch,3234363.4,2594605.71
15101,Verizon Central Office,4353610.32,4007003.57
15102,Main Street Cabinet Co.,1829223.0,1183130.91
15103,Hollywood Tans,2434391.75,1517716.78
15104,Hackettstown Dispensary,2324135.79,2007011.75
15105,Montaage Furniture & Rugs,4032872.07,2826060.62
15106,A&S Dry Cleaners,3565777.7,3080479.94
15107,Valley Auto & Tire,887015.62,610958.8
15108,Tracey's Candy Shoppe,4326526.33,2688502.17
15109,The Shoppes at Hackettstown,4026304.8,2998297.14
15110,Osa's Electronics,2571300.43,2226696.85
15111,Willow Grove Laundromat,1094514.02,978167.25
15112,Eternal Medical Spa,4715416.54,3850400.45
15113,Mount Arlington Borough Hall,1313807.68,1019622.96
15114,BJ's Wholesale Club Gas,2743341.57,1947148.57
15115,ABF Consulting Firm Inc.,4553035.18,3065490.79
15116,A to Z Service,2014161.41,1475867.8
15117,Prime Auto Imports,739297.27,533017.96
15118,Antiques Only,300578.58,261038.75
15119,"Cambridge Constructors & Engineers, LLC",3015791.99,2647476.5
15120,Grant Facility Mangagement,2853081.33,1946746.8
15121,Salon Loyale,3925997.95,3081562.91
15122,Fiore Funeral Home,3897293.37,2973872.55
15123,Glen Rock Food Center,1382857.41,868008.71
15124,Cavalieri's Service Center,1400656.76,988864.8
15125,Riverfront Supermarket,1941782.29,1591612.93
15126,Hatchery Hill Elementary School,4031540.36,2885845.41
15127,TrionAid Associates Inc.,3922989.47,3283840.77
15128,Parsippany Shopping Plaza,4803447.15,4552096.76
15129,Federal Aviation Administration Building,3884967.57,3550891.63
15130,Mary J Donohoe Number 4 Elementary School,4923195.94,3042729.19
15131,Jan Auto Sales LLC,1665629.48,1319815.74
15132,Extech Building Materials,1508893.54,1268552.47
15133,DA Mart,3128525.18,2050911.67
15134,Mora Salon,4194936.17,2880998.67
15135,Luxe mani - pedi,1447080.81,1173243.68
15136,HearUSA,4256555.46,3389890.82
15137,Wag N' Wash,4609676.87,3075325.33
15138,Stuber Insurance Agency,2548229.01,2094605.82
15139,Vicky's Hair Salon,4657832.05,3979320.29
15140,Saint Andrew's Catholic School,1830845.57,1386390.71
15141,Bellezza Salon & Spa,134191.89,102786.69
15142,Berlin Township Municipal Hall,62566.14,53927.83
15143,Hackettstown Municipal Building,3067796.35,2196188.92
15144,3A,2986150.06,2749087.59
15145,2A,1905549.12,1662144.27
15146,1A,4637828.41,4086550.43
15147,Leonia Middle School,4571967.15,3581147.68
15148,Anna C Scott Elementary School,2735969.24,2239998.05
15149,Leonia High School,2264536.77,2106017.87
15150,Wallach's Farm Market,1973142.32,1407853.65
15151,Munchie Mart,3679973.69,2635241.8
15152,Campers Inn RV,2273157.55,2085755.02
15153,Wallys Barber Shop,3292833.97,2423767.07
15154,Albany Avenue Laundromat,3372805.25,3041041.41
15155,The Music Academy,2774065.52,2458691.2
15156,MEVO,2552403.96,2215038.02
15157,Brave New World,4315628.93,3572382.64
15158,Rachel's Market,647844.53,390509.57
15159,Rockaway Bagel & Deli,3318069.79,2929422.53
15160,Green Pond Cleaners,3449827.42,2975112.26
15161,Henry's Auto Service,3605907.23,2892880.5
15162,Cresskill Junior-Senior High School,1154474.87,775349.83
15163,Accurate Towing Service & Accurate Autoplex,3792821.53,3199908.83
15164,Liquor Loft,565248.56,426736.87
15165,Lash Lounge,504160.59,445615.04
15166,Valley Spas & Pools,3836458.44,3581372.25
15167,Sabo's,4864862.38,3686712.6
15168,Stone Hedge Farm,224686.51,186070.82
15169,Paul De Sarno Esq.,1858638.19,1563187.78
15170,Sayreville Tires & Auto Repair,4254874.32,2733243.11
15171,Sayreville Borough Hall,4692183.71,2919288.79
15172,South River Borough Hall,4232237.78,3608847.59
15173,Dunk N Wash Laundromat,3077643.77,2590121.84
15174,Bridge Discount Liquor,3889532.6,2955629.43
15175,Sayreville Sportsman,3825771.81,2389160.37
15176,Floralscapes,2818757.59,2346091.05
15177,Sayreville War Memorial High School,3487101.1,2446801.73
15178,Sea Bright Municipal Office,2950428.04,2571286.82
15179,CarToyz,1967270.69,1646916.49
15180,Jackson Liberty High School,2142895.4,1491761.58
15181,Coppola's Garden Center,3075026.84,1898048.56
15182,South Plainfield Municipal Building,279073.06,245710.52
15183,Timothy E. Ryan Funeral Home,1400300.02,1238269.65
15184,Spirits Xpress,661760.97,537410.08
15185,Barry's Automotive LLC,1431041.4,880461.65
15186,Sayreville Plaza Shopping Center,1939384.4,1791071.25
15187,Punjab Auto Repair,1292200.05,809054.21
15188,Wine Infinity Discount Beer and Spirits,3646836.27,3428832.82
15189,Sunflower Spa Inc.,4778500.22,4311952.42
15190,Samsel Upper Elementary School,2865283.55,1812552.61
15191,Ridgeway Liquors,4649972.78,3835081.64
15192,WildFlour Bakery,4927561.41,3913896.88
15193,A & L Provisions,969824.42,663720.27
15194,CME Associates,1538114.44,1016827.08
15195,Parlin Discount Tire,1478037.25,1293241.77
15196,ASE Automotive Repair,4509682.68,4169086.4
15197,Garden State Deli and Catering,3426439.65,2698360.05
15198,Bye-Way Gardens,258236.07,181003.37
15199,Green Building Center,602530.61,466221.87
15200,Plaza I Mini-Mall,1519742.94,1172935.28
15201,Lambertville City Hall,862905.91,642727.6
15202,Hands of Gold Services,4291475.58,3896747.88
15203,Interstate Batteries of South Jersey,1407335.99,1258304.59
15204,Sayreville Middle School,2264867.78,1516072.15
15205,Wolfhill Elementary School,1588575.25,1148720.59
15206,"In Town Tap: Beer, Wine, Liquor",3402110.04,2218613.59
15207,Lucky 7 Days,311266.54,281537.15
15208,Dunellen Municipal Building,2696455.7,1620659.51
15209,Ray's Lava-Matic,3881095.7,2662189.24
15210,Dollar Planet,1338539.31,1133865.28
15211,Dix's Liquor and Spirit Shop,3248340.19,2915850.1
15212,Dunellen Construction Office,4347731.39,3857522.29
15213,Son's A-1 Collision,4780591.39,4386909.32
15214,Appearance Workshop,900058.83,710442.07
15215,Seaside Park Service Center,3334761.84,2217587.56
15216,Sayreville Florist,175442.3,112978.07
15217,Sayreville Seafood,3379731.82,2965408.53
15218,Mel's Pet Parlor,2767928.07,2458861.76
15219,Maliszewski Memorial Home,3824693.25,2465812.13
15220,Main Cleaners,4464854.6,2885835.07
15221,Wild Card Tattoo,4336499.04,3468692.71
15222,Salon 107,3848623.35,3290757.08
15223,Lester Glenn Subaru,4388796.2,3727723.68
15224,Montvale Hardware & Supply Co.,1529554.68,949910.3
15225,Kair Salon,216053.11,143852.23
15226,Range Ball Building,1305435.86,1007053.96
15227,Yeshivas Emek Hatorah,1833781.71,1381208.36
15228,Hardwick Township Municipal Building,4385476.69,3494006.19
15229,Longport Borough Hall,1532395.21,1177605.33
15230,American Dream,1278714.17,784461.56
15231,Bayonne High School,3829363.53,3282460.47
15232,Rocktane Gas & Car Wash,2627363.66,2029938.9
15233,Ken's Landing Norma K III,776830.12,496058.49
15234,Friendly Auto Sale,4487551.22,4198739.27
15235,Matt Blatt Kia of Toms River,543923.03,382209.42
15236,Honda of Turnersville,3352151.03,2887597.91
15237,Hyundai of Turnersville,1916290.27,1278609.13
15238,BMW of Turnersville,1107061.37,731064.88
15239,Paak Funeral Home,888591.24,627282.6
15240,Aisle 23,1044232.37,813466.29
15241,Traditions Barber Shop,1719820.69,1309178.03
15242,Heavenly Bodyworks,1169517.57,957440.9
15243,Best Choice Auto Sales,4379735.56,3835522.92
15244,Medford Ford,1720877.26,1516459.89
15245,Riverton Project Office,3924898.14,2843744.12
15246,A One Truck Stop,3500687.96,2205393.41
15247,Tom Hornmek Esq.,3937104.08,3130807.48
15248,Phoenix Marine,4669095.1,4402126.12
15249,Lube One,3606144.12,2352844.09
15250,Chez Cheeze,3149206.11,2929231.74
15251,Orogio Jewelers,2218470.85,1575685.19
15252,Miller's Bakery and Cafe,4330369.96,3964970.73
15253,Celebrity Salons and Spa,1465301.32,1363311.54
15254,National Heritage Insurance,2759479.34,2007202.83
15255,The Downtown Shops @ 53 Main,4095562.48,3370280.31
15256,East Coast Gamers,4357341.59,3834377.05
15257,Kwik Mart,1385372.22,992747.42
15258,Pool Passes Stand,3674309.56,2453603.25
15259,Wallkill River Wildlife Refuge Headquarters,3071557.22,1881853.05
15260,Owen's Station Crossing,964804.02,744501.04
15261,Star Food Market & Deli,4543350.38,3597730.89
15262,George's Auto & Truck Repair,2876732.12,2043566.19
15263,Racemart,2280997.55,1532680.75
15264,Jaqui-Kuhn Funeral Home,4032127.84,3332779.37
15265,Total Hardware & Garden,1423980.22,1172341.92
15266,Frank's Service Station,1785747.85,1323475.59
15267,Egizi Funeral Home,4254664.94,3246865.71
15268,Premier Auto Group NJ,347971.86,277021.96
15269,The Liquor Hut,4278918.19,2740690.53
15270,About Face Essentials,1160849.81,901669.33
15271,NJ MVC Driving Test Center - Eatontown,842856.09,551337.74
15272,New Jersey Motor Vehicle Commission - Eatontown,3786291.87,2488820.91
15273,Building B - George E. Tompkins Municipal Complex,3583107.4,2561092.33
15274,The Peck School,4547135.05,3356489.5
15275,Babe's Corner Store,4781989.57,4338515.3
15276,Shore House Coastal Decor,417017.73,303027.77
15277,Jim's Auto Sales,4127265.66,3232644.58
15278,Bailey's Liquors,4423473.99,3021458.6
15279,Ocean Township Town Hall,1975995.07,1430452.13
15280,Petty Motorworks LLC,4666642.76,3388060.43
15281,Harry's Wine Cellar,4872048.04,2982700.16
15282,Windmill/Dunkin' Donuts Parking,1802068.32,1212808.96
15283,Nationwide Carpets,2638911.81,1848395.65
15284,Lester Glenn Buick GMC,3184724.37,2410351.75
15285,Bridgeview Liquors,3669802.99,2789757.21
15286,Economy Self Storage,520518.82,467945.79
15287,Elizabeth Avenue Elementary School,3796961.42,2388545.98
15288,Kering Operations Center,3622523.29,2957193.24
15289,The Back Stop,4165888.21,3178011.32
15290,Butch's Auto Works,88182.55,66073.35
15291,Del's Farm Market,4752090.53,4327676.5
15292,Toms River Marine and Motorsports,1558364.94,1069638.25
15293,Automotive Elegance,3759784.99,3249304.24
15294,Re/Max Dreams,1857821.46,1472630.78
15295,Saltywater Tackle,4419865.22,4015092.49
15296,Sayreville Auto Body,1073529.8,842271.54
15297,Hillsborough Elementary School,3401791.95,3109038.56
15298,Woods Road Elementary School,4342520.47,3195477.02
15299,Amsterdam Elementary School,2779460.89,1711286.22
15300,Sunnymead Elementary School,1320648.46,1012312.42
15301,Turner Transmissions,4476308.37,3568014.74
15302,Linwood City Hall,4718965.27,3181348.11
15303,Ocean Township Intermediate School,2937887.92,2374897.81
15304,Quinn-Hopping Funeral Home,2771156.86,1926725.94
15305,Metuchen Center Team Sports,3736115.12,3142195.49
15306,Manual Man,4486953.78,3304634.68
15307,Mary Grace Martorano,920871.06,630471.8
15308,Caroline L Reutter Elementary School,3533078.7,2649081.26
15309,Mildred B Garvin Micro Society School,1447143.77,1079236.7
15310,Berlin Municipal Building,2005320.28,1649435.8
15311,Belleville High School,3713918.96,2279557.57
15312,Corner Store,4011460.3,3420343.48
15313,Bloomfield Middle School,227250.07,206372.76
15314,Demarest Elementary School,856675.0,667436.63
15315,Route 33 Nissan,2870286.77,1753360.65
15316,Grover Cleveland Elementary School,3568084.57,3292884.85
15317,Rock Brook School,2283972.49,1610262.47
15318,Burlington Township Middle School at Springside,4434373.23,3689799.03
15319,Mayfield CLEANERS,4497938.67,3622294.68
15320,State Tire Auto Repair Centers,2175328.27,1904970.91
15321,North Plainfield Middle and High Schools,3023132.15,2592103.29
15322,Horizon Funeral & Cremation Services,4088834.6,3486374.61
15323,Faber's Garage,3026630.42,1948758.18
15324,One Stop Shop Deli,1856935.35,1455194.21
15325,Glory's Market,3996628.92,3441533.13
15326,Dayton Avenue Educational Campus,3511285.15,2634949.73
15327,International Auto Repair,1586112.67,1267040.29
15328,Orange Township City Hall,944317.76,832242.62
15329,Prestige Auto Inc,3970886.9,2956303.1
15330,Montville Broncos Concession Stand,3516330.59,3260082.27
15331,Jay Kay Wine & Liquor,4840831.7,3804415.4
15332,Borden Cleaners,3204716.61,2792559.68
15333,Exit 77 Self Storage,3315455.83,2771308.03
15334,MY Auto Sales LLC,4205005.07,2844401.62
15335,Taubers Fashion European Imports,308013.36,264036.49
15336,West Main Automotive,3607650.75,2550541.57
15337,Taylored - Auto Body & Service,1631130.6,1058562.28
15338,Jayne's Creations,599034.4,416403.94
15339,South Toms River Municipal Complex,1997455.94,1280365.13
15340,Sawyer's Liquor Store,2193273.7,1670659.26
15341,Bancroft School - Welsh Campus,2401503.22,1489188.39
15342,Zee's Auto Service,3896664.14,3571986.54
15343,Joe Canal’s Discount Liquor Outlet,2098938.17,1836614.69
15344,Kelly’s Dinettes,3133364.92,2607530.77
15345,Store Space,1930070.98,1192488.23
15346,"Harrah & Associates, Inc.",881877.05,675715.56
15347,Metro Self Storage,1180989.83,715172.69
15348,Larken Mini Storage,151521.87,110082.44
15349,Hind and Fore,322123.54,212380.4
15350,Shoppers Discount Liquors,3862065.42,2722663.2
15351,Funny Books,793332.46,525970.33
15352,Tin Pan Digital,4225796.79,3848985.99
15353,Market Basket,3899392.88,3390262.79
15354,Sugar Shack,806936.48,514172.12
15355,Storage Authority,3787683.51,2408097.26
15356,Harmony Kitchen & Bath,2841798.95,2048073.82
15357,Union Avenue Pharmacy,3613283.63,2720303.87
15358,Cycle Craft Parsippany,4015816.91,2828011.9
15359,Hammett's Garden and Landscape Center,985618.2,665445.64
15360,Oceanport Borough Hall,3185176.63,2457229.86
15361,Chairville Elementary School,3740525.21,2576119.95
15362,Bernie's Bicycles,4466458.11,3340917.26
15363,2Loud 2Bad,2211872.58,2001787.73
15364,SCS Engineers,4724513.8,4180984.56
15365,Madison Repair,3527905.74,3161044.18
15366,Howell Township Municipal Building,1288573.9,1070575.23
15367,Utility Trailer Sales,2339717.49,2108969.67
15368,The Gallery A Salon,3641681.61,3350487.23
15369,Lincroft Elementary School,911052.0,603797.24
15370,Learning Express Toys of Wayne,4662488.85,2840904.41
15371,Joseph Paterno House of Beauty,2820680.73,2536451.45
15372,All Star Collectibles,3265592.73,2076175.93
15373,Fuschia Fashion Jewelery,3384768.86,2931318.29
15374,Krystal's Bakery,186565.48,135366.46
15375,Villas Fishing Club,2489296.48,1721923.97
15376,Gray's Florist & Greenhouse,3839947.19,3489940.36
15377,Clayton/Montegomery Group,403910.98,267631.24
15378,Monmouth Academy School,974213.99,909638.52
15379,Tesla Eatontown,2396666.14,2096783.79
15380,Richard Hall Community Health & Wellness Center,547364.8,435172.42
15381,Woodmere Elementary School,4377207.74,3443743.12
15382,Jaguar,63754.95,53368.8
15383,Honda Used Cars,642671.43,532509.18
15384,Petro Oil,4397795.39,3430518.46
15385,Petty's Tire and Auto Center Inc.,668824.09,536527.95
15386,At Your Fingertips,1957236.11,1607759.92
15387,Washington Locksmiths,629410.86,397199.01
15388,Exotic Aquatics,3375702.29,2378323.41
15389,Town and Country Liquors,3566214.52,3101009.85
15390,Salon Bronze Tanning,1317281.11,958940.85
15391,NJ Motor Vehicle Commision Vehicle Inspections,1056857.15,808084.87
15392,Bait and Tackle,2398096.89,1517812.6
15393,Tuckerton Borough Municipal Complex,1241467.28,840234.77
15394,CBS Supermarket,1524376.09,996937.55
15395,Chester Collision and Auto Restoration,4819609.42,3002075.3
15396,Sue's Custom Sewing,3082266.65,2558151.82
15397,The Car Store,2455688.62,1922583.93
15398,Gabrielli Truck Sales,2813606.48,2535113.19
15399,EG Automotive Center,4693979.57,4297268.47
15400,Dayton Toyota,604276.61,517399.06
15401,Dayton Collision Center,4171308.03,2703223.51
15402,Garden State Tile,4243018.15,3164198.21
15403,La Lupita Grocery,4581446.92,2795587.1
15404,Misk Shoppe,1251912.33,802677.29
15405,Amato's Garden Center,1779173.13,1076264.03
15406,Lucy N Holman Elementary School,481256.3,289870.22
15407,Canal Walk Homeowners Association,3873529.81,3130549.81
15408,Software House International,1140160.5,985545.52
15409,The Dog Spaw of Little Silver,3444789.21,2583877.14
15410,Edith M Griebling Elementary School,672427.35,617577.97
15411,Mario,2463247.74,2066199.27
15412,Eddie's Barber Shop,2788771.0,2494749.67
15413,Hamilton Auto Body,911567.69,620194.21
15414,AJ's Tire Shop,4874078.75,4157294.81
15415,Hamilton Strete Liquors,3891466.85,3562816.51
15416,Super Tropical Supermarket,987789.42,638181.02
15417,D Mart,898766.23,634234.4
15418,Lube Express,886733.63,730622.3
15419,Cash Centers of NJ,782673.05,514284.34
15420,Rix Pool & Spa Supply Center,4913453.72,4033509.57
15421,East Hanover Department of Public Works,1631394.29,1494932.03
15422,Monmouth County Vocational Technical High School,1221741.94,1036707.14
15423,KIPP Newark Collegiate Academy,2420416.48,1988408.68
15424,Livingston Collision Inc.,4797678.19,4135482.5
15425,The Shoppes at the Livingston Circle,968326.25,688533.86
15426,Isaac Newton Elementary,2891216.47,2273563.13
15427,Lanes Mill Road Elementary School,2989487.8,2026844.93
15428,Aqua Kitchen and Bath,882829.72,607406.31
15429,International Supermarket,2654408.2,2042874.05
15430,Dave's Auto,2114154.45,1657378.92
15431,J. J. Enterprises,2325507.72,1774009.2
15432,Storage King Usa,1168678.81,927095.76
15433,Progressive Automotive,3430848.58,2731271.84
15434,North Brunswick Foreign & Domestic Auto Repairs,1543030.62,1266667.22
15435,Phoenician Market,2127003.65,1520647.59
15436,Park Plaza,2330623.58,1951774.53
15437,Coskey Building,653282.97,457161.36
15438,Northside Hair Cutters,2168339.51,1442465.73
15439,Amtax,2255761.1,1498173.1
15440,Malouf Ford,1591475.39,1278297.71
15441,Route 1 Hyundai,1644882.74,1384480.86
15442,NM Tints,1459299.73,1145563.61
15443,Bayview Elementary School,265433.89,162706.43
15444,Wayne Transmission Service,4197841.3,3853467.86
15445,Classic Kitchens,1991633.2,1724029.81
15446,New School of Monmouth County,1138347.93,962282.61
15447,Hairport,2241449.42,2084332.13
15448,Driver Testing Center - NJ Motor Vehicle Commission,447053.73,286439.85
15449,Precision Vision,1581659.87,1343571.0
15450,Howard's Bagels,2097675.66,1928318.24
15451,Leroy Gordon Cooper Elementary School,1362785.2,992143.24
15452,H and M Potter Elementary School,3718322.46,3500237.0
15453,Pine Beach Elementary School,2043478.7,1734645.86
15454,Clifton Avenue Grade School,4472100.0,3983597.74
15455,Hammarskjold Middle School,983100.47,778243.75
15456,Jesse Selover School,1620058.59,1141372.99
15457,Circle Infiniti,376246.87,256488.66
15458,James J. Flynn Elementary School,2128579.0,1779501.03
15459,Rose M. Lopez Elementary School,215104.66,193285.06
15460,Stone Harbor Elementary School,1233830.74,1047001.12
15461,Primary Elementary School,3181033.51,1924902.87
15462,Max Leuchter Elementary School,1169590.39,870477.82
15463,Southwood Elementary School,2838992.72,1912317.88
15464,Bowne-Munro Elementary School,2466131.16,1757037.64
15465,G Austin Schoenly Elementary School,4294596.44,2694258.4
15466,One Stop Shop,2299400.28,1926800.53
15467,Joseph R Bolger Middle School,4289472.34,3600410.4
15468,South Amboy City Hall,123457.71,108986.85
15469,Ying Health Spa,3050801.83,2190857.6
15470,Joseph M Ferraina Early Childhood Learning Center,4765335.47,4159907.07
15471,Lenna W Conrow Elementary School,1489039.74,1327430.53
15472,Harry S. Truman Elementary School,3037977.17,1875834.16
15473,South Amboy Elementary School,1958226.7,1726531.43
15474,Winslow Township High School,3049186.37,2876901.19
15475,Winslow Townhsip Middle School,2988065.9,1932936.61
15476,Joseph C Caruso Elementary School,743830.47,677597.2
15477,Saint Ann's Elementary School,1886493.22,1592033.25
15478,Union Catholic High School,1731853.75,1237773.88
15479,Winfield Township School,2424857.34,2281504.11
15480,Island Heights Elementary School,402393.4,306916.59
15481,Bais Kaila Torah Preparatory High School,1599854.98,1413047.6
15482,Amerigo A. Anastasia School,2668743.62,2462122.24
15483,Suburban Wrench,649464.64,416801.06
15484,Edith M. Decker School,2823452.71,2425145.11
15485,Speed Mart,1781512.55,1403478.55
15486,Seaside Park Borough Hall,4792737.01,3315597.35
15487,China Online Travel,4021722.4,2824195.41
15488,Paul’s Motors,964577.96,754368.9
15489,Passaic Bergen Water Softening,336178.69,240512.61
15490,Marotas Motors,4520058.55,2782674.08
15491,Kelly Pools & Spas,2209704.94,1773833.96
15492,Car Port Auto Parts,2151527.51,1651849.86
15493,Sophia's Roots,4694888.51,2993106.1
15494,Kim's Bike Shop,494084.22,437118.0
15495,Signature Kitchens,200613.65,141742.23
15496,Browning-Forshay Funeral Home,4930855.06,3176403.56
15497,Hawthorne Health Center,822609.64,521778.03
15498,Hawthorne Municipal Complex,4412839.53,3556722.79
15499,Angie's Art Box,4152489.09,2890290.35
15500,Debbie Diamond Hair Studio,2990614.82,2488452.08
15501,SBA Communications,3083529.74,2158260.26
15502,McAfee Ski & Snowboard,3525674.68,3090657.72
15503,Lafayette Service Center,3992401.85,3482211.74
15504,Diamond Liquors & Tavern,1438098.43,1291466.58
15505,Hawthorne Auto Lab,1280195.56,790492.05
15506,Rub-A-Dub Doggie,3985238.41,3212107.23
15507,Pleasurable Piercings,232232.1,168143.06
15508,Rayco Auto Service,2768289.36,1995182.09
15509,Kids Bedroom Gallery,499494.96,427700.77
15510,Comerford Construction LLC,2965982.03,1879141.08
15511,Salone di Bellezza,2512994.09,1761240.13
15512,Home Coming Art Studio,193339.18,159780.0
15513,Construction Code Office,1498004.29,1112181.81
15514,Township of Pennsville,1419172.44,1078575.6
15515,Salem Nails,698877.36,563002.19
15516,Margie's Barber & Style Shop,1450319.43,918438.37
15517,Mahoney Realty,4239149.21,3755530.97
15518,CJ Therapy Center,1254388.24,924945.59
15519,Chip's Auto Center,4211494.39,3455456.44
15520,"Tarot Card, Palm & Spiritual Readings By: Jessica",3812463.77,2963041.14
15521,Garden of Eden Flower Shop,1526473.92,946984.28
15522,Central Park Laundromat,2208585.94,1436346.44
15523,Penguin Auto Service,4730553.04,4096993.09
15524,Ticket Booth,487204.39,419693.41
15525,"Sentinel Self Storage - Deepwater, NJ",4063754.55,2800376.25
15526,Concorde Professional Building,1167264.58,1101506.63
15527,Royal Plaza Mall,2118588.29,1843585.55
15528,Spring Lake Heights Municipal Building,3770459.24,2773001.99
15529,South Shore Auto World,1053286.95,871667.8
15530,Plumsted Township Municipal Building,251320.86,221102.89
15531,Continental Home Made Provisions,4624728.51,2962762.88
15532,Emma L. Arleth Elementary School,721189.69,652941.73
15533,School for Children with Hidden Intelligence,4357564.08,3733222.9
15534,South Wall Little League Lower Shack,1735377.66,1207478.91
15535,Madison Park Elementary School,1489318.64,1113972.16
15536,PSE&G Somerset,595654.45,546690.03
15537,Manalapan High School,4743007.02,3776759.8
15538,Bridgewater/Raritan Regional School District,228990.04,158100.16
15539,Englewood Best Auto Body,1801650.64,1647261.75
15540,BLOC Dispensary - Waretown,3646317.22,2772208.15
15541,Waretown Bakery,4967668.05,4102082.14
15542,Riggs funeral Home,1154478.78,1088535.34
15543,Liberty Toyota,365140.29,253080.22
15544,Burlington Chrysler Jeep Dodge Ram,1890242.69,1485941.02
15545,Burlington Hyundai,1400485.09,1069284.89
15546,RT Auto Center,1714770.12,1222039.68
15547,Santos Alves Auto Body,1068902.41,684157.7
15548,Doctor Tints,963238.08,769294.63
15549,Everbrook Academy of Holmdel,1825266.37,1672948.91
15550,Mood's Farm Market,3348360.12,2277656.58
15551,Montgomery Municipal Center,3821556.63,2652810.22
15552,Mo's Barber Shop,696444.42,417971.85
15553,Caemen Spezzi Funeral Home,4245502.72,3914294.23
15554,Litz Tax & Consultng,1472732.63,1139450.04
15555,Cell Fix Us,3796654.1,2899515.41
15556,Venzio Jewelers,1501176.54,925441.2
15557,Country Connection,123404.09,111802.55
15558,Dollar A,4097115.86,3361049.18
15559,Charlotte Rouse,2875798.29,2439615.51
15560,Christmas Treasures,3964854.34,3614366.01
15561,FYE - For Your Entertainment,1849157.04,1335829.84
15562,Toy Chest,2381396.28,1654140.24
15563,Lexus of Route 10,3227626.63,2789090.54
15564,Laundry & Showers,3715373.72,3339611.19
15565,Avanzato Jewelers,4332712.47,3900281.88
15566,Radburn Elementary School,4608604.01,4297481.52
15567,Classic Bodyworks,2947898.43,2579501.0
15568,Civil Engineering Inc.,2775371.34,2420338.98
15569,Isolatek International,4024350.57,3586104.74
15570,Mountain View Elementary School,2486835.61,1526574.25
15571,Palumbo's Barbershop,4508677.84,2820627.18
15572,My Sweet Cleaners,155466.46,144985.65
15573,Accounting Services,4115305.5,3819643.49
15574,Nirvana Nails & Spa,1306446.35,1042841.15
15575,The Mall At 206,4933630.52,3307438.0
15576,Morgan Funeral Home,3658068.1,3279613.13
15577,206 Nail & Spa,4588610.0,3149074.41
15578,RH Farms,928471.47,618737.01
15579,East Forest Garage,4906082.15,4303694.63
15580,Approved Auto Electric Exchange,4851184.86,3800270.79
15581,Telesearch Staffing Solutions,283763.86,244929.69
15582,Parsippany Town Hall,1691577.57,1062596.48
15583,Perfect Autocare,840489.8,728067.11
15584,Storage Sense,462255.76,292825.26
15585,NAPA Auto & Truck Parts,3590491.38,2247239.93
15586,The House Barber,2181063.16,1518907.42
15587,Nelson Auto Repair,2903185.87,1977007.8
15588,Ray Catena Audi of Freehold,3333808.35,2982976.46
15589,Rockaway Township Municipal Building,3097411.7,2414036.71
15590,Picatinny Arsenal Visitor Control,783301.58,709119.38
15591,Fast Moving Company,3702008.66,3446983.56
15592,White Cap,2641121.63,2068022.15
15593,Dupont Corporate Offices,1740231.87,1182551.65
15594,Dot's Pastry Shop,4711780.68,4121813.31
15595,Churn House Ice Cream and Cereal Bar,2529679.51,1619584.1
15596,J&P Gas Garage Towing,4793985.47,4362142.63
15597,Village Pantry Deli,2895513.92,2201301.44
15598,Mercer County Soil Conservation District,4102902.4,3510228.01
15599,Studio One60,3718648.08,2956368.24
15600,National Marine Consultant Inc.,2870963.95,2073084.79
15601,Posh Car Wash and Express Care,70499.26,57494.58
15602,Thrust Performance,4714509.17,3046390.04
15603,Long Finch Technologies,2043085.38,1824819.44
15604,Torch Light Inc.,120893.83,83032.51
15605,"Transmaster, LLC",1427828.02,920542.59
15606,Copy Shop Repo and Supply Center,298580.78,186366.03
15607,Aardvark Amusements,1755045.19,1359767.54
15608,SuperFood Fresh Supermarket,3856551.81,2445826.44
15609,Super Buy Rite,1993528.99,1654709.81
15610,TJ's,4953372.27,3420540.71
15611,Johnny on the Spot,1063673.45,908069.9
15612,Transmaster,647013.47,554563.92
15613,EH Allen & Sons Trucking,2250803.27,1849268.33
15614,DKB Transport Corp.,600208.07,392946.58
15615,Integrated Industries Corporation,3453063.6,2616558.56
15616,Discount Autobody German Car Repair,4549954.9,3425525.44
15617,Marmora Hardware,4468752.98,4006614.47
15618,Asher Holmes Elementary School,694148.14,421916.07
15619,Morris School District - Central Office,1842460.92,1513265.45
15620,Big Bear Gear,3942211.05,2897485.88
15621,SK Auto Repair,939985.9,816950.92
15622,Caprock Developments,3281951.11,2870814.44
15623,Regalo Gift Shop,4554528.66,3606560.35
15624,Meineke Car Care Center,4956126.29,4336021.45
15625,The Land Conservancy,4648620.43,4076538.39
15626,The Law Offices of Greg Prosmushkin,4679103.24,3047042.72
15627,Bread Cafe Bakery,2024460.76,1693212.95
15628,Mundy's Liquors,939898.58,843482.07
15629,Henry's Deli,2728072.0,2261597.98
15630,Spojnik Agency,428374.6,328297.23
15631,Pomerania,883566.57,532125.72
15632,Hamilton Township Evening High School,573181.38,382269.81
15633,As Fashion,930027.05,879626.33
15634,Sandra's Grocery,4329720.92,2886511.67
15635,J&E Bakery & Deli,2948040.31,2257620.09
15636,Mirror Image Barber Shop,2484417.66,2014277.86
15637,Kalel Grocery Store,852333.41,709174.44
15638,World Supermarket,1159907.52,970601.45
15639,Latino Mini Market,4126207.96,2986074.73
15640,La Reina Bakery,489959.36,417099.67
15641,Frascella's Liquor Shop,3349804.18,2344998.57
15642,Middletown High School South,490244.63,436809.49
15643,Howell Middle School South,3625003.17,3054868.27
15644,Magic Treehouse,2526838.69,1668236.0
15645,Ventnor City Hall,2687765.61,2241174.26
15646,Jam Collision,2781931.31,2231389.46
15647,Mulberry Deli & Grocery,2166083.19,1915426.92
15648,Alarcon Auto Repair,2407480.58,2217643.77
15649,Rocky's Liquor & Bar,1170143.81,724068.19
15650,Generator & Starter Exchange,1655424.57,995034.14
15651,Darlene C. McKnight Elementary School,2099562.13,1380127.49
15652,Miko Auto Center,3295322.68,2145906.74
15653,Sabor Caribeno Deli & Groceries,753643.01,684290.35
15654,Adriano's Liquors,3963001.0,3532297.47
15655,Haldeman Ford,2335747.94,1841588.17
15656,Sansone Jr's Windsor Nissan,2524338.7,1975731.55
15657,East Windsor Floor Covering,4299678.35,3344911.7
15658,Pinto Automotive,854651.79,689145.2
15659,Independent Bicycle Shop,4801710.81,3454620.17
15660,"Dr. Martin Luther King, Jr. Elementary School",972692.61,830013.95
15661,MC Auto Sales,3265404.37,2421906.2
15662,Dee Dee's Lounge & Liquor Store,766055.96,585564.7
15663,Valcar Auto Repair & Tires,4709876.77,3030265.54
15664,Nielsen Infiniti,4812234.65,3608312.76
15665,Genesis of Denville,4319663.3,3911776.02
15666,Performance Kia of Denville,2110424.54,1585039.54
15667,Garcia Corona Minimarket,4990815.85,3204145.9
15668,Ramoneros Liquor & Bar,742714.93,672463.55
15669,Saint Nicholas School;Українська школа Святого Миколая,3623974.82,2992307.32
15670,Saint Nicholas Ukrainian Catholic Church and School,2740922.11,1685376.73
15671,Assumption Rectory,4365972.85,2954010.94
15672,Demetrius Cathedral Rectory,3119790.2,2152790.93
15673,Carteret Board of Education,4434907.31,3872722.97
15674,Gate Security,4038588.34,2448050.15
15675,Norwood Self Storage,2630801.36,1700277.98
15676,Kelly's Sea Bay Service Center,3917128.96,2973163.52
15677,Atlantic City Housing Authority—Buzby Homes,3295319.64,2053895.18
15678,Saint Catharine School,2599651.04,1617910.49
15679,H W Mountz Elementary School,2140340.86,1943865.77
15680,Shore Auto Sales,980720.58,844146.65
15681,Lily's Wildflowers,2660473.96,2487877.18
15682,Guaranty Northeast Mortgage,1844629.67,1299117.29
15683,Ivy Nail Spa,1943330.13,1656693.92
15684,Buy-Rite Ventnor,2889558.7,2225840.19
15685,DC Sport,808325.29,592287.43
15686,Smokin' Aces,3032450.88,2454204.45
15687,Ac Gift & Convenience,3297223.55,2640913.95
15688,Demarco's,4997145.94,4699303.78
15689,John's Auto Service,413501.42,363309.39
15690,Vasel's Deli and Liquors,4643811.63,3967539.81
15691,Plaza Discount Liquors,1744443.33,1500197.13
15692,The Pink Corset,4121915.82,2631078.74
15693,Smithville Jeweler,4640718.34,3693555.36
15694,BHG Real Estate — Maturo Realty Group,2521880.34,1514172.59
15695,Pay Less Liquor,3562193.29,2991629.06
15696,Atlantic County Offices,4395501.13,3432161.2
15697,Best Liquors Store,4163012.35,3055008.04
15698,Jagielky's,2865761.67,2714670.77
15699,North Beach Liquors,3447643.4,2957760.42
15700,Nashville Market,1643045.02,1175548.63
15701,Moon's Nails,2405887.81,1835457.25
15702,Pet-Point,4850692.2,4403269.11
15703,Jules of Margate,3725043.84,2968018.79
15704,Barbera Seafood,1303501.29,1005983.11
15705,Russo's Convention,2453622.31,1692821.18
15706,Richmond Avenue School,2261576.55,2104729.31
15707,Phillipsburg Town Hall,2452962.53,1656019.49
15708,Bergen Funeral Service Inc.,491462.73,398245.87
15709,Liberty Walk,2777126.15,2566654.83
15710,The Ridge at Suneagles,4547199.93,3808013.45
15711,Camden High School,3840005.6,2577483.71
15712,Snapbox Storage,3584095.83,2814547.54
15713,Jackson Memorial High School,4101429.18,3471174.24
15714,Switlik Elementary School,4566751.23,2749064.14
15715,The Flower Junction,3374024.45,2140722.95
15716,Scrub-A-Dub,3774770.34,2369844.83
15717,Offshore Bait & Tackle,4338965.72,3235114.04
15718,Ali Grocery,3625723.68,2442651.66
15719,Whispering Woods Managment & Clubhouse,2737757.04,1989843.06
15720,Stone Bridge Middle School,782807.82,510816.86
15721,Epic Collision,834249.2,564538.39
15722,Simple Tank Service,3428695.07,2502575.0
15723,Contemporary Motor Cars,4188779.2,3321153.41
15724,Contemporary Motor Cars Service Center,3573893.25,2648777.44
15725,27 Shore,1793571.57,1465090.75
15726,Angelo's Italian Market,2168965.59,1800077.43
15727,WaterLily Designs,1749262.57,1155685.2
15728,Brookside Garden Center,4851806.65,4105579.33
15729,Southampton Township School Number 3,2751535.0,2366729.69
15730,Southampton Township School Number 2,1118262.8,1016654.33
15731,Gagliano & Associates,1212407.93,995582.12
15732,Bloomfield Dry Cleaners,3205113.34,2880474.98
15733,European Homemade Provisions,3819668.02,2824631.96
15734,NCJAR - Bloomfield,225471.96,143476.55
15735,O'Boyle Funeral Home,1840567.19,1236117.51
15736,Middlesex County Administration Building,1582725.58,1093700.93
15737,Saint Mary Magdalen Elementary School,323074.2,282765.42
15738,Wood School,3439031.33,3200264.12
15739,Belleplain State Forest,2763222.78,1856023.44
15740,A-1 Dry Cleaners,2877691.73,2564121.57
15741,Brooklyn Bakery,1428662.23,1073998.57
15742,Candy With A Twist,3519683.75,2748327.09
15743,Cornelia F. Bradford Elementary,196328.37,152038.57
15744,Colonia Middle School,3940937.77,3541949.32
15745,Pantry One,2391218.11,1795355.84
15746,EZ Check,3180356.12,2291772.47
15747,Camelot at La Mer,3136572.12,2663346.66
15748,Pineland Learning Center,1285503.97,897422.32
15749,Professional Offices,951991.75,711197.31
15750,"J-Tee's Liquors, Wines, and Beer",1379896.01,1024381.55
15751,Ashcraft Funeral Home,3196262.56,2651876.66
15752,Add Vantage Self Storage,1144327.54,708684.57
15753,IPS Imported Parts & Service,1580758.84,1378811.44
15754,Del Val Industrial Tire Inc,4761702.42,3920503.33
15755,Lanoka Farm,4752445.8,4313699.29
15756,Ocean Gate Municipal Building,4113574.22,2844480.98
15757,Roebling Elementary School,4874097.23,4047153.42
15758,West Chapel Auto Service,797578.3,732438.67
15759,Borough of Pitman,588719.23,413704.77
15760,R. Helfrich & Son Inc.,513060.4,460710.59
15761,Allendale Motors,4261762.28,2562963.95
15762,J & J Automotive Repair & Service,2035161.44,1501667.53
15763,Beautique on Being,4413574.47,2937205.51
15764,South Guard Booth,1100827.02,950512.94
15765,Irwin Marine,781513.46,495601.56
15766,Fernandez Super Market,3992870.67,3548205.43
15767,Nima Oriental Rugs,3820696.67,3287989.56
15768,Sea View Optical,4594214.25,4104592.93
15769,Trinity Episcopal Church Office,126918.41,106393.03
15770,Absolute Home Mortgage Corp.,3384469.86,2963673.22
15771,The Art of Jewelry,3879417.34,2340907.08
15772,Royal Wine & Spirits,2602053.97,2056124.11
15773,Victoria Hair & Makeup,1026160.34,922776.44
15774,Nails Plus,463994.76,365193.64
15775,F. N. Brown School,1658674.7,1489023.36
15776,F N Brown Elementary School,2853898.16,2635686.7
15777,Brookdale Avenue Elementary School,2015950.93,1544532.75
15778,Lanning Avenue Elementary School,199585.07,184685.54
15779,Cedar Grove High School,356750.8,259496.59
15780,Cedar Grove Middle School,3017849.73,2744599.76
15781,Kings Grant Community Room,242203.37,221286.91
15782,Medford Historical Society,3978776.69,2481124.06
15783,Oldmans Township Municipal Building,2397599.85,1963827.15
15784,North End Elementary School,4867451.08,3662044.81
15785,Saint Catherine of Siena School,2347455.19,2083174.01
15786,Don-Ric Self Storage Plus,2511723.02,2000627.8
15787,Fairfield Gourmet Food Corporation,2951339.03,2693341.75
15788,Cedar Grove Exxon Auto Repair,1419234.05,1062323.1
15789,Vinny's Auto Repair,2278494.28,1915577.01
15790,Saint Augustine of Canterbury School,2758934.33,2402234.22
15791,John Adams Elementary School,3853419.04,3017724.6
15792,A-Car-4-You,2761586.6,2046496.22
15793,Kinney Pool,317821.59,229345.56
15794,Morristown Beard School,2546728.56,2222867.25
15795,Lyndhurst High School,3488542.45,2974229.49
15796,Lyndhurst Middle School,349694.31,299252.59
15797,Marty's Reliable Cycle of Randolph,358840.58,262084.54
15798,LG,3413621.62,2350670.55
15799,Freehold Borough High School,4048853.72,3682972.88
15800,All Seasons Chamber Players,238428.51,145783.33
15801,Tewksbury Balloon Adventures LLC,569911.18,468811.15
15802,Ventnor City Fishing Pier,332776.03,228291.61
15803,Manhattan Mini Storage,3549305.45,2685696.5
15804,Alfred Vail Elementary School,4617236.04,4262563.0
15805,Guild of Creative Art,3904896.33,3212264.5
15806,Have Balloon Will Travel,4399630.69,2967371.03
15807,Deloitte,586997.31,429051.65
15808,Colmar True Value,2114629.96,1715888.05
15809,Berkeley Township Town Hall,1605835.4,1142988.9
15810,Compliments by A. Myles,4065887.96,3748216.46
15811,Sewing & Quilting Studio,1411625.8,1183624.66
15812,Rahway Democratic HQ,2730020.47,1876818.12
15813,The Guilded Lillie,2138583.05,1438728.97
15814,New Jersey 22nd Legislative District,2961983.63,2583185.53
15815,C.J. Villa Furniture Co.,2974863.81,1872778.59
15816,Times of Grace,1135615.81,743913.99
15817,Family Nails,3523095.16,2647594.87
15818,The Main Barber,2187065.43,1776882.17
15819,Winowicz Funeral Services,1725720.44,1590426.98
15820,Trenton Tattoo,1133281.6,1019718.96
15821,AA Braiding,122635.87,85035.45
15822,Sergio's Auto Repair,3009953.33,2721522.89
15823,Swedo's Service,4347879.05,2997552.23
15824,Compare Fresh Market,1259716.39,1104133.52
15825,Larchmont Elementary School,2025060.59,1852174.5
15826,Smith Financial Service,3647452.16,3011250.69
15827,Bridges Book Center,2655766.29,2410175.64
15828,Pampered Paws,209572.55,177414.97
15829,Caprince Variety Market,2706019.73,1643388.42
15830,Blairstown Township Municipal Building,554481.58,423038.02
15831,FROG Canoe & Kayak Rentals LLC,4004693.18,3791568.05
15832,Betty & Nick's Bait & Tackle,3280012.77,2864715.3
15833,Bobolink Dairy & Bakehouse,833386.49,528981.76
15834,Gio Salon,896265.64,784329.87
15835,Oak Tree Elementary School,2382386.67,1458226.8
15836,Lyndhurst Board of Education,303015.46,209015.16
15837,Pine Creek Liquors,3255957.52,3065736.5
15838,Hawk's Towing & Recovery,1567524.36,1192876.27
15839,Trenton Collision Center,454295.5,395652.56
15840,Chez Alice Patisserie,686114.61,591961.23
15841,Vecere Jewelers,890918.25,846214.03
15842,Bridge Street Antiques,2726111.91,1912106.24
15843,Dry Goods Vintage,4660290.72,3430233.23
15844,Pasha Rugs,4352281.23,3442834.39
15845,J.B. Kline & Son Gallery,4000283.15,2774141.74
15846,Bucks County Dry Goods,3540844.62,2379777.73
15847,Gray's Wine & Liquor Store,1110350.4,933661.4
15848,Sussex Borough Hall,289989.47,229115.76
15849,Wantage Township Hall,2966884.35,2058328.67
15850,W R James Elementary School,297027.62,203437.9
15851,Hainesport Elementary School,4835074.52,4583315.58
15852,Florence L Walther Elementary School,4728183.44,3116831.57
15853,Millstone Township Middle School,63417.94,59027.01
15854,Secaucus High School,4822168.42,3903430.08
15855,Wally's Filling Station,2011375.44,1297471.51
15856,Sandyston Township Municipal Building,1075721.94,674087.53
15857,Delran Intermediate School,3240006.88,2409981.73
15858,The Nerd Mall,930586.14,574119.47
15859,Pinelands Adventures,900835.07,685192.01
15860,Two Fish BYOB,3986184.63,2585146.55
15861,Demarest Farms,1108773.07,679801.04
15862,Han's Unisex Hair,2055856.08,1909033.9
15863,Computer Wiz,3367839.66,2667744.75
15864,Crawford Hill Labs,2935014.09,2351850.62
15865,Levy's Pharmacy & Surgical,2537881.5,1764445.49
15866,Liberty Middle School,4280470.38,2950023.0
15867,Southwest School,1822457.91,1253326.91
15868,Winston Churchill Elementary School,4647311.91,4172233.56
15869,Grooming Salon,4924738.44,3684185.54
15870,Stokes Forest Sport Shop,643296.8,523022.43
15871,Passaic Valley Regional High School,1877395.67,1618905.9
15872,Woodrow Wilson Middle School,426125.76,395100.55
15873,Edgemont Montessori School,2799077.15,2160562.5
15874,Kimberly School,3750362.4,2526819.21
15875,Northeast School,3762193.98,3050857.34
15876,Bradford Elementary School,4786164.21,3823372.01
15877,Saint Thomas School,2560144.55,1726148.14
15878,Spring Garden Elementary School,856278.05,698740.12
15879,Horizon School,3316842.27,2887288.79
15880,Krishna Auto Repair,806011.58,653279.69
15881,Judith M. Persichilli Building,4339187.97,4104301.1
15882,West Belmar Elementary School,694586.96,490465.81
15883,Barber Gods,4735355.0,2881226.29
15884,Cramer's Auto Recycling,3175428.36,2674464.11
15885,Smithville Elementary School,2451558.66,2325273.09
15886,Security Guard House,887789.12,647316.83
15887,Buena Regional Middle School,276694.8,246260.86
15888,Buena Regional High School,1087990.58,708973.01
15889,Berkeley Township Public Works Department,612692.49,372713.42
15890,Carl's Haddonfield Service,4185567.78,3881157.44
15891,Middletown Town Hall,875071.27,653589.4
15892,E-Z Quick Food Market,841870.74,517767.59
15893,Ancora Psychiatric Hospital,2253200.62,1569281.87
15894,Office & Store,3055291.82,2178758.25
15895,Pleasant Valley Elementary School,234950.66,143822.63
15896,Harrison Township Public Works,622204.26,544184.65
15897,Middletown Walk Sales Office,4316806.08,3357640.86
15898,Sand Jamm,506765.44,438446.72
15899,Pep Boys on 130,317328.63,228085.84
15900,Salem High School,1881313.61,1252907.4
15901,Morristown Animal Hospital,4084691.95,2564649.06
15902,John E. Dwyer Technology Academy Annex,2642584.31,2043240.79
15903,Clinton Acura,4212207.72,2687837.51
15904,Oldwick Village Garage,283742.42,229901.0
15905,Bayway World of Liquor,307538.44,231429.28
15906,William F Halloran School Number 22,4537784.32,3353361.53
15907,Hops & Grapes,4537199.39,3768957.83
15908,Quality Carpets,3980724.48,3473910.18
15909,Double Tree Center Cleaners,4418966.76,3461804.67
15910,Chosen Beauty,814981.91,586065.36
15911,Ry's Bagels,3195424.08,2959646.3
15912,Essex County Department of Public Works,4816175.71,2939604.99
15913,Forest Avenue Elementary School,3430068.29,2976583.56
15914,Henry B Whitehorne Middle School,4709617.25,3430013.26
15915,Marketplace Cleaners,4104853.99,3663903.56
15916,NailZ Club,926210.24,770423.88
15917,Bella Copy Center Business Products,2650728.41,1601364.71
15918,Tantini Tanning Bar,2952714.28,2613090.2
15919,Eatontown Borough Municipal Building,4911858.0,3874887.27
15920,Lube It All,4231543.67,2608030.34
15921,Cannabist,208804.83,137626.29
15922,Sacred Heart Institute,838190.69,743350.48
15923,Hop to it Preschool,2753228.49,1830570.23
15924,Amici Bakery and Pastry Shop,3921141.46,3183832.26
15925,Pilesgrove Township Municipal Building,1372141.42,990641.42
15926,Pools By Van Brill Inc,1822031.6,1580674.41
15927,Needles & Pins Quilt and Fabric Shop,1911147.16,1670546.84
15928,"Quandell Igelsia, IQ Real Estate Team",541528.75,501427.71
15929,"The Vigilante Law Firm, P.C.",947760.11,876835.5
15930,Lyndhurst Pastry Shop,4995577.3,3271811.22
15931,Franklin Avenue Middle School,1710700.86,1177202.51
15932,Wynwood Managment,4703444.11,3488156.36
15933,Boxter Accounting Tax & Advisory,3046388.69,2480493.45
15934,The Spotted Whale,2832397.34,2190296.75
15935,For You Tailoring,3529836.85,3119377.46
15936,IAA Englishtown,2644254.01,1913188.94
15937,8th St Auto Body & Collision,1046704.17,952124.18
15938,Giant Tire Services,888899.42,803817.58
15939,Menlo Park Elementary School,1824966.98,1412669.01
15940,Limbic Brand Evolution,1045008.0,723523.09
15941,Strabel School,1038340.7,825514.39
15942,Boylan Funeral Home,2756553.43,2300332.99
15943,Murphy's Spirit Shop,4423979.11,2862628.45
15944,Princeton High School,1651334.91,1268087.55
15945,State Fair Group,4061445.76,2542402.65
15946,Playtime Boutique,4568747.18,3222558.47
15947,Sky Top,520893.83,357666.8
15948,Caretakers Home,2970622.01,2738515.84
15949,Hartmann Memorial Home,4204063.49,3818420.24
15950,America's Best,3220135.43,2878720.02
15951,Queen Bee Nail Salon,2314896.08,1896268.67
15952,The Goodwill Store,2104598.89,1292633.5
15953,Kessler Institute For Rehabilitation - Saddle Brook,1277391.41,936065.85
15954,Saint Barnabas Behavioral Health Center,3217990.72,2775889.07
15955,Computer Discount Of NJ / CDNJ Service,4169936.36,2766580.21
15956,Saint Mary's School,3058815.43,2663177.64
15957,Security Stand,2717129.8,2196063.72
15958,City of Corbin City City Hall,1664921.12,1406740.42
15959,Mars Wrigley,2854474.32,2597474.77
15960,Corbin City Gas Mart,4660629.0,3167179.07
15961,Hopewell Elementary School,1928343.63,1466439.62
15962,Pro Haircutters,3060002.27,2459533.09
15963,Manhary Auto,3425765.66,2802431.5
15964,Oasis Pastry Shop,3668629.47,3168161.31
15965,ParkSide Auto Repair,4876892.75,4379767.95
15966,Jim's Super Service,1872876.79,1662537.29
15967,Agolia and Sons BP,752083.69,589493.23
15968,Salon East,1409390.55,1098110.28
15969,Twisted Vintage,1285632.52,977460.66
15970,LaTorraca Realtors,3338175.66,2171220.33
15971,Car2Sell,226124.16,198723.15
15972,Princeton Junior School,1792396.92,1091513.0
15973,Accredited Home Elevators,2715150.28,1870317.72
15974,Municipal Equipment Enterprises,4653580.46,3896188.99
15975,FNBA Operations,3270620.45,2007505.46
15976,Pocket Full of Posies,4969925.9,3824122.61
15977,Sweet Things,4073789.33,3265935.45
15978,Ralph S. Maugham Elementary School,1838521.8,1291023.85
15979,Lacey Used Auto Parts,1235934.13,1121013.61
15980,Luigi's Butcher Shop,4813032.33,3926428.48
15981,Woodbridge Vocational Technical High School,1788987.87,1150257.01
15982,Farpoint Toys & Collectibles,1071427.71,844383.68
15983,Watchung Borough Municipal Building,581834.0,460591.75
15984,Bardy Farms,2927130.34,2145586.48
15985,Mr. Alfa Auto Repair,183930.05,146977.05
15986,Bound Brook Borough Hall,286800.36,249269.97
15987,Basil Bandwagon,4073958.8,3750890.75
15988,A & R Auto Repair,985903.64,604860.58
15989,Battle Hill Elementary School,445245.49,331084.14
15990,Connecticut Farms Elementary School,912774.34,746974.85
15991,Burnet Middle School,3256351.13,2860534.67
15992,Far Hills Municipal Building,2233130.49,1506814.8
15993,Vineland Check Cashing,4634055.83,4388178.17
15994,Quick Fill,1957769.02,1241366.04
15995,Shrewsbury Township Town Hall and Community Center,3642661.73,2835208.76
15996,Alfred Vail Mutual Association,1958778.87,1654766.62
15997,Elite Cleaners & Tailors,3961730.25,3187036.25
15998,Healthfair Natural Food Market,2196068.58,1436433.92
15999,Garden State Auto Repair,1254355.48,754888.5
16000,World Insurance Associates LLC,2508180.51,1747663.98
16001,Little Silver Borough Hall,2865176.82,1784570.59
16002,Red Bank Borough Municipal Building,4815891.42,4171871.11
16003,Perth Amboy Office of Recreation,3588477.34,2337937.5
16004,London Liquor Discount,284947.32,200316.07
16005,Elsinboro Township Municipal Complex,4549484.55,2737087.35
16006,Woodland Township Municipal Building,4846610.34,3666866.62
16007,Deli Stop,4186996.91,3384134.28
16008,Cottonmouth Dispensary,945488.08,779692.35
16009,Runnemede Municipal Building,3248052.16,2205137.75
16010,Lucas Laundry,460074.83,348390.69
16011,Preet Food Mart Tobacco Outlet,3766995.7,2745225.41
16012,Dayna's Party Rentals,989241.38,722915.45
16013,Pine Hill Borough Hall,697906.98,432579.68
16014,Intex Millwork Solutions,1047313.97,956234.06
16015,Little Ferry Borough,873601.49,555520.8
16016,Moonachie Municipal Complex,4435516.19,4129281.44
16017,Soldato Books and Record store,3140317.51,2707002.03
16018,South Hackensack Municipal Complex,4060999.42,2933841.51
16019,Quinton Township Municipal Building,1857547.31,1367884.61
16020,City of Salem Municipal Annex,2015264.8,1224450.33
16021,Xpress Mart,1595502.77,1312619.0
16022,Newfield Borough Hall,118610.57,79452.0
16023,Hale Trailer Brake & Wheel,1023002.05,950214.9
16024,Lindenwold Municipal Building,2371211.35,1499399.44
16025,Edison Millwork,226565.05,178710.02
16026,Open Road BMW of Edison,2976038.16,1814297.52
16027,SecureSpace Self Storage,1800263.78,1108860.52
16028,Wayne Dumont Jr. Administration Building,1362555.87,1014148.67
16029,Delran Municipal Center,1620054.92,1148721.68
16030,Delran Board of Education,1570227.4,1258589.32
16031,Castaway Cannabis,4082503.8,2552965.91
16032,Hamilton Township Municipal Building,972178.13,674958.15
16033,Township of Delanco Municipal Complex,3310397.19,3007478.08
16034,Willingboro Township Building,1775179.67,1346438.07
16035,Burlington Kia,1287542.39,1073680.45
16036,City of Burlington City Hall,2299580.14,1802815.9
16037,Burlington Chevrolet,4195796.35,3507121.11
16038,Cinnaminson Township Municipal Building,2512820.99,1994480.81
16039,Waterford Township Municipal Building,2170019.15,1371407.41
16040,Passarella's Automotive and LightTruck Repair,4770295.75,3641078.5
16041,ConvergeOne,1973644.03,1222149.53
16042,Asbury Park City Hall,3257729.49,2665341.78
16043,Neptune Township Municipal Building,2976821.99,2502629.26
16044,Pool & Spa Doctor,4829609.29,3499066.92
16045,Point Pleasant Beach Town Hall / Police Station,3811108.47,2886722.65
16046,Pine Belt Subaru,678347.17,502800.59
16047,Pine Belt Chevrolet,504319.31,357167.74
16048,Honda Universe,3687740.74,2263931.02
16049,Pine Belt Chrysler Jeep Dodge Ram,1987346.43,1450890.46
16050,Larson Ford,4628654.23,2874126.76
16051,Bugaboo Pest Control,4915179.26,3438057.29
16052,Skid'S Cycles,2438154.17,1959369.41
16053,Mixing Bowl Deli,4095958.95,3742351.16
16054,Hardyston Township Municipal Building,4360759.02,2636319.13
16055,Henderson's,362084.58,308695.87
16056,Monmouth County Board of Elections Complex,2941964.52,2754283.76
16057,Freehold Borough Municipal Building,103016.76,96725.73
16058,Monmouth County Communications Center,3601698.54,2536917.0
16059,Leisure Village Service Center,521477.05,494890.8
16060,Mpc Bus Corp.,4669293.19,3230528.42
16061,Cranford Public Works,1399925.43,960981.41
16062,Pearl Insurance,4615695.48,3234495.44
16063,Cranford Board of Education,3199917.23,2474982.33
16064,Big A Service Center Inc,1670325.74,1155023.43
16065,JVJ Stem Academy School No. 92,4373176.49,3414217.69
16066,Smith Funeral Home,278754.03,210294.96
16067,Yankee Line Buses,2124660.85,1314527.98
16068,Donjon Marine Company,1145188.17,963850.21
16069,Linden City Hall,2878296.13,2440111.51
16070,Bagliani's Market,3777487.33,3314383.01
16071,Mario's Auto Repair,3064667.15,2521859.95
16072,M Auto Group Showroom,2336906.88,2205925.54
16073,Clark Municipal Court and Police Station,1776493.03,1171987.57
16074,"Bradley, Haeberle & Barth Funeral Home",4348174.06,4041566.79
16075,Mini Stop & Shop,3950434.35,3675380.65
16076,Associated Humane Societies - Executive Offices & Shelter,4461255.15,2750190.67
16077,Magnolias Beauty Boutique,2663729.2,2187155.42
16078,Vernon Electrical Supply,2252545.71,1402321.04
16079,Ranch Hope,2418491.43,1783112.14
16080,Vernon Township Municipal Building,4685747.69,3311098.07
16081,Galaxy Smoke,2396616.82,1943071.66
16082,Vernon Township Animal Control,807699.64,598026.56
16083,Radiating Wellness,803072.23,698521.34
16084,Vernon Copy Center,761620.16,607664.6
16085,The Tracks,698708.2,451608.5
16086,McAfee Hardware,4276208.79,3814111.46
16087,Earth-Tec Associates Inc.,2767478.61,2009367.26
16088,Cranbury Commons,2271942.05,1615066.55
16089,Better Homes & Gardens Real Estate,4038071.55,2695025.69
16090,Paul Miller Porsche,2129683.74,1594147.85
16091,Ewing Town Center Managment,2379309.14,1976801.25
16092,Boston & Seeberger,3195401.41,1998721.21
16093,Windy Brow Farms,4004826.79,3404640.17
16094,Cortez Cigars,3816725.84,3231577.84
16095,Eye On Wireless,3635917.96,3294907.6
16096,Elite Auto Trend,2311749.67,2166206.6
16097,SuperFresh Food World,3894675.39,2871935.52
16098,Fields of Green Montessori School,2487998.18,1766330.44
16099,Wilson Auto Parts at Kearny,2186560.96,1376287.82
16100,Heaven Hill Farm & Garden Center,3545372.45,3021314.28
16101,Crystals of Quartz House of Healing,1174148.14,917485.4
16102,Sweetwater Construction,1585070.64,1073557.13
16103,DOH Office of Vital Statistics and Registry,4353144.69,2995189.03
16104,Premium Auto Outlet,4707145.5,3971849.67
16105,Turnersville Chrysler Dodge Jeep Ram,1980861.01,1648867.1
16106,Turnersville Mazda,1156839.07,875125.9
16107,Turnersville Kia,4537259.34,4235982.0
16108,Turnersville Pre-Owned Auto Sales & Service,1991987.56,1732946.94
16109,B&M Motors,2370910.65,1698263.41
16110,The Boys & Girls Club Bike Exchange,2096987.93,1377284.38
16111,dd's Discounts,3942341.49,3326906.87
16112,Giant Wine and Liquor,1932533.38,1794884.24
16113,Ashley Stewart Woman,1643900.41,1224300.55
16114,American Furniture,4177287.09,3487662.83
16115,Jersey College School of Nursing,593335.99,533100.73
16116,Highland General Store,4555785.52,3960052.21
16117,Wawayanda Iron Furnace,3668873.45,2785992.64
16118,Marketplace Deli,4681817.35,4257403.1
16119,Little Owl Enrichment,4501100.61,3683265.63
16120,Tiger Garage,2226470.35,1443450.61
16121,Family Food Mart,2337428.99,1498800.3
16122,Whitty Transmissions,4544231.57,3127468.11
16123,Dubin Glass,1496345.24,913405.28
16124,Absolutely Yours Cleaners,1941333.65,1810438.37
16125,Solutions Workshop Auto Repair,4621831.15,3324842.74
16126,Green Valley Farms,2771714.35,1736147.06
16127,Sheefa Pharmacy,1122751.49,801882.85
16128,Steener's Attic Refinished Furniture,3411421.6,2328047.33
16129,Broad Street Books,3780450.1,3135039.24
16130,Essex Fells Borough Hall,3913564.15,3182089.6
16131,Walker Middle School,2771114.34,2502872.51
16132,Nutley Municipal Building,2778837.03,2348862.84
16133,Young's World of Beauty,1770123.74,1332773.95
16134,Vingo Wine & Spirits,2777854.82,1790532.95
16135,Cranbury School,2574411.18,1562224.54
16136,Fardale Deli & Mini Market,340072.09,217583.15
16137,Carla. F. Holusha LLC,2364835.35,1767272.78
16138,Union Beach Borough Hall,4604309.98,3356278.57
16139,Dr. Wonder Comics & Collectibles,2099612.67,1422689.41
16140,State Farm Insurance - Tom Maisano,1771152.61,1641545.68
16141,John Johnson Select Used Cars,501130.15,360069.0
16142,Charles J. Riley School Number 9,2795415.94,2134257.91
16143,South Paterson Plaza,4388578.57,3044814.34
16144,Nouri's Jewelry,2207378.82,1627917.02
16145,Nouri Bros. Middle East Shopping Center,2476166.99,2349924.72
16146,Wireless Zone 1,2224276.92,1347398.91
16147,Nouri's Wedding Headquarters,2917063.35,2325207.21
16148,Exotic Hair Salon Unisex,1897982.5,1317692.83
16149,Royal Jewelry,2075916.43,1903214.66
16150,Ely Funeral Home,1365645.52,861407.52
16151,Clark & DiStefano,1092940.75,667955.82
16152,Richard's Liquor Store,295889.01,225540.63
16153,Jersey Devil Tattoo,1890271.02,1725288.33
16154,Anchor Pool Supplies,4294200.0,3142410.92
16155,Prestige Volkswagen,1631923.36,1311620.82
16156,Audi Turnersville,856927.52,611828.22
16157,Holman Ford Turnersville,3161595.74,2106695.07
16158,Peace of Chocolate,1076137.84,655979.29
16159,Phillips 66 Convenience Store,3088629.56,2754479.7
16160,R&M Halal Meat Market,202783.08,138839.49
16161,Fattal's Bakery,3556132.49,2142518.96
16162,Jerusalem Jewelry,4417988.64,2741042.2
16163,Elyamani Farm,3720709.27,2776569.39
16164,Nablus Sweets,4364701.85,4115631.18
16165,Paradise Jewelry,1765507.38,1610270.33
16166,Al Madina,1288924.65,1173233.0
16167,Al Baik,3371572.33,2842045.54
16168,Palestine Salon,2836715.59,1943490.66
16169,Naharine Grocery,1779221.51,1152766.31
16170,iRepair Spot,4149539.48,3105160.95
16171,Watch Stop,1577870.52,1401387.9
16172,S&S Furniture Gallery,2779823.87,2014595.04
16173,Sherman Elementry School,2462992.49,2114925.57
16174,RMH Automotive,1025241.46,953159.23
16175,St. Francis Deli & Grocery,1684237.65,1142078.18
16176,Chambersburg Laundromat,3502547.76,3022427.49
16177,Zambrano's,3262954.4,2539013.23
16178,Peace of Mind Real Estate,300204.86,284976.46
16179,Murphy's Hook House,2404048.17,2276528.71
16180,Eppy's Auto Sales,1330146.3,1161168.55
16181,Auto Outlet of Trenton,4574256.03,3774571.24
16182,On the Way Food Market,4561517.94,2827739.41
16183,Law Office of Karin M. Wood,89434.22,56925.34
16184,Bicycle Rack,1195257.87,887957.62
16185,Exit Realty Jersey Shore,3288205.15,2314858.27
16186,Peapack & Gladstone Municipal Complex,4447938.23,2781448.03
16187,Mike Kelly's Kitchens,1944597.72,1706114.59
16188,Evelyn Hill Cycling,979984.54,588371.7
16189,R & M Automotive,4642397.47,3708567.21
16190,Wingate Apartments rental office,4884535.25,3141124.62
16191,East Windsor Township Municipal Building,1904720.23,1322472.53
16192,J. S Braddock Insurance Agency,4493705.21,3295312.39
16193,86 & Vine,1110231.4,1041750.86
16194,2 Birds Hair Co,678582.86,425534.43
16195,Medford Village Eyecare,4835473.23,3807908.79
16196,Cabin Couture,4936903.36,3461479.15
16197,Jackson Proper,4977428.09,3582596.25
16198,Medford Cigars,4304529.15,3610882.12
16199,Order of the Sacred Crow,4126040.52,3433548.44
16200,Pinecone Trading,1580873.59,1115531.42
16201,Shoppes at Medford Mill,817132.03,496741.41
16202,Great Swamp Outdoor Education Center,3257383.57,2339231.77
16203,Cranbury Buy-Rite,1661543.52,1505488.52
16204,RZ Discount Store,3704989.6,2684205.62
16205,Gogel Tire & Auto Repair,4233730.13,3094927.34
16206,DIRTY LAUNDRY EXPRESS,4186381.19,3863461.1
16207,AU BON PATE BAKERY,3760186.39,3567594.38
16208,99 Cent LOT,788270.46,539368.27
16209,Eileen's Gift Shoppe,4581616.72,3767410.58
16210,Gilbert & Calabrese,988403.64,805095.38
16211,Chesterfield Township Municipal Building,1618315.12,1069680.07
16212,Advanced Water Softening,4172593.52,3646637.63
16213,Ridgeline Motors,2912689.99,1798220.81
16214,Bare Woods Furniture,2206715.59,1814594.73
16215,Branchville Auto Sales,2276292.67,1695044.45
16216,Hero Car Care,3681137.8,2644357.66
16217,Hackettstown Municipal Utilities Authority,2307088.47,2169259.45
16218,Hackettstown Transmission,4298222.95,2968519.46
16219,SEP Automotive,1884577.19,1416587.96
16220,Murdoch Shoes,678393.87,558053.67
16221,My Love Cleaners,3662198.79,2243177.85
16222,Barber Shop II,3473858.16,2214680.89
16223,Mike's Auto Body Shop,4090304.24,3178171.92
16224,Clothing,1042883.19,636958.64
16225,S&A SUPER STORE,4505551.14,3633481.79
16226,Micro Center,812570.33,674858.63
16227,My Heart Cleaners,2477841.71,1594056.13
16228,Montclair Cooperative School,2041185.29,1564818.93
16229,Mill Run Shopping Center,2593760.47,2346373.32
16230,City Supermarket,2483508.07,1567092.48
16231,Launderama Super Store,2569019.81,1699555.71
16232,Hackettstown Flooring,1545833.25,1385959.56
16233,Barley Sheaf Elementary School,899803.99,542278.12
16234,O'Neill Jewelers,3013572.28,2206883.49
16235,A-1 Auto Repair,2987533.66,2104569.37
16236,Dino Mart,3099341.84,1917885.22
16237,TuiNa Massage & Health Center,1523119.37,1268485.6
16238,The Spa Shop & Pool Supply Center,2281109.08,1797272.26
16239,Suburban Consulting Engineers,481881.79,386512.77
16240,Approved Auto & Truck Repair,2560093.93,2253552.82
16241,Crossroads,1726576.69,1287992.73
16242,California Tanning Club,876595.81,568055.37
16243,Pyschic,4263569.68,2960607.56
16244,Moove In,3383352.38,3010872.68
16245,LM Auto Repair and Service,328903.2,248247.39
16246,Dezine Line,3086921.39,2161488.17
16247,Violet Spa,3478161.38,2353744.0
16248,Flex Nutrition,1450566.3,1134316.91
16249,Howard Cleaners,4531812.16,3218132.44
16250,Arrangement,636237.23,442393.56
16251,Family Kitchen Raviolli,487429.52,436551.63
16252,Speciality Tile,2747712.32,2597617.06
16253,Olympic Pool & Spa,4487020.7,3188168.23
16254,Pro Nails & Spa 1,615550.33,475531.71
16255,Martindale's Auto Service Center,2921193.36,2407440.82
16256,Millstone Township Municipal Building,4147584.49,2782118.1
16257,Sun Yorker's Enterprise (USA) Inc.,3588467.69,2269505.11
16258,Upper Pittsgrove Municipal Building,2204080.63,1379502.01
16259,USA Wheels,2010766.95,1586961.33
16260,Cutting Board Deli,2543105.11,1779461.76
16261,Benjamin Moore Newark Paint,4201254.19,3211647.59
16262,High Bridge Borough Offices,3568341.29,2869319.96
16263,H.O.F. the SALON,2077323.26,1396794.65
16264,Milano Nail Spa,172010.21,118291.99
16265,Budd Lake Laundromat,2943914.57,2069881.66
16266,Champ's Pool Supplies,2306214.64,2043399.33
16267,Bordentown City Hall,408778.19,345543.32
16268,Farm Stores,3577503.62,2969572.01
16269,William T. Hornridge Municipal Complex,1212492.12,942669.26
16270,Township of Florence Municipal Complex & Court,4982177.17,4403386.41
16271,Softsprings Water Conditioning,1042257.96,949214.93
16272,TG's Barber Shop,2512444.73,2254365.04
16273,Bilori Jewelers,1835073.16,1288794.7
16274,Laundry Depot,4369259.93,3594066.42
16275,Dr Fish Seafood,2133933.87,1587517.78
16276,K&G,2746678.93,2078256.91
16277,HOME WINES AND LIQOUR,766257.58,503910.34
16278,Food Choice Supermarket,2937096.29,2194543.32
16279,Kehpeh Groceries,4303312.93,3275461.08
16280,IRVINGTON LIQUOR,3437591.31,2211149.63
16281,Home Depot Garden Center,3893478.49,2627189.79
16282,Teamsters Local 408,842152.29,753816.1
16283,Camping World,604846.77,549210.85
16284,BagelFresh,900295.65,831462.54
16285,Route 130 Chrysler Dodge Jeep Ram,3797256.59,3272536.59
16286,Harquail Brothers,811188.64,517064.55
16287,Galeria,4724917.99,3023243.11
16288,Le Mirage Salon & Spa,3859066.36,2956294.12
16289,South Jersey Coin & Gold Exchange,4714861.14,3665306.77
16290,Brookdale Elementary School,2698777.78,2404617.13
16291,Avanti Eyes Vision Center,4701849.07,4145375.65
16292,Crown Realty Corporation,1629163.65,1054640.08
16293,Sun's Market,594946.84,538139.21
16294,Ridge Auto,3747234.59,3326159.25
16295,SB Barber Shop,4728579.22,3982340.93
16296,Walker's Florist & Gift Shop,2625771.86,2027738.55
16297,Schneider Real Estate Agency,3322570.92,2626579.88
16298,Edies Beauty Salon,3607037.45,3019465.45
16299,R & R Automotive,3445714.13,3216576.7
16300,North Hanover Township Municipal Building,4573609.25,4083674.47
16301,Upper Freehold Township Municipal Building,385666.13,316580.9
16302,Re/Max 1st Choice,3183342.48,2379353.0
16303,Dey Farm,290300.88,191969.94
16304,The Doggy Depot,4732305.62,2927471.05
16305,Baladi Auto,3782002.7,3533025.44
16306,Cochran Funeral Home,2233329.56,1710444.63
16307,Birchmeier & Powell,1661159.39,1500644.09
16308,Mom's Deli,2873596.77,2664203.13
16309,AE2 Learning,3205800.22,2103361.57
16310,Cranbury Convenience Store,4225838.79,2939705.54
16311,Pleasant Valley Food and Liquors,2608471.45,2321192.97
16312,Cumberland County 9-1-1 Communications And Training Center,3701224.37,2772105.27
16313,American Laundromat of South Orange,73533.65,53228.32
16314,Former Hightstown Borough Hall,153497.49,112042.62
16315,Salem County Communications Center,2160698.12,1395913.1
16316,"S. Fryczynski & Son, Inc.",567080.48,395117.52
16317,R.P. Smith and Sons,2962628.47,2761042.71
16318,Knight's,4430747.7,3945925.92
16319,Warren County Communications Center,3586989.0,2602969.45
16320,Medford Lakes Borough Hall,3084786.68,2300400.53
16321,Southampton Township Municipal Building,4536085.76,2837289.05
16322,Boonton Township Municipal Building & Police Headquarters,2385352.62,1732349.66
16323,Dumont Borough Hall,2140901.83,1365151.74
16324,Roseland Municipal Building,3505605.46,2414594.62
16325,Alpha Municipal Complex,4432581.95,2986107.1
16326,West Milford Township Townhall,2903349.6,1792735.17
16327,East Orange City Hall,1901206.3,1540366.38
16328,Always Towing & Transport,1477997.82,1391963.17
16329,South Amboy Ferry Ticket Office,1491911.18,1136775.72
16330,Tri State Tire Service,1910847.76,1715153.96
16331,The Cigar Hub,2728782.96,1752466.35
16332,Christian Caring Center,3725317.05,2659725.75
16333,Lankenau Funeral Home,3271677.03,2092962.94
16334,Andy's Auto Repair,1365825.24,937162.4
16335,Moore Funeral Home,3272392.78,2065444.87
16336,Hilltop Nursery and Kindergarten School,221046.27,159805.54
16337,Stowaway Self Storage,1450634.43,1348305.77
16338,Quick Foods,2290900.44,1405068.8
16339,Mike's Dairy & Deli,1779766.97,1092283.17
16340,Rainbow Liquor & Grocery,4904235.55,3493878.75
16341,Tobacco Cigar Outlet,3272085.69,2103179.64
16342,Sunny Mart Food Store,518303.16,312255.39
16343,Dee's JFK Service,331494.15,302209.15
16344,Jonas Automotive Center,2763936.21,1939154.95
16345,Boulevard Funeral Home and Cremation Service,3662255.27,3458296.49
16346,Mervin Oakes Pool Supplies,2403518.52,1926025.61
16347,Pronto Auto Care,1785301.79,1567542.53
16348,Palmyra Borough Hall,4696276.59,3317403.93
16349,Parker's Flower Shop,2795039.93,2105772.07
16350,Muse Tattoo & Body Piercing,555688.41,473045.9
16351,The Wash Line,2645161.92,2148233.22
16352,Xavier & Silva Car Repair,4847213.16,4556440.36
16353,Rick's Farm,1343003.03,824057.67
16354,Sam's 2 Farm Market and Deli,1320052.4,1009096.68
16355,Undercover Auto & Performance,4476562.0,4047021.06
16356,Shamong Township Municipal Building,4661170.73,4189530.19
16357,Reliable Auto Repair,3666525.63,2410862.5
16358,O'Brien & Sons,3906531.56,2789066.72
16359,Assunpink Office WMA,2170448.75,1969722.58
16360,KK Gift & Grocery,3148130.5,2421680.93
16361,Kay's Laundromat,3189721.82,2131016.58
16362,ShopRite at Center Square Plaza,4336197.99,3767868.82
16363,BimmerHub,975423.31,747508.01
16364,Township of Lacey Municipal Building,2729073.24,2482414.34
16365,"Alexander Kitchens & Baths, The Tile Store",1980738.93,1878752.13
16366,5 O'Clock Somewhere,3195136.76,1998920.4
16367,Hunterdon County Communications Center,3913453.61,2406903.35
16368,Cervenka Farm Store,1057205.78,685546.13
16369,Kingwood Township Municipal Building,361388.67,303572.46
16370,Washington Township Administrative Offices,2525489.61,1527658.93
16371,Gateway Toyota,4922495.76,3669051.78
16372,Wrightstown Municipal Building,1710706.99,1246193.19
16373,Mr. Auto Glass,51152.79,42712.2
16374,Advanced Manufacturing and Engineering Center (AMEC),1375422.48,951967.46
16375,Keansburg Borough Hall,2005578.04,1657677.87
16376,Crash Champions Collision Repair,4123740.55,2931906.41
16377,Kushner,4429063.55,3858210.74
16378,Randy's Wholesale Diamonds,805402.46,591421.95
16379,Popes' Gardens,2616397.67,1966669.69
16380,Forsight Optical Center,1058787.47,676830.79
16381,Elwood Deli,3802459.35,2870435.11
16382,Lawnmower Shanty,2409647.29,1571084.72
16383,DeFeo's Farm & Garden,3731838.62,3497119.92
16384,Belco Liquors,3623377.89,2866986.0
16385,Textures Full Services Salon,2520816.72,1918493.27
16386,Langley-Loveland Funeral Home,4182997.86,2576180.32
16387,Tuckahoe Cheesecake,3191672.16,2093786.33
16388,Tuckahoe Bike Shop,4741562.44,3064948.07
16389,Cody's Power Equipment,1813434.06,1222252.13
16390,Tire Barn & Auto Center,533520.96,460395.89
16391,Township of Upper Municipal Building,1229133.25,761094.0
16392,Marmora Liberty Coca-Cola,1723977.28,1143782.47
16393,Blue Dolfin Sweets,1890308.15,1464729.58
16394,IBEW Local 94-NJ,2968645.06,2399222.6
16395,IBEW Local 827,2103729.76,1609236.89
16396,Barlow & Zimmer Funeral Home,898480.38,835228.27
16397,Barks Bed & Biscuit,4863164.1,3121130.44
16398,Colts Neck Township Hall,2952445.39,1882298.87
16399,Denville Liquors,2437659.14,1500334.9
16400,Manalapan Township Hall,2320483.65,1881462.47
16401,Pittsgrove Township Municipal Building,2885648.36,2012510.22
16402,Ethel A Jacobsen Elementary School,2284963.6,1444596.99
16403,Mystic Moon,4414156.0,3921620.78
16404,Freehold Township Municipal Building,3812260.05,2888581.81
16405,Freehold Township Construction Office,846497.85,769471.14
16406,Upper Freehold Township Municipal Services Building,1807904.69,1350006.37
16407,Fair Haven Borough Hall,1881674.26,1413939.74
16408,Rumson Borough Hall,570598.55,468053.06
16409,Croydon Hall Municipal Offices,1598756.53,1449732.7
16410,Fuggi Law Firm,598071.37,542511.68
16411,Pantry 1 Deli & Grill,3413930.64,2993432.33
16412,Bloomfield Mini Mart,1284491.13,1092010.93
16413,RISE,3378106.96,2078543.3
16414,Food Depot,3966773.85,2712279.77
16415,Alloway Township Municipal & Senior Citizens Complex,1982082.94,1337530.67
16416,The Greater Bridgeton Amish Farm Market,4379509.95,3298196.91
16417,She Be Surfin',3788843.54,3290258.35
16418,Hollywood Bikes &. Bowls Avalon,3628044.84,2906944.9
16419,Sha Live Poultry and Meat Market,470270.15,302976.25
16420,Freeway Insurance,2188860.19,1669882.04
16421,Natural Apothecary,2090047.68,1601718.28
16422,Flavor Food Market,1931452.53,1191620.64
16423,7's Barbershop,3514556.53,2412465.87
16424,Downe Township Municipal Building and Senior Center,3089380.64,2703310.67
16425,Fairfield Township Offices,357418.12,314791.32
16426,Avalon Public Works,4505788.23,3013577.9
16427,Kohler's Bakery,4926687.71,4383397.67
16428,Preston Funeral Home,404154.43,358486.84
16429,Branch Brook Memorial Home,158190.76,125850.91
16430,Franklin Township Municipal Building & Community Center,2100741.78,1549701.93
16431,Hope Township Municipal Building,4824070.71,3263723.39
16432,Mansfield Department of Public Works Building,1560963.73,1401632.81
16433,Brookfield Condominiums Association Club House,1911082.77,1602920.61
16434,Town Of Belvidere Municipal Building,4648640.4,4192992.88
16435,Bell Ridge Plumbing Supply,4344879.08,2793735.72
16436,Serenity Montessori School,1610383.58,1291342.47
16437,Don's Garage,4514098.74,3268797.01
16438,Sherwin-Williams Paint Store,4147918.47,2556409.98
16439,Stockton Borough Hall,4197789.63,3021677.92
16440,Delson Associates,2022624.12,1524037.92
16441,Whitesbog General Store,2832409.41,2150611.91
16442,Knott's Colonial Funeral Home,1274656.72,785438.11
16443,Bloomfield Care pharmacy,1588396.14,1396090.52
16444,Precision Barber Shop,3919575.32,3502465.65
16445,John Marmaras Attorney At Law,53496.14,34557.84
16446,Zeas Nails,2293038.17,1442308.15
16447,Pristine Auto Group,4398060.36,2685529.73
16448,Chalet unisex salon,392392.71,315833.9
16449,Pitusa Furniture,4513219.36,3309176.09
16450,Maranatha Realty,1486438.58,924011.92
16451,Alpine Nursery & Garden Center,3674632.61,2442641.78
16452,White Township Municipal Building,2282488.8,1645483.41
16453,Ronnie's Service Center,492284.0,464820.14
16454,Kaival Mini Store,315316.64,246947.43
16455,Nutley Auto Kia,4618743.01,3692331.19
16456,Jhonny Auto Service,999679.03,878447.77
16457,Kid Therapy,362586.67,334308.23
16458,One Mile Self Storage,3100914.12,2785630.37
16459,Winfield Township Municipal Building,1473253.95,1277775.7
16460,Haworth Boro Hall,2079143.95,1766485.93
16461,Carl T Mitnick Elementary School,1627186.8,1095087.23
16462,Express Wash N Fold,676858.53,469153.35
16463,Pine Belt Mazda,3548638.67,2860498.68
16464,Lakewood Toyota,1135440.91,1010548.12
16465,Quick Lane,3576516.07,2361414.46
16466,Larson Ford Commercial Vehicle Center,4330512.85,2777586.65
16467,Shiva Mandir,2187967.9,2045519.18
16468,Apsara Barbershop,4860202.25,3336568.41
16469,Bettery and Electric Sertvice Co,106606.41,98055.27
16470,Mule' Collision Repair,2850321.67,1991920.17
16471,Rico's Auto Body,4461771.48,2858652.8
16472,Jim Curley Buick GMC,132204.26,91660.92
16473,Fuel 4,3185432.13,2357162.79
16474,Union Township Municipal Building,1601030.96,1114564.5
16475,AJC Auto Repair,52080.16,34974.9
16476,Compact Auto Body,4249876.58,2904722.92
16477,Town Tire,2049650.46,1410156.48
16478,Mr. Good Lube,1970113.65,1728831.39
16479,Matawan Aberdeen Board of Education,4693523.51,4421144.95
16480,Dykes Lumber Company,4195475.11,3282465.03
16481,Locked and Loaded Trailers,529439.14,457973.74
16482,C.A. Power Equipment,2495327.05,1680800.71
16483,On Track Automotive,577031.62,498407.08
16484,Shell Food Mart,204593.85,145578.83
16485,Dunkin' Donuts/Baskin Robbins,793841.42,669059.17
16486,O'Ireland,1680587.69,1497758.26
16487,Ron & Jan's Tire & Auto Center,232510.98,205197.14
16488,Shoebox Self-Storage,4680206.92,3092361.53
16489,Hello High Dispensary,4433485.21,3930976.55
16490,Lacey Self Storage,1585850.4,1420322.78
16491,Westampton Township Municipal Building,3310956.86,2129834.38
16492,Mount Holly Township Municipal Building,1871128.78,1463061.31
16493,Waggmore Pet Boutiqe and Bakery,3272947.62,2120937.0
16494,Magnolia Municipal Building,2053921.86,1913854.05
16495,Laurel Springs Borough Hall,4695775.27,4163348.11
16496,Clementon Municipal Building,2737818.28,2138311.86
16497,Chesilhurst Municipal Building,2266290.04,2049869.09
16498,Folsom Borough Hall,2632941.81,2017440.07
16499,South Harrison Township Municipal Building,1287812.28,1041984.53
16500,Woodbury Heights Municipal Building,1786935.41,1334336.78
16501,Grace Downing Elementary School,429673.51,322951.43
16502,Valley View Park at East Hanover,3522104.45,2204817.23
16503,City Supermarket at Fairview,4114430.94,3111595.42
16504,City Supermarket at Asbury Park,3380475.66,2503516.15
16505,City Supermarket at Newark,2384108.06,2043932.23
16506,Alantic Health Transport Center,1020745.17,677792.77
16507,Elsinboro Elementary School,4465003.26,3268174.89
16508,Lower Alloways Creek Elementary School,2453212.85,1643778.04
16509,Stow Creek School,1354509.31,1222939.09
16510,Morris Goodwin Elementary School,1425336.69,1265878.53
16511,Former Shiloh Elementary School,3299628.16,2418348.71
16512,Shiloh Municipal Building,856168.13,660333.17
16513,Weymouth Township Municipal Building,1693935.98,1363614.17
16514,Weymouth Township Elementary School,4207827.48,3690344.32
16515,Mullica Township Municipal Building,3923446.41,2502889.24
16516,Temporary Tabernacle Township Municipal Building,1563591.06,1195575.88
16517,Tabernacle Township Municipal Building,2014914.96,1564858.52
16518,Wilson Auto Parts at West Orange,2303300.09,1572657.18
16519,Wilson Auto Parts at Plainfield,4772113.27,4313757.99
16520,Perna's Plant and Flower Shop,2680106.83,2148022.66
16521,Alo Yoga,1130725.2,685005.61
16522,Interlaken Borough Offices,4295161.54,3050471.52
16523,Little Falls School No. 3,4533076.31,4245513.22
16524,Allenhurst Municipal Building,4868097.03,4124097.55
16525,Farmingdale Borough Hall,1716444.69,1121598.03
16526,East Orange Campus Nine,2183251.15,1758741.3
16527,Somerdale Park Elementary School,2582872.1,2007259.89
16528,Pierce Towing & Auto Repair,2575172.93,2155728.79
16529,Main Line Deli,3693822.42,2469978.53
16530,Broad Meadows Country Fabrics + Treasures,4965180.74,3949901.55
16531,B & B Cycle & Marine,3784744.89,2358197.04
16532,Kearny Self-Storage,3336896.06,2135447.11
16533,Franklin Borough Hall,4711313.74,3898301.64
16534,West Caldwell Municipal Building,4295820.87,3329856.92
16535,Totowa Municipal Building,4716963.82,4277079.46
16536,Ogdensburg Municipal Building,3198932.74,1994675.69
16537,Sparta Middle School,2252364.59,2081639.37
16538,New Jersey United Christian Academy School,3140266.31,2903113.72
16539,Rowan College at Burlington County - Pemberton (permanently closed),4557509.09,4183104.46
16540,Riverton Borough Hall,453766.32,294773.46
16541,Frank R. Costello - Beverly Municipal Building,4339675.04,3458372.48
16542,Mansfield Township Municipal Building,1884189.51,1648075.73
16543,Roosevelt Public School,724658.11,648968.87
16544,New Jersey Regional Day School Jackson,3544501.92,3151409.21
16545,Ocean County Vocational Technical School Jackson Center,1483515.67,1035523.7
16546,Pine Beach Borough Hall,4347235.13,2897141.73
16547,Ocean Gate Elementary School,2548756.28,2035034.52
16548,Forked River Elementary School,1647003.08,1547461.27
16549,Eagleswood Township Municipal Building,2989696.95,2076436.72
16550,Jan Miller,360583.15,268123.43
16551,Little Egg Harbor Administrative Justice Complex,2769695.72,2475645.85
16552,Bass River Township Municipal Building,989105.88,722700.8
16553,D'Elia Funeral Home,4930746.7,4091299.86
16554,Pomona Elementary School,1939939.33,1199107.7
16555,Spring Lake Municipal Building,1547368.17,1116238.58
16556,Mantoloking Municipal Building,4719848.61,3621604.26
16557,Saint Cecelia School,2530471.17,1529220.36
16558,Lavallette Borough Hall,611645.34,492810.86
16559,Lavallette Elementary School,1275849.42,1010138.72
16560,Seaside Park Elementary School,413855.31,284911.58
16561,Point Pleasant Municipal Building,703572.3,426656.51
16562,Carteret Memorial Municipal Building,2080782.46,1750493.32
16563,Washington Park Elementary School,4644780.92,3712115.78
16564,Haddon Point Mount Laurel,2769557.8,2623199.63
16565,MPX Medical & Recreational Cannabis Dispensary,2332063.06,2143733.91
16566,YingHua International School,2506825.79,1922412.79
16567,Open Minded Smoke and Specialty Shop,943339.1,647248.18
16568,Iron Flag Tattoo,2656371.24,2095255.67
16569,Quick Food Convenience Store,1563460.42,1336953.17
16570,Nails Allure & Spa,2573642.96,1846703.68
16571,Fairview Municipal Complex,536235.14,381396.39
16572,Bergen Boulevard School,3075122.12,2631667.68
16573,Borough of North Haledon Municipal Building,274791.08,246326.39
16574,Green Rocket Digital,687866.22,454873.15
16575,Khellah Insurance Agency,1220929.2,931893.57
16576,Silver Lake Plaza,3836571.58,2912886.54
16577,Y.A.L.E. School NJ Northfield Campus,3165118.53,2393111.46
16578,Washington Avenue Elementary School,3305953.17,2051882.66
16579,North Main Street Elementary School,1983382.03,1545663.8
16580,Penns Grove Borough Hall,4559217.44,3813467.98
16581,Oldmans Township School,4400083.31,3946696.81
16582,Logan Township Municipal Building,1415313.86,1070020.11
16583,Mary Bray Elementary School,4502521.91,4009012.2
16584,Glenview Elementary School,2889762.87,2725512.29
16585,Sonia Sotomayor School No. 25,3155265.36,2194118.6
16586,Borough Hall,4628271.02,3366286.31
16587,Gigi Convenience & Smoke,1120655.44,904500.49
16588,Spruce Street Elementary School,856334.24,689736.66
16589,Bais Rivka Rochel School,3641588.01,3275617.24
16590,Bais Shaindel High School,2043755.26,1532084.12
16591,Matawan Aberdeen Middle School,4689467.29,2977322.49
16592,Cliffwood Avenue Elementary School,2374057.48,2147416.08
16593,Cleanings services,1071910.11,978493.3
16594,Shell Shop,894772.04,825942.4
16595,Medford Town Hall,1560588.17,1363685.79
16596,CK Food Mart,2054585.05,1263734.32
16597,Little Falls School No. 1,3992188.29,3739506.96
16598,Patricia Hair Salon,4397120.19,3807712.54
16599,Sentinel Self Storage,1483598.29,915537.99
16600,Parkway Liquors,4168490.39,2575298.21
16601,Marlboro Jewish Center Nursery School,2506501.62,2131563.13
16602,Frank J Dugan Elementary School,2543228.77,1883271.55
16603,Jersey City Public Safety,3631439.58,2488577.43
16604,Clinton Township Municipal Building,4299441.69,3643441.08
16605,Township of Wayne Municipal Building,894633.33,843572.24
16606,JQ Automotive,3845146.78,2826173.23
16607,For What Its Worth Antiques,3029957.16,2781464.36
16608,"Law Office of Anthony DiSalvo,Esq.",1382339.31,1115416.35
16609,Uptown School Complex,3423367.98,2797951.63
16610,Carteret High School,4784568.16,4106223.36
16611,Carteret Mobile Home Park,3178861.06,2248443.02
16612,Cakes by Iz,2288622.02,1673620.72
16613,Lenox Elementary School,1895153.79,1651648.58
16614,Pompton Lakes High School,4945386.27,4058365.72
16615,Passaic County Society for the Prevention of Cruelty to Animals (PCSPCA),3387827.97,2230561.63
16616,Metro Park Services,980924.06,748312.64
16617,Greenidge Funeral Homes,2326041.55,1601066.73
16618,Price$Less,4140020.45,2843924.32
16619,Greens and Grains,2191421.02,1967778.74
16620,Independence Township Municipal Building,689752.48,617732.65
16621,BP 2go,2883932.85,2362652.34
16622,Springfield Township Municipal Building,292478.39,182517.43
16623,Springfield Township Elementary School,4226591.15,3195111.19
16624,Montrose School,4363227.55,2935377.29
16625,Stanhope Municipal Offices,4124849.0,2776775.05
16626,2 Executive Drive,1855613.04,1397332.27
16627,Montague Township Municipal Building,4427618.06,3777111.36
16628,Madison Avenue Elementary School,916770.93,783446.83
16629,Cedar Food Dollar Plus,3566606.76,3337746.33
16630,Aisha's Hair Braiding,4367186.03,3845519.65
16631,Ta’ja Laundromat,3853722.92,2409856.99
16632,West Side Grocery & Deli,3883889.84,3348994.02
16633,GEM,1178049.02,981569.9
16634,Ohio Food Mart,1215133.36,1063911.54
16635,Rancocas Valley High School Annex,319874.79,222510.51
16636,West Orange Fooderie,1429325.69,1346110.79
16637,Riverdale Public School,3809967.4,2606367.23
16638,Nicholas Oresko School No. 14,2133409.52,1479580.57
16639,Edy's Market,4431583.06,3160545.21
16640,Lumberton Twp. Muncipal Offices,2444221.39,1500893.36
16641,Atlantic City Mitsubishi,1277043.56,817490.0
16642,Englishtown Municipal Building,3461864.58,2641713.45
16643,Oxford Township Muncipal Building,3287765.13,2124792.87
16644,Mount Vernon Avenue Elementary School,1514918.51,1329432.45
16645,Twisted Hat Cannabis,4117955.54,2892270.92
16646,Space Auto,4472063.16,3156105.59
16647,Coastal Living Real Esate Group,1171830.93,795219.3
16648,Doctor Martin Luther King School,1400072.68,1001204.26
16649,Viking Academy School,3612548.41,2811709.15
16650,Khalsa Design,3860419.59,2417876.81
16651,Harmony Township Municipal Building,3095632.7,2318194.02
16652,Capelli Salon,3567787.91,2143606.44
16653,Harbor Bike and Beach Shop,2934556.65,2681712.52
16654,Sansone Jr's Keyport Kia,2571625.85,1869820.45
16655,South Hunterdon Regional High School,4326581.64,3847812.23
16656,South Hunterdon Midlde School,1213094.94,1147922.43
16657,West Amwell Township Municipal Building,4249698.78,3589939.42
16658,Lester D. Wilson Elementary School,1358965.16,1278494.77
16659,Flocktown-Kossmann School,1661268.88,1109696.04
16660,Sealed Air,3374345.22,2085346.18
16661,Arrow Fastener,333654.56,286595.79
16662,USA Wine Traders Club of Saddle Brook,4172858.22,3947208.3
16663,M&M Wholesale Distributor,2076706.49,1293761.26
16664,Bayville Elementary School,3561895.82,2738776.63
16665,Monmouth Regional High School,919786.23,610044.52
16666,Highland Park Service Center,1627365.96,1195628.88
16667,Jamesburg Borough Hall,4506322.54,3993189.6
16668,Helmetta Borough Hall,4139418.42,3407380.26
16669,Kam Soon Auto Services,4994409.47,3051750.91
16670,Talking' Heads,4462662.17,3198386.06
16671,Broadway Ange,2038575.28,1818018.88
16672,Greenhaus Jewelers,1116725.36,956629.34
16673,The Broadway Barber House,3583053.83,2555648.02
16674,Affordable Luxury Cars,1886694.39,1560741.27
16675,Jackson Township Municipal Building,1339293.73,1000067.17
16676,Arch Auto,768335.65,531263.92
16677,Township of Saddle Brook,4824390.51,4521677.58
16678,Wine County,3203339.09,2737480.84
16679,Saddle Brook Town Offices,419759.58,325066.05
16680,Express Tile KBF Kitchen & Bath & Flooring,3735422.58,3303498.66
16681,Nourison Industries,2088654.33,1776567.82
16682,Stone Brook Garden Center & Landscape Supply,3224445.02,3006616.69
16683,Chefler Foods,4661756.66,3875652.58
16684,Midland Bagels & Grill,2373240.34,2213955.88
16685,Metuchen Barbershop,4573924.67,2751726.31
16686,Park Self Storage,2425312.12,1583313.1
16687,Birnn Chocolate,2298108.3,2166717.41
16688,Insulators Local 32,504795.34,349729.74
16689,Pohatcong Elementary School,4600939.08,3575548.37
16690,ShopRite of Northvale,2924668.44,2346045.89
16691,Hogan's,1342142.23,1091232.64
16692,United Auto Center,1790117.86,1636646.87
16693,Life Storage,2855013.07,1948856.98
16694,John Hydock Elementary School,2984305.26,2307177.91
16695,FBN Auto Sales,718928.83,537367.63
16696,EZ Auto,3998029.81,3135181.62
16697,New Saddle Brook Auto Body,3025410.84,2836870.91
16698,Ethel M Burke Elementary School,2099553.7,1394618.06
16699,Little Silver Board of Education,4353310.69,2935233.7
16700,ETD Discount Tire,176890.06,147864.95
16701,Delran Auto Repair,4252084.42,3568386.39
16702,L & M Bakery,339862.54,259069.59
16703,White Eagle Liquor,1485328.87,939135.43
16704,Willing Hearts,1752219.67,1147667.63
16705,C&R Auto & Truck Repair,2408820.75,2040980.01
16706,Fuel1,401545.46,363473.05
16707,J-King Barbershop,2633810.41,2164796.53
16708,Chryscar Complete Auto Repair & Maintenance,4391319.07,3005642.66
16709,J&H Radio,3985578.17,3652454.02
16710,MAV Auto Repair,3690372.39,2523120.92
16711,Belleville Elementary School 10,3046043.09,2563268.68
16712,John's Auto Repair,1616579.09,1146223.26
16713,Melick's Town Farm,2208991.68,1386337.1
16714,Bullet Hole Annex,3459821.04,2172985.98
16715,Essex Cigar,4847348.52,3915914.13
16716,La Vida Gardens Dispensary,1522291.88,1102100.42
16717,Modern Millwork Kitchen & Bath Studio,4197736.83,2673613.84
16718,Westampton Middle School,4252727.16,3046951.11
16719,KC Marketplace,4174930.61,2899075.03
16720,Stratford Borough Hall,3645775.69,2621945.08
16721,Deptford Township Middle School,685382.08,554467.67
16722,Saint Catherine of Siena Regional School,1446157.25,1181822.96
16723,Clayton Municipal Building,782841.38,640983.84
16724,Elk Township Municipal Building,1800269.99,1635954.92
16725,Diocese of Metuchen,3999296.74,3436351.45
16726,Mannington Township Municipal Complex,2529636.13,1583167.35
16727,Mannington Elementary School,4261742.91,3675316.32
16728,Dennis Township Hall,4771910.84,3986848.02
16729,Municipal Building - City of Egg Harbor,4559438.32,4066331.53
16730,Qwik Mart,613271.25,528249.28
16731,Quality Auto & Tire Center,1931194.29,1164246.49
16732,Mike's Service Center,4623330.04,3577858.89
16733,Frank Car Depot Auto Repair,3518809.2,2277983.16
16734,TGS Management Company,4797240.47,3800644.99
16735,Columbus Auto Body,2269696.09,1558952.94
16736,The Scone Pony,431055.24,362480.5
16737,Glenwild Garden Center,4341319.27,3785751.91
16738,Bob's Barber Shop,4442393.55,3457411.39
16739,The Upcycle,3144247.85,2132278.72
16740,Bloomfield Medical Plaza,3855801.33,3275131.3
16741,Allenwood General Store,1147189.56,815532.21
16742,L:awrence Township Public Works,4511545.55,3716218.12
16743,Walnut Street Middle School,1496523.94,918163.74
16744,Roche Molecular Systems Inc.,1797152.91,1189447.42
16745,Marshall Elementary School,402099.44,265951.14
16746,Father & Son Flooring,4540438.72,2921838.33
16747,Clifford A Baldwin Elementary School,57253.06,42335.67
16748,RUUTED,606638.36,401319.86
16749,J.D Automotive & Truck Inc,505079.65,347579.08
16750,Manx Cycle Repair,4142325.98,2908890.74
16751,Basket of Cheer,1369088.6,900324.53
16752,Morris County Auto Repair,1467404.38,1110099.56
16753,Anchor Seafood,1493246.93,1319139.29
16754,Bound Brook Community Middle School,501195.99,334656.89
16755,Montvale Market,495209.17,365295.79
16756,Barnegat Township Municipal Complex,245288.83,188348.49
16757,Maple Shade High School,3189771.97,2322518.57
16758,Riverside Township Building,2786900.07,2552253.41
16759,Township of Riverside Administrative Offices,471049.31,420755.4
16760,Immaculata High School,3913031.88,3306390.36
16761,John E. Dwyer Technology Academy,1757287.62,1282035.56
16762,Mendham Commons Guard Gate,1455276.97,932402.36
16763,Building F,1142534.27,947457.59
16764,Lorrimer Sanctuary Visitor Center,2271309.28,1476482.62
16765,M & M Automotive Services,929332.36,747946.73
16766,New Jersey Department of Corrections - Jones Farm Training Center,875193.85,737152.34
16767,New Jersey Department of Transportation - Region North Headquarters,939451.04,741938.76
16768,Englewood Municipal Building,1825444.92,1316211.35
16769,Caldwell Municipal Building,1346739.49,1258434.38
16770,North Plainfield Municipal Building,1935089.72,1377730.9
16771,Green Brook Township Municipal Building,1810962.02,1644025.78
16772,Richie's Auto Body,1971560.74,1423975.41
16773,MCE Motors,4233695.86,3482316.26
16774,Lillian M. Dunfee Elementary School,4048904.88,3105095.25
16775,Port Republic City Hall,187672.25,122780.45
16776,Wildwood High School,4816089.19,3899591.73
16777,West Wildwood Borough Hall,784774.59,588554.04
16778,Wildwood Catholic High School,412407.17,250467.56
16779,Roseland Main Borough Hall,379025.6,331291.25
16780,Direct to You Tire Service,2165345.79,1431782.8
16781,New Level Beauty Bar,1908383.57,1213976.63
16782,SOS Auto Repair,4073307.36,3458013.91
16783,Towne Hyundai of Hackettstown,1565440.48,948813.42
16784,Food Mart 4 U,2616603.13,1793332.21
16785,Sunrise Creek Deli,898593.88,738406.16
16786,Schooley's Mountain General Store,712441.03,457194.38
16787,Jacob Garabed Administration Building,2010291.46,1255080.12
16788,Calico Country Flowers,2982502.04,2294202.16
16789,James H. Johnson Elementary School,1495556.81,1216844.76
16790,Magnolia Elementary School,1864531.0,1567164.87
16791,Triton Regional High School,2889711.99,2503004.0
16792,Glendora Elementary School,1705978.16,1434852.99
16793,Bell Oaks Elementary School,2159508.58,1615491.9
16794,Borough of Lebanon Municipal Offices,443724.78,419374.2
16795,Lebanon Township Municipal Building,1077525.25,828431.74
16796,Tewksbury Township Police & Administration Building,869167.21,605174.37
16797,Washington Township School District Board of Education Offices,4213451.17,3400464.97
16798,L.A. Bikini,3988314.16,3351172.62
16799,Top Style Nail Spa,4765876.92,3786528.88
16800,Scenthound,840837.89,676333.26
16801,Harrington's Auto Repair,1117623.73,1046684.8
16802,Knowlton Township Elementary School,4515275.63,2912732.21
16803,White Township Consolidated School,2844235.75,2556028.91
16804,La Torre Plaza,4723917.74,3921638.96
16805,Knowlton Township Municipal Building,4052886.78,3046127.49
16806,Delta Food Mart,2039727.6,1402828.19
16807,Lafayette Township Municipal Building,487290.47,312841.78
16808,Cornerstone,2874007.29,2366005.82
16809,Byram General Store,3571750.21,2150701.71
16810,Improov Homes,1314210.58,996662.61
16811,Flowers by the River,2009722.84,1242535.89
16812,Gio's Bakery,4774440.09,4302705.8
16813,Horner Brothers Fence,1136064.16,969215.46
16814,Maldonado Accounting Services,2754795.26,1918106.1
16815,Hair Plus More,4151403.63,3429337.69
16816,Lush Nails And Spa,1639024.63,1461446.83
16817,Oriental LL Food Market,4696465.2,4050356.74
16818,Moe’s Tobacco shop,53696.4,33091.53
16819,Absolute Weave Works,4676681.24,4171002.85
16820,On the Go Laundromat,1449584.91,1326355.93
16821,Carhartt,4028454.58,3024670.53
16822,Finishline Auto Salon,4553983.53,3582779.21
16823,Reinherz Law Offices,636030.4,400016.63
16824,"Young, Marr & Associates",4692170.64,3257441.7
16825,Brenner Spiller & Archer,3998470.09,3792248.47
16826,Big Catch Seafood,1405410.67,1201199.96
16827,Teddies,4354662.15,3269339.75
16828,Church St. Art & Craft,2714265.48,1792384.93
16829,Cheerful Dreams,4837952.33,4384020.49
16830,Dharma Skye Soaps,4675390.3,3783342.29
16831,Funko Pops & More,4192413.68,3075265.92
16832,Restoration Operators of South Jersey,2405199.88,2104805.58
16833,Standard Haircuts,1063908.2,736765.84
16834,The Village Quilter,1338786.57,851695.9
16835,Por el Arte Artisan Boutique & Makerspace,3079121.23,2911554.65
16836,Salon Rock Paper Scissors,364977.56,337992.89
16837,Silver Lining,3837122.86,3239611.09
16838,Endless Treasures,2749265.33,2256608.3
16839,Blue Moon Olive Oils & Aged Balsamic,1007814.51,886121.59
16840,MASS GROWN,2477246.61,1653797.24
16841,Nimba Food Store,3166200.63,2817038.81
16842,Big T's Auto Sales,3562878.73,3085447.72
16843,Goodfellas Auto Center,2937620.7,2759962.66
16844,Farber & Company,2186755.7,1604660.62
16845,Liberty Township School,2084005.04,1955777.42
16846,B & J Safe & Lock,443533.04,383590.74
16847,Hollywood Cleaners,687906.07,434128.41
16848,Gomez Check Cashing,2859573.89,1944014.35
