{"type": "FeatureCollection", "features": [{"type": "Feature", "geometry": {"type": "Point", "coordinates": [-74.662732, 40.350118]}, "properties": {"id": 41849, "name": "PALMER SQUARE CHAMBERS GARAGE", "address": "25 Chambers St", "city": "Princeton", "zip": "08542", "access": "public", "ev_level1_evse_num": null, "ev_level2_evse_num": 2, "ev_dc_fast_num": null, "network": "ChargePoint Network", "connector_types": ["J1772"], "owner_type": null}}, {"type": "Feature", "geometry": {"type": "Point", "coordinates": [-74.216585, 40.663848]}, "properties": {"id": 42907, "name": "Elizabeth Parking Authority - J Christian Bollwage Garage", "address": "37 Caldwell Pl", "city": "Elizabeth", "zip": "07201", "access": "public", "ev_level1_evse_num": null, "ev_level2_evse_num": 2, "ev_dc_fast_num": null, "network": "Non-Networked", "connector_types": ["J1772"], "owner_type": "LG"}}, {"type": "Feature", "geometry": {"type": "Point", "coordinates": [-74.3604885, 41.0057274]}, "properties": {"id": 45666, "name": "Route 23 Nissan", "address": "1301 Route 23", "city": "Butler", "zip": "07405", "access": "public", "ev_level1_evse_num": null, "ev_level2_evse_num": 1, "ev_dc_fast_num": null, "network": "Non-Networked", "connector_types": ["J1772"], "owner_type": "P"}}, {"type": "Feature", "geometry": {"type": "Point", "coordinates": [-74.86328, 40.48774]}, "properties": {"id": 45672, "name": "Fred Beans Nissan - Flemington", "address": "172 US Highway 202", "city": "Flemington", "zip": "08822", "access": "public", "ev_level1_evse_num": null, "ev_level2_evse_num": 2, "ev_dc_fast_num": null, "network": "Non-Networked", "connector_types": ["J1772"], "owner_type": "P"}}, {"type": "Feature", "geometry": {"type": "Point", "coordinates": [-74.86328, 40.48774]}, "properties": {"id": 45673, "name": "Fred Beans Nissan - Flemington", "address": "172 US Highway 202", "city": "Flemington", "zip": "08822", "access": "private", "ev_level1_evse_num": null, "ev_level2_evse_num": 1, "ev_dc_fast_num": null, "network": "Non-Networked", "connector_types": ["J1772"], "owner_type": "P"}}, {"type": "Feature", "geometry": {"type": "Point", "coordinates": [-74.291797, 40.262526]}, "properties": {"id": 45675, "name": "DCH Freehold Nissan", "address": "4041 Route 9 N", "city": "Freehold", "zip": "07728", "access": "private", "ev_level1_evse_num": null, "ev_level2_evse_num": 1, "ev_dc_fast_num": null, "network": "Non-Networked", "connector_types": ["J1772"], "owner_type": "P"}}, {"type": "Feature", "geometry": {"type": "Point", "coordinates": [-74.672155, 40.229274]}, "properties": {"id": 45678, "name": "Route 33 Nissan", "address": "951 US Highway 33", "city": "Hamilton Square", "zip": "08690", "access": "public", "ev_level1_evse_num": null, "ev_level2_evse_num": 1, "ev_dc_fast_num": null, "network": "Non-Networked", "connector_types": ["J1772"], "owner_type": "P"}}, {"type": "Feature", "geometry": {"type": "Point", "coordinates": [-74.075111, 40.85083]}, "properties": {"id": 45681, "name": "Route 17 Nissan", "address": "45 Route 17 S", "city": "Hasbrouck Heights", "zip": "07604", "access": "private", "ev_level1_evse_num": null, "ev_level2_evse_num": 1, "ev_dc_fast_num": null, "network": "Non-Networked", "connector_types": ["J1772"], "owner_type": "P"}}, {"type": "Feature", "geometry": {"type": "Point", "coordinates": [-74.200179467, 40.426445931]}, "properties": {"id": 45685, "name": "Pine Belt Nissan / Keyport", "address": "111 NJ-36", "city": "Keyport", "zip": "07735", "access": "private", "ev_level1_evse_num": null, "ev_level2_evse_num": 1, "ev_dc_fast_num": null, "network": "Non-Networked", "connector_types": ["J1772"], "owner_type": "P"}}, {"type": "Feature", "geometry": {"type": "Point", "coordinates": [-74.271282, 39.701442]}, "properties": {"id": 45686, "name": "Causeway Nissan", "address": "435 Route 72 W", "city": "Manahawkin", "zip": "08050", "access": "public", "ev_level1_evse_num": null, "ev_level2_evse_num": 1, "ev_dc_fast_num": null, "network": "Non-Networked", "connector_types": ["J1772"], "owner_type": "P"}}, {"type": "Feature", "geometry": {"type": "Point", "coordinates": [-74.506017, 40.40938]}, "properties": {"id": 45688, "name": "Acme Nissan", "address": "2050 US Highway 130", "city": "South Brunswick", "zip": "08852", "access": "public", "ev_level1_evse_num": null, "ev_level2_evse_num": 1, "ev_dc_fast_num": 1, "network": "Non-Networked", "connector_types": ["CHADEMO", "J1772", "J1772COMBO"], "owner_type": "P"}}, {"type": "Feature", "geometry": {"type": "Point", "coordinates": [-74.506017, 40.40938]}, "properties": {"id": 45689, "name": "Acme Nissan", "address": "2050 US Highway 130", "city": "South Brunswick", "zip": "08852", "access": "private", "ev_level1_evse_num": null, "ev_level2_evse_num": 1, "ev_dc_fast_num": null, "network": "Non-Networked", "connector_types": ["J1772"], "owner_type": "P"}}, {"type": "Feature", "geometry": {"type": "Point", "coordinates": [-74.068718, 40.228608]}, "properties": {"id": 45690, "name": "Sansone Jr's 66 Nissan", "address": "3401 Route 66", "city": "Neptune", "zip": "07753", "access": "public", "ev_level1_evse_num": null, "ev_level2_evse_num": 1, "ev_dc_fast_num": null, "network": "Non-Networked", "connector_types": ["J1772"], "owner_type": "P"}}, {"type": "Feature", "geometry": {"type": "Point", "coordinates": [-74.068718, 40.228608]}, "properties": {"id": 45691, "name": "Sansone Jr's 66 Nissan", "address": "3401 Route 66", "city": "Neptune", "zip": "07753", "access": "private", "ev_level1_evse_num": null, "ev_level2_evse_num": 1, "ev_dc_fast_num": null, "network": "Non-Networked", "connector_types": ["J1772"], "owner_type": "P"}}, {"type": "Feature", "geometry": {"type": "Point", "coordinates": [-74.433392286, 40.630207189]}, "properties": {"id": 45693, "name": "North Plainfield Nissan", "address": "545 Route 22 W", "city": "North Plainfield", "zip": "07060", "access": "private", "ev_level1_evse_num": null, "ev_level2_evse_num": 1, "ev_dc_fast_num": null, "network": "Non-Networked", "connector_types": ["J1772"], "owner_type": "P"}}, {"type": "Feature", "geometry": {"type": "Point", "coordinates": [-74.71986, 40.93008]}, "properties": {"id": 45695, "name": "Nissan of Stanhope", "address": "59 Route 206", "city": "Stanhope", "zip": "07874", "access": "private", "ev_level1_evse_num": null, "ev_level2_evse_num": 1, "ev_dc_fast_num": null, "network": "Non-Networked", "connector_types": ["J1772"], "owner_type": "P"}}, {"type": "Feature", "geometry": {"type": "Point", "coordinates": [-74.180868, 39.961373]}, "properties": {"id": 45696, "name": "Pine Belt Automotive", "address": "229 Route 37 E", "city": "Toms River", "zip": "08753", "access": "public", "ev_level1_evse_num": null, "ev_level2_evse_num": 1, "ev_dc_fast_num": null, "network": "Non-Networked", "connector_types": ["J1772"], "owner_type": "P"}}, {"type": "Feature", "geometry": {"type": "Point", "coordinates": [-74.180868, 39.961373]}, "properties": {"id": 45697, "name": "Pine Belt Automotive", "address": "229 Route 37 E", "city": "Toms River", "zip": "08753", "access": "private", "ev_level1_evse_num": null, "ev_level2_evse_num": 1, "ev_dc_fast_num": null, "network": "Non-Networked", "connector_types": ["J1772"], "owner_type": "P"}}, {"type": "Feature", "geometry": {"type": "Point", "coordinates": [-74.234087, 40.894089]}, "properties": {"id": 45699, "name": "Nissan 46", "address": "440 Route 46", "city": "Totowa", "zip": "07512", "access": "private", "ev_level1_evse_num": null, "ev_level2_evse_num": 1, "ev_dc_fast_num": null, "network": "Non-Networked", "connector_types": ["J1772"], "owner_type": "P"}}, {"type": "Feature", "geometry": {"type": "Point", "coordinates": [-74.120247376, 41.053296859]}, "properties": {"id": 45701, "name": "Ramsey Nissan", "address": "401 NJ-17", "city": "Upper Saddle River", "zip": "07458", "access": "private", "ev_level1_evse_num": null, "ev_level2_evse_num": 1, "ev_dc_fast_num": null, "network": "Non-Networked", "connector_types": ["J1772"], "owner_type": "P"}}, {"type": "Feature", "geometry": {"type": "Point", "coordinates": [-75.043038, 39.461773]}, "properties": {"id": 45703, "name": "Team Nissan", "address": "1715 S Delsea Dr", "city": "Vineland", "zip": "08360", "access": "private", "ev_level1_evse_num": null, "ev_level2_evse_num": 1, "ev_dc_fast_num": null, "network": "Non-Networked", "connector_types": ["J1772"], "owner_type": "P"}}, {"type": "Feature", "geometry": {"type": "Point", "coordinates": [-75.158098229, 39.831879518]}, "properties": {"id": 45704, "name": "Woodbury Nissan", "address": "439 Mantua Ave", "city": "Woodbury", "zip": "08096", "access": "public", "ev_level1_evse_num": null, "ev_level2_evse_num": 3, "ev_dc_fast_num": null, "network": "Non-Networked", "connector_types": ["J1772"], "owner_type": "P"}}, {"type": "Feature", "geometry": {"type": "Point", "coordinates": [-74.26042, 40.745046]}, "properties": {"id": 49035, "name": "Firehouse Lot 3", "address": "1st St & Sloan St", "city": "South Orange", "zip": "07079", "access": "public", "ev_level1_evse_num": 3, "ev_level2_evse_num": 3, "ev_dc_fast_num": null, "network": "Non-Networked", "connector_types": ["J1772", "NEMA520"], "owner_type": "P"}}, {"type": "Feature", "geometry": {"type": "Point", "coordinates": [-74.290584, 40.573827]}, "properties": {"id": 49898, "name": "Sansone Nissan", "address": "90-100 US Route 1", "city": "Avenel", "zip": "07001", "access": "public", "ev_level1_evse_num": null, "ev_level2_evse_num": 1, "ev_dc_fast_num": null, "network": "Non-Networked", "connector_types": ["J1772"], "owner_type": "P"}}, {"type": "Feature", "geometry": {"type": "Point", "coordinates": [-74.57143, 40.57448]}, "properties": {"id": 49900, "name": "Bridgewater Nissan", "address": "1400 Route 22", "city": "Bridgewater", "zip": "08807", "access": "public", "ev_level1_evse_num": null, "ev_level2_evse_num": 2, "ev_dc_fast_num": 1, "network": "Non-Networked", "connector_types": ["CHADEMO", "J1772", "J1772COMBO"], "owner_type": "P"}}, {"type": "Feature", "geometry": {"type": "Point", "coordinates": [-74.57143, 40.57448]}, "properties": {"id": 49901, "name": "Bridgewater Nissan", "address": "1400 Route 22", "city": "Bridgewater", "zip": "08807", "access": "private", "ev_level1_evse_num": null, "ev_level2_evse_num": 1, "ev_dc_fast_num": null, "network": "Non-Networked", "connector_types": ["J1772"], "owner_type": "P"}}, {"type": "Feature", "geometry": {"type": "Point", "coordinates": [-74.506492, 40.864756]}, "properties": {"id": 49903, "name": "Nissan World of Denville", "address": "3057 Route 10", "city": "Denville", "zip": "07834", "access": "private", "ev_level1_evse_num": null, "ev_level2_evse_num": 1, "ev_dc_fast_num": null, "network": "Non-Networked", "connector_types": ["J1772"], "owner_type": "P"}}, {"type": "Feature", "geometry": {"type": "Point", "coordinates": [-74.096328, 40.716971]}, "properties": {"id": 49906, "name": "Hudson Nissan", "address": "585 NJ-440", "city": "Jersey City", "zip": "07305", "access": "private", "ev_level1_evse_num": null, "ev_level2_evse_num": 1, "ev_dc_fast_num": null, "network": "Non-Networked", "connector_types": ["J1772"], "owner_type": "P"}}, {"type": "Feature", "geometry": {"type": "Point", "coordinates": [-74.068422, 40.338269]}, "properties": {"id": 49907, "name": "Nissan City of Red Bank", "address": "120 Newman Springs Rd E", "city": "Red Bank", "zip": "07701", "access": "public", "ev_level1_evse_num": null, "ev_level2_evse_num": 1, "ev_dc_fast_num": 2, "network": "Non-Networked", "connector_types": ["CHADEMO", "J1772", "J1772COMBO"], "owner_type": "P"}}, {"type": "Feature", "geometry": {"type": "Point", "coordinates": [-75.0312057989502, 39.73010731283362]}, "properties": {"id": 49912, "name": "Nissan of Turnersville", "address": "3400 Route 42", "city": "Turnersville", "zip": "08012", "access": "public", "ev_level1_evse_num": null, "ev_level2_evse_num": 1, "ev_dc_fast_num": 1, "network": "Non-Networked", "connector_types": ["CHADEMO", "J1772"], "owner_type": "P"}}, {"type": "Feature", "geometry": {"type": "Point", "coordinates": [-75.0312057989502, 39.73010731283362]}, "properties": {"id": 49913, "name": "Nissan of Turnersville", "address": "3400 Route 42", "city": "Turnersville", "zip": "08012", "access": "private", "ev_level1_evse_num": null, "ev_level2_evse_num": 2, "ev_dc_fast_num": null, "network": "Non-Networked", "connector_types": ["J1772"], "owner_type": "P"}}, {"type": "Feature", "geometry": {"type": "Point", "coordinates": [-74.073959, 40.324267]}, "properties": {"id": 52006, "name": "George Wall Ford Lincoln", "address": "700 Shrewsbury Ave", "city": "Red Bank", "zip": "07701", "access": "public", "ev_level1_evse_num": null, "ev_level2_evse_num": 1, "ev_dc_fast_num": null, "network": "Non-Networked", "connector_types": ["J1772"], "owner_type": "P"}}, {"type": "Feature", "geometry": {"type": "Point", "coordinates": [-74.172823, 40.082323]}, "properties": {"id": 53889, "name": "Larson Ford", "address": "1150 Ocean Ave", "city": "Lakewood", "zip": "08701", "access": "private", "ev_level1_evse_num": null, "ev_level2_evse_num": 2, "ev_dc_fast_num": null, "network": "Non-Networked", "connector_types": ["J1772"], "owner_type": "P"}}, {"type": "Feature", "geometry": {"type": "Point", "coordinates": [-74.041359, 40.290139]}, "properties": {"id": 60922, "name": "CIRCLE BMW STATION 01", "address": "500 NJ-36 500 State Route 36", "city": "Eatontown", "zip": "07724", "access": "public", "ev_level1_evse_num": null, "ev_level2_evse_num": 2, "ev_dc_fast_num": null, "network": "ChargePoint Network", "connector_types": ["J1772"], "owner_type": null}}, {"type": "Feature", "geometry": {"type": "Point", "coordinates": [-74.333898, 40.684542]}, "properties": {"id": 61419, "name": "BMW SPRINGFIELD STATION 01", "address": "391-US-22 east located on east side of front", "city": "Springfield Township", "zip": "07081", "access": "public", "ev_level1_evse_num": null, "ev_level2_evse_num": 1, "ev_dc_fast_num": null, "network": "ChargePoint Network", "connector_types": ["J1772"], "owner_type": null}}, {"type": "Feature", "geometry": {"type": "Point", "coordinates": [-74.811638, 39.082387]}, "properties": {"id": 63619, "name": "Kindle Auto Plaza", "address": "525 Stone Harbor Blvd", "city": "Cape May", "zip": "08210", "access": "private", "ev_level1_evse_num": 2, "ev_level2_evse_num": 2, "ev_dc_fast_num": null, "network": "Non-Networked", "connector_types": ["J1772", "NEMA520"], "owner_type": "P"}}, {"type": "Feature", "geometry": {"type": "Point", "coordinates": [-74.643819, 40.222952]}, "properties": {"id": 64192, "name": "HAMILTON VW VW_408258_A", "address": "2200 NJ-33", "city": "Trenton", "zip": "08690", "access": "public", "ev_level1_evse_num": null, "ev_level2_evse_num": 2, "ev_dc_fast_num": null, "network": "ChargePoint Network", "connector_types": ["J1772"], "owner_type": null}}, {"type": "Feature", "geometry": {"type": "Point", "coordinates": [-74.754838, 40.219983]}, "properties": {"id": 65409, "name": "Station Plaza Parking Garage", "address": "50 Yard Ave", "city": "Trenton", "zip": "08609", "access": "public", "ev_level1_evse_num": 7, "ev_level2_evse_num": null, "ev_dc_fast_num": null, "network": "Non-Networked", "connector_types": ["NEMA520"], "owner_type": "P"}}, {"type": "Feature", "geometry": {"type": "Point", "coordinates": [-74.446529, 40.496879]}, "properties": {"id": 65670, "name": "New Brunswick Parking Authority", "address": "7 Wall St", "city": "New Brunswick", "zip": "08901", "access": "public", "ev_level1_evse_num": null, "ev_level2_evse_num": 5, "ev_dc_fast_num": null, "network": "Non-Networked", "connector_types": ["J1772"], "owner_type": "P"}}, {"type": "Feature", "geometry": {"type": "Point", "coordinates": [-74.447516, 40.494646]}, "properties": {"id": 65671, "name": "New Brunswick Parking Authority", "address": "95 Patterson St", "city": "New Brunswick", "zip": "08901", "access": "public", "ev_level1_evse_num": null, "ev_level2_evse_num": 5, "ev_dc_fast_num": null, "network": "Non-Networked", "connector_types": ["J1772"], "owner_type": "P"}}, {"type": "Feature", "geometry": {"type": "Point", "coordinates": [-74.61657, 39.437138]}, "properties": {"id": 70450, "name": "Nissan - Atlantic City", "address": "6021 E Black Horse Pike", "city": "Egg Harbor Township", "zip": "08234", "access": "public", "ev_level1_evse_num": null, "ev_level2_evse_num": 2, "ev_dc_fast_num": null, "network": "Non-Networked", "connector_types": ["J1772"], "owner_type": "P"}}, {"type": "Feature", "geometry": {"type": "Point", "coordinates": [-74.47802, 40.894258]}, "properties": {"id": 74693, "name": "CHURCH ST LOT CHURCH ST LOT", "address": "12 Church Street", "city": "Denville", "zip": "07834", "access": "public", "ev_level1_evse_num": null, "ev_level2_evse_num": 2, "ev_dc_fast_num": null, "network": "ChargePoint Network", "connector_types": ["J1772"], "owner_type": null}}, {"type": "Feature", "geometry": {"type": "Point", "coordinates": [-74.901942, 38.935359]}, "properties": {"id": 75111, "name": "STATION ONE STATION ONE", "address": "1317 Beach Ave", "city": "Cape May", "zip": "08204", "access": "public", "ev_level1_evse_num": null, "ev_level2_evse_num": 2, "ev_dc_fast_num": null, "network": "ChargePoint Network", "connector_types": ["J1772"], "owner_type": null}}, {"type": "Feature", "geometry": {"type": "Point", "coordinates": [-74.433665, 40.515163]}, "properties": {"id": 76682, "name": "Rutgers University - RUNet Field Offices", "address": "63 Rd 1", "city": "Piscataway", "zip": "08817", "access": "public", "ev_level1_evse_num": null, "ev_level2_evse_num": null, "ev_dc_fast_num": 1, "network": "Non-Networked", "connector_types": ["CHADEMO"], "owner_type": "P"}}, {"type": "Feature", "geometry": {"type": "Point", "coordinates": [-74.285499, 40.692284]}, "properties": {"id": 76928, "name": "Union Volkswagen", "address": "2155 US-22", "city": "Union", "zip": "07083", "access": "public", "ev_level1_evse_num": null, "ev_level2_evse_num": 2, "ev_dc_fast_num": null, "network": "Non-Networked", "connector_types": ["J1772"], "owner_type": "P"}}, {"type": "Feature", "geometry": {"type": "Point", "coordinates": [-74.274701, 40.606383]}, "properties": {"id": 77401, "name": "Rahway Parking Lot", "address": "67 Lewis St", "city": "Rahway", "zip": "07065", "access": "public", "ev_level1_evse_num": null, "ev_level2_evse_num": 2, "ev_dc_fast_num": null, "network": "Non-Networked", "connector_types": ["J1772"], "owner_type": "LG"}}, {"type": "Feature", "geometry": {"type": "Point", "coordinates": [-74.862306, 40.487718]}, "properties": {"id": 78768, "name": "FLEMINGTON BMW STATION 01", "address": "206-228 NJ-31", "city": "Flemington", "zip": "08822", "access": "public", "ev_level1_evse_num": null, "ev_level2_evse_num": 2, "ev_dc_fast_num": null, "network": "ChargePoint Network", "connector_types": ["J1772"], "owner_type": null}}, {"type": "Feature", "geometry": {"type": "Point", "coordinates": [-75.043515, 39.739546]}, "properties": {"id": 80128, "name": "PRESTIGE VW. VW_408281_A", "address": "4271 E Black Horse Pike", "city": "Washington Township", "zip": "08012", "access": "public", "ev_level1_evse_num": null, "ev_level2_evse_num": 2, "ev_dc_fast_num": null, "network": "ChargePoint Network", "connector_types": ["J1772"], "owner_type": null}}, {"type": "Feature", "geometry": {"type": "Point", "coordinates": [-74.975661, 40.731557]}, "properties": {"id": 81600, "name": "Fred Beans Ford", "address": "359 NJ-31", "city": "Washington", "zip": "07882", "access": "private", "ev_level1_evse_num": null, "ev_level2_evse_num": 3, "ev_dc_fast_num": null, "network": "Non-Networked", "connector_types": ["J1772"], "owner_type": "P"}}, {"type": "Feature", "geometry": {"type": "Point", "coordinates": [-74.681242, 40.256056]}, "properties": {"id": 82315, "name": "FRUSCIONE LLC 3500 QBR #1", "address": "3500 Quakerbridge Rd", "city": "Hamilton Township", "zip": "08619", "access": "public", "ev_level1_evse_num": null, "ev_level2_evse_num": 2, "ev_dc_fast_num": null, "network": "ChargePoint Network", "connector_types": ["J1772"], "owner_type": null}}, {"type": "Feature", "geometry": {"type": "Point", "coordinates": [-74.659446, 40.205246]}, "properties": {"id": 82504, "name": "FRUSCIONE LLC 200 CT", "address": "200 Clocktower Dr", "city": "Hamilton Township", "zip": "08690", "access": "public", "ev_level1_evse_num": null, "ev_level2_evse_num": 2, "ev_dc_fast_num": null, "network": "ChargePoint Network", "connector_types": ["J1772"], "owner_type": null}}, {"type": "Feature", "geometry": {"type": "Point", "coordinates": [-74.564719, 40.619297]}, "properties": {"id": 85487, "name": "PINGRY BR 1", "address": "131 Martinsville Rd Lot 1", "city": "Basking Ridge", "zip": "07920", "access": "public", "ev_level1_evse_num": null, "ev_level2_evse_num": 2, "ev_dc_fast_num": null, "network": "ChargePoint Network", "connector_types": ["J1772"], "owner_type": null}}, {"type": "Feature", "geometry": {"type": "Point", "coordinates": [-74.659425, 40.351268]}, "properties": {"id": 85573, "name": "PRINCETON MUNI SPRING STREET", "address": "24 Spring St", "city": "Princeton", "zip": "08542", "access": "public", "ev_level1_evse_num": null, "ev_level2_evse_num": 2, "ev_dc_fast_num": null, "network": "ChargePoint Network", "connector_types": ["J1772"], "owner_type": null}}, {"type": "Feature", "geometry": {"type": "Point", "coordinates": [-74.328801, 40.565018]}, "properties": {"id": 87574, "name": "METROPARK EV 2", "address": "33 S Wood Ave", "city": "Woodbridge Township", "zip": "08830", "access": "public", "ev_level1_evse_num": null, "ev_level2_evse_num": 2, "ev_dc_fast_num": null, "network": "ChargePoint Network", "connector_types": ["J1772"], "owner_type": null}}, {"type": "Feature", "geometry": {"type": "Point", "coordinates": [-74.309172, 40.514261]}, "properties": {"id": 87910, "name": "Bayshore Recycling", "address": "75 Crows Mill Rd", "city": "Keasbey", "zip": "08832", "access": "private", "ev_level1_evse_num": null, "ev_level2_evse_num": 2, "ev_dc_fast_num": null, "network": "Non-Networked", "connector_types": ["J1772"], "owner_type": "P"}}, {"type": "Feature", "geometry": {"type": "Point", "coordinates": [-74.046449, 40.786973]}, "properties": {"id": 87965, "name": "Residence Inn - Secaucus Meadowlands", "address": "800 Plaza Dr", "city": "Secaucus", "zip": "07094", "access": "public", "ev_level1_evse_num": null, "ev_level2_evse_num": 2, "ev_dc_fast_num": null, "network": "Non-Networked", "connector_types": ["J1772"], "owner_type": "P"}}, {"type": "Feature", "geometry": {"type": "Point", "coordinates": [-74.058645, 40.79902]}, "properties": {"id": 87983, "name": "SECAUCUS MUNICIPAL LOT", "address": "1535 Paterson Plank Rd", "city": "Secaucus", "zip": "07094", "access": "public", "ev_level1_evse_num": null, "ev_level2_evse_num": 1, "ev_dc_fast_num": null, "network": "ChargePoint Network", "connector_types": ["J1772"], "owner_type": null}}, {"type": "Feature", "geometry": {"type": "Point", "coordinates": [-74.823092, 40.274146]}, "properties": {"id": 88292, "name": "GREENE 750 BUILDING NO. 11", "address": "23 Wheldon Shivers Dr", "city": "Ewing Township", "zip": "08628", "access": "public", "ev_level1_evse_num": null, "ev_level2_evse_num": 2, "ev_dc_fast_num": null, "network": "ChargePoint Network", "connector_types": ["J1772"], "owner_type": null}}, {"type": "Feature", "geometry": {"type": "Point", "coordinates": [-74.071136, 40.906523]}, "properties": {"id": 92502, "name": "PARKAVENUEBMW STATION 01", "address": "210 NJ-17", "city": "Rochelle Park", "zip": "07662", "access": "public", "ev_level1_evse_num": null, "ev_level2_evse_num": 2, "ev_dc_fast_num": null, "network": "ChargePoint Network", "connector_types": ["J1772"], "owner_type": null}}, {"type": "Feature", "geometry": {"type": "Point", "coordinates": [-74.069774, 40.349339]}, "properties": {"id": 96693, "name": "RED BANK MONMOUTH", "address": "90 Monmouth St", "city": "Red Bank", "zip": "07701", "access": "public", "ev_level1_evse_num": null, "ev_level2_evse_num": 2, "ev_dc_fast_num": null, "network": "ChargePoint Network", "connector_types": ["J1772"], "owner_type": null}}, {"type": "Feature", "geometry": {"type": "Point", "coordinates": [-74.857778, 40.076462]}, "properties": {"id": 96728, "name": "The Herman T. Costello Lyceum Hall", "address": "432 High St", "city": "Burlington", "zip": "08016", "access": "public", "ev_level1_evse_num": null, "ev_level2_evse_num": 2, "ev_dc_fast_num": null, "network": "Non-Networked", "connector_types": ["J1772"], "owner_type": "P"}}, {"type": "Feature", "geometry": {"type": "Point", "coordinates": [-74.072694, 39.942476]}, "properties": {"id": 98475, "name": "SEASIDE HEIGHTS SEASIDE 1", "address": "55 Grant Ave", "city": "Seaside Heights", "zip": "08751", "access": "public", "ev_level1_evse_num": null, "ev_level2_evse_num": 2, "ev_dc_fast_num": null, "network": "ChargePoint Network", "connector_types": ["J1772"], "owner_type": null}}, {"type": "Feature", "geometry": {"type": "Point", "coordinates": [-74.013243, 40.253723]}, "properties": {"id": 98499, "name": "Township of Ocean - Town Hall", "address": "399 Monmouth Rd", "city": "Oakhurst", "zip": "07755", "access": "public", "ev_level1_evse_num": null, "ev_level2_evse_num": 2, "ev_dc_fast_num": null, "network": "Non-Networked", "connector_types": ["J1772"], "owner_type": "LG"}}, {"type": "Feature", "geometry": {"type": "Point", "coordinates": [-74.357705, 40.515384]}, "properties": {"id": 98673, "name": "Environmental Protection Agency", "address": "2890 Woodbridge Ave", "city": "Edison", "zip": "08837", "access": "private", "ev_level1_evse_num": null, "ev_level2_evse_num": 4, "ev_dc_fast_num": null, "network": "Non-Networked", "connector_types": ["J1772"], "owner_type": "FG"}}, {"type": "Feature", "geometry": {"type": "Point", "coordinates": [-74.575552, 39.278662]}, "properties": {"id": 99882, "name": "CITY HALL 01 CITY HALL 01", "address": "840 Central Ave", "city": "Ocean City", "zip": "08226", "access": "public", "ev_level1_evse_num": null, "ev_level2_evse_num": 2, "ev_dc_fast_num": null, "network": "ChargePoint Network", "connector_types": ["J1772"], "owner_type": null}}, {"type": "Feature", "geometry": {"type": "Point", "coordinates": [-74.070951, 39.944341]}, "properties": {"id": 99909, "name": "SEASIDE HEIGHTS SEASIDE PH. 2A", "address": "21A Hancock Ave", "city": "Seaside Heights", "zip": "08751", "access": "public", "ev_level1_evse_num": null, "ev_level2_evse_num": 2, "ev_dc_fast_num": null, "network": "ChargePoint Network", "connector_types": ["J1772"], "owner_type": null}}, {"type": "Feature", "geometry": {"type": "Point", "coordinates": [-74.539645, 40.730666]}, "properties": {"id": 100265, "name": "OLDE MILL INN 1 OLDE MILL INN", "address": "225 US-202", "city": "Basking Ridge", "zip": "07920", "access": "public", "ev_level1_evse_num": null, "ev_level2_evse_num": 2, "ev_dc_fast_num": null, "network": "ChargePoint Network", "connector_types": ["J1772"], "owner_type": null}}, {"type": "Feature", "geometry": {"type": "Point", "coordinates": [-74.334113, 40.544595]}, "properties": {"id": 102293, "name": "Menlo Park Mall - Tesla Supercharger", "address": "55 Parsonage Rd.", "city": "Edison", "zip": "08837", "access": "public", "ev_level1_evse_num": null, "ev_level2_evse_num": null, "ev_dc_fast_num": 16, "network": "Tesla", "connector_types": ["TESLA"], "owner_type": "P"}}, {"type": "Feature", "geometry": {"type": "Point", "coordinates": [-74.562619, 39.393663]}, "properties": {"id": 102294, "name": "JR's Fresh Market - Tesla Supercharger", "address": "3121 Fire Road", "city": "Egg Harbor Township", "zip": "08234", "access": "public", "ev_level1_evse_num": null, "ev_level2_evse_num": null, "ev_dc_fast_num": 8, "network": "Tesla", "connector_types": ["TESLA"], "owner_type": "P"}}, {"type": "Feature", "geometry": {"type": "Point", "coordinates": [-74.641375, 40.195539]}, "properties": {"id": 102295, "name": "Hamilton Marketplace - Tesla Supercharger", "address": "425 Market Place Blvd", "city": "Hamilton Township", "zip": "08691", "access": "public", "ev_level1_evse_num": null, "ev_level2_evse_num": null, "ev_dc_fast_num": 6, "network": "Tesla", "connector_types": ["TESLA"], "owner_type": "P"}}, {"type": "Feature", "geometry": {"type": "Point", "coordinates": [-74.040469, 40.721595]}, "properties": {"id": 102296, "name": "The Oakman - Tesla Supercharger", "address": "160 First Street", "city": "Jersey City", "zip": "07302", "access": "public", "ev_level1_evse_num": null, "ev_level2_evse_num": null, "ev_dc_fast_num": 6, "network": "Tesla", "connector_types": ["TESLA"], "owner_type": "P"}}, {"type": "Feature", "geometry": {"type": "Point", "coordinates": [-74.504514, 40.439674]}, "properties": {"id": 102297, "name": "MainStreetNB - Tesla Supercharger", "address": "191 Grand Avenue", "city": "North Brunswick", "zip": "08902", "access": "public", "ev_level1_evse_num": null, "ev_level2_evse_num": null, "ev_dc_fast_num": 10, "network": "Tesla", "connector_types": ["TESLA"], "owner_type": "P"}}, {"type": "Feature", "geometry": {"type": "Point", "coordinates": [-74.093572, 40.226408]}, "properties": {"id": 102299, "name": "Jersey Shore Premium Outlets - Tesla Supercharger", "address": "1 Premium Outlets Blvd", "city": "Tinton Falls", "zip": "07753", "access": "public", "ev_level1_evse_num": null, "ev_level2_evse_num": null, "ev_dc_fast_num": 16, "network": "Tesla", "connector_types": ["TESLA"], "owner_type": "P"}}, {"type": "Feature", "geometry": {"type": "Point", "coordinates": [-74.039834, 40.727344]}, "properties": {"id": 102300, "name": "Newport Centre - Tesla Supercharger", "address": "30 Mall Drive West", "city": "Jersey City", "zip": "07310", "access": "public", "ev_level1_evse_num": null, "ev_level2_evse_num": null, "ev_dc_fast_num": 20, "network": "Tesla", "connector_types": ["TESLA"], "owner_type": "P"}}, {"type": "Feature", "geometry": {"type": "Point", "coordinates": [-74.297322, 40.535859]}, "properties": {"id": 102301, "name": "Wawa - Tesla Supercharger", "address": "440 King Georges Road", "city": "Woodbridge", "zip": "08857", "access": "public", "ev_level1_evse_num": null, "ev_level2_evse_num": null, "ev_dc_fast_num": 16, "network": "Tesla", "connector_types": ["TESLA"], "owner_type": "P"}}, {"type": "Feature", "geometry": {"type": "Point", "coordinates": [-74.047792, 40.799955]}, "properties": {"id": 104634, "name": "SECAUCUS RECREATION CENT", "address": "1200 Koelle Blvd", "city": "Secaucus", "zip": "07094", "access": "public", "ev_level1_evse_num": null, "ev_level2_evse_num": 1, "ev_dc_fast_num": null, "network": "ChargePoint Network", "connector_types": ["J1772"], "owner_type": null}}, {"type": "Feature", "geometry": {"type": "Point", "coordinates": [-73.963963, 40.958278]}, "properties": {"id": 104735, "name": "Borough of Demarest - Department Of Public Works", "address": "22 Wakelee Dr", "city": "Demarest", "zip": "07627", "access": "public", "ev_level1_evse_num": null, "ev_level2_evse_num": 3, "ev_dc_fast_num": null, "network": "Non-Networked", "connector_types": ["J1772"], "owner_type": "LG"}}, {"type": "Feature", "geometry": {"type": "Point", "coordinates": [-74.076504, 40.915544]}, "properties": {"id": 105308, "name": "WESTFIELD GSP GSP CHARGER 03", "address": "1 Garden State Plaza Pkwy", "city": "Paramus", "zip": "07652", "access": "public", "ev_level1_evse_num": null, "ev_level2_evse_num": 2, "ev_dc_fast_num": null, "network": "ChargePoint Network", "connector_types": ["J1772"], "owner_type": null}}, {"type": "Feature", "geometry": {"type": "Point", "coordinates": [-74.521302, 39.43971]}, "properties": {"id": 114758, "name": "Hampton Inn Atlantic City/Absecon - Tesla Destination", "address": "338  E White Horse Pike", "city": "Absecon", "zip": "08205", "access": "public", "ev_level1_evse_num": null, "ev_level2_evse_num": 3, "ev_dc_fast_num": null, "network": "Tesla Destination", "connector_types": ["J1772", "TESLA"], "owner_type": "P"}}, {"type": "Feature", "geometry": {"type": "Point", "coordinates": [-74.435356, 39.378389]}, "properties": {"id": 114759, "name": "Borgata Hotel Casino & Spa - Tesla Destination", "address": "1 Borgata Way", "city": "Atlantic City", "zip": "08401", "access": "public", "ev_level1_evse_num": null, "ev_level2_evse_num": 4, "ev_dc_fast_num": null, "network": "Tesla Destination", "connector_types": ["TESLA"], "owner_type": "P"}}, {"type": "Feature", "geometry": {"type": "Point", "coordinates": [-74.441153, 39.357222]}, "properties": {"id": 114760, "name": "Dock's Oyster House - Tesla Destination", "address": "2405 Atlantic Ave", "city": "Atlantic City", "zip": "08401", "access": "public", "ev_level1_evse_num": null, "ev_level2_evse_num": 6, "ev_dc_fast_num": null, "network": "Tesla Destination", "connector_types": ["TESLA"], "owner_type": "P"}}, {"type": "Feature", "geometry": {"type": "Point", "coordinates": [-74.427382, 39.379335]}, "properties": {"id": 114761, "name": "Golden Nugget Casino Hotel - Tesla Destination", "address": "Huron Ave & Brigantine Blvd", "city": "Atlantic City", "zip": "08401", "access": "public", "ev_level1_evse_num": null, "ev_level2_evse_num": 3, "ev_dc_fast_num": null, "network": "Tesla Destination", "connector_types": ["J1772", "TESLA"], "owner_type": "P"}}, {"type": "Feature", "geometry": {"type": "Point", "coordinates": [-74.239133, 39.563186]}, "properties": {"id": 114762, "name": "The Gables - Tesla Destination", "address": "212 Centre St", "city": "Beach Haven", "zip": "08008", "access": "public", "ev_level1_evse_num": null, "ev_level2_evse_num": 1, "ev_dc_fast_num": null, "network": "Tesla Destination", "connector_types": ["TESLA"], "owner_type": "P"}}, {"type": "Feature", "geometry": {"type": "Point", "coordinates": [-74.570447, 40.717948]}, "properties": {"id": 114763, "name": "The Bernard's Inn - Tesla Destination", "address": "27 Mine Brook Rd", "city": "Bernardsville", "zip": "07924", "access": "public", "ev_level1_evse_num": null, "ev_level2_evse_num": 2, "ev_dc_fast_num": null, "network": "Tesla Destination", "connector_types": ["J1772", "TESLA"], "owner_type": "P"}}, {"type": "Feature", "geometry": {"type": "Point", "coordinates": [-74.133937, 40.055041]}, "properties": {"id": 114764, "name": "Wine Shoppe - Tesla Destination", "address": "2736 Hooper Ave", "city": "Brick", "zip": "08723", "access": "public", "ev_level1_evse_num": null, "ev_level2_evse_num": 1, "ev_dc_fast_num": null, "network": "Tesla Destination", "connector_types": ["TESLA"], "owner_type": "P"}}, {"type": "Feature", "geometry": {"type": "Point", "coordinates": [-74.371107, 39.399687]}, "properties": {"id": 114765, "name": "Legacy Vacation Club Brigantine Beach - Tesla Destination", "address": "1400 Ocean Beach Ave", "city": "Brigantine", "zip": "08203", "access": "public", "ev_level1_evse_num": null, "ev_level2_evse_num": 4, "ev_dc_fast_num": null, "network": "Tesla Destination", "connector_types": ["J1772", "TESLA"], "owner_type": "P"}}, {"type": "Feature", "geometry": {"type": "Point", "coordinates": [-74.923703, 38.931037]}, "properties": {"id": 114766, "name": "Congress Hall - Tesla Destination", "address": "200 Congress Pl", "city": "Cape May", "zip": "08204", "access": "public", "ev_level1_evse_num": null, "ev_level2_evse_num": 3, "ev_dc_fast_num": null, "network": "Tesla Destination", "connector_types": ["J1772", "TESLA"], "owner_type": "P"}}, {"type": "Feature", "geometry": {"type": "Point", "coordinates": [-74.917601, 40.629178]}, "properties": {"id": 114768, "name": "Hampton Inn Clinton - Tesla Destination", "address": "16 Frontage Dr", "city": "Clinton", "zip": "08809", "access": "public", "ev_level1_evse_num": null, "ev_level2_evse_num": 2, "ev_dc_fast_num": null, "network": "Tesla Destination", "connector_types": ["TESLA"], "owner_type": "P"}}, {"type": "Feature", "geometry": {"type": "Point", "coordinates": [-73.959525, 40.861244]}, "properties": {"id": 114771, "name": "Strictly Bicycles Inc. - Tesla Destination", "address": "2347 Hudson Terrace", "city": "Fort Lee", "zip": "07024", "access": "public", "ev_level1_evse_num": null, "ev_level2_evse_num": 4, "ev_dc_fast_num": null, "network": "Tesla Destination", "connector_types": ["TESLA"], "owner_type": "P"}}, {"type": "Feature", "geometry": {"type": "Point", "coordinates": [-74.133814, 40.962288]}, "properties": {"id": 114772, "name": "Borough of Glen Rock Train Station Commuter Parking - Tesla Destination", "address": "170 Rock Rd", "city": "Glen Rock", "zip": "07452", "access": "public", "ev_level1_evse_num": null, "ev_level2_evse_num": 2, "ev_dc_fast_num": null, "network": "Tesla Destination", "connector_types": ["J1772", "TESLA"], "owner_type": "P"}}, {"type": "Feature", "geometry": {"type": "Point", "coordinates": [-74.02776, 40.73919]}, "properties": {"id": 114773, "name": "W Hoboken - Tesla Destination", "address": "225 River St", "city": "Hoboken", "zip": "07030", "access": "public", "ev_level1_evse_num": null, "ev_level2_evse_num": 2, "ev_dc_fast_num": null, "network": "Tesla Destination", "connector_types": ["TESLA"], "owner_type": "P"}}, {"type": "Feature", "geometry": {"type": "Point", "coordinates": [-74.040243, 40.720023]}, "properties": {"id": 114774, "name": "Propark The Morgan at Provost Square - Tesla Destination", "address": "160 Morgan St", "city": "Jersey City", "zip": "07032", "access": "public", "ev_level1_evse_num": null, "ev_level2_evse_num": 3, "ev_dc_fast_num": null, "network": "Tesla Destination", "connector_types": ["J1772", "TESLA"], "owner_type": "P"}}, {"type": "Feature", "geometry": {"type": "Point", "coordinates": [-74.04138, 40.71387]}, "properties": {"id": 114775, "name": "Propark - Madox Apartments - Tesla Destination", "address": "198 Van Vorst St", "city": "Jersey City", "zip": "07302", "access": "public", "ev_level1_evse_num": null, "ev_level2_evse_num": 1, "ev_dc_fast_num": null, "network": "Tesla Destination", "connector_types": ["TESLA"], "owner_type": "P"}}, {"type": "Feature", "geometry": {"type": "Point", "coordinates": [-74.032769, 40.716966]}, "properties": {"id": 114776, "name": "Hyatt Regency Jersey City on the Hudson - Tesla Destination", "address": "2 Exchange Pl", "city": "Jersey City", "zip": "07302", "access": "public", "ev_level1_evse_num": null, "ev_level2_evse_num": 2, "ev_dc_fast_num": null, "network": "Tesla Destination", "connector_types": ["TESLA"], "owner_type": "P"}}, {"type": "Feature", "geometry": {"type": "Point", "coordinates": [-74.03204, 40.721293]}, "properties": {"id": 114777, "name": "Littleman Parking Crystal Point Garage - Tesla Destination", "address": "2 Second St", "city": "Jersey City", "zip": "07032", "access": "public", "ev_level1_evse_num": null, "ev_level2_evse_num": 4, "ev_dc_fast_num": null, "network": "Tesla Destination", "connector_types": ["TESLA"], "owner_type": "P"}}, {"type": "Feature", "geometry": {"type": "Point", "coordinates": [-74.064287, 40.722203]}, "properties": {"id": 114778, "name": "Propark The Beacon - Tesla Destination", "address": "20 Beacon Wy", "city": "Jersey City", "zip": "07304", "access": "public", "ev_level1_evse_num": null, "ev_level2_evse_num": 3, "ev_dc_fast_num": null, "network": "Tesla Destination", "connector_types": ["J1772", "TESLA"], "owner_type": "P"}}, {"type": "Feature", "geometry": {"type": "Point", "coordinates": [-74.04439, 40.713398]}, "properties": {"id": 114779, "name": "Vantage - Tesla Destination", "address": "33 Park View Ave", "city": "Jersey City", "zip": "07392", "access": "public", "ev_level1_evse_num": null, "ev_level2_evse_num": 2, "ev_dc_fast_num": null, "network": "Tesla Destination", "connector_types": ["TESLA"], "owner_type": "P"}}, {"type": "Feature", "geometry": {"type": "Point", "coordinates": [-74.617588, 40.373937]}, "properties": {"id": 114780, "name": "Eno Terra Restaurant - Tesla Destination", "address": "4484 Rte 27", "city": "Kingston", "zip": "08528", "access": "public", "ev_level1_evse_num": null, "ev_level2_evse_num": 3, "ev_dc_fast_num": null, "network": "Tesla Destination", "connector_types": ["TESLA"], "owner_type": "P"}}, {"type": "Feature", "geometry": {"type": "Point", "coordinates": [-74.94508, 40.365828]}, "properties": {"id": 114781, "name": "Lambertville House, a Distrikt Hotel - Tesla Destination", "address": "32 Bridge St", "city": "Lambertville", "zip": "08530", "access": "public", "ev_level1_evse_num": null, "ev_level2_evse_num": 1, "ev_dc_fast_num": null, "network": "Tesla Destination", "connector_types": ["TESLA"], "owner_type": "P"}}, {"type": "Feature", "geometry": {"type": "Point", "coordinates": [-74.159129, 41.096589]}, "properties": {"id": 114782, "name": "Doubletree by Hilton Mahwah - Tesla Destination", "address": "180 Route 17 S", "city": "Mahwah", "zip": "07430", "access": "public", "ev_level1_evse_num": null, "ev_level2_evse_num": 1, "ev_dc_fast_num": null, "network": "Tesla Destination", "connector_types": ["TESLA"], "owner_type": "P"}}, {"type": "Feature", "geometry": {"type": "Point", "coordinates": [-74.366457, 40.742721]}, "properties": {"id": 114783, "name": "Hilton Short Hills - Tesla Destination", "address": "41 John F. Kennedy Pkwy", "city": "Millburn", "zip": "07078", "access": "public", "ev_level1_evse_num": null, "ev_level2_evse_num": 1, "ev_dc_fast_num": null, "network": "Tesla Destination", "connector_types": ["TESLA"], "owner_type": "P"}}, {"type": "Feature", "geometry": {"type": "Point", "coordinates": [-74.221252, 40.816653]}, "properties": {"id": 114784, "name": "Propark Valley & Bloom Garage - Tesla Destination", "address": "34 Valley Rd", "city": "Montclair", "zip": "07042", "access": "public", "ev_level1_evse_num": null, "ev_level2_evse_num": 3, "ev_dc_fast_num": null, "network": "Tesla Destination", "connector_types": ["J1772", "TESLA"], "owner_type": "P"}}, {"type": "Feature", "geometry": {"type": "Point", "coordinates": [-74.390008, 40.913199]}, "properties": {"id": 114785, "name": "Columbia Inn Restaurant - Tesla Destination", "address": "29 Main Rd", "city": "Montville", "zip": "07045", "access": "public", "ev_level1_evse_num": null, "ev_level2_evse_num": 3, "ev_dc_fast_num": null, "network": "Tesla Destination", "connector_types": ["TESLA"], "owner_type": "P"}}, {"type": "Feature", "geometry": {"type": "Point", "coordinates": [-74.470353, 40.787657]}, "properties": {"id": 114786, "name": "Best Western Plus Morristown Inn - Tesla Destination", "address": "270 South St", "city": "Morristown", "zip": "07960", "access": "public", "ev_level1_evse_num": null, "ev_level2_evse_num": 2, "ev_dc_fast_num": null, "network": "Tesla Destination", "connector_types": ["J1772", "TESLA"], "owner_type": "P"}}, {"type": "Feature", "geometry": {"type": "Point", "coordinates": [-74.633245, 40.90318]}, "properties": {"id": 114787, "name": "Holiday Inn Express & Suites Mount Arlington - Tesla Destination", "address": "176 Howard Blvd", "city": "Mt. Arlington", "zip": "07856", "access": "public", "ev_level1_evse_num": null, "ev_level2_evse_num": 2, "ev_dc_fast_num": null, "network": "Tesla Destination", "connector_types": ["TESLA"], "owner_type": "P"}}, {"type": "Feature", "geometry": {"type": "Point", "coordinates": [-74.403284, 40.699027]}, "properties": {"id": 114788, "name": "Best Western Plus Murray Hill Hotel & Suites - Tesla Destination", "address": "535 Central Ave", "city": "New Providence", "zip": "07974", "access": "public", "ev_level1_evse_num": null, "ev_level2_evse_num": 4, "ev_dc_fast_num": null, "network": "Tesla Destination", "connector_types": ["J1772", "TESLA"], "owner_type": "P"}}, {"type": "Feature", "geometry": {"type": "Point", "coordinates": [-74.739386, 41.024869]}, "properties": {"id": 114789, "name": "The Wooden Duck Bed and Breakfast - Tesla Destination", "address": "140 Goodale Rd", "city": "Newton", "zip": "07860", "access": "public", "ev_level1_evse_num": null, "ev_level2_evse_num": 3, "ev_dc_fast_num": null, "network": "Tesla Destination", "connector_types": ["J1772", "TESLA"], "owner_type": "P"}}, {"type": "Feature", "geometry": {"type": "Point", "coordinates": [-74.807328, 38.994633]}, "properties": {"id": 114790, "name": "The Candlelight Inn, a Select Registry Property - Tesla Destination", "address": "2310 Central Ave", "city": "North Wildwood", "zip": "08260", "access": "public", "ev_level1_evse_num": null, "ev_level2_evse_num": 2, "ev_dc_fast_num": null, "network": "Tesla Destination", "connector_types": ["J1772", "TESLA"], "owner_type": "P"}}, {"type": "Feature", "geometry": {"type": "Point", "coordinates": [-74.665479, 40.349131]}, "properties": {"id": 114791, "name": "The Peacock Inn - Tesla Destination", "address": "20 Bayard Ln", "city": "Princeton", "zip": "08540", "access": "public", "ev_level1_evse_num": null, "ev_level2_evse_num": 1, "ev_dc_fast_num": null, "network": "Tesla Destination", "connector_types": ["TESLA"], "owner_type": "P"}}, {"type": "Feature", "geometry": {"type": "Point", "coordinates": [-74.597719, 40.366333]}, "properties": {"id": 114792, "name": "DoubleTree By Hilton Princeton - Tesla Destination", "address": "4355 Trenton Fwy", "city": "Princeton", "zip": "08540", "access": "public", "ev_level1_evse_num": null, "ev_level2_evse_num": 2, "ev_dc_fast_num": null, "network": "Tesla Destination", "connector_types": ["TESLA"], "owner_type": "P"}}, {"type": "Feature", "geometry": {"type": "Point", "coordinates": [-74.709445, 40.905323]}, "properties": {"id": 114794, "name": "Whistling Swan Inn, a Select Registry Property - Tesla Destination", "address": "110 Main St", "city": "Stanhope", "zip": "07874", "access": "public", "ev_level1_evse_num": null, "ev_level2_evse_num": 1, "ev_dc_fast_num": null, "network": "Tesla Destination", "connector_types": ["TESLA"], "owner_type": "P"}}, {"type": "Feature", "geometry": {"type": "Point", "coordinates": [-74.977199, 40.406122]}, "properties": {"id": 114795, "name": "Stockton Inn - Tesla Destination", "address": "1 Main St", "city": "Stockton", "zip": "08559", "access": "public", "ev_level1_evse_num": null, "ev_level2_evse_num": 3, "ev_dc_fast_num": null, "network": "Tesla Destination", "connector_types": ["J1772", "TESLA"], "owner_type": "P"}}, {"type": "Feature", "geometry": {"type": "Point", "coordinates": [-74.980133, 40.408703]}, "properties": {"id": 114796, "name": "The Woolverton Inn - Tesla Destination", "address": "6 Woolverton Rd", "city": "Stockton", "zip": "08559", "access": "public", "ev_level1_evse_num": null, "ev_level2_evse_num": 2, "ev_dc_fast_num": null, "network": "Tesla Destination", "connector_types": ["J1772", "TESLA"], "owner_type": "P"}}, {"type": "Feature", "geometry": {"type": "Point", "coordinates": [-74.366529, 40.714932]}, "properties": {"id": 114797, "name": "The Grand Summit Hotel - Tesla Destination", "address": "570 Springfield Ave", "city": "Summit", "zip": "07901", "access": "public", "ev_level1_evse_num": null, "ev_level2_evse_num": 3, "ev_dc_fast_num": null, "network": "Tesla Destination", "connector_types": ["J1772", "TESLA"], "owner_type": "P"}}, {"type": "Feature", "geometry": {"type": "Point", "coordinates": [-74.237643, 40.804321]}, "properties": {"id": 114798, "name": "Highlawn Pavilion - Tesla Destination", "address": "1 Crest Dr", "city": "West Orange", "zip": "07052", "access": "public", "ev_level1_evse_num": null, "ev_level2_evse_num": 2, "ev_dc_fast_num": null, "network": "Tesla Destination", "connector_types": ["TESLA"], "owner_type": "P"}}, {"type": "Feature", "geometry": {"type": "Point", "coordinates": [-74.349093, 40.649738]}, "properties": {"id": 114799, "name": "Best Western Westfield Inn - Tesla Destination", "address": "435 N Ave W", "city": "Westfield", "zip": "07090", "access": "public", "ev_level1_evse_num": null, "ev_level2_evse_num": 2, "ev_dc_fast_num": null, "network": "Tesla Destination", "connector_types": ["J1772", "TESLA"], "owner_type": "P"}}, {"type": "Feature", "geometry": {"type": "Point", "coordinates": [-74.709768, 40.879991]}, "properties": {"id": 117271, "name": "First Priority Group", "address": "160 Gold Mine Road", "city": "Flanders", "zip": "07828", "access": "public", "ev_level1_evse_num": null, "ev_level2_evse_num": 7, "ev_dc_fast_num": null, "network": "EV Connect", "connector_types": ["J1772"], "owner_type": null}}, {"type": "Feature", "geometry": {"type": "Point", "coordinates": [-75.240969, 39.821606]}, "properties": {"id": 117725, "name": "Wawa - Tesla Supercharger", "address": "51 Berkley Road", "city": "Paulsboro", "zip": "08066", "access": "public", "ev_level1_evse_num": null, "ev_level2_evse_num": null, "ev_dc_fast_num": 8, "network": "Tesla", "connector_types": ["TESLA"], "owner_type": "P"}}, {"type": "Feature", "geometry": {"type": "Point", "coordinates": [-74.135578, 40.749014]}, "properties": {"id": 118950, "name": "Wawa - Tesla Supercharger", "address": "200 Harrison Avenue", "city": "Kearny", "zip": "07032", "access": "public", "ev_level1_evse_num": null, "ev_level2_evse_num": null, "ev_dc_fast_num": 8, "network": "Tesla", "connector_types": ["TESLA"], "owner_type": "P"}}, {"type": "Feature", "geometry": {"type": "Point", "coordinates": [-74.290742, 40.692288]}, "properties": {"id": 119028, "name": "L443 OUTSIDE DUAL", "address": "2285 US-22", "city": "Union", "zip": "07083", "access": "public", "ev_level1_evse_num": null, "ev_level2_evse_num": 2, "ev_dc_fast_num": null, "network": "ChargePoint Network", "connector_types": ["J1772"], "owner_type": null}}, {"type": "Feature", "geometry": {"type": "Point", "coordinates": [-74.197115, 40.865151]}, "properties": {"id": 119070, "name": "RED HAWK DECK CARPARC DIEM DE", "address": "28 Clove Rd", "city": "Little Falls", "zip": "07424", "access": "public", "ev_level1_evse_num": null, "ev_level2_evse_num": 2, "ev_dc_fast_num": null, "network": "ChargePoint Network", "connector_types": ["J1772"], "owner_type": null}}, {"type": "Feature", "geometry": {"type": "Point", "coordinates": [-74.202379, 40.860638]}, "properties": {"id": 119071, "name": "RED HAWK DECK RED HAWK DECK", "address": "1 Normal Ave", "city": "Montclair", "zip": "07043", "access": "public", "ev_level1_evse_num": null, "ev_level2_evse_num": 2, "ev_dc_fast_num": null, "network": "ChargePoint Network", "connector_types": ["J1772"], "owner_type": null}}, {"type": "Feature", "geometry": {"type": "Point", "coordinates": [-74.856582, 40.069216]}, "properties": {"id": 120859, "name": "DAVIS HONDA SHOP01", "address": "40 US-130", "city": "Burlington", "zip": "08016", "access": "public", "ev_level1_evse_num": null, "ev_level2_evse_num": 1, "ev_dc_fast_num": null, "network": "ChargePoint Network", "connector_types": ["J1772"], "owner_type": null}}, {"type": "Feature", "geometry": {"type": "Point", "coordinates": [-74.118645, 40.844257]}, "properties": {"id": 121271, "name": "RUTHERFORDBORO MEMORIALNO2", "address": "111 Monona Ave", "city": "Rutherford", "zip": "07070", "access": "public", "ev_level1_evse_num": null, "ev_level2_evse_num": 1, "ev_dc_fast_num": null, "network": "ChargePoint Network", "connector_types": ["J1772"], "owner_type": null}}, {"type": "Feature", "geometry": {"type": "Point", "coordinates": [-74.073138, 40.892506]}, "properties": {"id": 121570, "name": "BERGEN HARLEY DCFAST HOG", "address": "124 Essex St", "city": "Rochelle Park", "zip": "07662", "access": "public", "ev_level1_evse_num": null, "ev_level2_evse_num": null, "ev_dc_fast_num": 1, "network": "ChargePoint Network", "connector_types": ["J1772COMBO"], "owner_type": null}}, {"type": "Feature", "geometry": {"type": "Point", "coordinates": [-74.946098, 40.020901]}, "properties": {"id": 121589, "name": "Barlow Chevrolet", "address": "6057 Route 130 S", "city": "Delran", "zip": "08075", "access": "public", "ev_level1_evse_num": null, "ev_level2_evse_num": null, "ev_dc_fast_num": 1, "network": "Non-Networked", "connector_types": ["J1772COMBO"], "owner_type": "P"}}, {"type": "Feature", "geometry": {"type": "Point", "coordinates": [-74.55736, 40.908505]}, "properties": {"id": 122304, "name": "Rockaway Town Plaza - Tesla Supercharger", "address": "395 Mount Hope Avenue", "city": "Rockaway", "zip": "07866", "access": "public", "ev_level1_evse_num": null, "ev_level2_evse_num": null, "ev_dc_fast_num": 12, "network": "Tesla", "connector_types": ["TESLA"], "owner_type": "P"}}, {"type": "Feature", "geometry": {"type": "Point", "coordinates": [-74.793363, 40.101817]}, "properties": {"id": 122343, "name": "Wawa - Tesla Supercharger", "address": "2060 US-130", "city": "Burlington", "zip": "08016", "access": "public", "ev_level1_evse_num": null, "ev_level2_evse_num": null, "ev_dc_fast_num": 8, "network": "Tesla", "connector_types": ["TESLA"], "owner_type": "P"}}, {"type": "Feature", "geometry": {"type": "Point", "coordinates": [-74.351359, 40.849718]}, "properties": {"id": 122344, "name": "Wawa - Tesla Supercharger", "address": "350 New Road", "city": "Parsippany", "zip": "07054", "access": "public", "ev_level1_evse_num": null, "ev_level2_evse_num": null, "ev_dc_fast_num": 12, "network": "Tesla", "connector_types": ["TESLA"], "owner_type": "P"}}, {"type": "Feature", "geometry": {"type": "Point", "coordinates": [-74.415697, 39.362445]}, "properties": {"id": 122462, "name": "Ocean Resort Casino - Tesla Destination", "address": "500 Boardwalk", "city": "Atlantic City", "zip": "08401", "access": "public", "ev_level1_evse_num": null, "ev_level2_evse_num": 4, "ev_dc_fast_num": null, "network": "Tesla Destination", "connector_types": ["TESLA"], "owner_type": "P"}}, {"type": "Feature", "geometry": {"type": "Point", "coordinates": [-74.580948, 40.652638]}, "properties": {"id": 122463, "name": "Delta Hotels by Marriott - Basking Ridge - Tesla Destination", "address": "80 Allen Rd", "city": "Basking Ridge", "zip": "07920", "access": "public", "ev_level1_evse_num": null, "ev_level2_evse_num": 6, "ev_dc_fast_num": null, "network": "Tesla Destination", "connector_types": ["J1772", "TESLA"], "owner_type": "P"}}, {"type": "Feature", "geometry": {"type": "Point", "coordinates": [-74.53493, 40.275682]}, "properties": {"id": 122464, "name": "Americana Kitchen and Bar - Tesla Destination", "address": "359 US Highway 130", "city": "East Windsor", "zip": "08520", "access": "public", "ev_level1_evse_num": null, "ev_level2_evse_num": 3, "ev_dc_fast_num": null, "network": "Tesla Destination", "connector_types": ["J1772", "TESLA"], "owner_type": "P"}}, {"type": "Feature", "geometry": {"type": "Point", "coordinates": [-74.686033, 39.394978]}, "properties": {"id": 122465, "name": "Hidden Creek Golf Club - Tesla Destination", "address": "75 Asbury Rd", "city": "Egg Harbor Township", "zip": "08234", "access": "public", "ev_level1_evse_num": null, "ev_level2_evse_num": 2, "ev_dc_fast_num": null, "network": "Tesla Destination", "connector_types": ["J1772", "TESLA"], "owner_type": "P"}}, {"type": "Feature", "geometry": {"type": "Point", "coordinates": [-74.51155, 39.503575]}, "properties": {"id": 122466, "name": "Swan Lake Resort - Tesla Destination", "address": "106 E Moss Mill Rd", "city": "Galloway", "zip": "08205", "access": "public", "ev_level1_evse_num": null, "ev_level2_evse_num": 2, "ev_dc_fast_num": null, "network": "Tesla Destination", "connector_types": ["TESLA"], "owner_type": "P"}}, {"type": "Feature", "geometry": {"type": "Point", "coordinates": [-75.077518, 39.93362]}, "properties": {"id": 122467, "name": "Best Western Plus Philadelphia-Pennsauken Hotel - Tesla Destination", "address": "7050 Kaighns Ave", "city": "Pennsauken Township", "zip": "08109", "access": "public", "ev_level1_evse_num": null, "ev_level2_evse_num": 4, "ev_dc_fast_num": null, "network": "Tesla Destination", "connector_types": ["J1772", "TESLA"], "owner_type": "P"}}, {"type": "Feature", "geometry": {"type": "Point", "coordinates": [-74.183656, 40.696413]}, "properties": {"id": 122620, "name": "PANYNJ EWR P4 STATION7", "address": "EWR Station P4 Daily Parking Garage Newark Li", "city": "Newark", "zip": "07114", "access": "public", "ev_level1_evse_num": null, "ev_level2_evse_num": 2, "ev_dc_fast_num": null, "network": "ChargePoint Network", "connector_types": ["J1772"], "owner_type": null}}, {"type": "Feature", "geometry": {"type": "Point", "coordinates": [-74.295153, 40.560876]}, "properties": {"id": 123248, "name": "1460 Aspen Garage", "address": "1460 Route 9", "city": "Woodbridge", "zip": "07095", "access": "public", "ev_level1_evse_num": null, "ev_level2_evse_num": 4, "ev_dc_fast_num": null, "network": "EV Connect", "connector_types": ["J1772"], "owner_type": null}}, {"type": "Feature", "geometry": {"type": "Point", "coordinates": [-74.314617, 40.7824]}, "properties": {"id": 123249, "name": "Livingston Town Hall", "address": "357 South Livingston Avenue", "city": "Livingston", "zip": "07039", "access": "public", "ev_level1_evse_num": null, "ev_level2_evse_num": 6, "ev_dc_fast_num": null, "network": "EV Connect", "connector_types": ["J1772"], "owner_type": null}}, {"type": "Feature", "geometry": {"type": "Point", "coordinates": [-73.992868, 40.804091]}, "properties": {"id": 123250, "name": "Borough Hall", "address": "55 River Road", "city": "Edgewater", "zip": "07020", "access": "public", "ev_level1_evse_num": null, "ev_level2_evse_num": 6, "ev_dc_fast_num": null, "network": "EV Connect", "connector_types": ["J1772"], "owner_type": null}}, {"type": "Feature", "geometry": {"type": "Point", "coordinates": [-74.587104, 40.333705]}, "properties": {"id": 123251, "name": "Plainsboro Municipal Building", "address": "641 Plainsboro Road", "city": "Plainsboro", "zip": "08536", "access": "public", "ev_level1_evse_num": null, "ev_level2_evse_num": 6, "ev_dc_fast_num": null, "network": "EV Connect", "connector_types": ["J1772"], "owner_type": null}}, {"type": "Feature", "geometry": {"type": "Point", "coordinates": [-74.180924, 40.736315]}, "properties": {"id": 123252, "name": "County of Essex Hall of Records & Veterans Court House", "address": "9 South Orange Avenue", "city": "Newark", "zip": "07103", "access": "public", "ev_level1_evse_num": null, "ev_level2_evse_num": 6, "ev_dc_fast_num": null, "network": "EV Connect", "connector_types": ["J1772"], "owner_type": null}}, {"type": "Feature", "geometry": {"type": "Point", "coordinates": [-74.4128071, 40.8574023]}, "properties": {"id": 123253, "name": "ADP - Parsippany", "address": "99 Jefferson Rd", "city": "Parsippany", "zip": "07054", "access": "public", "ev_level1_evse_num": null, "ev_level2_evse_num": 1, "ev_dc_fast_num": null, "network": "Non-Networked", "connector_types": ["J1772"], "owner_type": "P"}}, {"type": "Feature", "geometry": {"type": "Point", "coordinates": [-74.533022, 40.726049]}, "properties": {"id": 123306, "name": "Verizon - Basking Ridge", "address": "1 Verizon Way", "city": "Basking Ridge", "zip": "07920", "access": "private", "ev_level1_evse_num": null, "ev_level2_evse_num": 22, "ev_dc_fast_num": null, "network": "Non-Networked", "connector_types": ["J1772"], "owner_type": "P"}}, {"type": "Feature", "geometry": {"type": "Point", "coordinates": [-74.705362, 40.555505]}, "properties": {"id": 123313, "name": "Verizon - Branchburg", "address": "145 Chubb Way", "city": "Somerville", "zip": "08876", "access": "private", "ev_level1_evse_num": null, "ev_level2_evse_num": 4, "ev_dc_fast_num": null, "network": "Non-Networked", "connector_types": ["J1772"], "owner_type": "P"}}, {"type": "Feature", "geometry": {"type": "Point", "coordinates": [-74.538576, 40.734474]}, "properties": {"id": 123314, "name": "Verizon - Harding", "address": "1496 Mt Kemble Ave", "city": "Morristown", "zip": "07960", "access": "private", "ev_level1_evse_num": null, "ev_level2_evse_num": 2, "ev_dc_fast_num": null, "network": "Non-Networked", "connector_types": ["J1772"], "owner_type": "P"}}, {"type": "Feature", "geometry": {"type": "Point", "coordinates": [-74.634952, 40.644406]}, "properties": {"id": 123317, "name": "Verizon - Bedminster", "address": "180 Washington Valley Rd", "city": "Bedminster", "zip": "07921", "access": "private", "ev_level1_evse_num": null, "ev_level2_evse_num": 8, "ev_dc_fast_num": null, "network": "Non-Networked", "connector_types": ["J1772"], "owner_type": "P"}}, {"type": "Feature", "geometry": {"type": "Point", "coordinates": [-74.495763, 40.544646]}, "properties": {"id": 123322, "name": "Verizon - Piscataway", "address": "201 Centennial Ave", "city": "Piscataway", "zip": "08854", "access": "private", "ev_level1_evse_num": null, "ev_level2_evse_num": 20, "ev_dc_fast_num": null, "network": "Non-Networked", "connector_types": ["J1772"], "owner_type": "P"}}, {"type": "Feature", "geometry": {"type": "Point", "coordinates": [-74.646436, 40.200067]}, "properties": {"id": 123344, "name": "Verizon - Robbinsville", "address": "600 Horizon Dr", "city": "Robbinsville", "zip": "08691", "access": "private", "ev_level1_evse_num": null, "ev_level2_evse_num": 4, "ev_dc_fast_num": null, "network": "Non-Networked", "connector_types": ["J1772"], "owner_type": "P"}}, {"type": "Feature", "geometry": {"type": "Point", "coordinates": [-74.807293, 40.302616]}, "properties": {"id": 123502, "name": "Bank of America - Hopewell", "address": "1150 American Blvd", "city": "Hopewell Township", "zip": "08560", "access": "private", "ev_level1_evse_num": null, "ev_level2_evse_num": 6, "ev_dc_fast_num": null, "network": "Non-Networked", "connector_types": ["J1772"], "owner_type": "P"}}, {"type": "Feature", "geometry": {"type": "Point", "coordinates": [-74.55359, 39.4046]}, "properties": {"id": 143188, "name": "GREENLIFE GREENLIFE", "address": "6754 Washington Ave", "city": "Egg Harbor Township", "zip": "08234", "access": "public", "ev_level1_evse_num": null, "ev_level2_evse_num": null, "ev_dc_fast_num": 1, "network": "ChargePoint Network", "connector_types": ["CHADEMO", "J1772COMBO"], "owner_type": null}}, {"type": "Feature", "geometry": {"type": "Point", "coordinates": [-74.47173, 40.84865]}, "properties": {"id": 143234, "name": "GARDEN STATE DCFAST HOG", "address": "1775 NJ-10", "city": "Morris Plains", "zip": "07950", "access": "public", "ev_level1_evse_num": null, "ev_level2_evse_num": null, "ev_dc_fast_num": 1, "network": "ChargePoint Network", "connector_types": ["J1772COMBO"], "owner_type": null}}, {"type": "Feature", "geometry": {"type": "Point", "coordinates": [-74.04249, 40.71709]}, "properties": {"id": 143354, "name": "JERSEYCITY MONTGOMERY2", "address": "281 Marin Blvd", "city": "Jersey City", "zip": "07302", "access": "public", "ev_level1_evse_num": null, "ev_level2_evse_num": 2, "ev_dc_fast_num": null, "network": "ChargePoint Network", "connector_types": ["J1772"], "owner_type": null}}, {"type": "Feature", "geometry": {"type": "Point", "coordinates": [-74.648283, 40.593428]}, "properties": {"id": 143799, "name": "MetLife - Bridgewater", "address": "501 US Highway 22 W", "city": "Bridgewater", "zip": "08807", "access": "private", "ev_level1_evse_num": null, "ev_level2_evse_num": 4, "ev_dc_fast_num": null, "network": "Non-Networked", "connector_types": ["J1772"], "owner_type": "P"}}, {"type": "Feature", "geometry": {"type": "Point", "coordinates": [-74.446138, 40.778977]}, "properties": {"id": 143800, "name": "MetLife - Convent Station", "address": "334 Madison Ave", "city": "Morristown", "zip": "07960", "access": "private", "ev_level1_evse_num": null, "ev_level2_evse_num": 4, "ev_dc_fast_num": null, "network": "Non-Networked", "connector_types": ["J1772"], "owner_type": "P"}}, {"type": "Feature", "geometry": {"type": "Point", "coordinates": [-74.4176859, 40.81681576]}, "properties": {"id": 143812, "name": "MetLife - Whippany", "address": "1 MetLife Way", "city": "Whippany", "zip": "07981", "access": "private", "ev_level1_evse_num": null, "ev_level2_evse_num": 19, "ev_dc_fast_num": null, "network": "Non-Networked", "connector_types": ["J1772"], "owner_type": "P"}}, {"type": "Feature", "geometry": {"type": "Point", "coordinates": [-74.812904, 40.64508]}, "properties": {"id": 145080, "name": "WILLIAMSHD DCFAST HOG", "address": "1100 US-22", "city": "Lebanon", "zip": "08833", "access": "public", "ev_level1_evse_num": null, "ev_level2_evse_num": null, "ev_dc_fast_num": 1, "network": "ChargePoint Network", "connector_types": ["J1772COMBO"], "owner_type": null}}, {"type": "Feature", "geometry": {"type": "Point", "coordinates": [-75.324425, 39.735954]}, "properties": {"id": 145113, "name": "WOOLWICH TWP WOOLWICH TWP1", "address": "120 Village Green Dr", "city": "Woolwich Township", "zip": "08085", "access": "public", "ev_level1_evse_num": null, "ev_level2_evse_num": 2, "ev_dc_fast_num": null, "network": "ChargePoint Network", "connector_types": ["J1772"], "owner_type": null}}, {"type": "Feature", "geometry": {"type": "Point", "coordinates": [-74.02846, 40.29799]}, "properties": {"id": 145478, "name": "SHORELINE H-D DCFAST HOG", "address": "108 Monmouth Rd", "city": "West Long Branch", "zip": "07764", "access": "public", "ev_level1_evse_num": null, "ev_level2_evse_num": null, "ev_dc_fast_num": 1, "network": "ChargePoint Network", "connector_types": ["J1772COMBO"], "owner_type": null}}, {"type": "Feature", "geometry": {"type": "Point", "coordinates": [-74.19886, 41.019176]}, "properties": {"id": 145736, "name": "BOROUGH HALL BOROUGH HALL1", "address": "480 DeKorte Drive", "city": "Franklin Lakes", "zip": "07417", "access": "public", "ev_level1_evse_num": null, "ev_level2_evse_num": 2, "ev_dc_fast_num": null, "network": "ChargePoint Network", "connector_types": ["J1772"], "owner_type": null}}, {"type": "Feature", "geometry": {"type": "Point", "coordinates": [-74.246124, 40.832207]}, "properties": {"id": 146800, "name": "VERONA TOWNSHIP VERONA TWP1", "address": "Bloomfield Ave at Lakeside Ave", "city": "Verona", "zip": "07044", "access": "public", "ev_level1_evse_num": null, "ev_level2_evse_num": 2, "ev_dc_fast_num": null, "network": "ChargePoint Network", "connector_types": ["J1772"], "owner_type": null}}, {"type": "Feature", "geometry": {"type": "Point", "coordinates": [-74.01007, 40.779675]}, "properties": {"id": 146953, "name": "RIVERBEND 1 RIVERBEND", "address": "25 Ave at Port Imperial", "city": "West New York", "zip": "07093", "access": "public", "ev_level1_evse_num": null, "ev_level2_evse_num": 1, "ev_dc_fast_num": null, "network": "ChargePoint Network", "connector_types": ["J1772"], "owner_type": null}}, {"type": "Feature", "geometry": {"type": "Point", "coordinates": [-75.36565, 39.629543]}, "properties": {"id": 146987, "name": "SALEM COUNTY SALEM COUNTY", "address": "895 Salem Woodstown Rd", "city": "Woodstown", "zip": "08098", "access": "public", "ev_level1_evse_num": null, "ev_level2_evse_num": 2, "ev_dc_fast_num": null, "network": "ChargePoint Network", "connector_types": ["J1772"], "owner_type": null}}, {"type": "Feature", "geometry": {"type": "Point", "coordinates": [-74.443385, 40.842269]}, "properties": {"id": 147019, "name": "TIFFANY CHARGEPOINT 2", "address": "15 Sylvan Way", "city": "Parsippany-Troy Hills", "zip": "07054", "access": "public", "ev_level1_evse_num": null, "ev_level2_evse_num": 2, "ev_dc_fast_num": null, "network": "ChargePoint Network", "connector_types": ["J1772"], "owner_type": null}}, {"type": "Feature", "geometry": {"type": "Point", "coordinates": [-75.09824, 39.67707]}, "properties": {"id": 147050, "name": "GC DPW GLOU CNTY DPW", "address": "1200 N Delsea Dr", "city": "Clayton", "zip": "08312", "access": "public", "ev_level1_evse_num": null, "ev_level2_evse_num": 2, "ev_dc_fast_num": null, "network": "ChargePoint Network", "connector_types": ["J1772"], "owner_type": null}}, {"type": "Feature", "geometry": {"type": "Point", "coordinates": [-74.0672785, 40.8605497]}, "properties": {"id": 148150, "name": "Holiday Inn (800-438-8687)", "address": "283 State Route 17 South", "city": "Hasbrouck Heights", "zip": "7604", "access": "public", "ev_level1_evse_num": null, "ev_level2_evse_num": 4, "ev_dc_fast_num": null, "network": "Blink Network", "connector_types": ["J1772"], "owner_type": null}}, {"type": "Feature", "geometry": {"type": "Point", "coordinates": [-74.2340225, 40.7840653]}, "properties": {"id": 148152, "name": "Thomas Edison National Historical Park", "address": "211 Main St", "city": "West Orange", "zip": "07052", "access": "public", "ev_level1_evse_num": null, "ev_level2_evse_num": 4, "ev_dc_fast_num": null, "network": "Blink Network", "connector_types": ["J1772"], "owner_type": null}}, {"type": "Feature", "geometry": {"type": "Point", "coordinates": [-74.0381811, 40.719871]}, "properties": {"id": 148163, "name": "Modera Lofts", "address": "350 Warren ST", "city": "Jersey City", "zip": "07302", "access": "public", "ev_level1_evse_num": null, "ev_level2_evse_num": 2, "ev_dc_fast_num": null, "network": "Blink Network", "connector_types": ["J1772"], "owner_type": null}}, {"type": "Feature", "geometry": {"type": "Point", "coordinates": [-74.6239834, 40.3397648]}, "properties": {"id": 148176, "name": "Energy Center Princeton LLC", "address": "3 Plainsboro Road", "city": "Plainsboro", "zip": "8536", "access": "public", "ev_level1_evse_num": null, "ev_level2_evse_num": 2, "ev_dc_fast_num": null, "network": "Blink Network", "connector_types": ["J1772"], "owner_type": null}}, {"type": "Feature", "geometry": {"type": "Point", "coordinates": [-74.46977, 40.89466]}, "properties": {"id": 149136, "name": "THE OAKS AT DEN STATION 1", "address": "19 Pocono Rd", "city": "Denville", "zip": "07834", "access": "public", "ev_level1_evse_num": null, "ev_level2_evse_num": 2, "ev_dc_fast_num": null, "network": "ChargePoint Network", "connector_types": ["J1772"], "owner_type": null}}, {"type": "Feature", "geometry": {"type": "Point", "coordinates": [-74.625496, 41.047607]}, "properties": {"id": 149251, "name": "SPARTA TOWNHALL STATION RD1", "address": "95 Station Rd", "city": "Sparta", "zip": "07871", "access": "public", "ev_level1_evse_num": null, "ev_level2_evse_num": 2, "ev_dc_fast_num": null, "network": "ChargePoint Network", "connector_types": ["J1772"], "owner_type": null}}, {"type": "Feature", "geometry": {"type": "Point", "coordinates": [-74.63106, 41.04064]}, "properties": {"id": 149252, "name": "SPARTA TOWNHALL SPARTA TWP MUNI", "address": "65 Main St", "city": "Sparta", "zip": "07871", "access": "public", "ev_level1_evse_num": null, "ev_level2_evse_num": 2, "ev_dc_fast_num": null, "network": "ChargePoint Network", "connector_types": ["J1772"], "owner_type": null}}, {"type": "Feature", "geometry": {"type": "Point", "coordinates": [-75.02644, 39.93478]}, "properties": {"id": 149262, "name": "Target T1085 (Cherry Hill, NJ)", "address": "2137 NJ-38", "city": "Cherry Hill", "zip": "08002", "access": "public", "ev_level1_evse_num": null, "ev_level2_evse_num": 1, "ev_dc_fast_num": 3, "network": "Electrify America", "connector_types": ["J1772", "J1772COMBO"], "owner_type": null}}, {"type": "Feature", "geometry": {"type": "Point", "coordinates": [-75.046893, 39.90987]}, "properties": {"id": 149270, "name": "APTMTS-SS HADDON ST1", "address": "225 Haddon Ave", "city": "Haddon Township", "zip": "08108", "access": "public", "ev_level1_evse_num": null, "ev_level2_evse_num": 2, "ev_dc_fast_num": null, "network": "ChargePoint Network", "connector_types": ["J1772"], "owner_type": null}}, {"type": "Feature", "geometry": {"type": "Point", "coordinates": [-74.253456, 39.759444]}, "properties": {"id": 149294, "name": "Wawa - Tesla Supercharger", "address": "945 West Bay Avenue", "city": "Barnegat", "zip": "08005", "access": "public", "ev_level1_evse_num": null, "ev_level2_evse_num": null, "ev_dc_fast_num": 8, "network": "Tesla", "connector_types": ["TESLA"], "owner_type": "P"}}, {"type": "Feature", "geometry": {"type": "Point", "coordinates": [-74.52993, 40.655365]}, "properties": {"id": 149295, "name": "Dewey Meadow Shopping Center - Tesla Supercharger", "address": "415 King George Road", "city": "Basking Ridge", "zip": "07920", "access": "public", "ev_level1_evse_num": null, "ev_level2_evse_num": null, "ev_dc_fast_num": 8, "network": "Tesla", "connector_types": ["TESLA"], "owner_type": "P"}}, {"type": "Feature", "geometry": {"type": "Point", "coordinates": [-74.821456, 39.088405]}, "properties": {"id": 149301, "name": "Plaza at Cape May Courthouse - Tesla Supercharger", "address": "11 Court House South Dennis Road", "city": "Cape May Court House", "zip": "08210", "access": "public", "ev_level1_evse_num": null, "ev_level2_evse_num": null, "ev_dc_fast_num": 12, "network": "Tesla", "connector_types": ["TESLA"], "owner_type": "P"}}, {"type": "Feature", "geometry": {"type": "Point", "coordinates": [-74.379906, 40.424158]}, "properties": {"id": 149306, "name": "Brunswick Square - Tesla Supercharger", "address": "755 State Route 18", "city": "East Brunswick", "zip": "08816", "access": "public", "ev_level1_evse_num": null, "ev_level2_evse_num": null, "ev_dc_fast_num": 16, "network": "Tesla", "connector_types": ["TESLA"], "owner_type": "P"}}, {"type": "Feature", "geometry": {"type": "Point", "coordinates": [-74.918512, 39.877502]}, "properties": {"id": 149327, "name": "The Promenade at Sagemore - Tesla Supercharger", "address": "500 NJ-73", "city": "Marlton", "zip": "08053", "access": "public", "ev_level1_evse_num": null, "ev_level2_evse_num": null, "ev_dc_fast_num": 12, "network": "Tesla", "connector_types": ["TESLA"], "owner_type": "P"}}, {"type": "Feature", "geometry": {"type": "Point", "coordinates": [-74.59535, 40.193806]}, "properties": {"id": 149351, "name": "QuickChek - Tesla Supercharger", "address": "315 Robbinsville-Allentown Road", "city": "Robbinsville", "zip": "08691", "access": "public", "ev_level1_evse_num": null, "ev_level2_evse_num": null, "ev_dc_fast_num": 8, "network": "Tesla", "connector_types": ["TESLA"], "owner_type": "P"}}, {"type": "Feature", "geometry": {"type": "Point", "coordinates": [-74.21245, 39.9418]}, "properties": {"id": 150233, "name": "Wawa - Tesla Supercharger", "address": "379 Dover Road", "city": "Toms River", "zip": "08757", "access": "public", "ev_level1_evse_num": null, "ev_level2_evse_num": null, "ev_dc_fast_num": 8, "network": "Tesla", "connector_types": ["TESLA"], "owner_type": "P"}}, {"type": "Feature", "geometry": {"type": "Point", "coordinates": [-74.392276, 40.912676]}, "properties": {"id": 150416, "name": "Allure Home Creation", "address": "85 Fulton St", "city": "Boonton", "zip": "07005", "access": "private", "ev_level1_evse_num": null, "ev_level2_evse_num": 1, "ev_dc_fast_num": null, "network": "Non-Networked", "connector_types": ["J1772"], "owner_type": "P"}}, {"type": "Feature", "geometry": {"type": "Point", "coordinates": [-74.133391, 40.962481]}, "properties": {"id": 150419, "name": "Borough of Glen Rock", "address": "176 Rock Rd", "city": "Glen Rock", "zip": "07452", "access": "public", "ev_level1_evse_num": null, "ev_level2_evse_num": 2, "ev_dc_fast_num": null, "network": "Non-Networked", "connector_types": ["J1772", "TESLA"], "owner_type": "P"}}, {"type": "Feature", "geometry": {"type": "Point", "coordinates": [-74.56111, 39.357783]}, "properties": {"id": 150428, "name": "Central United Methodist Church", "address": "5 Marvin Ave", "city": "Linwood", "zip": "08221", "access": "private", "ev_level1_evse_num": null, "ev_level2_evse_num": 1, "ev_dc_fast_num": null, "network": "Non-Networked", "connector_types": ["J1772"], "owner_type": "P"}}, {"type": "Feature", "geometry": {"type": "Point", "coordinates": [-74.575798, 39.278858]}, "properties": {"id": 150429, "name": "City of Ocean City", "address": "861 Asbury Ave", "city": "Ocean City", "zip": "08226", "access": "public", "ev_level1_evse_num": null, "ev_level2_evse_num": 2, "ev_dc_fast_num": null, "network": "Non-Networked", "connector_types": ["J1772"], "owner_type": "P"}}, {"type": "Feature", "geometry": {"type": "Point", "coordinates": [-74.055204, 40.884982]}, "properties": {"id": 150433, "name": "Hackensack University Medical Center", "address": "284 Atlantic St", "city": "Hackensack", "zip": "07601", "access": "public", "ev_level1_evse_num": null, "ev_level2_evse_num": 27, "ev_dc_fast_num": null, "network": "Non-Networked", "connector_types": ["J1772", "TESLA"], "owner_type": "P"}}, {"type": "Feature", "geometry": {"type": "Point", "coordinates": [-74.917559, 40.628918]}, "properties": {"id": 150434, "name": "Hampton Inn Clinton", "address": "16 Frontage Dr", "city": "Clinton", "zip": "08809", "access": "public", "ev_level1_evse_num": null, "ev_level2_evse_num": 2, "ev_dc_fast_num": null, "network": "Non-Networked", "connector_types": ["J1772"], "owner_type": "P"}}, {"type": "Feature", "geometry": {"type": "Point", "coordinates": [-74.612208, 40.570553]}, "properties": {"id": 150437, "name": "M&E Engineers", "address": "26 W High St", "city": "Somerville", "zip": "08876", "access": "private", "ev_level1_evse_num": null, "ev_level2_evse_num": 2, "ev_dc_fast_num": null, "network": "Non-Networked", "connector_types": ["J1772"], "owner_type": "P"}}, {"type": "Feature", "geometry": {"type": "Point", "coordinates": [-74.479131, 40.878626]}, "properties": {"id": 150438, "name": "Morris County Vocational School District", "address": "400 E Main St", "city": "Denville", "zip": "07834", "access": "private", "ev_level1_evse_num": null, "ev_level2_evse_num": 2, "ev_dc_fast_num": null, "network": "Non-Networked", "connector_types": ["J1772"], "owner_type": "P"}}, {"type": "Feature", "geometry": {"type": "Point", "coordinates": [-74.086912, 40.710309]}, "properties": {"id": 150439, "name": "New Jersey City University", "address": "2039 Kennedy Blvd", "city": "Jersey City", "zip": "07305", "access": "private", "ev_level1_evse_num": null, "ev_level2_evse_num": 5, "ev_dc_fast_num": null, "network": "Non-Networked", "connector_types": ["J1772"], "owner_type": "P"}}, {"type": "Feature", "geometry": {"type": "Point", "coordinates": [-74.297309, 40.87358]}, "properties": {"id": 150442, "name": "PBA Engineering", "address": "12 Kulick Rd", "city": "Fairfield", "zip": "07004", "access": "private", "ev_level1_evse_num": null, "ev_level2_evse_num": 3, "ev_dc_fast_num": null, "network": "Non-Networked", "connector_types": ["J1772"], "owner_type": "P"}}, {"type": "Feature", "geometry": {"type": "Point", "coordinates": [-74.745646, 39.940736]}, "properties": {"id": 150443, "name": "Pinelands Preservation Alliance", "address": "17 Pemberton Rd", "city": "Southampton", "zip": "08088", "access": "public", "ev_level1_evse_num": null, "ev_level2_evse_num": 2, "ev_dc_fast_num": null, "network": "Non-Networked", "connector_types": ["J1772"], "owner_type": "P"}}, {"type": "Feature", "geometry": {"type": "Point", "coordinates": [-74.68684480091093, 40.60995566571722]}, "properties": {"id": 150446, "name": "Raritan Valley Community College - Hunterdon Hall", "address": "118 Lamington Rd", "city": "Branchburg", "zip": "08876", "access": "public", "ev_level1_evse_num": null, "ev_level2_evse_num": 4, "ev_dc_fast_num": null, "network": "Non-Networked", "connector_types": ["J1772"], "owner_type": "P"}}, {"type": "Feature", "geometry": {"type": "Point", "coordinates": [-74.732451, 40.278832]}, "properties": {"id": 150447, "name": "Rider University", "address": "2083 Lawrenceville Rd", "city": "Lawrenceville", "zip": "08648", "access": "private", "ev_level1_evse_num": null, "ev_level2_evse_num": 12, "ev_dc_fast_num": null, "network": "Non-Networked", "connector_types": ["J1772"], "owner_type": "P"}}, {"type": "Feature", "geometry": {"type": "Point", "coordinates": [-74.565415, 40.286808]}, "properties": {"id": 150449, "name": "Shiseido America", "address": "366 Princeton Hightstown Rd", "city": "East Windsor", "zip": "08520", "access": "private", "ev_level1_evse_num": null, "ev_level2_evse_num": 6, "ev_dc_fast_num": null, "network": "Non-Networked", "connector_types": ["J1772"], "owner_type": "P"}}, {"type": "Feature", "geometry": {"type": "Point", "coordinates": [-74.02706, 40.742254]}, "properties": {"id": 150452, "name": "Stevens Institute of Technology", "address": "525 River St", "city": "Hoboken", "zip": "07030", "access": "private", "ev_level1_evse_num": null, "ev_level2_evse_num": 5, "ev_dc_fast_num": null, "network": "Non-Networked", "connector_types": ["J1772"], "owner_type": "P"}}, {"type": "Feature", "geometry": {"type": "Point", "coordinates": [-74.77973664550781, 40.26683159398983]}, "properties": {"id": 150453, "name": "The College of New Jersey - Metzger Garage Lot 7", "address": "Metzger Dr", "city": "Ewing", "zip": "08638", "access": "private", "ev_level1_evse_num": null, "ev_level2_evse_num": 5, "ev_dc_fast_num": null, "network": "Non-Networked", "connector_types": ["J1772"], "owner_type": "P"}}, {"type": "Feature", "geometry": {"type": "Point", "coordinates": [-75.061244, 39.45803]}, "properties": {"id": 150454, "name": "The Landis Sewerage Authority", "address": "1776 S Mill Rd", "city": "Vineland", "zip": "08360", "access": "private", "ev_level1_evse_num": null, "ev_level2_evse_num": 2, "ev_dc_fast_num": null, "network": "Non-Networked", "connector_types": ["J1772"], "owner_type": "P"}}, {"type": "Feature", "geometry": {"type": "Point", "coordinates": [-74.330828, 40.510417]}, "properties": {"id": 150458, "name": "Wakefern Food Corp", "address": "5000 Riverside Dr", "city": "Keasbey", "zip": "08832", "access": "private", "ev_level1_evse_num": null, "ev_level2_evse_num": 4, "ev_dc_fast_num": null, "network": "Non-Networked", "connector_types": ["J1772"], "owner_type": "P"}}, {"type": "Feature", "geometry": {"type": "Point", "coordinates": [-74.299258, 40.552961]}, "properties": {"id": 150459, "name": "Wick Companies", "address": "100 Woodbridge Center Dr", "city": "Woodbridge", "zip": "07095", "access": "private", "ev_level1_evse_num": null, "ev_level2_evse_num": 1, "ev_dc_fast_num": null, "network": "Non-Networked", "connector_types": ["J1772"], "owner_type": "P"}}, {"type": "Feature", "geometry": {"type": "Point", "coordinates": [-74.035362, 40.71585]}, "properties": {"id": 150536, "name": "101 Hudson-Littleman Parking - Tesla Destination", "address": "101 Hudson St", "city": "Jersey City", "zip": "07311", "access": "public", "ev_level1_evse_num": null, "ev_level2_evse_num": 4, "ev_dc_fast_num": null, "network": "Tesla Destination", "connector_types": ["TESLA"], "owner_type": "P"}}, {"type": "Feature", "geometry": {"type": "Point", "coordinates": [-74.03674, 40.717497]}, "properties": {"id": 150539, "name": "135 Greene-Littleman Parking - Tesla Destination", "address": "135 Greene St", "city": "Jersey City", "zip": "07311", "access": "public", "ev_level1_evse_num": null, "ev_level2_evse_num": 4, "ev_dc_fast_num": null, "network": "Tesla Destination", "connector_types": ["TESLA"], "owner_type": "P"}}, {"type": "Feature", "geometry": {"type": "Point", "coordinates": [-74.040043, 40.716989]}, "properties": {"id": 150565, "name": "Littleman Parking 129 Montgomery - Tesla Destination", "address": "129 Montgomery St", "city": "Jersey City", "zip": "07302", "access": "public", "ev_level1_evse_num": null, "ev_level2_evse_num": 4, "ev_dc_fast_num": null, "network": "Tesla Destination", "connector_types": ["TESLA"], "owner_type": "P"}}, {"type": "Feature", "geometry": {"type": "Point", "coordinates": [-74.024183, 40.75348]}, "properties": {"id": 150566, "name": "Littleman Parking 2 14th Street - Tesla Destination", "address": "2 14th St", "city": "Hoboken", "zip": "07030", "access": "public", "ev_level1_evse_num": null, "ev_level2_evse_num": 4, "ev_dc_fast_num": null, "network": "Tesla Destination", "connector_types": ["TESLA"], "owner_type": "P"}}, {"type": "Feature", "geometry": {"type": "Point", "coordinates": [-74.045472, 40.732825]}, "properties": {"id": 150568, "name": "Sylvan Parking 273 15th Street - Tesla Destination", "address": "273 15th St", "city": "Jersey City", "zip": "07310", "access": "public", "ev_level1_evse_num": null, "ev_level2_evse_num": 4, "ev_dc_fast_num": null, "network": "Tesla Destination", "connector_types": ["TESLA"], "owner_type": "P"}}, {"type": "Feature", "geometry": {"type": "Point", "coordinates": [-74.045186, 40.734819]}, "properties": {"id": 150569, "name": "Sylvan Parking 837 Jersey Avenue - Tesla Destination", "address": "837 Jersey Ave", "city": "Jersey City", "zip": "07310", "access": "public", "ev_level1_evse_num": null, "ev_level2_evse_num": 4, "ev_dc_fast_num": null, "network": "Tesla Destination", "connector_types": ["TESLA"], "owner_type": "P"}}, {"type": "Feature", "geometry": {"type": "Point", "coordinates": [-74.397715, 40.90755]}, "properties": {"id": 150819, "name": "Boonton ACME Shopping Center - Tesla Supercharger", "address": "550 Myrtle Avenue", "city": "Boonton", "zip": "07005", "access": "public", "ev_level1_evse_num": null, "ev_level2_evse_num": null, "ev_dc_fast_num": 10, "network": "Tesla", "connector_types": ["TESLA"], "owner_type": "P"}}, {"type": "Feature", "geometry": {"type": "Point", "coordinates": [-74.619422, 40.360482]}, "properties": {"id": 152318, "name": "BARCLAY-SQUARE 1900 BARCLAY ST", "address": "1900 Barclay Blvd", "city": "Princeton", "zip": "08540", "access": "public", "ev_level1_evse_num": null, "ev_level2_evse_num": 2, "ev_dc_fast_num": null, "network": "ChargePoint Network", "connector_types": ["J1772"], "owner_type": null}}, {"type": "Feature", "geometry": {"type": "Point", "coordinates": [-74.13629, 40.74863]}, "properties": {"id": 152423, "name": "Walmart 5447 (Kearny, NJ)", "address": "150 Harrison Ave", "city": "Kearny", "zip": "07032", "access": "public", "ev_level1_evse_num": null, "ev_level2_evse_num": 1, "ev_dc_fast_num": 3, "network": "Electrify America", "connector_types": ["J1772", "J1772COMBO"], "owner_type": null}}, {"type": "Feature", "geometry": {"type": "Point", "coordinates": [-75.05099, 39.931835]}, "properties": {"id": 152431, "name": "3 EXECUTIVE NORTHWEST EVCS", "address": "3 Executive Campus", "city": "Cherry Hill", "zip": "08002", "access": "public", "ev_level1_evse_num": null, "ev_level2_evse_num": 2, "ev_dc_fast_num": null, "network": "ChargePoint Network", "connector_types": ["J1772"], "owner_type": null}}, {"type": "Feature", "geometry": {"type": "Point", "coordinates": [-74.700236, 40.70309]}, "properties": {"id": 152459, "name": "RHA FAIRVIEW FARM", "address": "2121 Larger Cross Rd N", "city": "Bedminster", "zip": "07921", "access": "public", "ev_level1_evse_num": null, "ev_level2_evse_num": 2, "ev_dc_fast_num": null, "network": "ChargePoint Network", "connector_types": ["J1772"], "owner_type": null}}, {"type": "Feature", "geometry": {"type": "Point", "coordinates": [-74.546585, 40.697132]}, "properties": {"id": 152487, "name": "BT TOWN HALL BERNARDS TWP1", "address": "1 Collyer Ln", "city": "Basking Ridge", "zip": "07920", "access": "public", "ev_level1_evse_num": null, "ev_level2_evse_num": 2, "ev_dc_fast_num": null, "network": "ChargePoint Network", "connector_types": ["J1772"], "owner_type": null}}, {"type": "Feature", "geometry": {"type": "Point", "coordinates": [-74.216416, 40.827281]}, "properties": {"id": 153047, "name": "MKA M.S. CAMPUS", "address": "201 Valley Rd", "city": "Montclair", "zip": "07042", "access": "public", "ev_level1_evse_num": null, "ev_level2_evse_num": 2, "ev_dc_fast_num": null, "network": "ChargePoint Network", "connector_types": ["J1772"], "owner_type": null}}, {"type": "Feature", "geometry": {"type": "Point", "coordinates": [-74.227514, 40.821591]}, "properties": {"id": 153053, "name": "MKA U.S. CAMPUS", "address": "6 Lloyd Rd", "city": "Montclair", "zip": "07042", "access": "public", "ev_level1_evse_num": null, "ev_level2_evse_num": 2, "ev_dc_fast_num": null, "network": "ChargePoint Network", "connector_types": ["J1772"], "owner_type": null}}, {"type": "Feature", "geometry": {"type": "Point", "coordinates": [-74.767954, 40.006578]}, "properties": {"id": 153143, "name": "EASTAMPTON EASTAMPTON ST1", "address": "12000 Hamilton Way", "city": "Eastampton Township", "zip": "08060", "access": "public", "ev_level1_evse_num": null, "ev_level2_evse_num": 2, "ev_dc_fast_num": null, "network": "ChargePoint Network", "connector_types": ["J1772"], "owner_type": null}}, {"type": "Feature", "geometry": {"type": "Point", "coordinates": [-75.02287, 39.8541]}, "properties": {"id": 153204, "name": "Walmart 4456 (Somerdale, NJ)", "address": "1 Coopertowne Blvd", "city": "Somerdale", "zip": "08083", "access": "public", "ev_level1_evse_num": null, "ev_level2_evse_num": null, "ev_dc_fast_num": 8, "network": "Electrify America", "connector_types": ["J1772COMBO"], "owner_type": null}}, {"type": "Feature", "geometry": {"type": "Point", "coordinates": [-74.22074, 40.804429]}, "properties": {"id": 153227, "name": "MKA P.S. CAMPUS", "address": "224 Orange Rd", "city": "Montclair", "zip": "07042", "access": "public", "ev_level1_evse_num": null, "ev_level2_evse_num": 2, "ev_dc_fast_num": null, "network": "ChargePoint Network", "connector_types": ["J1772"], "owner_type": null}}, {"type": "Feature", "geometry": {"type": "Point", "coordinates": [-74.60765, 40.58798]}, "properties": {"id": 153229, "name": "BRIDGEWATER TWP STATION 2", "address": "1 Vogt Dr", "city": "Bridgewater Township", "zip": "08807", "access": "public", "ev_level1_evse_num": null, "ev_level2_evse_num": 2, "ev_dc_fast_num": null, "network": "ChargePoint Network", "connector_types": ["J1772"], "owner_type": null}}, {"type": "Feature", "geometry": {"type": "Point", "coordinates": [-74.416264, 40.662554]}, "properties": {"id": 153235, "name": "CONNELL PARK STATION 1", "address": "250 Connell Dr", "city": "Berkeley Heights", "zip": "07922", "access": "public", "ev_level1_evse_num": null, "ev_level2_evse_num": 2, "ev_dc_fast_num": null, "network": "ChargePoint Network", "connector_types": ["J1772"], "owner_type": null}}, {"type": "Feature", "geometry": {"type": "Point", "coordinates": [-74.26989, 40.88975]}, "properties": {"id": 153239, "name": "Target T1175 (Fairfield, NJ)", "address": "632 US-46 E", "city": "Fairfield", "zip": "07004", "access": "public", "ev_level1_evse_num": null, "ev_level2_evse_num": 1, "ev_dc_fast_num": 3, "network": "Electrify America", "connector_types": ["J1772", "J1772COMBO"], "owner_type": null}}, {"type": "Feature", "geometry": {"type": "Point", "coordinates": [-74.060106, 41.049171]}, "properties": {"id": 153600, "name": "MONTVALE DEV WEGMANS", "address": "300 W Grand Ave", "city": "Montvale", "zip": "07645", "access": "public", "ev_level1_evse_num": null, "ev_level2_evse_num": 2, "ev_dc_fast_num": null, "network": "ChargePoint Network", "connector_types": ["J1772"], "owner_type": null}}, {"type": "Feature", "geometry": {"type": "Point", "coordinates": [-74.35517, 40.858585]}, "properties": {"id": 154044, "name": "JLR PARSIPPANY STATION 01", "address": "220 Route 46 West", "city": "Parsippany-Troy Hills", "zip": "07054", "access": "public", "ev_level1_evse_num": null, "ev_level2_evse_num": 2, "ev_dc_fast_num": null, "network": "ChargePoint Network", "connector_types": ["J1772"], "owner_type": null}}, {"type": "Feature", "geometry": {"type": "Point", "coordinates": [-74.907453, 40.643956]}, "properties": {"id": 154045, "name": "TOWNPLACE SUITE STATION 1", "address": "1638 NJ-31", "city": "Clinton", "zip": "08809", "access": "public", "ev_level1_evse_num": null, "ev_level2_evse_num": 2, "ev_dc_fast_num": null, "network": "ChargePoint Network", "connector_types": ["J1772"], "owner_type": null}}, {"type": "Feature", "geometry": {"type": "Point", "coordinates": [-74.625642, 40.591714]}, "properties": {"id": 154046, "name": "BRIDGEWATER TWP STATION 1", "address": "100 Commons Way", "city": "Bridgewater Township", "zip": "08807", "access": "public", "ev_level1_evse_num": null, "ev_level2_evse_num": 2, "ev_dc_fast_num": null, "network": "ChargePoint Network", "connector_types": ["J1772"], "owner_type": null}}, {"type": "Feature", "geometry": {"type": "Point", "coordinates": [-74.970187, 39.937425]}, "properties": {"id": 154201, "name": "Wawa - Tesla Supercharger", "address": "2801 Route 73", "city": "Maple Shade", "zip": "08052", "access": "public", "ev_level1_evse_num": null, "ev_level2_evse_num": null, "ev_dc_fast_num": 8, "network": "Tesla", "connector_types": ["TESLA"], "owner_type": "P"}}, {"type": "Feature", "geometry": {"type": "Point", "coordinates": [-74.180405, 40.738875]}, "properties": {"id": 154275, "name": "ESSEX COUNTY #1", "address": "16-84 W Market St", "city": "Newark", "zip": "07102", "access": "public", "ev_level1_evse_num": null, "ev_level2_evse_num": 2, "ev_dc_fast_num": null, "network": "ChargePoint Network", "connector_types": ["J1772"], "owner_type": null}}, {"type": "Feature", "geometry": {"type": "Point", "coordinates": [-74.73016, 41.088022]}, "properties": {"id": 154368, "name": "MB OF NEWTON OUTSIDE 2", "address": "92 Hampton House Rd", "city": "Newton", "zip": "07860", "access": "public", "ev_level1_evse_num": null, "ev_level2_evse_num": 2, "ev_dc_fast_num": null, "network": "ChargePoint Network", "connector_types": ["J1772"], "owner_type": null}}, {"type": "Feature", "geometry": {"type": "Point", "coordinates": [-74.062432, 40.732185]}, "properties": {"id": 154582, "name": "PANYNJ JSTC STATION 1", "address": "3 Journal Square Plaza PATH-JSTC", "city": "Jersey City", "zip": "07306", "access": "public", "ev_level1_evse_num": null, "ev_level2_evse_num": 2, "ev_dc_fast_num": null, "network": "ChargePoint Network", "connector_types": ["J1772"], "owner_type": null}}, {"type": "Feature", "geometry": {"type": "Point", "coordinates": [-74.41871, 40.41666]}, "properties": {"id": 154701, "name": "MUNICIPAL LOT 2 MUNI LOT 2 ST1", "address": "1 Jean walling, Civic Center Lot 3", "city": "East Brunswick", "zip": "08816", "access": "public", "ev_level1_evse_num": null, "ev_level2_evse_num": 2, "ev_dc_fast_num": null, "network": "ChargePoint Network", "connector_types": ["J1772"], "owner_type": null}}, {"type": "Feature", "geometry": {"type": "Point", "coordinates": [-74.2286, 40.851303]}, "properties": {"id": 154702, "name": "CG MUNICIPAL CG TOWN HALL", "address": "525 Pompton Ave", "city": "Cedar Grove", "zip": "07009", "access": "public", "ev_level1_evse_num": null, "ev_level2_evse_num": 2, "ev_dc_fast_num": null, "network": "ChargePoint Network", "connector_types": ["J1772"], "owner_type": null}}, {"type": "Feature", "geometry": {"type": "Point", "coordinates": [-74.35955, 40.718838]}, "properties": {"id": 154703, "name": "DEFOREST CHARGE DEFOREST AVE1", "address": "40 Deforest Ave", "city": "Summit", "zip": "07901", "access": "public", "ev_level1_evse_num": null, "ev_level2_evse_num": 2, "ev_dc_fast_num": null, "network": "ChargePoint Network", "connector_types": ["J1772"], "owner_type": null}}, {"type": "Feature", "geometry": {"type": "Point", "coordinates": [-74.82853, 38.980838]}, "properties": {"id": 154815, "name": "CREST OFFICE KELLER WILLIAM", "address": "5501 New Jersey Ave", "city": "Wildwood Crest", "zip": "08260", "access": "public", "ev_level1_evse_num": null, "ev_level2_evse_num": 2, "ev_dc_fast_num": null, "network": "ChargePoint Network", "connector_types": ["J1772"], "owner_type": null}}, {"type": "Feature", "geometry": {"type": "Point", "coordinates": [-74.07823, 40.710438]}, "properties": {"id": 155320, "name": "JERSEYCITY ANNEX KEARNEY", "address": "1 Jackson Square", "city": "Jersey City", "zip": "07305", "access": "public", "ev_level1_evse_num": null, "ev_level2_evse_num": 2, "ev_dc_fast_num": null, "network": "ChargePoint Network", "connector_types": ["J1772"], "owner_type": null}}, {"type": "Feature", "geometry": {"type": "Point", "coordinates": [-73.98467, 40.277546]}, "properties": {"id": 155491, "name": "IMPERIALHOUSE IMPERIALHOUSE", "address": "787 Ocean Ave", "city": "Long Branch", "zip": "07740", "access": "public", "ev_level1_evse_num": null, "ev_level2_evse_num": 2, "ev_dc_fast_num": null, "network": "ChargePoint Network", "connector_types": ["J1772"], "owner_type": null}}, {"type": "Feature", "geometry": {"type": "Point", "coordinates": [-74.19871, 40.793087]}, "properties": {"id": 156077, "name": "BLOOMFIELD GLENWOOD ST 3", "address": "304 Glenwood Ave", "city": "Bloomfield", "zip": "07003", "access": "public", "ev_level1_evse_num": null, "ev_level2_evse_num": 1, "ev_dc_fast_num": null, "network": "ChargePoint Network", "connector_types": ["J1772"], "owner_type": null}}, {"type": "Feature", "geometry": {"type": "Point", "coordinates": [-74.198906, 40.79301]}, "properties": {"id": 156078, "name": "BLOOMFIELD GLENWOOD ST 1", "address": "300 Glenwood ave 68 Washington st", "city": "Bloomfield", "zip": "07003", "access": "public", "ev_level1_evse_num": null, "ev_level2_evse_num": 1, "ev_dc_fast_num": null, "network": "ChargePoint Network", "connector_types": ["J1772"], "owner_type": null}}, {"type": "Feature", "geometry": {"type": "Point", "coordinates": [-74.459385, 40.522336]}, "properties": {"id": 156252, "name": "Rutgers University - CAIT", "address": "100 Brett Rd", "city": "Piscataway", "zip": "08854", "access": "public", "ev_level1_evse_num": null, "ev_level2_evse_num": 2, "ev_dc_fast_num": null, "network": "Non-Networked", "connector_types": ["J1772"], "owner_type": "P"}}, {"type": "Feature", "geometry": {"type": "Point", "coordinates": [-74.33314, 40.825764]}, "properties": {"id": 158242, "name": "ESSEX COUNTY ENVIRO CEN ST 1", "address": "621 Eagle Rock Ave", "city": "Roseland", "zip": "07068", "access": "public", "ev_level1_evse_num": null, "ev_level2_evse_num": 2, "ev_dc_fast_num": null, "network": "ChargePoint Network", "connector_types": ["J1772"], "owner_type": null}}, {"type": "Feature", "geometry": {"type": "Point", "coordinates": [-74.227693, 40.238574]}, "properties": {"id": 163875, "name": "Wawa - Tesla Supercharger", "address": "909 Route 33", "city": "Freehold", "zip": "07728", "access": "public", "ev_level1_evse_num": null, "ev_level2_evse_num": null, "ev_dc_fast_num": 8, "network": "Tesla", "connector_types": ["TESLA"], "owner_type": "P"}}, {"type": "Feature", "geometry": {"type": "Point", "coordinates": [-74.410335812689, 40.772814603293]}, "properties": {"id": 164140, "name": "Madison Recreational Center (MRC #1 and #2)", "address": "184 Ridgedale Avenue", "city": "Madison", "zip": "07940", "access": "public", "ev_level1_evse_num": null, "ev_level2_evse_num": 2, "ev_dc_fast_num": null, "network": "Blink Network", "connector_types": ["J1772"], "owner_type": null}}, {"type": "Feature", "geometry": {"type": "Point", "coordinates": [-74.73337, 40.283215]}, "properties": {"id": 164388, "name": "LAWRENCE TWP TOWN HALL PS 1", "address": "2207 Lawrenceville Rd", "city": "Lawrence Township", "zip": "08648", "access": "public", "ev_level1_evse_num": null, "ev_level2_evse_num": 2, "ev_dc_fast_num": null, "network": "ChargePoint Network", "connector_types": ["J1772"], "owner_type": null}}, {"type": "Feature", "geometry": {"type": "Point", "coordinates": [-74.17328, 40.66244]}, "properties": {"id": 164538, "name": "Simon Mills at Jersey Gardens (Elizabeth NJ)", "address": "651 Kapkowski Road", "city": "Elizabeth", "zip": "07201", "access": "public", "ev_level1_evse_num": null, "ev_level2_evse_num": null, "ev_dc_fast_num": 10, "network": "Electrify America", "connector_types": ["J1772COMBO"], "owner_type": null}}, {"type": "Feature", "geometry": {"type": "Point", "coordinates": [-75.097916, 39.833479]}, "properties": {"id": 165118, "name": "Deptford Mall - Tesla Supercharger", "address": "1750 Deptford Center Road", "city": "Deptford", "zip": "08096", "access": "public", "ev_level1_evse_num": null, "ev_level2_evse_num": null, "ev_dc_fast_num": 12, "network": "Tesla", "connector_types": ["TESLA"], "owner_type": "P"}}, {"type": "Feature", "geometry": {"type": "Point", "coordinates": [-74.329331, 40.717735]}, "properties": {"id": 165119, "name": "Wawa - Tesla Supercharger", "address": "2017 Cleveland Place", "city": "Springfield", "zip": "07081", "access": "public", "ev_level1_evse_num": null, "ev_level2_evse_num": null, "ev_dc_fast_num": 8, "network": "Tesla", "connector_types": ["TESLA"], "owner_type": "P"}}, {"type": "Feature", "geometry": {"type": "Point", "coordinates": [-74.13632, 40.82427]}, "properties": {"id": 165410, "name": "Target T1822 (Clifton, NJ)", "address": "30 KINGSLAND RD", "city": "Clifton", "zip": "07014", "access": "public", "ev_level1_evse_num": null, "ev_level2_evse_num": null, "ev_dc_fast_num": 6, "network": "Electrify America", "connector_types": ["J1772COMBO"], "owner_type": null}}, {"type": "Feature", "geometry": {"type": "Point", "coordinates": [-75.199678, 39.579248]}, "properties": {"id": 165472, "name": "Appel Farm Arts & Music Campus", "address": "457 Shirley Road", "city": "Elmer", "zip": "08318", "access": "public", "ev_level1_evse_num": null, "ev_level2_evse_num": 2, "ev_dc_fast_num": null, "network": "Blink Network", "connector_types": ["J1772"], "owner_type": null}}, {"type": "Feature", "geometry": {"type": "Point", "coordinates": [-74.17379, 40.662915]}, "properties": {"id": 165578, "name": "The Mills at Jersey Gardens - Tesla Supercharger", "address": "651 Kapkowski Road", "city": "Elizabeth", "zip": "07201", "access": "public", "ev_level1_evse_num": null, "ev_level2_evse_num": null, "ev_dc_fast_num": 16, "network": "Tesla", "connector_types": ["TESLA"], "owner_type": "P"}}, {"type": "Feature", "geometry": {"type": "Point", "coordinates": [-73.97226, 40.827263]}, "properties": {"id": 165858, "name": "MARINERS TOWER STATION ONE", "address": "100 Tower Dr", "city": "Edgewater", "zip": "07020", "access": "public", "ev_level1_evse_num": null, "ev_level2_evse_num": 2, "ev_dc_fast_num": null, "network": "ChargePoint Network", "connector_types": ["J1772"], "owner_type": null}}, {"type": "Feature", "geometry": {"type": "Point", "coordinates": [-74.840355, 40.07963]}, "properties": {"id": 166203, "name": "FRONT SHOWROOM LUCAS FORD PS", "address": "900 US-130", "city": "Burlington", "zip": "08016", "access": "public", "ev_level1_evse_num": null, "ev_level2_evse_num": 2, "ev_dc_fast_num": null, "network": "ChargePoint Network", "connector_types": ["J1772"], "owner_type": null}}, {"type": "Feature", "geometry": {"type": "Point", "coordinates": [-74.195825, 40.791094]}, "properties": {"id": 166678, "name": "Township of Bloomfield - Municipal Lot", "address": "499 Bloomfield Ave", "city": "Bloomfield", "zip": "07003", "access": "public", "ev_level1_evse_num": null, "ev_level2_evse_num": 6, "ev_dc_fast_num": null, "network": "EV Connect", "connector_types": ["J1772"], "owner_type": null}}, {"type": "Feature", "geometry": {"type": "Point", "coordinates": [-73.970772, 40.834258]}, "properties": {"id": 166679, "name": "Community Center", "address": "1167 River Road", "city": "Edgewater", "zip": "07020", "access": "public", "ev_level1_evse_num": null, "ev_level2_evse_num": 6, "ev_dc_fast_num": null, "network": "EV Connect", "connector_types": ["J1772"], "owner_type": null}}, {"type": "Feature", "geometry": {"type": "Point", "coordinates": [-73.990013, 40.80987]}, "properties": {"id": 166680, "name": "Old River Road", "address": "281 Old River Road", "city": "Edgewater", "zip": "07020", "access": "public", "ev_level1_evse_num": null, "ev_level2_evse_num": 6, "ev_dc_fast_num": null, "network": "EV Connect", "connector_types": ["J1772"], "owner_type": null}}, {"type": "Feature", "geometry": {"type": "Point", "coordinates": [-74.25626, 40.835106]}, "properties": {"id": 166897, "name": "VERONA TOWNSHIP MUNI COURT ST1", "address": "880 Bloomfield Ave", "city": "Verona", "zip": "07044", "access": "public", "ev_level1_evse_num": null, "ev_level2_evse_num": 2, "ev_dc_fast_num": null, "network": "ChargePoint Network", "connector_types": ["J1772"], "owner_type": null}}, {"type": "Feature", "geometry": {"type": "Point", "coordinates": [-74.066569, 40.350727]}, "properties": {"id": 166920, "name": "RED BANK ENGLISH PLAZA 1", "address": "100 English Plaza", "city": "Red Bank", "zip": "07701", "access": "public", "ev_level1_evse_num": null, "ev_level2_evse_num": 2, "ev_dc_fast_num": null, "network": "ChargePoint Network", "connector_types": ["J1772"], "owner_type": null}}, {"type": "Feature", "geometry": {"type": "Point", "coordinates": [-74.087169, 40.704683]}, "properties": {"id": 166984, "name": "JERSEYCITY FULTON AVE LOT2", "address": "207 Fulton Ave", "city": "Jersey City", "zip": "07305", "access": "public", "ev_level1_evse_num": null, "ev_level2_evse_num": 2, "ev_dc_fast_num": null, "network": "ChargePoint Network", "connector_types": ["J1772"], "owner_type": null}}, {"type": "Feature", "geometry": {"type": "Point", "coordinates": [-74.39923, 40.45732]}, "properties": {"id": 167237, "name": "Walmart 3078 (East Brunswick, NJ)", "address": "290 NJ-18", "city": "East Brunswick", "zip": "08816", "access": "public", "ev_level1_evse_num": null, "ev_level2_evse_num": null, "ev_dc_fast_num": 10, "network": "Electrify America", "connector_types": ["J1772COMBO"], "owner_type": null}}, {"type": "Feature", "geometry": {"type": "Point", "coordinates": [-74.04193, 40.79215]}, "properties": {"id": 167270, "name": "Walmart 3520 (Secaucus, NJ)", "address": "400 Park Plaza Dr.", "city": "Secaucus", "zip": "07094", "access": "public", "ev_level1_evse_num": null, "ev_level2_evse_num": 1, "ev_dc_fast_num": 3, "network": "Electrify America", "connector_types": ["J1772", "J1772COMBO"], "owner_type": null}}, {"type": "Feature", "geometry": {"type": "Point", "coordinates": [-74.03256, 40.954308]}, "properties": {"id": 167861, "name": "ORADELL DPW ORADELL LIB ST2", "address": "Oradell Ave at Kinderkamack Rd", "city": "Oradell", "zip": "07649", "access": "public", "ev_level1_evse_num": null, "ev_level2_evse_num": 2, "ev_dc_fast_num": null, "network": "ChargePoint Network", "connector_types": ["J1772"], "owner_type": null}}, {"type": "Feature", "geometry": {"type": "Point", "coordinates": [-74.398457755959, 40.760385462598]}, "properties": {"id": 168096, "name": "Madison Community Pool", "address": "105 Rosedale Ave.", "city": "Madison", "zip": "07940", "access": "public", "ev_level1_evse_num": null, "ev_level2_evse_num": 2, "ev_dc_fast_num": null, "network": "Blink Network", "connector_types": ["J1772"], "owner_type": null}}, {"type": "Feature", "geometry": {"type": "Point", "coordinates": [-74.5537, 40.56189]}, "properties": {"id": 168270, "name": "Target T1224 (Bridgewater, NJ)", "address": "119 Promenade Blvd", "city": "Bridgewater", "zip": "08807", "access": "public", "ev_level1_evse_num": null, "ev_level2_evse_num": 1, "ev_dc_fast_num": 3, "network": "Electrify America", "connector_types": ["J1772", "J1772COMBO"], "owner_type": null}}, {"type": "Feature", "geometry": {"type": "Point", "coordinates": [-73.971475, 40.85181]}, "properties": {"id": 168461, "name": "Fort Lee Parking Authority", "address": "231 Main St", "city": "Fort Lee", "zip": "07024", "access": "private", "ev_level1_evse_num": null, "ev_level2_evse_num": 2, "ev_dc_fast_num": null, "network": "EV Connect", "connector_types": ["J1772"], "owner_type": "LG"}}, {"type": "Feature", "geometry": {"type": "Point", "coordinates": [-74.069482, 40.92613]}, "properties": {"id": 168474, "name": "BOROUGHOFPARAMU PARAMUS PUB ST2", "address": "1 W Jockish Square", "city": "Paramus", "zip": "07652", "access": "public", "ev_level1_evse_num": null, "ev_level2_evse_num": 2, "ev_dc_fast_num": null, "network": "ChargePoint Network", "connector_types": ["J1772"], "owner_type": null}}, {"type": "Feature", "geometry": {"type": "Point", "coordinates": [-74.28473, 40.96871]}, "properties": {"id": 168486, "name": "Plaza 23 Station (Pompton Plains, NJ)", "address": "500 Route 23 North", "city": "Pompton Plains", "zip": "07444", "access": "public", "ev_level1_evse_num": null, "ev_level2_evse_num": 1, "ev_dc_fast_num": 3, "network": "Electrify America", "connector_types": ["CHADEMO", "J1772", "J1772COMBO"], "owner_type": null}}, {"type": "Feature", "geometry": {"type": "Point", "coordinates": [-74.369107, 40.786298]}, "properties": {"id": 168544, "name": "23 Vreeland - Tesla Destination", "address": "23 Vreeland Road", "city": "Florham Park", "zip": "07932", "access": "private", "ev_level1_evse_num": null, "ev_level2_evse_num": 3, "ev_dc_fast_num": null, "network": "Tesla Destination", "connector_types": ["J1772", "TESLA"], "owner_type": "P"}}, {"type": "Feature", "geometry": {"type": "Point", "coordinates": [-74.298162, 40.618693]}, "properties": {"id": 168576, "name": "Ammon Analytical Labs - Tesla Destination", "address": "60 Washington St", "city": "Clark", "zip": "07066", "access": "private", "ev_level1_evse_num": null, "ev_level2_evse_num": 2, "ev_dc_fast_num": null, "network": "Tesla Destination", "connector_types": ["TESLA"], "owner_type": "P"}}, {"type": "Feature", "geometry": {"type": "Point", "coordinates": [-74.857097, 40.522348]}, "properties": {"id": 168577, "name": "Amy S. Greene Environmental Consultants, Inc. - Tesla Destination", "address": "4 Green Hills Drive", "city": "Flemington", "zip": "08822", "access": "private", "ev_level1_evse_num": null, "ev_level2_evse_num": 2, "ev_dc_fast_num": null, "network": "Tesla Destination", "connector_types": ["TESLA"], "owner_type": "P"}}, {"type": "Feature", "geometry": {"type": "Point", "coordinates": [-74.207557, 41.015519]}, "properties": {"id": 168613, "name": "Becton Dickinson & Co. - Tesla Destination", "address": "1 Becton Dr", "city": "Franklin Lakes", "zip": "07417", "access": "private", "ev_level1_evse_num": null, "ev_level2_evse_num": 4, "ev_dc_fast_num": null, "network": "Tesla Destination", "connector_types": ["TESLA"], "owner_type": "P"}}, {"type": "Feature", "geometry": {"type": "Point", "coordinates": [-74.586449, 40.369521]}, "properties": {"id": 168742, "name": "Dow Jones Office Park - Tesla Destination", "address": "4300 Route 1 N", "city": "Monmouth Junction", "zip": "08852", "access": "private", "ev_level1_evse_num": null, "ev_level2_evse_num": 4, "ev_dc_fast_num": null, "network": "Tesla Destination", "connector_types": ["TESLA"], "owner_type": "P"}}, {"type": "Feature", "geometry": {"type": "Point", "coordinates": [-74.069557, 40.7773]}, "properties": {"id": 168760, "name": "Equinix - Tesla Destination", "address": "755 Secaucus Rd", "city": "Secaucus", "zip": "07094", "access": "private", "ev_level1_evse_num": null, "ev_level2_evse_num": 2, "ev_dc_fast_num": null, "network": "Tesla Destination", "connector_types": ["TESLA"], "owner_type": "P"}}, {"type": "Feature", "geometry": {"type": "Point", "coordinates": [-74.010372, 40.217114]}, "properties": {"id": 168762, "name": "Eureka 601 Parking - Tesla Destination", "address": "601 Bangs Ave", "city": "Asbury Park", "zip": "07712", "access": "public", "ev_level1_evse_num": null, "ev_level2_evse_num": 4, "ev_dc_fast_num": null, "network": "Tesla Destination", "connector_types": ["J1772", "TESLA"], "owner_type": "P"}}, {"type": "Feature", "geometry": {"type": "Point", "coordinates": [-74.421834, 40.497789]}, "properties": {"id": 169432, "name": "HP PUBLIC HIGHLND PRK PS2", "address": "220 S 6th Ave", "city": "Highland Park", "zip": "08904", "access": "public", "ev_level1_evse_num": null, "ev_level2_evse_num": 1, "ev_dc_fast_num": null, "network": "ChargePoint Network", "connector_types": ["J1772"], "owner_type": null}}, {"type": "Feature", "geometry": {"type": "Point", "coordinates": [-75.409912, 39.761564]}, "properties": {"id": 169530, "name": "Salem Oak Vineyards", "address": "60 N Railroad Ave", "city": "Pedricktown", "zip": "08067", "access": "public", "ev_level1_evse_num": null, "ev_level2_evse_num": 1, "ev_dc_fast_num": null, "network": "Non-Networked", "connector_types": ["J1772"], "owner_type": "P"}}, {"type": "Feature", "geometry": {"type": "Point", "coordinates": [-74.28126013243522, 40.77043964006896]}, "properties": {"id": 170136, "name": "Dunkin Donuts - West Orange", "address": "563 Northfield Ave", "city": "West Orange", "zip": "7052", "access": "public", "ev_level1_evse_num": null, "ev_level2_evse_num": null, "ev_dc_fast_num": 2, "network": "Blink Network", "connector_types": ["J1772COMBO", "TESLA"], "owner_type": null}}, {"type": "Feature", "geometry": {"type": "Point", "coordinates": [-74.72488, 40.908788]}, "properties": {"id": 170173, "name": "Holiday Inn - Budd Lake", "address": "1000 International Dr", "city": "Budd Lake", "zip": "07828", "access": "public", "ev_level1_evse_num": null, "ev_level2_evse_num": null, "ev_dc_fast_num": 2, "network": "Blink Network", "connector_types": ["J1772COMBO"], "owner_type": null}}, {"type": "Feature", "geometry": {"type": "Point", "coordinates": [-74.430077, 40.157732]}, "properties": {"id": 170435, "name": "Wawa - Tesla Supercharger", "address": "548 Monmouth Road", "city": "Clarksburg", "zip": "08510", "access": "public", "ev_level1_evse_num": null, "ev_level2_evse_num": null, "ev_dc_fast_num": 8, "network": "Tesla", "connector_types": ["TESLA"], "owner_type": "P"}}, {"type": "Feature", "geometry": {"type": "Point", "coordinates": [-74.041773, 40.290409]}, "properties": {"id": 171261, "name": "CIRCLE BMW FLEET 1", "address": "500 NJ-36", "city": "Eatontown", "zip": "07724", "access": "public", "ev_level1_evse_num": null, "ev_level2_evse_num": 1, "ev_dc_fast_num": null, "network": "ChargePoint Network", "connector_types": ["J1772"], "owner_type": null}}, {"type": "Feature", "geometry": {"type": "Point", "coordinates": [-74.530677, 40.561482]}, "properties": {"id": 171306, "name": "BBCHARGE STATION #1", "address": "303 E Main St", "city": "Bound Brook", "zip": "08805", "access": "public", "ev_level1_evse_num": null, "ev_level2_evse_num": 1, "ev_dc_fast_num": null, "network": "ChargePoint Network", "connector_types": ["J1772"], "owner_type": null}}, {"type": "Feature", "geometry": {"type": "Point", "coordinates": [-74.530768, 40.561492]}, "properties": {"id": 171308, "name": "BBCHARGE STATION #4", "address": "228 E Main St", "city": "Bound Brook", "zip": "08805", "access": "public", "ev_level1_evse_num": null, "ev_level2_evse_num": 2, "ev_dc_fast_num": null, "network": "ChargePoint Network", "connector_types": ["J1772"], "owner_type": null}}, {"type": "Feature", "geometry": {"type": "Point", "coordinates": [-74.364296, 39.575893]}, "properties": {"id": 171341, "name": "LEHT LEHT PS 1", "address": "665 Radio Rd", "city": "Little Egg Harbor", "zip": "08087", "access": "public", "ev_level1_evse_num": null, "ev_level2_evse_num": 2, "ev_dc_fast_num": null, "network": "ChargePoint Network", "connector_types": ["J1772"], "owner_type": null}}, {"type": "Feature", "geometry": {"type": "Point", "coordinates": [-75.05352, 39.9263586]}, "properties": {"id": 171369, "name": "DoubleTree by Hilton - Cherry Hill", "address": "2349 Marlton Pike West", "city": "Cherry Hill", "zip": "8002", "access": "public", "ev_level1_evse_num": null, "ev_level2_evse_num": null, "ev_dc_fast_num": 2, "network": "Blink Network", "connector_types": ["CHADEMO", "J1772COMBO"], "owner_type": null}}, {"type": "Feature", "geometry": {"type": "Point", "coordinates": [-74.072787, 41.034273]}, "properties": {"id": 171969, "name": "P3 AC CHARGERS 300-LVL 3 AC# 6", "address": "300 Chestnut Ridge Rd", "city": "Woodcliff Lake", "zip": "07677", "access": "public", "ev_level1_evse_num": null, "ev_level2_evse_num": 2, "ev_dc_fast_num": null, "network": "ChargePoint Network", "connector_types": ["J1772"], "owner_type": null}}, {"type": "Feature", "geometry": {"type": "Point", "coordinates": [-74.072802, 41.034322]}, "properties": {"id": 171972, "name": "P3 AC CHARGERS 300-LVL 3 AC# 5", "address": "300 Chestnut Ridge Rd", "city": "Woodcliff Lake", "zip": "07677", "access": "public", "ev_level1_evse_num": null, "ev_level2_evse_num": 2, "ev_dc_fast_num": null, "network": "ChargePoint Network", "connector_types": ["J1772"], "owner_type": null}}, {"type": "Feature", "geometry": {"type": "Point", "coordinates": [-74.072689, 39.942525]}, "properties": {"id": 173205, "name": "SEASIDE HEIGHTS SEASIDE 3", "address": "55 Grant Ave", "city": "Seaside Heights", "zip": "08751", "access": "public", "ev_level1_evse_num": null, "ev_level2_evse_num": 2, "ev_dc_fast_num": null, "network": "ChargePoint Network", "connector_types": ["J1772"], "owner_type": null}}, {"type": "Feature", "geometry": {"type": "Point", "coordinates": [-74.072717, 39.942474]}, "properties": {"id": 173206, "name": "SEASIDE HEIGHTS SEASIDE 2", "address": "55 Grant Ave", "city": "Seaside Heights", "zip": "08751", "access": "public", "ev_level1_evse_num": null, "ev_level2_evse_num": 2, "ev_dc_fast_num": null, "network": "ChargePoint Network", "connector_types": ["J1772"], "owner_type": null}}, {"type": "Feature", "geometry": {"type": "Point", "coordinates": [-74.072716, 39.942464]}, "properties": {"id": 173207, "name": "SEASIDE HEIGHTS SEASIDE 4", "address": "55 Grant Ave", "city": "Seaside Heights", "zip": "08751", "access": "public", "ev_level1_evse_num": null, "ev_level2_evse_num": 2, "ev_dc_fast_num": null, "network": "ChargePoint Network", "connector_types": ["J1772"], "owner_type": null}}, {"type": "Feature", "geometry": {"type": "Point", "coordinates": [-74.070927, 39.94444]}, "properties": {"id": 173336, "name": "SEASIDE HEIGHTS SEASIDE PH.2B", "address": "21A Hancock Ave", "city": "Seaside Heights", "zip": "08751", "access": "public", "ev_level1_evse_num": null, "ev_level2_evse_num": 2, "ev_dc_fast_num": null, "network": "ChargePoint Network", "connector_types": ["J1772"], "owner_type": null}}, {"type": "Feature", "geometry": {"type": "Point", "coordinates": [-74.077351, 40.918309]}, "properties": {"id": 173627, "name": "WESTFIELD GSP GSP CHARGER 02", "address": "1 Garden State Plaza Blvd", "city": "Paramus", "zip": "07652", "access": "public", "ev_level1_evse_num": null, "ev_level2_evse_num": 2, "ev_dc_fast_num": null, "network": "ChargePoint Network", "connector_types": ["J1772"], "owner_type": null}}, {"type": "Feature", "geometry": {"type": "Point", "coordinates": [-74.076487, 40.915776]}, "properties": {"id": 173628, "name": "WESTFIELD GSP GSP CHARGER 04", "address": "1 Garden State Plaza Blvd", "city": "Paramus", "zip": "07652", "access": "public", "ev_level1_evse_num": null, "ev_level2_evse_num": 2, "ev_dc_fast_num": null, "network": "ChargePoint Network", "connector_types": ["J1772"], "owner_type": null}}, {"type": "Feature", "geometry": {"type": "Point", "coordinates": [-74.07733, 40.918292]}, "properties": {"id": 173629, "name": "WESTFIELD GSP GSP CHARGER 01", "address": "1 Garden State Plaza Blvd", "city": "Paramus", "zip": "07652", "access": "public", "ev_level1_evse_num": null, "ev_level2_evse_num": 1, "ev_dc_fast_num": null, "network": "ChargePoint Network", "connector_types": ["J1772"], "owner_type": null}}, {"type": "Feature", "geometry": {"type": "Point", "coordinates": [-74.042991, 40.290583]}, "properties": {"id": 173727, "name": "L707 SHOP 02", "address": "200 NJ-36", "city": "Eatontown", "zip": "07724", "access": "public", "ev_level1_evse_num": null, "ev_level2_evse_num": 1, "ev_dc_fast_num": null, "network": "ChargePoint Network", "connector_types": ["J1772"], "owner_type": null}}, {"type": "Feature", "geometry": {"type": "Point", "coordinates": [-74.118435, 40.844206]}, "properties": {"id": 173941, "name": "RUTHERFORDBORO MEMORIALNO1", "address": "111 Monona Ave", "city": "Rutherford", "zip": "07070", "access": "public", "ev_level1_evse_num": null, "ev_level2_evse_num": 1, "ev_dc_fast_num": null, "network": "ChargePoint Network", "connector_types": ["J1772"], "owner_type": null}}, {"type": "Feature", "geometry": {"type": "Point", "coordinates": [-74.103726, 40.828585]}, "properties": {"id": 173943, "name": "RUTHERFORDBORO KIPAVE3", "address": "55 Kip Ave", "city": "Rutherford", "zip": "07070", "access": "public", "ev_level1_evse_num": null, "ev_level2_evse_num": 1, "ev_dc_fast_num": null, "network": "ChargePoint Network", "connector_types": ["J1772"], "owner_type": null}}, {"type": "Feature", "geometry": {"type": "Point", "coordinates": [-74.103624, 40.828711]}, "properties": {"id": 173944, "name": "RUTHERFORDBORO KIPAVE1", "address": "55 Kip Ave", "city": "Rutherford", "zip": "07070", "access": "public", "ev_level1_evse_num": null, "ev_level2_evse_num": 1, "ev_dc_fast_num": null, "network": "ChargePoint Network", "connector_types": ["J1772"], "owner_type": null}}, {"type": "Feature", "geometry": {"type": "Point", "coordinates": [-74.183688, 40.696425]}, "properties": {"id": 174010, "name": "PANYNJ EWR P4 STATION8", "address": "EWR Station P4 Daily Parking Garage Newark Li", "city": "Newark", "zip": "07114", "access": "public", "ev_level1_evse_num": null, "ev_level2_evse_num": 2, "ev_dc_fast_num": null, "network": "ChargePoint Network", "connector_types": ["J1772"], "owner_type": null}}, {"type": "Feature", "geometry": {"type": "Point", "coordinates": [-74.183581, 40.696453]}, "properties": {"id": 174011, "name": "PANYNJ EWR P4 STATION4", "address": "EWR Station P4 Daily Parking Garage Newark Li", "city": "Newark", "zip": "07114", "access": "public", "ev_level1_evse_num": null, "ev_level2_evse_num": 1, "ev_dc_fast_num": null, "network": "ChargePoint Network", "connector_types": ["J1772"], "owner_type": null}}, {"type": "Feature", "geometry": {"type": "Point", "coordinates": [-74.18357, 40.696494]}, "properties": {"id": 174012, "name": "PANYNJ EWR P4 STATION6", "address": "EWR Station P4 Daily Parking Garage Newark Li", "city": "Newark", "zip": "07114", "access": "public", "ev_level1_evse_num": null, "ev_level2_evse_num": 1, "ev_dc_fast_num": null, "network": "ChargePoint Network", "connector_types": ["J1772"], "owner_type": null}}, {"type": "Feature", "geometry": {"type": "Point", "coordinates": [-74.183691, 40.69647]}, "properties": {"id": 174013, "name": "PANYNJ EWR P4 STATION5", "address": "EWR Station P4 Daily Parking Garage Newark Li", "city": "Newark", "zip": "07114", "access": "public", "ev_level1_evse_num": null, "ev_level2_evse_num": 2, "ev_dc_fast_num": null, "network": "ChargePoint Network", "connector_types": ["J1772"], "owner_type": null}}, {"type": "Feature", "geometry": {"type": "Point", "coordinates": [-74.18382, 40.696463]}, "properties": {"id": 174014, "name": "PANYNJ EWR P4 STATION2", "address": "EWR Station P4 Daily Parking Garage Newark Li", "city": "Newark", "zip": "07114", "access": "public", "ev_level1_evse_num": null, "ev_level2_evse_num": 1, "ev_dc_fast_num": null, "network": "ChargePoint Network", "connector_types": ["J1772"], "owner_type": null}}, {"type": "Feature", "geometry": {"type": "Point", "coordinates": [-74.183765, 40.696515]}, "properties": {"id": 174015, "name": "PANYNJ EWR P4 STATION3", "address": "EWR Station P4 Daily Parking Garage Newark Li", "city": "Newark", "zip": "07114", "access": "public", "ev_level1_evse_num": null, "ev_level2_evse_num": 2, "ev_dc_fast_num": null, "network": "ChargePoint Network", "connector_types": ["J1772"], "owner_type": null}}, {"type": "Feature", "geometry": {"type": "Point", "coordinates": [-74.18385, 40.696435]}, "properties": {"id": 174016, "name": "PANYNJ EWR P4 STATION1", "address": "EWR Station P4 Daily Parking Garage Newark Li", "city": "Newark", "zip": "07114", "access": "public", "ev_level1_evse_num": null, "ev_level2_evse_num": 2, "ev_dc_fast_num": null, "network": "ChargePoint Network", "connector_types": ["J1772"], "owner_type": null}}, {"type": "Feature", "geometry": {"type": "Point", "coordinates": [-74.042493, 40.717124]}, "properties": {"id": 174235, "name": "JERSEYCITY JCNJ MONTGOMERY", "address": "281 Marin Blvd", "city": "Jersey City", "zip": "07302", "access": "public", "ev_level1_evse_num": null, "ev_level2_evse_num": 2, "ev_dc_fast_num": null, "network": "ChargePoint Network", "connector_types": ["J1772"], "owner_type": null}}, {"type": "Feature", "geometry": {"type": "Point", "coordinates": [-74.181735, 40.73895]}, "properties": {"id": 175309, "name": "ESSEX COUNTY #3", "address": "16-84 W Market St", "city": "Newark", "zip": "07102", "access": "public", "ev_level1_evse_num": null, "ev_level2_evse_num": 2, "ev_dc_fast_num": null, "network": "ChargePoint Network", "connector_types": ["J1772"], "owner_type": null}}, {"type": "Feature", "geometry": {"type": "Point", "coordinates": [-74.181706, 40.739013]}, "properties": {"id": 175310, "name": "ESSEX COUNTY #5", "address": "16-84 W Market St", "city": "Newark", "zip": "07102", "access": "public", "ev_level1_evse_num": null, "ev_level2_evse_num": 2, "ev_dc_fast_num": null, "network": "ChargePoint Network", "connector_types": ["J1772"], "owner_type": null}}, {"type": "Feature", "geometry": {"type": "Point", "coordinates": [-74.730211, 41.08803]}, "properties": {"id": 175343, "name": "MB OF NEWTON OUTSIDE 1", "address": "92 Hampton House Rd", "city": "Newton", "zip": "07860", "access": "public", "ev_level1_evse_num": null, "ev_level2_evse_num": 2, "ev_dc_fast_num": null, "network": "ChargePoint Network", "connector_types": ["J1772"], "owner_type": null}}, {"type": "Feature", "geometry": {"type": "Point", "coordinates": [-74.062443, 40.732169]}, "properties": {"id": 175407, "name": "PANYNJ JSTC STATION 2", "address": "3 Journal Square Plaza PATH-JSTC", "city": "Jersey City", "zip": "07306", "access": "public", "ev_level1_evse_num": null, "ev_level2_evse_num": 2, "ev_dc_fast_num": null, "network": "ChargePoint Network", "connector_types": ["J1772"], "owner_type": null}}, {"type": "Feature", "geometry": {"type": "Point", "coordinates": [-74.828494, 38.980811]}, "properties": {"id": 175428, "name": "CREST OFFICE KELLER WILLIAMS", "address": "5501 New Jersey Ave", "city": "Wildwood Crest", "zip": "08260", "access": "public", "ev_level1_evse_num": null, "ev_level2_evse_num": 1, "ev_dc_fast_num": null, "network": "ChargePoint Network", "connector_types": ["J1772"], "owner_type": null}}, {"type": "Feature", "geometry": {"type": "Point", "coordinates": [-74.087128, 40.704715]}, "properties": {"id": 181334, "name": "JERSEYCITY FULTON AVE LOT1", "address": "207 Fulton Ave", "city": "Jersey City", "zip": "07305", "access": "public", "ev_level1_evse_num": null, "ev_level2_evse_num": 2, "ev_dc_fast_num": null, "network": "ChargePoint Network", "connector_types": ["J1772"], "owner_type": null}}, {"type": "Feature", "geometry": {"type": "Point", "coordinates": [-74.032555, 40.954315]}, "properties": {"id": 181609, "name": "ORADELL DPW ORADELL LIB ST1", "address": "Oradell Ave at Kinderkamack Rd", "city": "Oradell", "zip": "07649", "access": "public", "ev_level1_evse_num": null, "ev_level2_evse_num": 2, "ev_dc_fast_num": null, "network": "ChargePoint Network", "connector_types": ["J1772"], "owner_type": null}}, {"type": "Feature", "geometry": {"type": "Point", "coordinates": [-74.0688, 40.92671]}, "properties": {"id": 181720, "name": "BOROUGHOFPARAMU PARAMUS PUB ST1", "address": "1 W Jockish Square", "city": "Paramus", "zip": "07652", "access": "public", "ev_level1_evse_num": null, "ev_level2_evse_num": 2, "ev_dc_fast_num": null, "network": "ChargePoint Network", "connector_types": ["J1772"], "owner_type": null}}, {"type": "Feature", "geometry": {"type": "Point", "coordinates": [-74.421814, 40.497755]}, "properties": {"id": 181769, "name": "HP PUBLIC HIGHLND PRK PS1", "address": "220 S 6th Ave", "city": "Highland Park", "zip": "08904", "access": "public", "ev_level1_evse_num": null, "ev_level2_evse_num": 1, "ev_dc_fast_num": null, "network": "ChargePoint Network", "connector_types": ["J1772"], "owner_type": null}}, {"type": "Feature", "geometry": {"type": "Point", "coordinates": [-74.69706, 40.89568]}, "properties": {"id": 181934, "name": "POLOS BAR POLOS BAR", "address": "140 Ledgewood Ave", "city": "Netcong", "zip": "07857", "access": "public", "ev_level1_evse_num": null, "ev_level2_evse_num": 2, "ev_dc_fast_num": null, "network": "ChargePoint Network", "connector_types": ["J1772"], "owner_type": null}}, {"type": "Feature", "geometry": {"type": "Point", "coordinates": [-74.041835, 40.290513]}, "properties": {"id": 182213, "name": "CIRCLE BMW FLEET 2", "address": "500 NJ-36", "city": "Eatontown", "zip": "07724", "access": "public", "ev_level1_evse_num": null, "ev_level2_evse_num": 1, "ev_dc_fast_num": null, "network": "ChargePoint Network", "connector_types": ["J1772"], "owner_type": null}}, {"type": "Feature", "geometry": {"type": "Point", "coordinates": [-75.179003, 39.788538]}, "properties": {"id": 182842, "name": "AMPCAP 0722 MANTUA 1", "address": "300 Bridgeton Pike", "city": "Mantua Township", "zip": "08051", "access": "public", "ev_level1_evse_num": null, "ev_level2_evse_num": 1, "ev_dc_fast_num": null, "network": "ChargePoint Network", "connector_types": ["J1772"], "owner_type": null}}, {"type": "Feature", "geometry": {"type": "Point", "coordinates": [-75.179003, 39.788538]}, "properties": {"id": 182843, "name": "AMPCAP 0722 MANTUA 2", "address": "300 Bridgeton Pike", "city": "Mantua Township", "zip": "08051", "access": "public", "ev_level1_evse_num": null, "ev_level2_evse_num": 1, "ev_dc_fast_num": null, "network": "ChargePoint Network", "connector_types": ["J1772"], "owner_type": null}}, {"type": "Feature", "geometry": {"type": "Point", "coordinates": [-74.525108, 40.498811]}, "properties": {"id": 182943, "name": "FRANKLIN MUNICIPAL BLDG", "address": "475 Demott Ln", "city": "Franklin Township", "zip": "08873", "access": "public", "ev_level1_evse_num": null, "ev_level2_evse_num": 2, "ev_dc_fast_num": null, "network": "ChargePoint Network", "connector_types": ["J1772"], "owner_type": null}}, {"type": "Feature", "geometry": {"type": "Point", "coordinates": [-74.8475894, 40.292785]}, "properties": {"id": 183638, "name": "Janssen Pharmaceuticals", "address": "1125 Trenton-Harbourton Road", "city": "Titusville", "zip": "8560", "access": "public", "ev_level1_evse_num": null, "ev_level2_evse_num": 1, "ev_dc_fast_num": null, "network": "Blink Network", "connector_types": ["J1772"], "owner_type": null}}, {"type": "Feature", "geometry": {"type": "Point", "coordinates": [-74.573885, 39.45157]}, "properties": {"id": 184532, "name": "FAA - William J. Hughes Technical Center (WJHTC)", "address": "Atlantic City International Airport", "city": "Pomona", "zip": "08405", "access": "private", "ev_level1_evse_num": null, "ev_level2_evse_num": 1, "ev_dc_fast_num": null, "network": "Non-Networked", "connector_types": ["J1772"], "owner_type": "FG"}}, {"type": "Feature", "geometry": {"type": "Point", "coordinates": [-74.57562, 40.026469]}, "properties": {"id": 184565, "name": "Joint Base McGuire-Dix-Lakehurst", "address": "Vandenberg Ave", "city": "McGuire AFB", "zip": "08641", "access": "private", "ev_level1_evse_num": null, "ev_level2_evse_num": 28, "ev_dc_fast_num": null, "network": "Non-Networked", "connector_types": ["J1772"], "owner_type": "FG"}}, {"type": "Feature", "geometry": {"type": "Point", "coordinates": [-74.882148, 38.948116]}, "properties": {"id": 184576, "name": "TRACEN Cape May", "address": "1 Munro Ave", "city": "Cape May", "zip": "08204", "access": "private", "ev_level1_evse_num": null, "ev_level2_evse_num": 4, "ev_dc_fast_num": 4, "network": "Non-Networked", "connector_types": ["J1772", "J1772COMBO"], "owner_type": "FG"}}, {"type": "Feature", "geometry": {"type": "Point", "coordinates": [-75.224361, 39.377487]}, "properties": {"id": 184721, "name": "FCI Fairton", "address": "9 Noble Ave", "city": "Bridgeton", "zip": "08302", "access": "private", "ev_level1_evse_num": 2, "ev_level2_evse_num": null, "ev_dc_fast_num": null, "network": "Non-Networked", "connector_types": ["NEMA515"], "owner_type": "FG"}}, {"type": "Feature", "geometry": {"type": "Point", "coordinates": [-74.613599, 39.998655]}, "properties": {"id": 184722, "name": "FCI Fort Dix", "address": "5756 Hartford & Pointvile Rd", "city": "Joint Base Mdl", "zip": "08640", "access": "private", "ev_level1_evse_num": 2, "ev_level2_evse_num": null, "ev_dc_fast_num": null, "network": "Non-Networked", "connector_types": ["NEMA515"], "owner_type": "FG"}}, {"type": "Feature", "geometry": {"type": "Point", "coordinates": [-74.4335, 39.3599]}, "properties": {"id": 184835, "name": "FAA - ACT - Station 1", "address": "1822 Atlantic Ave", "city": "Atlantic City", "zip": "08401", "access": "private", "ev_level1_evse_num": null, "ev_level2_evse_num": 1, "ev_dc_fast_num": null, "network": "Non-Networked", "connector_types": ["J1772"], "owner_type": "FG"}}, {"type": "Feature", "geometry": {"type": "Point", "coordinates": [-74.4335, 39.3599]}, "properties": {"id": 184836, "name": "FAA - ACT - Station 2", "address": "1822 Atlantic Ave", "city": "Atlantic City", "zip": "08401", "access": "private", "ev_level1_evse_num": null, "ev_level2_evse_num": 6, "ev_dc_fast_num": null, "network": "Non-Networked", "connector_types": ["J1772"], "owner_type": "FG"}}, {"type": "Feature", "geometry": {"type": "Point", "coordinates": [-74.68061, 40.28869]}, "properties": {"id": 184915, "name": "Simon - Quaker Bridge Mall (Lawrenceville, NJ)", "address": "150 QUAKERBRIDGE MALL", "city": "LAWRENCEVILLE", "zip": "08648", "access": "public", "ev_level1_evse_num": null, "ev_level2_evse_num": null, "ev_dc_fast_num": 4, "network": "Electrify America", "connector_types": ["J1772COMBO"], "owner_type": null}}, {"type": "Feature", "geometry": {"type": "Point", "coordinates": [-74.073657, 41.041782]}, "properties": {"id": 185274, "name": "Tice's Corner Marketplace - Tesla Supercharger", "address": "441 Chestnut Ridge Road", "city": "Woodcliff Lake", "zip": "07677", "access": "public", "ev_level1_evse_num": null, "ev_level2_evse_num": null, "ev_dc_fast_num": 8, "network": "Tesla", "connector_types": ["TESLA"], "owner_type": "P"}}, {"type": "Feature", "geometry": {"type": "Point", "coordinates": [-74.02512, 40.20942]}, "properties": {"id": 185739, "name": "INDIAN MONMOUTH STATION 1", "address": "1318 NJ-33", "city": "Neptune City", "zip": "07753", "access": "public", "ev_level1_evse_num": null, "ev_level2_evse_num": 2, "ev_dc_fast_num": null, "network": "ChargePoint Network", "connector_types": ["J1772"], "owner_type": null}}, {"type": "Feature", "geometry": {"type": "Point", "coordinates": [-75.07254, 39.8498]}, "properties": {"id": 186133, "name": "GREEN TEAM RUNNEMEDE BORO1", "address": "24 N Black Horse Pike", "city": "Runnemede", "zip": "08078", "access": "public", "ev_level1_evse_num": null, "ev_level2_evse_num": 2, "ev_dc_fast_num": null, "network": "ChargePoint Network", "connector_types": ["J1772"], "owner_type": null}}, {"type": "Feature", "geometry": {"type": "Point", "coordinates": [-74.542465, 40.695427]}, "properties": {"id": 186153, "name": "BT TOWN HALL BERNRARDS DPW 1", "address": "277 S Maple Ave", "city": "Basking Ridge", "zip": "07920", "access": "public", "ev_level1_evse_num": null, "ev_level2_evse_num": 2, "ev_dc_fast_num": null, "network": "ChargePoint Network", "connector_types": ["J1772"], "owner_type": null}}, {"type": "Feature", "geometry": {"type": "Point", "coordinates": [-74.00586, 40.783032]}, "properties": {"id": 186375, "name": "LM NORTH PUBLIC CAP PUBLIC 1", "address": "40 Riverwalk Pl", "city": "West New York", "zip": "07093", "access": "public", "ev_level1_evse_num": null, "ev_level2_evse_num": 2, "ev_dc_fast_num": null, "network": "ChargePoint Network", "connector_types": ["J1772"], "owner_type": null}}, {"type": "Feature", "geometry": {"type": "Point", "coordinates": [-74.005292, 40.78257]}, "properties": {"id": 186376, "name": "LM NORTH PUBLIC CAP PUBLIC 2", "address": "21 Ave at Port Imperial", "city": "West New York", "zip": "07093", "access": "public", "ev_level1_evse_num": null, "ev_level2_evse_num": 2, "ev_dc_fast_num": null, "network": "ChargePoint Network", "connector_types": ["J1772"], "owner_type": null}}, {"type": "Feature", "geometry": {"type": "Point", "coordinates": [-74.005419, 40.782533]}, "properties": {"id": 186377, "name": "LM NORTH PUBLIC CAP PUBLIC 3", "address": "21 Ave at Port Imperial", "city": "West New York", "zip": "07093", "access": "public", "ev_level1_evse_num": null, "ev_level2_evse_num": 2, "ev_dc_fast_num": null, "network": "ChargePoint Network", "connector_types": ["J1772"], "owner_type": null}}, {"type": "Feature", "geometry": {"type": "Point", "coordinates": [-74.234393, 40.782283]}, "properties": {"id": 186716, "name": "EDISON LOFTS STATION 2", "address": "33 Ashland Ave", "city": "West Orange", "zip": "07052", "access": "public", "ev_level1_evse_num": null, "ev_level2_evse_num": 2, "ev_dc_fast_num": null, "network": "ChargePoint Network", "connector_types": ["J1772"], "owner_type": null}}, {"type": "Feature", "geometry": {"type": "Point", "coordinates": [-74.540525, 40.724263]}, "properties": {"id": 187081, "name": "Verizon - Basking Ridge", "address": "300 N Maple Ave", "city": "Basking Ridge", "zip": "07920", "access": "private", "ev_level1_evse_num": null, "ev_level2_evse_num": 6, "ev_dc_fast_num": null, "network": "Non-Networked", "connector_types": ["J1772"], "owner_type": "P"}}, {"type": "Feature", "geometry": {"type": "Point", "coordinates": [-74.605444, 39.436861]}, "properties": {"id": 187550, "name": "EHT Health Park - Building 400", "address": "2500 English Creek Ave", "city": "Egg Harbor Township", "zip": "8234", "access": "public", "ev_level1_evse_num": null, "ev_level2_evse_num": 2, "ev_dc_fast_num": null, "network": "Blink Network", "connector_types": ["J1772"], "owner_type": null}}, {"type": "Feature", "geometry": {"type": "Point", "coordinates": [-74.606, 39.435002]}, "properties": {"id": 187551, "name": "EHT Health Park - Building 1200", "address": "2500 English Creek Ave", "city": "Egg Harbor Township", "zip": "8234", "access": "public", "ev_level1_evse_num": null, "ev_level2_evse_num": 2, "ev_dc_fast_num": null, "network": "Blink Network", "connector_types": ["J1772"], "owner_type": null}}, {"type": "Feature", "geometry": {"type": "Point", "coordinates": [-74.634067, 40.219132]}, "properties": {"id": 189300, "name": "SOUTHSIDE LOFTS SOUTHSIDE LOFTS", "address": "1 Liberty St", "city": "Robbinsville Township", "zip": "08691", "access": "public", "ev_level1_evse_num": null, "ev_level2_evse_num": 2, "ev_dc_fast_num": null, "network": "ChargePoint Network", "connector_types": ["J1772"], "owner_type": null}}, {"type": "Feature", "geometry": {"type": "Point", "coordinates": [-74.63396, 40.219108]}, "properties": {"id": 189301, "name": "SOUTHSIDE LOFTS SOUTHSIDELOFTS2", "address": "1 Liberty St", "city": "Robbinsville Township", "zip": "08691", "access": "public", "ev_level1_evse_num": null, "ev_level2_evse_num": 2, "ev_dc_fast_num": null, "network": "ChargePoint Network", "connector_types": ["J1772"], "owner_type": null}}, {"type": "Feature", "geometry": {"type": "Point", "coordinates": [-74.851643, 40.504948]}, "properties": {"id": 189357, "name": "Wawa - Tesla Supercharger", "address": "20 NJ-31", "city": "Flemington", "zip": "08822", "access": "public", "ev_level1_evse_num": null, "ev_level2_evse_num": null, "ev_dc_fast_num": 8, "network": "Tesla", "connector_types": ["TESLA"], "owner_type": "P"}}, {"type": "Feature", "geometry": {"type": "Point", "coordinates": [-74.595793, 40.563372]}, "properties": {"id": 190270, "name": "Somerville Parc", "address": "200 Parcview Pl", "city": "Somerville", "zip": "08876", "access": "public", "ev_level1_evse_num": null, "ev_level2_evse_num": 2, "ev_dc_fast_num": null, "network": "EV Connect", "connector_types": ["J1772"], "owner_type": null}}, {"type": "Feature", "geometry": {"type": "Point", "coordinates": [-74.2891393, 40.1141938]}, "properties": {"id": 190352, "name": "Oliverie Funeral Home", "address": "125 South Cooks Bridge Road", "city": "Jackson", "zip": "08527", "access": "public", "ev_level1_evse_num": null, "ev_level2_evse_num": 2, "ev_dc_fast_num": null, "network": "Blink Network", "connector_types": ["J1772"], "owner_type": null}}, {"type": "Feature", "geometry": {"type": "Point", "coordinates": [-75.03243593, 39.92584959]}, "properties": {"id": 190474, "name": "Wawa - Tesla Supercharger", "address": "904 Haddonfield Road", "city": "Cherry Hill", "zip": "08002", "access": "public", "ev_level1_evse_num": null, "ev_level2_evse_num": null, "ev_dc_fast_num": 8, "network": "Tesla", "connector_types": ["TESLA"], "owner_type": "P"}}, {"type": "Feature", "geometry": {"type": "Point", "coordinates": [-74.000428, 40.789774]}, "properties": {"id": 190662, "name": "GALAXY TOWERS GALAXYSTATION1", "address": "7000 JFK Blvd E", "city": "Guttenberg", "zip": "07093", "access": "public", "ev_level1_evse_num": null, "ev_level2_evse_num": 2, "ev_dc_fast_num": null, "network": "ChargePoint Network", "connector_types": ["J1772"], "owner_type": null}}, {"type": "Feature", "geometry": {"type": "Point", "coordinates": [-74.000922, 40.790543]}, "properties": {"id": 190663, "name": "GALAXY TOWERS GALAXYSTATION2", "address": "7000 JFK Blvd E", "city": "Guttenberg", "zip": "07093", "access": "public", "ev_level1_evse_num": null, "ev_level2_evse_num": 2, "ev_dc_fast_num": null, "network": "ChargePoint Network", "connector_types": ["J1772"], "owner_type": null}}, {"type": "Feature", "geometry": {"type": "Point", "coordinates": [-74.00078, 40.790502]}, "properties": {"id": 190664, "name": "GALAXY TOWERS GALAXYSTATION3", "address": "7000 JFK Blvd E", "city": "Guttenberg", "zip": "07093", "access": "public", "ev_level1_evse_num": null, "ev_level2_evse_num": 2, "ev_dc_fast_num": null, "network": "ChargePoint Network", "connector_types": ["J1772"], "owner_type": null}}, {"type": "Feature", "geometry": {"type": "Point", "coordinates": [-74.118247, 40.983678]}, "properties": {"id": 190925, "name": "CHESTNUTVIL CHESTNUT 2", "address": "168 Chestnut St", "city": "Ridgewood", "zip": "07450", "access": "public", "ev_level1_evse_num": null, "ev_level2_evse_num": 2, "ev_dc_fast_num": null, "network": "ChargePoint Network", "connector_types": ["J1772"], "owner_type": null}}, {"type": "Feature", "geometry": {"type": "Point", "coordinates": [-74.118247, 40.983694]}, "properties": {"id": 190926, "name": "CHESTNUTVIL CHESTNUT 1", "address": "168 Chestnut St", "city": "Ridgewood", "zip": "07450", "access": "public", "ev_level1_evse_num": null, "ev_level2_evse_num": 2, "ev_dc_fast_num": null, "network": "ChargePoint Network", "connector_types": ["J1772"], "owner_type": null}}, {"type": "Feature", "geometry": {"type": "Point", "coordinates": [-74.02907, 40.738277]}, "properties": {"id": 192715, "name": "DT&P GARAGE B ST1", "address": "28 2nd St", "city": "Hoboken", "zip": "07030", "access": "public", "ev_level1_evse_num": null, "ev_level2_evse_num": 2, "ev_dc_fast_num": null, "network": "ChargePoint Network", "connector_types": ["J1772"], "owner_type": null}}, {"type": "Feature", "geometry": {"type": "Point", "coordinates": [-74.029045, 40.738262]}, "properties": {"id": 192716, "name": "DT&P GARAGE B ST2", "address": "28 2nd St", "city": "Hoboken", "zip": "07030", "access": "public", "ev_level1_evse_num": null, "ev_level2_evse_num": 2, "ev_dc_fast_num": null, "network": "ChargePoint Network", "connector_types": ["J1772"], "owner_type": null}}, {"type": "Feature", "geometry": {"type": "Point", "coordinates": [-74.028824, 40.73913]}, "properties": {"id": 192717, "name": "DT&P GARAGE D ST1", "address": "215 Hudson St", "city": "Hoboken", "zip": "07030", "access": "public", "ev_level1_evse_num": null, "ev_level2_evse_num": 2, "ev_dc_fast_num": null, "network": "ChargePoint Network", "connector_types": ["J1772"], "owner_type": null}}, {"type": "Feature", "geometry": {"type": "Point", "coordinates": [-74.028827, 40.739123]}, "properties": {"id": 192718, "name": "DT&P GARAGE D ST2", "address": "215 Hudson St", "city": "Hoboken", "zip": "07030", "access": "public", "ev_level1_evse_num": null, "ev_level2_evse_num": 2, "ev_dc_fast_num": null, "network": "ChargePoint Network", "connector_types": ["J1772"], "owner_type": null}}, {"type": "Feature", "geometry": {"type": "Point", "coordinates": [-74.730289, 41.087732]}, "properties": {"id": 192787, "name": "MB OF NEWTON FAST CHARGER", "address": "92 Hampton House Rd", "city": "Newton", "zip": "07860", "access": "public", "ev_level1_evse_num": null, "ev_level2_evse_num": null, "ev_dc_fast_num": 1, "network": "ChargePoint Network", "connector_types": ["CHADEMO", "J1772COMBO"], "owner_type": null}}, {"type": "Feature", "geometry": {"type": "Point", "coordinates": [-74.234307, 40.782364]}, "properties": {"id": 192996, "name": "EDISON LOFTS STATION 1", "address": "33 Ashland Ave", "city": "West Orange", "zip": "07052", "access": "public", "ev_level1_evse_num": null, "ev_level2_evse_num": 2, "ev_dc_fast_num": null, "network": "ChargePoint Network", "connector_types": ["J1772"], "owner_type": null}}, {"type": "Feature", "geometry": {"type": "Point", "coordinates": [-74.09433, 40.22734]}, "properties": {"id": 193584, "name": "Simon - Jersey Shore Premium Outlets (Tinton Fall", "address": "1 PREMIUM OUTLETS BLVD", "city": "Tinton Falls", "zip": "07753", "access": "public", "ev_level1_evse_num": null, "ev_level2_evse_num": null, "ev_dc_fast_num": 4, "network": "Electrify America", "connector_types": ["J1772COMBO"], "owner_type": null}}, {"type": "Feature", "geometry": {"type": "Point", "coordinates": [-74.83948, 40.07953]}, "properties": {"id": 193649, "name": "FRONT SHOWROOM SHOP ST1", "address": "900 US-130", "city": "Burlington", "zip": "08016", "access": "public", "ev_level1_evse_num": null, "ev_level2_evse_num": 1, "ev_dc_fast_num": null, "network": "ChargePoint Network", "connector_types": ["J1772"], "owner_type": null}}, {"type": "Feature", "geometry": {"type": "Point", "coordinates": [-74.71967, 40.236744]}, "properties": {"id": 194120, "name": "GFS STATION GFS PS1", "address": "18 Fairgrounds Rd", "city": "Hamilton Township", "zip": "08619", "access": "public", "ev_level1_evse_num": null, "ev_level2_evse_num": 2, "ev_dc_fast_num": null, "network": "ChargePoint Network", "connector_types": ["J1772"], "owner_type": null}}, {"type": "Feature", "geometry": {"type": "Point", "coordinates": [-74.233008, 39.904443]}, "properties": {"id": 194272, "name": "BERKELY MUNICIP TOWN HALL PS1", "address": "627 Pinewald Keswick Rd", "city": "Forked River", "zip": "08731", "access": "public", "ev_level1_evse_num": null, "ev_level2_evse_num": 2, "ev_dc_fast_num": null, "network": "ChargePoint Network", "connector_types": ["J1772"], "owner_type": null}}, {"type": "Feature", "geometry": {"type": "Point", "coordinates": [-74.15123, 40.72831]}, "properties": {"id": 194698, "name": "Ferry Plaza (UBP) (Newark, NJ)", "address": "311 Ferry Street", "city": "Newark", "zip": "07105", "access": "public", "ev_level1_evse_num": null, "ev_level2_evse_num": null, "ev_dc_fast_num": 4, "network": "Electrify America", "connector_types": ["J1772COMBO"], "owner_type": null}}, {"type": "Feature", "geometry": {"type": "Point", "coordinates": [-74.415776048479, 40.75636242273]}, "properties": {"id": 195175, "name": "Prospect Street Parking Lot (#1 and #2)", "address": "29 Prospect Street", "city": "Madison", "zip": "07940", "access": "public", "ev_level1_evse_num": null, "ev_level2_evse_num": 2, "ev_dc_fast_num": null, "network": "Blink Network", "connector_types": ["J1772"], "owner_type": null}}, {"type": "Feature", "geometry": {"type": "Point", "coordinates": [-73.9714503, 40.8517854]}, "properties": {"id": 195260, "name": "Fort Lee Main St Municipal Parking Lot", "address": "231 Main St", "city": "Fort Lee", "zip": "07024", "access": "public", "ev_level1_evse_num": null, "ev_level2_evse_num": 6, "ev_dc_fast_num": null, "network": "Blink Network", "connector_types": ["J1772"], "owner_type": null}}, {"type": "Feature", "geometry": {"type": "Point", "coordinates": [-74.414501343061, 40.752955119328]}, "properties": {"id": 195438, "name": "Madison Public Library", "address": "39 Keep Street", "city": "Madison", "zip": "07940", "access": "public", "ev_level1_evse_num": null, "ev_level2_evse_num": 2, "ev_dc_fast_num": null, "network": "Blink Network", "connector_types": ["J1772"], "owner_type": null}}, {"type": "Feature", "geometry": {"type": "Point", "coordinates": [-74.5150386, 40.6415378]}, "properties": {"id": 195439, "name": "King George Plaza", "address": "266 King George Road", "city": "Warren", "zip": "07059", "access": "public", "ev_level1_evse_num": null, "ev_level2_evse_num": 1, "ev_dc_fast_num": null, "network": "Blink Network", "connector_types": ["J1772"], "owner_type": null}}, {"type": "Feature", "geometry": {"type": "Point", "coordinates": [-74.3812904, 40.6418403]}, "properties": {"id": 195440, "name": "Partners Profit Fanwood Group", "address": "316 South Ave", "city": "Fanwood", "zip": "7023", "access": "public", "ev_level1_evse_num": null, "ev_level2_evse_num": 1, "ev_dc_fast_num": null, "network": "Blink Network", "connector_types": ["J1772"], "owner_type": null}}, {"type": "Feature", "geometry": {"type": "Point", "coordinates": [-74.515243, 40.6430734]}, "properties": {"id": 195511, "name": "The Chelsea at Warren", "address": "274 King George Road", "city": "Warren", "zip": "7059", "access": "public", "ev_level1_evse_num": null, "ev_level2_evse_num": 4, "ev_dc_fast_num": null, "network": "Blink Network", "connector_types": ["J1772"], "owner_type": null}}, {"type": "Feature", "geometry": {"type": "Point", "coordinates": [-75.104368984656, 39.866819134842]}, "properties": {"id": 195513, "name": "100 Essex Ave", "address": "100 Essex Avenue", "city": "Bellmawr", "zip": "08031", "access": "public", "ev_level1_evse_num": null, "ev_level2_evse_num": 1, "ev_dc_fast_num": null, "network": "Blink Network", "connector_types": ["J1772"], "owner_type": null}}, {"type": "Feature", "geometry": {"type": "Point", "coordinates": [-74.2605826, 40.7465526]}, "properties": {"id": 195581, "name": "GRE Gateway LLC", "address": "9 West South Orange Avenue", "city": "South Orange", "zip": "7079", "access": "public", "ev_level1_evse_num": null, "ev_level2_evse_num": 1, "ev_dc_fast_num": null, "network": "Blink Network", "connector_types": ["J1772"], "owner_type": null}}, {"type": "Feature", "geometry": {"type": "Point", "coordinates": [-74.2710259, 40.8800783]}, "properties": {"id": 195725, "name": "The VIEW at Fairfield", "address": "264 Passaic Avenue", "city": "Fairfield", "zip": "7004", "access": "public", "ev_level1_evse_num": null, "ev_level2_evse_num": 2, "ev_dc_fast_num": null, "network": "Blink Network", "connector_types": ["J1772"], "owner_type": null}}, {"type": "Feature", "geometry": {"type": "Point", "coordinates": [-74.058846, 40.74584]}, "properties": {"id": 195736, "name": "JERSEYCITY LENGORDPARKL2", "address": "227 Manhattan Ave", "city": "Jersey City", "zip": "07307", "access": "public", "ev_level1_evse_num": null, "ev_level2_evse_num": 2, "ev_dc_fast_num": null, "network": "ChargePoint Network", "connector_types": ["J1772"], "owner_type": null}}, {"type": "Feature", "geometry": {"type": "Point", "coordinates": [-74.05121, 40.7275]}, "properties": {"id": 195737, "name": "JERSEYCITY ENOSJONESPARK", "address": "387 8th St", "city": "Jersey City", "zip": "07302", "access": "public", "ev_level1_evse_num": null, "ev_level2_evse_num": 2, "ev_dc_fast_num": null, "network": "ChargePoint Network", "connector_types": ["J1772"], "owner_type": null}}, {"type": "Feature", "geometry": {"type": "Point", "coordinates": [-74.06836, 40.713074]}, "properties": {"id": 195738, "name": "JERSEYCITY BERRYLANEPARKL2", "address": "1017 Garfield Ave", "city": "Jersey City", "zip": "07304", "access": "public", "ev_level1_evse_num": null, "ev_level2_evse_num": 2, "ev_dc_fast_num": null, "network": "ChargePoint Network", "connector_types": ["J1772"], "owner_type": null}}, {"type": "Feature", "geometry": {"type": "Point", "coordinates": [-74.07254084, 40.89150205]}, "properties": {"id": 195782, "name": "Wawa - Tesla Supercharger", "address": "150 Essex St", "city": "Lodi", "zip": "07644", "access": "public", "ev_level1_evse_num": null, "ev_level2_evse_num": null, "ev_dc_fast_num": 8, "network": "Tesla", "connector_types": ["TESLA"], "owner_type": "P"}}, {"type": "Feature", "geometry": {"type": "Point", "coordinates": [-74.162394, 40.741954]}, "properties": {"id": 195889, "name": "THE EDDY STATION 1", "address": "555 S 1st St", "city": "Harrison", "zip": "07029", "access": "public", "ev_level1_evse_num": null, "ev_level2_evse_num": 2, "ev_dc_fast_num": null, "network": "ChargePoint Network", "connector_types": ["J1772"], "owner_type": null}}, {"type": "Feature", "geometry": {"type": "Point", "coordinates": [-74.162698, 40.742566]}, "properties": {"id": 195890, "name": "THE EDDY STATION 2", "address": "555 S 1st St", "city": "Harrison", "zip": "07029", "access": "public", "ev_level1_evse_num": null, "ev_level2_evse_num": 2, "ev_dc_fast_num": null, "network": "ChargePoint Network", "connector_types": ["J1772"], "owner_type": null}}, {"type": "Feature", "geometry": {"type": "Point", "coordinates": [-74.478584, 40.829459]}, "properties": {"id": 196056, "name": "FREIGHT STATION FREIGHT PS1", "address": "751 Speedwell Ave", "city": "Morris Plains", "zip": "07950", "access": "public", "ev_level1_evse_num": null, "ev_level2_evse_num": 2, "ev_dc_fast_num": null, "network": "ChargePoint Network", "connector_types": ["J1772"], "owner_type": null}}, {"type": "Feature", "geometry": {"type": "Point", "coordinates": [-74.2625, 39.532032]}, "properties": {"id": 196064, "name": "LONG BEACH TWP HOLGATE PS1", "address": "5500 S. Long Beach Blvd", "city": "Long Beach", "zip": "08008", "access": "public", "ev_level1_evse_num": null, "ev_level2_evse_num": 2, "ev_dc_fast_num": null, "network": "ChargePoint Network", "connector_types": ["J1772"], "owner_type": null}}, {"type": "Feature", "geometry": {"type": "Point", "coordinates": [-74.200409, 39.6163]}, "properties": {"id": 196066, "name": "LONG BEACH TWP TOWN HALL PS1", "address": "6805 Long Beach Blvd.", "city": "Beach Haven", "zip": "08008", "access": "public", "ev_level1_evse_num": null, "ev_level2_evse_num": 2, "ev_dc_fast_num": null, "network": "ChargePoint Network", "connector_types": ["J1772"], "owner_type": null}}, {"type": "Feature", "geometry": {"type": "Point", "coordinates": [-74.043212, 40.744028]}, "properties": {"id": 196219, "name": "JERSEYCITY RIVERVIEW PARK", "address": "Ogden Ave", "city": "Jersey City", "zip": "07307", "access": "public", "ev_level1_evse_num": null, "ev_level2_evse_num": 2, "ev_dc_fast_num": null, "network": "ChargePoint Network", "connector_types": ["J1772"], "owner_type": null}}, {"type": "Feature", "geometry": {"type": "Point", "coordinates": [-74.162436, 40.742075]}, "properties": {"id": 196428, "name": "THE EDDY STATION 3", "address": "555 S 1st St", "city": "Harrison", "zip": "07029", "access": "public", "ev_level1_evse_num": null, "ev_level2_evse_num": 2, "ev_dc_fast_num": null, "network": "ChargePoint Network", "connector_types": ["J1772"], "owner_type": null}}, {"type": "Feature", "geometry": {"type": "Point", "coordinates": [-74.979092, 40.759323]}, "properties": {"id": 196460, "name": "WASHINGTON BID WASHINGTON PS1", "address": "44 East Wshington Avenue", "city": "Washington", "zip": "07882", "access": "public", "ev_level1_evse_num": null, "ev_level2_evse_num": 2, "ev_dc_fast_num": null, "network": "ChargePoint Network", "connector_types": ["J1772"], "owner_type": null}}, {"type": "Feature", "geometry": {"type": "Point", "coordinates": [-74.00727, 40.885667]}, "properties": {"id": 197105, "name": "TEANECK TWSP TEANECK TWSP", "address": "818 Teaneck Rd", "city": "Teaneck", "zip": "07666", "access": "public", "ev_level1_evse_num": null, "ev_level2_evse_num": 2, "ev_dc_fast_num": null, "network": "ChargePoint Network", "connector_types": ["J1772"], "owner_type": null}}, {"type": "Feature", "geometry": {"type": "Point", "coordinates": [-74.656348, 40.187796]}, "properties": {"id": 197191, "name": "BRIAD GROUP CY HAMILTON", "address": "530 US-130", "city": "Trenton", "zip": "08691", "access": "public", "ev_level1_evse_num": null, "ev_level2_evse_num": 2, "ev_dc_fast_num": null, "network": "ChargePoint Network", "connector_types": ["J1772"], "owner_type": null}}, {"type": "Feature", "geometry": {"type": "Point", "coordinates": [-74.083779, 40.9249285]}, "properties": {"id": 197547, "name": "Audi Paramus Jack Daniels", "address": "123 NJ-4", "city": "Paramus", "zip": "7652", "access": "public", "ev_level1_evse_num": null, "ev_level2_evse_num": 3, "ev_dc_fast_num": null, "network": "Blink Network", "connector_types": ["J1772"], "owner_type": null}}, {"type": "Feature", "geometry": {"type": "Point", "coordinates": [-74.12329, 40.860207]}, "properties": {"id": 197955, "name": "CITY OF PASSAIC PUBLIC STATION1", "address": "333 Passaic St", "city": "Passaic", "zip": "07055", "access": "public", "ev_level1_evse_num": null, "ev_level2_evse_num": 2, "ev_dc_fast_num": null, "network": "ChargePoint Network", "connector_types": ["J1772"], "owner_type": null}}, {"type": "Feature", "geometry": {"type": "Point", "coordinates": [-74.12332, 40.860355]}, "properties": {"id": 197956, "name": "CITY OF PASSAIC PUBLIC STATION2", "address": "330 Passaic St", "city": "Passaic", "zip": "07055", "access": "public", "ev_level1_evse_num": null, "ev_level2_evse_num": 2, "ev_dc_fast_num": null, "network": "ChargePoint Network", "connector_types": ["J1772"], "owner_type": null}}, {"type": "Feature", "geometry": {"type": "Point", "coordinates": [-74.60303, 40.57963]}, "properties": {"id": 197958, "name": "BRIDGEWATER CT4021-1", "address": "1028 US-22", "city": "Somerville", "zip": "08876", "access": "public", "ev_level1_evse_num": null, "ev_level2_evse_num": 2, "ev_dc_fast_num": null, "network": "ChargePoint Network", "connector_types": ["J1772"], "owner_type": null}}, {"type": "Feature", "geometry": {"type": "Point", "coordinates": [-74.0942403, 40.89049169]}, "properties": {"id": 197982, "name": "McDonald's #3389", "address": "189 Route 46 West", "city": "Saddle Brook", "zip": "7663", "access": "public", "ev_level1_evse_num": null, "ev_level2_evse_num": 4, "ev_dc_fast_num": null, "network": "Blink Network", "connector_types": ["J1772"], "owner_type": null}}, {"type": "Feature", "geometry": {"type": "Point", "coordinates": [-74.849023, 38.957787]}, "properties": {"id": 198014, "name": "ICONA Diamond Beach", "address": "9701 Atlantic Ave", "city": "Wildwood", "zip": "08260", "access": "public", "ev_level1_evse_num": null, "ev_level2_evse_num": 2, "ev_dc_fast_num": null, "network": "EV Connect", "connector_types": ["J1772"], "owner_type": null}}, {"type": "Feature", "geometry": {"type": "Point", "coordinates": [-74.295367, 40.561372]}, "properties": {"id": 198015, "name": "1480 Aspen Garage", "address": "1480 Route 9", "city": "Woodbridge", "zip": "07095", "access": "public", "ev_level1_evse_num": null, "ev_level2_evse_num": 4, "ev_dc_fast_num": null, "network": "EV Connect", "connector_types": ["J1772"], "owner_type": null}}, {"type": "Feature", "geometry": {"type": "Point", "coordinates": [-75.038857, 39.920852]}, "properties": {"id": 200729, "name": "CHMB STATION 1", "address": "2151 Rte 70 W", "city": "Cherry Hill", "zip": "08002", "access": "public", "ev_level1_evse_num": null, "ev_level2_evse_num": 2, "ev_dc_fast_num": null, "network": "ChargePoint Network", "connector_types": ["J1772"], "owner_type": null}}, {"type": "Feature", "geometry": {"type": "Point", "coordinates": [-75.03868, 39.920753]}, "properties": {"id": 200730, "name": "CHMB STATION 2", "address": "2151 Rte 70 W", "city": "Cherry Hill", "zip": "08002", "access": "public", "ev_level1_evse_num": null, "ev_level2_evse_num": 2, "ev_dc_fast_num": null, "network": "ChargePoint Network", "connector_types": ["J1772"], "owner_type": null}}, {"type": "Feature", "geometry": {"type": "Point", "coordinates": [-75.03861, 39.920844]}, "properties": {"id": 200731, "name": "CHMB STATION 3", "address": "2151 Rte 70 W", "city": "Cherry Hill", "zip": "08002", "access": "public", "ev_level1_evse_num": null, "ev_level2_evse_num": 2, "ev_dc_fast_num": null, "network": "ChargePoint Network", "connector_types": ["J1772"], "owner_type": null}}, {"type": "Feature", "geometry": {"type": "Point", "coordinates": [-75.038629, 39.920817]}, "properties": {"id": 200732, "name": "CHMB STATION 5", "address": "2151 Rte 70 W", "city": "Cherry Hill", "zip": "08002", "access": "public", "ev_level1_evse_num": null, "ev_level2_evse_num": 2, "ev_dc_fast_num": null, "network": "ChargePoint Network", "connector_types": ["J1772"], "owner_type": null}}, {"type": "Feature", "geometry": {"type": "Point", "coordinates": [-75.038621, 39.920844]}, "properties": {"id": 200881, "name": "CHMB STATION 4", "address": "2151 Rte 70 W", "city": "Cherry Hill", "zip": "08002", "access": "public", "ev_level1_evse_num": null, "ev_level2_evse_num": 2, "ev_dc_fast_num": null, "network": "ChargePoint Network", "connector_types": ["J1772"], "owner_type": null}}, {"type": "Feature", "geometry": {"type": "Point", "coordinates": [-75.10115682, 40.93381498]}, "properties": {"id": 201310, "name": "Delaware Water Gap Travel Plaza - Tesla Supercharger", "address": "19 Simpson Road", "city": "Columbia", "zip": "07832", "access": "public", "ev_level1_evse_num": null, "ev_level2_evse_num": null, "ev_dc_fast_num": 8, "network": "Tesla", "connector_types": ["TESLA"], "owner_type": "P"}}, {"type": "Feature", "geometry": {"type": "Point", "coordinates": [-74.081007, 40.971234]}, "properties": {"id": 201355, "name": "L766 LITHIA STATION1", "address": "755 NJ-17", "city": "Paramus", "zip": "07652", "access": "public", "ev_level1_evse_num": null, "ev_level2_evse_num": 2, "ev_dc_fast_num": null, "network": "ChargePoint Network", "connector_types": ["J1772"], "owner_type": null}}, {"type": "Feature", "geometry": {"type": "Point", "coordinates": [-74.332835, 40.551622]}, "properties": {"id": 201359, "name": "HOMEWOODEWRWO STATION 1", "address": "100 Parsonage Rd", "city": "Edison", "zip": "08837", "access": "public", "ev_level1_evse_num": null, "ev_level2_evse_num": 2, "ev_dc_fast_num": null, "network": "ChargePoint Network", "connector_types": ["J1772"], "owner_type": null}}, {"type": "Feature", "geometry": {"type": "Point", "coordinates": [-74.258953, 40.904581]}, "properties": {"id": 201437, "name": "Donnelly Construction", "address": "557 Route 23 South", "city": "Wayne", "zip": "07470", "access": "public", "ev_level1_evse_num": null, "ev_level2_evse_num": 1, "ev_dc_fast_num": null, "network": "FLO", "connector_types": ["J1772"], "owner_type": null}}, {"type": "Feature", "geometry": {"type": "Point", "coordinates": [-74.861183, 40.00737497]}, "properties": {"id": 201930, "name": "Wawa - Tesla Supercharger", "address": "570 Rancocas Road", "city": "Westampton", "zip": "08060", "access": "public", "ev_level1_evse_num": null, "ev_level2_evse_num": null, "ev_dc_fast_num": 8, "network": "Tesla", "connector_types": ["TESLA"], "owner_type": "P"}}, {"type": "Feature", "geometry": {"type": "Point", "coordinates": [-74.309297, 40.379239]}, "properties": {"id": 202082, "name": "BNE MASTER OLD BRIDGE 1", "address": "99 Old Amboy Rd", "city": "Old Bridge", "zip": "08857", "access": "public", "ev_level1_evse_num": null, "ev_level2_evse_num": 2, "ev_dc_fast_num": null, "network": "ChargePoint Network", "connector_types": ["J1772"], "owner_type": null}}, {"type": "Feature", "geometry": {"type": "Point", "coordinates": [-74.455017, 40.616726]}, "properties": {"id": 202327, "name": "GLOBAL AUTOMALL CPF50 1", "address": "1099 US-22", "city": "North Plainfield", "zip": "07060", "access": "public", "ev_level1_evse_num": null, "ev_level2_evse_num": 1, "ev_dc_fast_num": null, "network": "ChargePoint Network", "connector_types": ["J1772"], "owner_type": null}}, {"type": "Feature", "geometry": {"type": "Point", "coordinates": [-75.05272189, 39.5723726]}, "properties": {"id": 202622, "name": "Wawa - Tesla Supercharger", "address": "450 Delsea Drive", "city": "Malaga", "zip": "08328", "access": "public", "ev_level1_evse_num": null, "ev_level2_evse_num": null, "ev_dc_fast_num": 8, "network": "Tesla", "connector_types": ["TESLA"], "owner_type": "P"}}, {"type": "Feature", "geometry": {"type": "Point", "coordinates": [-74.204185, 40.914703]}, "properties": {"id": 202903, "name": "MANOR AT TOTOWA A", "address": "100 Shepherds Ln", "city": "Totowa", "zip": "07512", "access": "public", "ev_level1_evse_num": null, "ev_level2_evse_num": 2, "ev_dc_fast_num": null, "network": "ChargePoint Network", "connector_types": ["J1772"], "owner_type": null}}, {"type": "Feature", "geometry": {"type": "Point", "coordinates": [-74.20409, 40.914536]}, "properties": {"id": 202904, "name": "MANOR AT TOTOWA B", "address": "100 Shepherds Ln", "city": "Totowa", "zip": "07512", "access": "public", "ev_level1_evse_num": null, "ev_level2_evse_num": 2, "ev_dc_fast_num": null, "network": "ChargePoint Network", "connector_types": ["J1772"], "owner_type": null}}, {"type": "Feature", "geometry": {"type": "Point", "coordinates": [-74.9946, 39.74633]}, "properties": {"id": 202970, "name": "Target T2181 (Sicklerville, NJ)", "address": "487 Cross Keys Rd", "city": "Sicklerville", "zip": "08081", "access": "public", "ev_level1_evse_num": null, "ev_level2_evse_num": null, "ev_dc_fast_num": 4, "network": "Electrify America", "connector_types": ["J1772COMBO"], "owner_type": null}}, {"type": "Feature", "geometry": {"type": "Point", "coordinates": [-74.516889, 39.480061]}, "properties": {"id": 202994, "name": "GEHRHSD ABSEGAMI HS 2", "address": "201 S Wrangleboro Rd", "city": "Galloway", "zip": "08205", "access": "public", "ev_level1_evse_num": null, "ev_level2_evse_num": 2, "ev_dc_fast_num": null, "network": "ChargePoint Network", "connector_types": ["J1772"], "owner_type": null}}, {"type": "Feature", "geometry": {"type": "Point", "coordinates": [-74.516942, 39.480194]}, "properties": {"id": 202995, "name": "GEHRHSD ABSEGAMI HS 1", "address": "201 S Wrangleboro Rd", "city": "Galloway", "zip": "08205", "access": "public", "ev_level1_evse_num": null, "ev_level2_evse_num": 2, "ev_dc_fast_num": null, "network": "ChargePoint Network", "connector_types": ["J1772"], "owner_type": null}}, {"type": "Feature", "geometry": {"type": "Point", "coordinates": [-74.628038, 39.551762]}, "properties": {"id": 202996, "name": "GEHRHSD CEDAR CREEK HS2", "address": "1701 New York Ave", "city": "Egg Harbor City", "zip": "08215", "access": "public", "ev_level1_evse_num": null, "ev_level2_evse_num": 2, "ev_dc_fast_num": null, "network": "ChargePoint Network", "connector_types": ["J1772"], "owner_type": null}}, {"type": "Feature", "geometry": {"type": "Point", "coordinates": [-74.719666, 40.236755]}, "properties": {"id": 202997, "name": "GFS STATION GFS PS2", "address": "18 Fairgrounds Rd", "city": "Hamilton Township", "zip": "08619", "access": "public", "ev_level1_evse_num": null, "ev_level2_evse_num": 2, "ev_dc_fast_num": null, "network": "ChargePoint Network", "connector_types": ["J1772"], "owner_type": null}}, {"type": "Feature", "geometry": {"type": "Point", "coordinates": [-74.674457, 39.45338]}, "properties": {"id": 202998, "name": "GEHRHSD OAK CREST 1", "address": "1824 Dr. Dennis Forman Dr", "city": "Mays Landing", "zip": "08330", "access": "public", "ev_level1_evse_num": null, "ev_level2_evse_num": 2, "ev_dc_fast_num": null, "network": "ChargePoint Network", "connector_types": ["J1772"], "owner_type": null}}, {"type": "Feature", "geometry": {"type": "Point", "coordinates": [-74.451783, 40.636798]}, "properties": {"id": 204265, "name": "Watchung Municipal Building", "address": "15 Mountain Blvd", "city": "Watchung", "zip": "07069", "access": "public", "ev_level1_evse_num": null, "ev_level2_evse_num": 1, "ev_dc_fast_num": null, "network": "Non-Networked", "connector_types": ["J1772"], "owner_type": "SG"}}, {"type": "Feature", "geometry": {"type": "Point", "coordinates": [-74.41473, 40.85403]}, "properties": {"id": 204304, "name": "MANE339 STATION2", "address": "339 Jefferson Rd", "city": "Parsippany-Troy Hills", "zip": "07054", "access": "public", "ev_level1_evse_num": null, "ev_level2_evse_num": 2, "ev_dc_fast_num": null, "network": "ChargePoint Network", "connector_types": ["J1772"], "owner_type": null}}, {"type": "Feature", "geometry": {"type": "Point", "coordinates": [-74.414696, 40.8541]}, "properties": {"id": 204305, "name": "MANE339 STATION1", "address": "339 Jefferson Rd", "city": "Parsippany-Troy Hills", "zip": "07054", "access": "public", "ev_level1_evse_num": null, "ev_level2_evse_num": 2, "ev_dc_fast_num": null, "network": "ChargePoint Network", "connector_types": ["J1772"], "owner_type": null}}, {"type": "Feature", "geometry": {"type": "Point", "coordinates": [-74.21597, 40.762493]}, "properties": {"id": 204449, "name": "ESSEX COUNTY ESSEX CTY PS1", "address": "50 S Clinton St", "city": "East Orange", "zip": "07018", "access": "public", "ev_level1_evse_num": null, "ev_level2_evse_num": 2, "ev_dc_fast_num": null, "network": "ChargePoint Network", "connector_types": ["J1772"], "owner_type": null}}, {"type": "Feature", "geometry": {"type": "Point", "coordinates": [-74.0461124, 40.8678229]}, "properties": {"id": 205091, "name": "Wholesale Auto Supply", "address": "22 Florence Street", "city": "South Hackensack", "zip": "07606", "access": "public", "ev_level1_evse_num": null, "ev_level2_evse_num": 2, "ev_dc_fast_num": null, "network": "FLO", "connector_types": ["J1772"], "owner_type": null}}, {"type": "Feature", "geometry": {"type": "Point", "coordinates": [-75.531071, 39.466245]}, "properties": {"id": 205321, "name": "PSEG NUCLEAR POWER 1", "address": "Power 1 Hope Creek Rd", "city": "Lower Alloways Creek", "zip": "08038", "access": "public", "ev_level1_evse_num": null, "ev_level2_evse_num": 2, "ev_dc_fast_num": null, "network": "ChargePoint Network", "connector_types": ["J1772"], "owner_type": null}}, {"type": "Feature", "geometry": {"type": "Point", "coordinates": [-75.531337, 39.466224]}, "properties": {"id": 205398, "name": "PSEG NUCLEAR POWER 5", "address": "Power 5 Hope Creek Rd", "city": "Lower Alloways Creek", "zip": "08038", "access": "public", "ev_level1_evse_num": null, "ev_level2_evse_num": 2, "ev_dc_fast_num": null, "network": "ChargePoint Network", "connector_types": ["J1772"], "owner_type": null}}, {"type": "Feature", "geometry": {"type": "Point", "coordinates": [-75.531267, 39.466227]}, "properties": {"id": 205399, "name": "PSEG NUCLEAR POWER 4", "address": "Power 4 Hope Creek Rd", "city": "Lower Alloways Creek", "zip": "08038", "access": "public", "ev_level1_evse_num": null, "ev_level2_evse_num": 2, "ev_dc_fast_num": null, "network": "ChargePoint Network", "connector_types": ["J1772"], "owner_type": null}}, {"type": "Feature", "geometry": {"type": "Point", "coordinates": [-75.531205, 39.466234]}, "properties": {"id": 205400, "name": "PSEG NUCLEAR POWER 3", "address": "Power 3 Hope Creek Rd", "city": "Lower Alloways Creek", "zip": "08038", "access": "public", "ev_level1_evse_num": null, "ev_level2_evse_num": 2, "ev_dc_fast_num": null, "network": "ChargePoint Network", "connector_types": ["J1772"], "owner_type": null}}, {"type": "Feature", "geometry": {"type": "Point", "coordinates": [-75.531399, 39.466217]}, "properties": {"id": 205458, "name": "PSEG NUCLEAR POWER 6", "address": "Power 6 Hope Creek Rd", "city": "Lower Alloways Creek", "zip": "08038", "access": "public", "ev_level1_evse_num": null, "ev_level2_evse_num": 2, "ev_dc_fast_num": null, "network": "ChargePoint Network", "connector_types": ["J1772"], "owner_type": null}}, {"type": "Feature", "geometry": {"type": "Point", "coordinates": [-75.531132, 39.466238]}, "properties": {"id": 205615, "name": "PSEG NUCLEAR POWER 2", "address": "Power 2 Hope Creek Rd", "city": "Lower Alloways Creek", "zip": "08038", "access": "public", "ev_level1_evse_num": null, "ev_level2_evse_num": 2, "ev_dc_fast_num": null, "network": "ChargePoint Network", "connector_types": ["J1772"], "owner_type": null}}, {"type": "Feature", "geometry": {"type": "Point", "coordinates": [-75.531472, 39.466211]}, "properties": {"id": 205747, "name": "PSEG NUCLEAR POWER 7", "address": "2100 Alloway Creek Neck Rd", "city": "Hancocks Bridge", "zip": "08038", "access": "public", "ev_level1_evse_num": null, "ev_level2_evse_num": 2, "ev_dc_fast_num": null, "network": "ChargePoint Network", "connector_types": ["J1772"], "owner_type": null}}, {"type": "Feature", "geometry": {"type": "Point", "coordinates": [-74.07394, 40.91612]}, "properties": {"id": 205887, "name": "Westfield Garden State Plaza (Paramus, NJ)", "address": "1 Garden State Plaza Blvd", "city": "Paramus", "zip": "06611", "access": "public", "ev_level1_evse_num": null, "ev_level2_evse_num": null, "ev_dc_fast_num": 6, "network": "Electrify America", "connector_types": ["J1772COMBO"], "owner_type": null}}, {"type": "Feature", "geometry": {"type": "Point", "coordinates": [-74.00017, 40.902317]}, "properties": {"id": 205920, "name": "BNE MASTER TEANECK #1", "address": "1500 Teaneck Rd", "city": "Teaneck", "zip": "07666", "access": "public", "ev_level1_evse_num": null, "ev_level2_evse_num": 1, "ev_dc_fast_num": null, "network": "ChargePoint Network", "connector_types": ["J1772"], "owner_type": null}}, {"type": "Feature", "geometry": {"type": "Point", "coordinates": [-74.221685, 40.420153]}, "properties": {"id": 205921, "name": "BNE MASTER LINK 2", "address": "1101 Schindler", "city": "Aberdeen", "zip": "07747", "access": "public", "ev_level1_evse_num": null, "ev_level2_evse_num": 2, "ev_dc_fast_num": null, "network": "ChargePoint Network", "connector_types": ["J1772"], "owner_type": null}}, {"type": "Feature", "geometry": {"type": "Point", "coordinates": [-74.460423, 40.56341]}, "properties": {"id": 205922, "name": "BNE MASTER PISCATAWAY 2", "address": "67 Old New Brunswick Rd", "city": "Piscataway", "zip": "08854", "access": "public", "ev_level1_evse_num": null, "ev_level2_evse_num": 2, "ev_dc_fast_num": null, "network": "ChargePoint Network", "connector_types": ["J1772"], "owner_type": null}}, {"type": "Feature", "geometry": {"type": "Point", "coordinates": [-74.418095839165, 40.760395255558]}, "properties": {"id": 206051, "name": "Madison Community Arts Center", "address": "10 Kings Road", "city": "Madison", "zip": "07940", "access": "public", "ev_level1_evse_num": null, "ev_level2_evse_num": 2, "ev_dc_fast_num": null, "network": "Blink Network", "connector_types": ["J1772"], "owner_type": null}}, {"type": "Feature", "geometry": {"type": "Point", "coordinates": [-74.413663258371, 40.758757309573]}, "properties": {"id": 206052, "name": "Elmer Street Lot", "address": "1 Elmer Street", "city": "Madison", "zip": "07940", "access": "public", "ev_level1_evse_num": null, "ev_level2_evse_num": 2, "ev_dc_fast_num": null, "network": "Blink Network", "connector_types": ["J1772"], "owner_type": null}}, {"type": "Feature", "geometry": {"type": "Point", "coordinates": [-74.41524125, 40.75599518]}, "properties": {"id": 206053, "name": "Kings Road Lot", "address": "62 Kings Road", "city": "Madison", "zip": "7940", "access": "public", "ev_level1_evse_num": null, "ev_level2_evse_num": 2, "ev_dc_fast_num": null, "network": "Blink Network", "connector_types": ["J1772"], "owner_type": null}}, {"type": "Feature", "geometry": {"type": "Point", "coordinates": [-74.416975759672, 40.757956301893]}, "properties": {"id": 206054, "name": "GREEN AVENUE LOT", "address": "Green Avenue", "city": "Madison", "zip": "07940", "access": "public", "ev_level1_evse_num": null, "ev_level2_evse_num": 2, "ev_dc_fast_num": null, "network": "Blink Network", "connector_types": ["J1772"], "owner_type": null}}, {"type": "Feature", "geometry": {"type": "Point", "coordinates": [-74.399108280009, 40.759474303915]}, "properties": {"id": 206055, "name": "Memorial Park Lot", "address": "65 Rosedale Avenue", "city": "Madison", "zip": "07940", "access": "public", "ev_level1_evse_num": null, "ev_level2_evse_num": 1, "ev_dc_fast_num": null, "network": "Blink Network", "connector_types": ["J1772"], "owner_type": null}}, {"type": "Feature", "geometry": {"type": "Point", "coordinates": [-74.47822, 40.89403]}, "properties": {"id": 206121, "name": "Lener Denville Square (Denville, NJ)", "address": "28 West Main Street", "city": "Denville", "zip": "07834", "access": "public", "ev_level1_evse_num": null, "ev_level2_evse_num": null, "ev_dc_fast_num": 4, "network": "Electrify America", "connector_types": ["J1772COMBO"], "owner_type": null}}, {"type": "Feature", "geometry": {"type": "Point", "coordinates": [-74.29366, 41.00746]}, "properties": {"id": 206715, "name": "UBP Pompton Lakes (Pompton Lakes, NJ)", "address": "55 Wanaque Ave", "city": "Pompton Lakes", "zip": "07442", "access": "public", "ev_level1_evse_num": null, "ev_level2_evse_num": null, "ev_dc_fast_num": 4, "network": "Electrify America", "connector_types": ["J1772COMBO"], "owner_type": null}}, {"type": "Feature", "geometry": {"type": "Point", "coordinates": [-74.713203, 40.554209]}, "properties": {"id": 206824, "name": "Verizon - Branchburg", "address": "51 Imclone Dr", "city": "Branchburg", "zip": "08876", "access": "private", "ev_level1_evse_num": null, "ev_level2_evse_num": 4, "ev_dc_fast_num": null, "network": "Non-Networked", "connector_types": ["J1772"], "owner_type": "P"}}, {"type": "Feature", "geometry": {"type": "Point", "coordinates": [-74.426057, 40.794177]}, "properties": {"id": 206826, "name": "Verizon - Morristown", "address": "14 Airport Rd", "city": "Morristown", "zip": "07960", "access": "private", "ev_level1_evse_num": null, "ev_level2_evse_num": 4, "ev_dc_fast_num": null, "network": "Non-Networked", "connector_types": ["J1772"], "owner_type": "P"}}, {"type": "Feature", "geometry": {"type": "Point", "coordinates": [-74.161657, 40.956648]}, "properties": {"id": 206902, "name": "PASSAIC COUNTY ART STATION 1", "address": "675 Goffle Rd", "city": "Hawthorne", "zip": "07506", "access": "public", "ev_level1_evse_num": null, "ev_level2_evse_num": 2, "ev_dc_fast_num": null, "network": "ChargePoint Network", "connector_types": ["J1772"], "owner_type": null}}, {"type": "Feature", "geometry": {"type": "Point", "coordinates": [-75.09117, 40.713844]}, "properties": {"id": 206952, "name": "OK4WD CHARGER 1", "address": "2621 NJ-57", "city": "Franklin Township", "zip": "08886", "access": "public", "ev_level1_evse_num": null, "ev_level2_evse_num": 2, "ev_dc_fast_num": null, "network": "ChargePoint Network", "connector_types": ["J1772"], "owner_type": null}}, {"type": "Feature", "geometry": {"type": "Point", "coordinates": [-75.09121, 40.71382]}, "properties": {"id": 206953, "name": "OK4WD CHARGER 2", "address": "2621 NJ-57", "city": "Franklin Township", "zip": "08886", "access": "public", "ev_level1_evse_num": null, "ev_level2_evse_num": 2, "ev_dc_fast_num": null, "network": "ChargePoint Network", "connector_types": ["J1772"], "owner_type": null}}, {"type": "Feature", "geometry": {"type": "Point", "coordinates": [-74.608708, 41.207222]}, "properties": {"id": 207365, "name": "FSHYUNDAI PUBLIC LEVEL 3", "address": "500 NJ 23", "city": "Sussex", "zip": "07461", "access": "public", "ev_level1_evse_num": null, "ev_level2_evse_num": null, "ev_dc_fast_num": 1, "network": "ChargePoint Network", "connector_types": ["CHADEMO", "J1772COMBO"], "owner_type": null}}, {"type": "Feature", "geometry": {"type": "Point", "coordinates": [-74.675356, 39.454851]}, "properties": {"id": 207440, "name": "GEHRHSD OAK CREST HS 2", "address": "1824 Dr Dennis Forman Dr", "city": "Mays Landing", "zip": "08330", "access": "public", "ev_level1_evse_num": null, "ev_level2_evse_num": 2, "ev_dc_fast_num": null, "network": "ChargePoint Network", "connector_types": ["J1772"], "owner_type": null}}, {"type": "Feature", "geometry": {"type": "Point", "coordinates": [-74.194224, 40.789218]}, "properties": {"id": 207507, "name": "L710 BBLOM STATION 1", "address": "425 Bloomfield Ave", "city": "Bloomfield", "zip": "07003", "access": "public", "ev_level1_evse_num": null, "ev_level2_evse_num": 2, "ev_dc_fast_num": null, "network": "ChargePoint Network", "connector_types": ["J1772"], "owner_type": null}}, {"type": "Feature", "geometry": {"type": "Point", "coordinates": [-74.22765, 40.93161]}, "properties": {"id": 207527, "name": "UBP Valley Ridge (Wayne, NJ)", "address": "600 Valley Road", "city": "Wayne", "zip": "07470", "access": "public", "ev_level1_evse_num": null, "ev_level2_evse_num": null, "ev_dc_fast_num": 4, "network": "Electrify America", "connector_types": ["J1772COMBO"], "owner_type": null}}, {"type": "Feature", "geometry": {"type": "Point", "coordinates": [-74.409185, 40.444768]}, "properties": {"id": 207678, "name": "MUNICIPAL LOT 2 4 HART 2", "address": "4 Harts Ln", "city": "East Brunswick", "zip": "08816", "access": "public", "ev_level1_evse_num": null, "ev_level2_evse_num": 2, "ev_dc_fast_num": null, "network": "ChargePoint Network", "connector_types": ["J1772"], "owner_type": null}}, {"type": "Feature", "geometry": {"type": "Point", "coordinates": [-74.409195, 40.444845]}, "properties": {"id": 207679, "name": "MUNICIPAL LOT 2 4 HART", "address": "4 Harts Ln", "city": "East Brunswick", "zip": "08816", "access": "public", "ev_level1_evse_num": null, "ev_level2_evse_num": 2, "ev_dc_fast_num": null, "network": "ChargePoint Network", "connector_types": ["J1772"], "owner_type": null}}, {"type": "Feature", "geometry": {"type": "Point", "coordinates": [-74.704758, 40.432503]}, "properties": {"id": 207869, "name": "Johnson & Johnson Visitors Parking - North Building", "address": "199 Grandview Road", "city": "Skillman", "zip": "8558", "access": "public", "ev_level1_evse_num": null, "ev_level2_evse_num": 1, "ev_dc_fast_num": null, "network": "Blink Network", "connector_types": ["J1772"], "owner_type": null}}, {"type": "Feature", "geometry": {"type": "Point", "coordinates": [-74.000017, 40.902263]}, "properties": {"id": 207913, "name": "BNE MASTER TEANECK 4", "address": "1500 Teaneck Rd", "city": "Teaneck", "zip": "07666", "access": "public", "ev_level1_evse_num": null, "ev_level2_evse_num": 2, "ev_dc_fast_num": null, "network": "ChargePoint Network", "connector_types": ["J1772"], "owner_type": null}}, {"type": "Feature", "geometry": {"type": "Point", "coordinates": [-74.000062, 40.902327]}, "properties": {"id": 207914, "name": "BNE MASTER TEANECK 3", "address": "1500 Teaneck Rd", "city": "Teaneck", "zip": "07666", "access": "public", "ev_level1_evse_num": null, "ev_level2_evse_num": 2, "ev_dc_fast_num": null, "network": "ChargePoint Network", "connector_types": ["J1772"], "owner_type": null}}, {"type": "Feature", "geometry": {"type": "Point", "coordinates": [-74.072449, 40.327743]}, "properties": {"id": 207915, "name": "CIRCLEAUTOGROUP CH-CPE250 2", "address": "641 Shrewsbury Ave", "city": "Shrewsbury", "zip": "07702", "access": "public", "ev_level1_evse_num": null, "ev_level2_evse_num": null, "ev_dc_fast_num": 1, "network": "ChargePoint Network", "connector_types": ["J1772COMBO", "TESLA"], "owner_type": null}}, {"type": "Feature", "geometry": {"type": "Point", "coordinates": [-74.30657, 40.725793]}, "properties": {"id": 211924, "name": "Millburn Municipal Parking Lot 2", "address": "101 Essex St", "city": "Millburn", "zip": "07041", "access": "public", "ev_level1_evse_num": null, "ev_level2_evse_num": 2, "ev_dc_fast_num": null, "network": "Non-Networked", "connector_types": ["J1772"], "owner_type": "LG"}}, {"type": "Feature", "geometry": {"type": "Point", "coordinates": [-74.313761, 40.85637]}, "properties": {"id": 211953, "name": "MB OF CALDWELL FRONT LOT 1", "address": "1220 Bloomfield Ave", "city": "Fairfield", "zip": "07004", "access": "public", "ev_level1_evse_num": null, "ev_level2_evse_num": 2, "ev_dc_fast_num": null, "network": "ChargePoint Network", "connector_types": ["J1772"], "owner_type": null}}, {"type": "Feature", "geometry": {"type": "Point", "coordinates": [-74.460475, 40.563452]}, "properties": {"id": 212028, "name": "BNE MASTER PISCATAWAY 1", "address": "67 Old New Brunswick Rd", "city": "Piscataway", "zip": "08854", "access": "public", "ev_level1_evse_num": null, "ev_level2_evse_num": 2, "ev_dc_fast_num": null, "network": "ChargePoint Network", "connector_types": ["J1772"], "owner_type": null}}, {"type": "Feature", "geometry": {"type": "Point", "coordinates": [-74.29782, 40.25039]}, "properties": {"id": 212147, "name": "Macerich\u2019s Freehold Raceway Mall (Freehold, NJ)", "address": "3710 U.S. 9", "city": "Freehold", "zip": "07728", "access": "public", "ev_level1_evse_num": null, "ev_level2_evse_num": null, "ev_dc_fast_num": 4, "network": "Electrify America", "connector_types": ["J1772COMBO"], "owner_type": null}}, {"type": "Feature", "geometry": {"type": "Point", "coordinates": [-75.47006, 39.701443]}, "properties": {"id": 212203, "name": "SALEM COUNTY SCC STATION 1", "address": "460 Hollywood Ave", "city": "Carneys Point Township", "zip": "08069", "access": "public", "ev_level1_evse_num": null, "ev_level2_evse_num": 2, "ev_dc_fast_num": null, "network": "ChargePoint Network", "connector_types": ["J1772"], "owner_type": null}}, {"type": "Feature", "geometry": {"type": "Point", "coordinates": [-74.953586, 38.970356]}, "properties": {"id": 212658, "name": "Cape May Ferry Park", "address": "1200 Lincoln Blvd", "city": "North Cape May", "zip": "08204", "access": "public", "ev_level1_evse_num": null, "ev_level2_evse_num": 4, "ev_dc_fast_num": null, "network": "AMPUP", "connector_types": ["J1772"], "owner_type": "P"}}, {"type": "Feature", "geometry": {"type": "Point", "coordinates": [-73.931577, 41.007947]}, "properties": {"id": 212674, "name": "The Jewish Home at Rockleigh", "address": "10 Link Dr", "city": "Rockleigh", "zip": "07647", "access": "public", "ev_level1_evse_num": null, "ev_level2_evse_num": 4, "ev_dc_fast_num": null, "network": "Blink Network", "connector_types": ["J1772"], "owner_type": null}}, {"type": "Feature", "geometry": {"type": "Point", "coordinates": [-74.34011285, 40.39117461]}, "properties": {"id": 212752, "name": "Wawa - Tesla Supercharger", "address": "1453 Route 18 South", "city": "Old Bridge", "zip": "08853", "access": "public", "ev_level1_evse_num": null, "ev_level2_evse_num": null, "ev_dc_fast_num": 8, "network": "Tesla", "connector_types": ["TESLA"], "owner_type": "P"}}, {"type": "Feature", "geometry": {"type": "Point", "coordinates": [-74.710106, 40.42157]}, "properties": {"id": 213480, "name": "OKCC OKCC PS1", "address": "356 Skillman Rd", "city": "Montgomery", "zip": "08558", "access": "public", "ev_level1_evse_num": null, "ev_level2_evse_num": 2, "ev_dc_fast_num": null, "network": "ChargePoint Network", "connector_types": ["J1772"], "owner_type": null}}, {"type": "Feature", "geometry": {"type": "Point", "coordinates": [-74.286075, 40.473998]}, "properties": {"id": 213491, "name": "AXIS@SOUTH AXISSOUTHAMBOY2", "address": "328 Parker Ave", "city": "South Amboy", "zip": "08879", "access": "public", "ev_level1_evse_num": null, "ev_level2_evse_num": 2, "ev_dc_fast_num": null, "network": "ChargePoint Network", "connector_types": ["J1772"], "owner_type": null}}, {"type": "Feature", "geometry": {"type": "Point", "coordinates": [-74.285934, 40.474274]}, "properties": {"id": 213492, "name": "AXIS@SOUTH AXISSOUTHAMBOY1", "address": "611 bordentown Ave", "city": "South Amboy", "zip": "08879", "access": "public", "ev_level1_evse_num": null, "ev_level2_evse_num": 2, "ev_dc_fast_num": null, "network": "ChargePoint Network", "connector_types": ["J1772"], "owner_type": null}}, {"type": "Feature", "geometry": {"type": "Point", "coordinates": [-74.286105, 40.474051]}, "properties": {"id": 213493, "name": "AXIS@SOUTH AXISSOUTHAMBOY3", "address": "328 Parker Ave", "city": "South Amboy", "zip": "08879", "access": "public", "ev_level1_evse_num": null, "ev_level2_evse_num": 2, "ev_dc_fast_num": null, "network": "ChargePoint Network", "connector_types": ["J1772"], "owner_type": null}}, {"type": "Feature", "geometry": {"type": "Point", "coordinates": [-74.091078, 40.951118]}, "properties": {"id": 213595, "name": "BCC PARAMUS NJ BCC PS2", "address": "400 Paramus Rd", "city": "Paramus", "zip": "07652", "access": "public", "ev_level1_evse_num": null, "ev_level2_evse_num": 2, "ev_dc_fast_num": null, "network": "ChargePoint Network", "connector_types": ["J1772"], "owner_type": null}}, {"type": "Feature", "geometry": {"type": "Point", "coordinates": [-74.906063, 39.750299]}, "properties": {"id": 213810, "name": "Township of Winslow - Coopers Folly Road", "address": "33 Coopers Folly Road", "city": "Atco", "zip": "8004", "access": "public", "ev_level1_evse_num": null, "ev_level2_evse_num": 2, "ev_dc_fast_num": null, "network": "Blink Network", "connector_types": ["J1772"], "owner_type": null}}, {"type": "Feature", "geometry": {"type": "Point", "coordinates": [-74.268648, 40.879733]}, "properties": {"id": 214351, "name": "BNE MASTER FAIRFIELD #1", "address": "10 Kingsbridge Rd", "city": "Fairfield", "zip": "07004", "access": "public", "ev_level1_evse_num": null, "ev_level2_evse_num": 2, "ev_dc_fast_num": null, "network": "ChargePoint Network", "connector_types": ["J1772"], "owner_type": null}}, {"type": "Feature", "geometry": {"type": "Point", "coordinates": [-74.45358, 40.787039]}, "properties": {"id": 214723, "name": "200 Madison Ave", "address": "200 Madison Ave", "city": "Morristown", "zip": "7960", "access": "public", "ev_level1_evse_num": null, "ev_level2_evse_num": 4, "ev_dc_fast_num": null, "network": "Blink Network", "connector_types": ["J1772"], "owner_type": null}}, {"type": "Feature", "geometry": {"type": "Point", "coordinates": [-74.1293638, 41.0654174]}, "properties": {"id": 214726, "name": "Holiday Inn Express Ramsey-Mahwah", "address": "946 State Route 17", "city": "Ramsey", "zip": "07446", "access": "public", "ev_level1_evse_num": null, "ev_level2_evse_num": 6, "ev_dc_fast_num": null, "network": "Blink Network", "connector_types": ["J1772"], "owner_type": null}}, {"type": "Feature", "geometry": {"type": "Point", "coordinates": [-75.0991, 39.83316]}, "properties": {"id": 214919, "name": "Macerich Deptford Mall (Deptford, NJ)", "address": "1750 Deptford Center Rd", "city": "Deptford", "zip": "08096", "access": "public", "ev_level1_evse_num": null, "ev_level2_evse_num": null, "ev_dc_fast_num": 4, "network": "Electrify America", "connector_types": ["J1772COMBO"], "owner_type": null}}, {"type": "Feature", "geometry": {"type": "Point", "coordinates": [-74.896034, 39.701847]}, "properties": {"id": 215049, "name": "Township of Winslow - Courthouse Entrance", "address": "125 South Route 73", "city": "Braddock", "zip": "08037", "access": "public", "ev_level1_evse_num": null, "ev_level2_evse_num": 2, "ev_dc_fast_num": null, "network": "Blink Network", "connector_types": ["J1772"], "owner_type": null}}, {"type": "Feature", "geometry": {"type": "Point", "coordinates": [-74.896078, 39.700909]}, "properties": {"id": 215050, "name": "Township of Winslow - Police Records", "address": "125 South Route 73", "city": "Braddock", "zip": "8037", "access": "public", "ev_level1_evse_num": null, "ev_level2_evse_num": 2, "ev_dc_fast_num": null, "network": "Blink Network", "connector_types": ["J1772"], "owner_type": null}}, {"type": "Feature", "geometry": {"type": "Point", "coordinates": [-74.449723, 40.463382]}, "properties": {"id": 216403, "name": "GATEWAY KIA NB ABB STATION 1", "address": "720 Carolier Ln", "city": "North Brunswick Township", "zip": "08902", "access": "public", "ev_level1_evse_num": null, "ev_level2_evse_num": null, "ev_dc_fast_num": 1, "network": "ChargePoint Network", "connector_types": ["J1772COMBO"], "owner_type": null}}, {"type": "Feature", "geometry": {"type": "Point", "coordinates": [-74.478962, 40.490949]}, "properties": {"id": 217188, "name": "FRANKLIN STATION 1", "address": "429 Lewis St", "city": "Franklin Township", "zip": "08873", "access": "public", "ev_level1_evse_num": null, "ev_level2_evse_num": 2, "ev_dc_fast_num": null, "network": "ChargePoint Network", "connector_types": ["J1772"], "owner_type": null}}, {"type": "Feature", "geometry": {"type": "Point", "coordinates": [-74.504944, 40.81201]}, "properties": {"id": 217216, "name": "MORRIS TOWNSHIP STREETER POOL 2", "address": "2 Inamere Rd", "city": "Morristown", "zip": "07960", "access": "public", "ev_level1_evse_num": null, "ev_level2_evse_num": 2, "ev_dc_fast_num": null, "network": "ChargePoint Network", "connector_types": ["J1772"], "owner_type": null}}, {"type": "Feature", "geometry": {"type": "Point", "coordinates": [-74.50481, 40.81151]}, "properties": {"id": 217280, "name": "MORRIS TOWNSHIP MORRIS TWNSHP 2", "address": "2 Inamere Rd", "city": "Morristown", "zip": "07960", "access": "public", "ev_level1_evse_num": null, "ev_level2_evse_num": 2, "ev_dc_fast_num": null, "network": "ChargePoint Network", "connector_types": ["J1772"], "owner_type": null}}, {"type": "Feature", "geometry": {"type": "Point", "coordinates": [-74.02461, 40.75321]}, "properties": {"id": 217352, "name": "THE BERKSHIRE STATION 1", "address": "1401 Hudson St", "city": "Hoboken", "zip": "07030", "access": "public", "ev_level1_evse_num": null, "ev_level2_evse_num": 1, "ev_dc_fast_num": null, "network": "ChargePoint Network", "connector_types": ["J1772"], "owner_type": null}}, {"type": "Feature", "geometry": {"type": "Point", "coordinates": [-74.041638, 40.268333]}, "properties": {"id": 218958, "name": "GOLD COAST CADI STATION1", "address": "2123 NJ-35", "city": "Ocean Township", "zip": "07755", "access": "public", "ev_level1_evse_num": null, "ev_level2_evse_num": null, "ev_dc_fast_num": 1, "network": "ChargePoint Network", "connector_types": ["CHADEMO", "J1772COMBO"], "owner_type": null}}, {"type": "Feature", "geometry": {"type": "Point", "coordinates": [-74.041009, 40.268269]}, "properties": {"id": 218959, "name": "GOLD COAST CADI STATION2", "address": "2123 NJ-35", "city": "Ocean Township", "zip": "07755", "access": "public", "ev_level1_evse_num": null, "ev_level2_evse_num": null, "ev_dc_fast_num": 1, "network": "ChargePoint Network", "connector_types": ["CHADEMO", "J1772COMBO"], "owner_type": null}}, {"type": "Feature", "geometry": {"type": "Point", "coordinates": [-74.02461, 40.753145]}, "properties": {"id": 220221, "name": "THE BERKSHIRE STATION2", "address": "1401 Hudson St", "city": "Hoboken", "zip": "07030", "access": "public", "ev_level1_evse_num": null, "ev_level2_evse_num": 1, "ev_dc_fast_num": null, "network": "ChargePoint Network", "connector_types": ["J1772"], "owner_type": null}}, {"type": "Feature", "geometry": {"type": "Point", "coordinates": [-74.033992, 40.728914]}, "properties": {"id": 220312, "name": "EV 01 STATION 1", "address": "570 Washington Blvd", "city": "Jersey City", "zip": "07310", "access": "public", "ev_level1_evse_num": null, "ev_level2_evse_num": 2, "ev_dc_fast_num": null, "network": "ChargePoint Network", "connector_types": ["J1772"], "owner_type": null}}, {"type": "Feature", "geometry": {"type": "Point", "coordinates": [-74.03404, 40.728912]}, "properties": {"id": 220313, "name": "EV 01 STATION 2", "address": "570 Washington Blvd", "city": "Jersey City", "zip": "07310", "access": "public", "ev_level1_evse_num": null, "ev_level2_evse_num": 2, "ev_dc_fast_num": null, "network": "ChargePoint Network", "connector_types": ["J1772"], "owner_type": null}}, {"type": "Feature", "geometry": {"type": "Point", "coordinates": [-74.03474, 40.741856]}, "properties": {"id": 220327, "name": "DT&P MIDTOWN GAR PS3", "address": "326 Clinton St", "city": "Hoboken", "zip": "07030", "access": "public", "ev_level1_evse_num": null, "ev_level2_evse_num": 2, "ev_dc_fast_num": null, "network": "ChargePoint Network", "connector_types": ["J1772"], "owner_type": null}}, {"type": "Feature", "geometry": {"type": "Point", "coordinates": [-74.03474, 40.74186]}, "properties": {"id": 220328, "name": "DT&P MIDTOWN GAR PS2", "address": "326 Clinton St", "city": "Hoboken", "zip": "07030", "access": "public", "ev_level1_evse_num": null, "ev_level2_evse_num": 2, "ev_dc_fast_num": null, "network": "ChargePoint Network", "connector_types": ["J1772"], "owner_type": null}}, {"type": "Feature", "geometry": {"type": "Point", "coordinates": [-74.03474, 40.74189]}, "properties": {"id": 220329, "name": "DT&P MIDTOWN GAR PS1", "address": "326 Clinton St", "city": "Hoboken", "zip": "07030", "access": "public", "ev_level1_evse_num": null, "ev_level2_evse_num": 2, "ev_dc_fast_num": null, "network": "ChargePoint Network", "connector_types": ["J1772"], "owner_type": null}}, {"type": "Feature", "geometry": {"type": "Point", "coordinates": [-74.240206, 40.176391]}, "properties": {"id": 220428, "name": "SOLOMON VERDANA", "address": "1210 Salerno Way", "city": "Howell Township", "zip": "07731", "access": "public", "ev_level1_evse_num": null, "ev_level2_evse_num": 2, "ev_dc_fast_num": null, "network": "ChargePoint Network", "connector_types": ["J1772"], "owner_type": null}}, {"type": "Feature", "geometry": {"type": "Point", "coordinates": [-74.7351861, 39.5515659]}, "properties": {"id": 220696, "name": "Elwood, NJ - Tesla Supercharger", "address": "Milepost 21.3 on the Atlantic City Expressway", "city": "Elwood", "zip": "08217", "access": "public", "ev_level1_evse_num": null, "ev_level2_evse_num": null, "ev_dc_fast_num": 8, "network": "Tesla", "connector_types": ["TESLA"], "owner_type": "P"}}, {"type": "Feature", "geometry": {"type": "Point", "coordinates": [-74.30736, 40.386612]}, "properties": {"id": 220957, "name": "OLD BRIDGE TWP INVERNESS PS1", "address": "Inverness Park-n-Ride at US-9 northbound", "city": "Old Bridge", "zip": "08857", "access": "public", "ev_level1_evse_num": null, "ev_level2_evse_num": 2, "ev_dc_fast_num": null, "network": "ChargePoint Network", "connector_types": ["J1772"], "owner_type": null}}, {"type": "Feature", "geometry": {"type": "Point", "coordinates": [-74.03328, 40.75347]}, "properties": {"id": 220964, "name": "DT&P 1301 JEFFERSON", "address": "1313 Jefferson St", "city": "Hoboken", "zip": "07030", "access": "public", "ev_level1_evse_num": null, "ev_level2_evse_num": 2, "ev_dc_fast_num": null, "network": "ChargePoint Network", "connector_types": ["J1772"], "owner_type": null}}, {"type": "Feature", "geometry": {"type": "Point", "coordinates": [-74.028656, 40.73928]}, "properties": {"id": 220967, "name": "DT&P GARAGE D ST3", "address": "215 Hudson St", "city": "Hoboken", "zip": "07030", "access": "public", "ev_level1_evse_num": null, "ev_level2_evse_num": 2, "ev_dc_fast_num": null, "network": "ChargePoint Network", "connector_types": ["J1772"], "owner_type": null}}, {"type": "Feature", "geometry": {"type": "Point", "coordinates": [-74.029076, 40.73831]}, "properties": {"id": 220968, "name": "DT&P GARAGE B ST 3", "address": "28 2nd St", "city": "Hoboken", "zip": "07030", "access": "public", "ev_level1_evse_num": null, "ev_level2_evse_num": 2, "ev_dc_fast_num": null, "network": "ChargePoint Network", "connector_types": ["J1772"], "owner_type": null}}, {"type": "Feature", "geometry": {"type": "Point", "coordinates": [-74.024491, 40.750819]}, "properties": {"id": 221259, "name": "INDEPENDENCE G STATION 2", "address": "2 12th St", "city": "Hoboken", "zip": "07030", "access": "public", "ev_level1_evse_num": null, "ev_level2_evse_num": 1, "ev_dc_fast_num": null, "network": "ChargePoint Network", "connector_types": ["J1772"], "owner_type": null}}, {"type": "Feature", "geometry": {"type": "Point", "coordinates": [-74.024597, 40.750854]}, "properties": {"id": 221260, "name": "INDEPENDENCE G STATION 1", "address": "2 12th St", "city": "Hoboken", "zip": "07030", "access": "public", "ev_level1_evse_num": null, "ev_level2_evse_num": 1, "ev_dc_fast_num": null, "network": "ChargePoint Network", "connector_types": ["J1772"], "owner_type": null}}, {"type": "Feature", "geometry": {"type": "Point", "coordinates": [-73.96805, 40.85031]}, "properties": {"id": 221265, "name": "BOA Fort Lee Main NJ6-180 (Fort Lee, NJ)", "address": "154 Main Street", "city": "Fort Lee", "zip": "07024", "access": "public", "ev_level1_evse_num": null, "ev_level2_evse_num": null, "ev_dc_fast_num": 4, "network": "Electrify America", "connector_types": ["J1772COMBO"], "owner_type": null}}, {"type": "Feature", "geometry": {"type": "Point", "coordinates": [-74.454818, 40.616443]}, "properties": {"id": 221447, "name": "GLOBAL AUTOMALL GLOBAL CH1", "address": "1099 US-22", "city": "North Plainfield", "zip": "07060", "access": "public", "ev_level1_evse_num": null, "ev_level2_evse_num": null, "ev_dc_fast_num": 1, "network": "ChargePoint Network", "connector_types": ["CHADEMO", "J1772COMBO"], "owner_type": null}}, {"type": "Feature", "geometry": {"type": "Point", "coordinates": [-74.6392, 40.413994]}, "properties": {"id": 221552, "name": "STONEBRIDGE STONEBRIDGE", "address": "100 Hollinshead Spring Rd", "city": "Montgomery", "zip": "08558", "access": "public", "ev_level1_evse_num": null, "ev_level2_evse_num": 2, "ev_dc_fast_num": null, "network": "ChargePoint Network", "connector_types": ["J1772"], "owner_type": null}}, {"type": "Feature", "geometry": {"type": "Point", "coordinates": [-74.257445, 40.239438]}, "properties": {"id": 221614, "name": "BROAD #2 BROAD 2 PARAGON", "address": "2 Paragon Way", "city": "Freehold Township", "zip": "07728", "access": "public", "ev_level1_evse_num": null, "ev_level2_evse_num": 2, "ev_dc_fast_num": null, "network": "ChargePoint Network", "connector_types": ["J1772"], "owner_type": null}}, {"type": "Feature", "geometry": {"type": "Point", "coordinates": [-74.253984, 40.239799]}, "properties": {"id": 221615, "name": "BROAD #2 BROAD 4 PARAGON", "address": "4 Paragon Way", "city": "Freehold", "zip": "07728", "access": "public", "ev_level1_evse_num": null, "ev_level2_evse_num": 2, "ev_dc_fast_num": null, "network": "ChargePoint Network", "connector_types": ["J1772"], "owner_type": null}}, {"type": "Feature", "geometry": {"type": "Point", "coordinates": [-74.434386, 40.843296]}, "properties": {"id": 221616, "name": "BROAD #2 BROAD 9 ENTIN 2", "address": "9 Entin Rd", "city": "Parsippany-Troy Hills", "zip": "07054", "access": "public", "ev_level1_evse_num": null, "ev_level2_evse_num": 2, "ev_dc_fast_num": null, "network": "ChargePoint Network", "connector_types": ["J1772"], "owner_type": null}}, {"type": "Feature", "geometry": {"type": "Point", "coordinates": [-74.434343, 40.843248]}, "properties": {"id": 221617, "name": "BROAD #2 BROAD 9 ENTIN 1", "address": "9 Entin Rd", "city": "Parsippany-Troy Hills", "zip": "07054", "access": "public", "ev_level1_evse_num": null, "ev_level2_evse_num": 2, "ev_dc_fast_num": null, "network": "ChargePoint Network", "connector_types": ["J1772"], "owner_type": null}}, {"type": "Feature", "geometry": {"type": "Point", "coordinates": [-73.986465, 40.863106]}, "properties": {"id": 221624, "name": "LPD LEONIA BORO PS1", "address": "381 Broad Ave", "city": "Leonia", "zip": "07605", "access": "public", "ev_level1_evse_num": null, "ev_level2_evse_num": 2, "ev_dc_fast_num": null, "network": "ChargePoint Network", "connector_types": ["J1772"], "owner_type": null}}, {"type": "Feature", "geometry": {"type": "Point", "coordinates": [-74.627794, 39.550843]}, "properties": {"id": 221974, "name": "GEHRHSD CEDAR CREEK HS1", "address": "1701 New York Ave", "city": "Egg Harbor City", "zip": "08215", "access": "public", "ev_level1_evse_num": null, "ev_level2_evse_num": 2, "ev_dc_fast_num": null, "network": "ChargePoint Network", "connector_types": ["J1772"], "owner_type": null}}, {"type": "Feature", "geometry": {"type": "Point", "coordinates": [-74.7579, 40.213474]}, "properties": {"id": 222046, "name": "MERCERCOUNTYNJ MCIA PS1", "address": "80 Hamilton Ave", "city": "Trenton", "zip": "08611", "access": "public", "ev_level1_evse_num": null, "ev_level2_evse_num": 2, "ev_dc_fast_num": null, "network": "ChargePoint Network", "connector_types": ["J1772"], "owner_type": null}}, {"type": "Feature", "geometry": {"type": "Point", "coordinates": [-74.65596, 40.25009]}, "properties": {"id": 222047, "name": "MERCERCOUNTYNJ ASSUNPINK PS1", "address": "1085 Old Trenton Rd", "city": "Hamilton Township", "zip": "08690", "access": "public", "ev_level1_evse_num": null, "ev_level2_evse_num": 2, "ev_dc_fast_num": null, "network": "ChargePoint Network", "connector_types": ["J1772"], "owner_type": null}}, {"type": "Feature", "geometry": {"type": "Point", "coordinates": [-74.767975, 40.286594]}, "properties": {"id": 222048, "name": "MERCERCOUNTYNJ SYPEK PS1", "address": "MCTS Sypek Center 129 Bull Run Rd", "city": "Hopewell Township", "zip": "08534", "access": "public", "ev_level1_evse_num": null, "ev_level2_evse_num": 2, "ev_dc_fast_num": null, "network": "ChargePoint Network", "connector_types": ["J1772"], "owner_type": null}}, {"type": "Feature", "geometry": {"type": "Point", "coordinates": [-74.78706, 40.363327]}, "properties": {"id": 222049, "name": "MERCERCOUNTYNJ HVGC PS1", "address": "114 Pennington - Hopewell Rd", "city": "Hopewell", "zip": "08525", "access": "public", "ev_level1_evse_num": null, "ev_level2_evse_num": 2, "ev_dc_fast_num": null, "network": "ChargePoint Network", "connector_types": ["J1772"], "owner_type": null}}, {"type": "Feature", "geometry": {"type": "Point", "coordinates": [-74.745387, 40.328397]}, "properties": {"id": 222050, "name": "MERCERCOUNTYNJ HUNT HOUSE PS1", "address": "197 Blackwell Rd", "city": "Pennington", "zip": "08534", "access": "public", "ev_level1_evse_num": null, "ev_level2_evse_num": 2, "ev_dc_fast_num": null, "network": "ChargePoint Network", "connector_types": ["J1772"], "owner_type": null}}, {"type": "Feature", "geometry": {"type": "Point", "coordinates": [-74.769394, 40.25089]}, "properties": {"id": 222051, "name": "MERCERCOUNTYNJ MCER CTY OP PS1", "address": "1440 Parkside Ave.", "city": "Ewing Township", "zip": "08638", "access": "public", "ev_level1_evse_num": null, "ev_level2_evse_num": 2, "ev_dc_fast_num": null, "network": "ChargePoint Network", "connector_types": ["J1772"], "owner_type": null}}, {"type": "Feature", "geometry": {"type": "Point", "coordinates": [-74.8332, 40.28045]}, "properties": {"id": 222054, "name": "MERCERCOUNTYNJ MTN VIEW PS1", "address": "850 Bear Tavern Rd", "city": "Ewing Township", "zip": "08628", "access": "public", "ev_level1_evse_num": null, "ev_level2_evse_num": 2, "ev_dc_fast_num": null, "network": "ChargePoint Network", "connector_types": ["J1772"], "owner_type": null}}, {"type": "Feature", "geometry": {"type": "Point", "coordinates": [-74.75436, 40.208397]}, "properties": {"id": 222056, "name": "MERCERCOUNTYNJ 640 S BROAD PS1", "address": "651 S Broad St", "city": "Trenton", "zip": "08611", "access": "public", "ev_level1_evse_num": null, "ev_level2_evse_num": 2, "ev_dc_fast_num": null, "network": "ChargePoint Network", "connector_types": ["J1772"], "owner_type": null}}, {"type": "Feature", "geometry": {"type": "Point", "coordinates": [-74.65084, 40.278187]}, "properties": {"id": 222071, "name": "MERCERCOUNTYNJ MERCER OAKS PS1", "address": "725 Village Rd W", "city": "West Windsor Township", "zip": "08550", "access": "public", "ev_level1_evse_num": null, "ev_level2_evse_num": 2, "ev_dc_fast_num": null, "network": "ChargePoint Network", "connector_types": ["J1772"], "owner_type": null}}, {"type": "Feature", "geometry": {"type": "Point", "coordinates": [-74.642654, 40.265106]}, "properties": {"id": 222072, "name": "MERCERCOUNTYNJ BOAT HOUSE PS1", "address": "334 S Post Rd", "city": "West Windsor Township", "zip": "08550", "access": "public", "ev_level1_evse_num": null, "ev_level2_evse_num": 2, "ev_dc_fast_num": null, "network": "ChargePoint Network", "connector_types": ["J1772"], "owner_type": null}}, {"type": "Feature", "geometry": {"type": "Point", "coordinates": [-74.669174, 40.31098]}, "properties": {"id": 222073, "name": "MERCERCOUNTYNJ PCC PS1", "address": "1 Wheeler Way", "city": "Princeton", "zip": "08540", "access": "public", "ev_level1_evse_num": null, "ev_level2_evse_num": 2, "ev_dc_fast_num": null, "network": "ChargePoint Network", "connector_types": ["J1772"], "owner_type": null}}, {"type": "Feature", "geometry": {"type": "Point", "coordinates": [-74.28789219, 40.65826623]}, "properties": {"id": 222334, "name": "QuickChek - Tesla Supercharger", "address": "370 North Avenue East", "city": "Cranford", "zip": "07016", "access": "public", "ev_level1_evse_num": null, "ev_level2_evse_num": null, "ev_dc_fast_num": 12, "network": "Tesla", "connector_types": ["TESLA"], "owner_type": "P"}}, {"type": "Feature", "geometry": {"type": "Point", "coordinates": [-74.1679201, 40.738323]}, "properties": {"id": 222380, "name": "East Park Street Hospitality Urban Renewal Inc. - dba TRYP BY WYNDHAM", "address": "24 East Park Street", "city": "Newark", "zip": "07102", "access": "public", "ev_level1_evse_num": null, "ev_level2_evse_num": 2, "ev_dc_fast_num": null, "network": "Blink Network", "connector_types": ["J1772"], "owner_type": null}}, {"type": "Feature", "geometry": {"type": "Point", "coordinates": [-74.462456, 40.78148]}, "properties": {"id": 222398, "name": "MORRIS TOWNSHIP TOWN HALL PS1", "address": "50 Woodland Ave", "city": "Morristown", "zip": "07960", "access": "public", "ev_level1_evse_num": null, "ev_level2_evse_num": 2, "ev_dc_fast_num": null, "network": "ChargePoint Network", "connector_types": ["J1772"], "owner_type": null}}, {"type": "Feature", "geometry": {"type": "Point", "coordinates": [-74.297907, 40.245366]}, "properties": {"id": 222497, "name": "BROAD #2 BROAD 303 MAIN2", "address": "303 W Main St", "city": "Freehold Township", "zip": "07728", "access": "public", "ev_level1_evse_num": null, "ev_level2_evse_num": 2, "ev_dc_fast_num": null, "network": "ChargePoint Network", "connector_types": ["J1772"], "owner_type": null}}, {"type": "Feature", "geometry": {"type": "Point", "coordinates": [-74.297906, 40.245416]}, "properties": {"id": 222498, "name": "BROAD #2 BROAD 303 MAIN1", "address": "303 W Main St", "city": "Freehold Township", "zip": "07728", "access": "public", "ev_level1_evse_num": null, "ev_level2_evse_num": 2, "ev_dc_fast_num": null, "network": "ChargePoint Network", "connector_types": ["J1772"], "owner_type": null}}, {"type": "Feature", "geometry": {"type": "Point", "coordinates": [-74.241108, 39.563063]}, "properties": {"id": 222509, "name": "BEACH HAVEN BOROUGH HALL", "address": "300 Engleside Ave", "city": "Beach Haven", "zip": "08008", "access": "public", "ev_level1_evse_num": null, "ev_level2_evse_num": 2, "ev_dc_fast_num": null, "network": "ChargePoint Network", "connector_types": ["J1772"], "owner_type": null}}, {"type": "Feature", "geometry": {"type": "Point", "coordinates": [-74.8635884, 40.48722017]}, "properties": {"id": 222538, "name": "Flemington VW, Porsche, Audi", "address": "213 Route 202 South", "city": "Flemington", "zip": "8822", "access": "public", "ev_level1_evse_num": null, "ev_level2_evse_num": 2, "ev_dc_fast_num": null, "network": "Blink Network", "connector_types": ["J1772"], "owner_type": null}}, {"type": "Feature", "geometry": {"type": "Point", "coordinates": [-74.4718163, 40.2670997]}, "properties": {"id": 222800, "name": "Wawa - Tesla Supercharger", "address": "Route 33 & Butcher Road", "city": "Monroe Township", "zip": "08831", "access": "public", "ev_level1_evse_num": null, "ev_level2_evse_num": null, "ev_dc_fast_num": 8, "network": "Tesla", "connector_types": ["TESLA"], "owner_type": "P"}}, {"type": "Feature", "geometry": {"type": "Point", "coordinates": [-74.717645, 39.094965]}, "properties": {"id": 223070, "name": "AVALON STATION 28TH ST", "address": "30 28th St E", "city": "Avalon", "zip": "08202", "access": "public", "ev_level1_evse_num": null, "ev_level2_evse_num": 2, "ev_dc_fast_num": null, "network": "ChargePoint Network", "connector_types": ["J1772"], "owner_type": null}}, {"type": "Feature", "geometry": {"type": "Point", "coordinates": [-74.723082, 39.095837]}, "properties": {"id": 223071, "name": "AVALON STATION 30TH ST", "address": "3000 Dune Dr", "city": "Avalon", "zip": "08202", "access": "public", "ev_level1_evse_num": null, "ev_level2_evse_num": 1, "ev_dc_fast_num": null, "network": "ChargePoint Network", "connector_types": ["J1772"], "owner_type": null}}, {"type": "Feature", "geometry": {"type": "Point", "coordinates": [-74.040317, 40.882428]}, "properties": {"id": 223416, "name": "RUSSO PH 1 STATION 1", "address": "160 River St", "city": "Hackensack", "zip": "07601", "access": "public", "ev_level1_evse_num": null, "ev_level2_evse_num": 2, "ev_dc_fast_num": null, "network": "ChargePoint Network", "connector_types": ["J1772"], "owner_type": null}}, {"type": "Feature", "geometry": {"type": "Point", "coordinates": [-74.040907, 40.881775]}, "properties": {"id": 223417, "name": "RUSSO PH 1 STATION 2", "address": "160 River St", "city": "Hackensack", "zip": "07601", "access": "public", "ev_level1_evse_num": null, "ev_level2_evse_num": 2, "ev_dc_fast_num": null, "network": "ChargePoint Network", "connector_types": ["J1772"], "owner_type": null}}, {"type": "Feature", "geometry": {"type": "Point", "coordinates": [-74.339539, 40.79771]}, "properties": {"id": 223543, "name": "LIVINGSTON ECC STATION 1", "address": "290 W Mt Pleasant Ave", "city": "Livingston", "zip": "07039", "access": "public", "ev_level1_evse_num": null, "ev_level2_evse_num": 2, "ev_dc_fast_num": null, "network": "ChargePoint Network", "connector_types": ["J1772"], "owner_type": null}}, {"type": "Feature", "geometry": {"type": "Point", "coordinates": [-74.339658, 40.797711]}, "properties": {"id": 223544, "name": "LIVINGSTON ECC STATION 2", "address": "290 W Mt Pleasant Ave", "city": "Livingston", "zip": "07039", "access": "public", "ev_level1_evse_num": null, "ev_level2_evse_num": 2, "ev_dc_fast_num": null, "network": "ChargePoint Network", "connector_types": ["J1772"], "owner_type": null}}, {"type": "Feature", "geometry": {"type": "Point", "coordinates": [-74.071849, 40.927265]}, "properties": {"id": 223557, "name": "PARAMUS RT17 BROAD PARAMUS 1", "address": "95 State Rte 17", "city": "Paramus", "zip": "07652", "access": "public", "ev_level1_evse_num": null, "ev_level2_evse_num": 2, "ev_dc_fast_num": null, "network": "ChargePoint Network", "connector_types": ["J1772"], "owner_type": null}}, {"type": "Feature", "geometry": {"type": "Point", "coordinates": [-74.071774, 40.927265]}, "properties": {"id": 223558, "name": "PARAMUS RT17 BROAD PARAMUS 2", "address": "95 State Rte 17", "city": "Paramus", "zip": "07652", "access": "public", "ev_level1_evse_num": null, "ev_level2_evse_num": 2, "ev_dc_fast_num": null, "network": "ChargePoint Network", "connector_types": ["J1772"], "owner_type": null}}, {"type": "Feature", "geometry": {"type": "Point", "coordinates": [-74.17895, 40.79687]}, "properties": {"id": 223791, "name": "UBP Bloomfield Crossing (Bloomfield, NJ)", "address": "736 Belleville Ave #36", "city": "Bloomfield", "zip": "07003", "access": "public", "ev_level1_evse_num": null, "ev_level2_evse_num": null, "ev_dc_fast_num": 4, "network": "Electrify America", "connector_types": ["J1772COMBO"], "owner_type": null}}, {"type": "Feature", "geometry": {"type": "Point", "coordinates": [-74.038363, 40.717549]}, "properties": {"id": 224446, "name": "PH Urban Renewal, LLC", "address": "25 Columbus Drive", "city": "Jersey City", "zip": "7302", "access": "public", "ev_level1_evse_num": null, "ev_level2_evse_num": 24, "ev_dc_fast_num": null, "network": "Blink Network", "connector_types": ["J1772"], "owner_type": null}}, {"type": "Feature", "geometry": {"type": "Point", "coordinates": [-74.67461, 40.505745]}, "properties": {"id": 224455, "name": "MUNI COMPLEX MUNI 1", "address": "379 S Branch Rd", "city": "Hillsborough Township", "zip": "08844", "access": "public", "ev_level1_evse_num": null, "ev_level2_evse_num": 2, "ev_dc_fast_num": null, "network": "ChargePoint Network", "connector_types": ["J1772"], "owner_type": null}}, {"type": "Feature", "geometry": {"type": "Point", "coordinates": [-74.081421, 40.971772]}, "properties": {"id": 224646, "name": "L766 ABB WALLBOX", "address": "755 New Jersey 17", "city": "Paramus", "zip": "07652", "access": "public", "ev_level1_evse_num": null, "ev_level2_evse_num": null, "ev_dc_fast_num": 1, "network": "ChargePoint Network", "connector_types": ["J1772COMBO"], "owner_type": null}}, {"type": "Feature", "geometry": {"type": "Point", "coordinates": [-74.27678, 40.554245]}, "properties": {"id": 224701, "name": "WOODBRIDGE TWP ELEANOR PL PS1", "address": "364 Eleanor Pl", "city": "Woodbridge Township", "zip": "07095", "access": "public", "ev_level1_evse_num": null, "ev_level2_evse_num": 2, "ev_dc_fast_num": null, "network": "ChargePoint Network", "connector_types": ["J1772"], "owner_type": null}}, {"type": "Feature", "geometry": {"type": "Point", "coordinates": [-74.279915, 40.553272]}, "properties": {"id": 224705, "name": "WOODBRIDGE TWP NEW ST PS1", "address": "87 New St", "city": "Woodbridge Township", "zip": "07095", "access": "public", "ev_level1_evse_num": null, "ev_level2_evse_num": 2, "ev_dc_fast_num": null, "network": "ChargePoint Network", "connector_types": ["J1772"], "owner_type": null}}, {"type": "Feature", "geometry": {"type": "Point", "coordinates": [-74.279976, 40.553253]}, "properties": {"id": 224749, "name": "WOODBRIDGE TWP NEW ST PS2", "address": "87 New St", "city": "Woodbridge Township", "zip": "07095", "access": "public", "ev_level1_evse_num": null, "ev_level2_evse_num": 2, "ev_dc_fast_num": null, "network": "ChargePoint Network", "connector_types": ["J1772"], "owner_type": null}}, {"type": "Feature", "geometry": {"type": "Point", "coordinates": [-74.629338, 40.317511]}, "properties": {"id": 225225, "name": "FIVE VAUGHN BRAOD VAUGHN 1", "address": "5 Vaughn Dr", "city": "Princeton", "zip": "08540", "access": "public", "ev_level1_evse_num": null, "ev_level2_evse_num": 2, "ev_dc_fast_num": null, "network": "ChargePoint Network", "connector_types": ["J1772"], "owner_type": null}}, {"type": "Feature", "geometry": {"type": "Point", "coordinates": [-74.629327, 40.317519]}, "properties": {"id": 225388, "name": "FIVE VAUGHN BROAD VAUGHN 2", "address": "5 Vaughn Dr", "city": "Princeton", "zip": "08540", "access": "public", "ev_level1_evse_num": null, "ev_level2_evse_num": 2, "ev_dc_fast_num": null, "network": "ChargePoint Network", "connector_types": ["J1772"], "owner_type": null}}, {"type": "Feature", "geometry": {"type": "Point", "coordinates": [-74.069053, 40.961951]}, "properties": {"id": 225407, "name": "650 From Road", "address": "650 From Road", "city": "Paramus", "zip": "07652", "access": "public", "ev_level1_evse_num": null, "ev_level2_evse_num": 18, "ev_dc_fast_num": null, "network": "FLO", "connector_types": ["J1772"], "owner_type": null}}, {"type": "Feature", "geometry": {"type": "Point", "coordinates": [-74.573096, 40.650875]}, "properties": {"id": 225439, "name": "10 INDEPENDENCE BROAD 10.IND #2", "address": "10 Independence Blvd", "city": "Warren", "zip": "07059", "access": "public", "ev_level1_evse_num": null, "ev_level2_evse_num": 2, "ev_dc_fast_num": null, "network": "ChargePoint Network", "connector_types": ["J1772"], "owner_type": null}}, {"type": "Feature", "geometry": {"type": "Point", "coordinates": [-74.501649, 40.496058]}, "properties": {"id": 225569, "name": "FRANKLIN INMAN PARK", "address": "299 Leupp Ln", "city": "Franklin Township", "zip": "08873", "access": "public", "ev_level1_evse_num": null, "ev_level2_evse_num": 2, "ev_dc_fast_num": null, "network": "ChargePoint Network", "connector_types": ["J1772"], "owner_type": null}}, {"type": "Feature", "geometry": {"type": "Point", "coordinates": [-74.659806, 40.933889]}, "properties": {"id": 225651, "name": "Hopatcong Borough Hall", "address": "111 River Styx Rd", "city": "Hopatcong", "zip": "07843", "access": "public", "ev_level1_evse_num": null, "ev_level2_evse_num": 2, "ev_dc_fast_num": null, "network": "Non-Networked", "connector_types": ["J1772"], "owner_type": "SG"}}, {"type": "Feature", "geometry": {"type": "Point", "coordinates": [-74.2875764, 40.57682506]}, "properties": {"id": 225837, "name": "Wawa - Tesla Supercharger", "address": "930  US-1", "city": "Avenel", "zip": "07001", "access": "public", "ev_level1_evse_num": null, "ev_level2_evse_num": null, "ev_dc_fast_num": 12, "network": "Tesla", "connector_types": ["J1772COMBO", "TESLA"], "owner_type": "P"}}, {"type": "Feature", "geometry": {"type": "Point", "coordinates": [-74.208728, 40.840086]}, "properties": {"id": 225882, "name": "UPR MONT PLAZA UP MONT PLAZA", "address": "580 Valley Rd", "city": "Montclair", "zip": "07043", "access": "public", "ev_level1_evse_num": null, "ev_level2_evse_num": 2, "ev_dc_fast_num": null, "network": "ChargePoint Network", "connector_types": ["J1772"], "owner_type": null}}, {"type": "Feature", "geometry": {"type": "Point", "coordinates": [-74.233193, 40.679873]}, "properties": {"id": 225976, "name": "KEAN HUTCH #01", "address": "1000 Morris Ave", "city": "Union", "zip": "07083", "access": "public", "ev_level1_evse_num": null, "ev_level2_evse_num": 2, "ev_dc_fast_num": null, "network": "ChargePoint Network", "connector_types": ["J1772"], "owner_type": null}}, {"type": "Feature", "geometry": {"type": "Point", "coordinates": [-74.30497, 40.921894]}, "properties": {"id": 225978, "name": "LINCOLN PARK LINCOLNPARK PS1", "address": "12 Boonton Turnpike", "city": "Lincoln Park", "zip": "07035", "access": "public", "ev_level1_evse_num": null, "ev_level2_evse_num": 2, "ev_dc_fast_num": null, "network": "ChargePoint Network", "connector_types": ["J1772"], "owner_type": null}}, {"type": "Feature", "geometry": {"type": "Point", "coordinates": [-74.30493, 40.921944]}, "properties": {"id": 225979, "name": "LINCOLN PARK LINCOLNPARK PS2", "address": "12 Boonton Turnpike", "city": "Lincoln Park", "zip": "07035", "access": "public", "ev_level1_evse_num": null, "ev_level2_evse_num": 2, "ev_dc_fast_num": null, "network": "ChargePoint Network", "connector_types": ["J1772"], "owner_type": null}}, {"type": "Feature", "geometry": {"type": "Point", "coordinates": [-74.30489, 40.921997]}, "properties": {"id": 225980, "name": "LINCOLN PARK LINCOLNPARK PS3", "address": "34 Chapel Hill Rd.", "city": "Lincoln Park", "zip": "07035", "access": "public", "ev_level1_evse_num": null, "ev_level2_evse_num": 2, "ev_dc_fast_num": null, "network": "ChargePoint Network", "connector_types": ["J1772"], "owner_type": null}}, {"type": "Feature", "geometry": {"type": "Point", "coordinates": [-74.23331, 40.679948]}, "properties": {"id": 225981, "name": "KEAN HUTCH #02", "address": "1000 Morris Ave", "city": "Union", "zip": "07083", "access": "public", "ev_level1_evse_num": null, "ev_level2_evse_num": 2, "ev_dc_fast_num": null, "network": "ChargePoint Network", "connector_types": ["J1772"], "owner_type": null}}, {"type": "Feature", "geometry": {"type": "Point", "coordinates": [-74.610895, 40.862468]}, "properties": {"id": 226089, "name": "CANFIELD MEWS CANFIELD DUAL 1", "address": "7108 Wynbrook Dr", "city": "Randolph", "zip": "07869", "access": "public", "ev_level1_evse_num": null, "ev_level2_evse_num": 2, "ev_dc_fast_num": null, "network": "ChargePoint Network", "connector_types": ["J1772"], "owner_type": null}}, {"type": "Feature", "geometry": {"type": "Point", "coordinates": [-74.71240803, 41.11912466]}, "properties": {"id": 226532, "name": "Wawa - Tesla Supercharger", "address": "1  NJ-15", "city": "Augusta", "zip": "07822", "access": "public", "ev_level1_evse_num": null, "ev_level2_evse_num": null, "ev_dc_fast_num": 8, "network": "Tesla", "connector_types": ["TESLA"], "owner_type": "P"}}, {"type": "Feature", "geometry": {"type": "Point", "coordinates": [-74.87804, 39.881462]}, "properties": {"id": 227547, "name": "EVESHAM EVESHAM TWP 1", "address": "930 Tuckerton Rd", "city": "Evesham", "zip": "08053", "access": "public", "ev_level1_evse_num": null, "ev_level2_evse_num": 2, "ev_dc_fast_num": null, "network": "ChargePoint Network", "connector_types": ["J1772"], "owner_type": null}}, {"type": "Feature", "geometry": {"type": "Point", "coordinates": [-74.074803, 40.347458]}, "properties": {"id": 227591, "name": "THE RAIL STATION 4", "address": "115 Oakland St", "city": "Red Bank", "zip": "07701", "access": "public", "ev_level1_evse_num": null, "ev_level2_evse_num": 2, "ev_dc_fast_num": null, "network": "ChargePoint Network", "connector_types": ["J1772"], "owner_type": null}}, {"type": "Feature", "geometry": {"type": "Point", "coordinates": [-74.074471, 40.347623]}, "properties": {"id": 227592, "name": "THE RAIL STATION 3", "address": "107 Oakland St", "city": "Red Bank", "zip": "07701", "access": "public", "ev_level1_evse_num": null, "ev_level2_evse_num": 2, "ev_dc_fast_num": null, "network": "ChargePoint Network", "connector_types": ["J1772"], "owner_type": null}}, {"type": "Feature", "geometry": {"type": "Point", "coordinates": [-74.074477, 40.34764]}, "properties": {"id": 227593, "name": "THE RAIL STATION 1", "address": "107 Oakland St", "city": "Red Bank", "zip": "07701", "access": "public", "ev_level1_evse_num": null, "ev_level2_evse_num": 2, "ev_dc_fast_num": null, "network": "ChargePoint Network", "connector_types": ["J1772"], "owner_type": null}}, {"type": "Feature", "geometry": {"type": "Point", "coordinates": [-74.07439, 40.347597]}, "properties": {"id": 227594, "name": "THE RAIL STATION 5", "address": "101 Oakland St", "city": "Red Bank", "zip": "07701", "access": "public", "ev_level1_evse_num": null, "ev_level2_evse_num": 2, "ev_dc_fast_num": null, "network": "ChargePoint Network", "connector_types": ["J1772"], "owner_type": null}}, {"type": "Feature", "geometry": {"type": "Point", "coordinates": [-74.8403191, 40.2520608]}, "properties": {"id": 227621, "name": "NJCar Trenton", "address": "856 River Road", "city": "Trenton", "zip": "08628", "access": "public", "ev_level1_evse_num": null, "ev_level2_evse_num": 2, "ev_dc_fast_num": 1, "network": "FLO", "connector_types": ["CHADEMO", "J1772", "J1772COMBO"], "owner_type": null}}, {"type": "Feature", "geometry": {"type": "Point", "coordinates": [-74.08558, 40.722775]}, "properties": {"id": 227845, "name": "HUDSON COUNTY LINCOLN PARK 1", "address": "31 Nunda Ave", "city": "Jersey City", "zip": "07304", "access": "public", "ev_level1_evse_num": null, "ev_level2_evse_num": 2, "ev_dc_fast_num": null, "network": "ChargePoint Network", "connector_types": ["J1772"], "owner_type": null}}, {"type": "Feature", "geometry": {"type": "Point", "coordinates": [-74.704395, 40.156273]}, "properties": {"id": 227863, "name": "POINT BREEZE POINT BREEZE", "address": "101 Park St", "city": "Bordentown", "zip": "08505", "access": "public", "ev_level1_evse_num": null, "ev_level2_evse_num": 2, "ev_dc_fast_num": null, "network": "ChargePoint Network", "connector_types": ["J1772"], "owner_type": null}}, {"type": "Feature", "geometry": {"type": "Point", "coordinates": [-74.856246, 40.524083]}, "properties": {"id": 227864, "name": "MERCEDES-BENZ O CP STATION", "address": "135 NJ-31", "city": "Flemington", "zip": "08822", "access": "public", "ev_level1_evse_num": null, "ev_level2_evse_num": null, "ev_dc_fast_num": 1, "network": "ChargePoint Network", "connector_types": ["CHADEMO", "J1772COMBO"], "owner_type": null}}, {"type": "Feature", "geometry": {"type": "Point", "coordinates": [-74.233396, 40.680012]}, "properties": {"id": 227865, "name": "KEAN HUTCH #03", "address": "1000 Morris Ave", "city": "Union", "zip": "07083", "access": "public", "ev_level1_evse_num": null, "ev_level2_evse_num": 2, "ev_dc_fast_num": null, "network": "ChargePoint Network", "connector_types": ["J1772"], "owner_type": null}}, {"type": "Feature", "geometry": {"type": "Point", "coordinates": [-74.85216, 40.628292]}, "properties": {"id": 227866, "name": "NJDEP STATEPARK ROUNDVALLEY2", "address": "1220 Stanton Lebanon Rd", "city": "Lebanon", "zip": "08833", "access": "public", "ev_level1_evse_num": null, "ev_level2_evse_num": 2, "ev_dc_fast_num": null, "network": "ChargePoint Network", "connector_types": ["J1772"], "owner_type": null}}, {"type": "Feature", "geometry": {"type": "Point", "coordinates": [-74.240633, 39.564518]}, "properties": {"id": 227874, "name": "BEACH HAVEN DOCK ROAD", "address": "325 Dock Rd", "city": "Beach Haven", "zip": "08008", "access": "public", "ev_level1_evse_num": null, "ev_level2_evse_num": 2, "ev_dc_fast_num": null, "network": "ChargePoint Network", "connector_types": ["J1772"], "owner_type": null}}, {"type": "Feature", "geometry": {"type": "Point", "coordinates": [-74.238725, 39.561268]}, "properties": {"id": 227876, "name": "BEACH HAVEN VETERANS PARK", "address": "118 Amber St", "city": "Beach Haven", "zip": "08008", "access": "public", "ev_level1_evse_num": null, "ev_level2_evse_num": 2, "ev_dc_fast_num": null, "network": "ChargePoint Network", "connector_types": ["J1772"], "owner_type": null}}, {"type": "Feature", "geometry": {"type": "Point", "coordinates": [-74.479247, 40.456543]}, "properties": {"id": 228412, "name": "QuickChek North Brunswick", "address": "1505 US Highway 1", "city": "North Brunswick", "zip": "08902", "access": "public", "ev_level1_evse_num": null, "ev_level2_evse_num": null, "ev_dc_fast_num": 2, "network": "eVgo Network", "connector_types": ["CHADEMO", "J1772COMBO"], "owner_type": null}}, {"type": "Feature", "geometry": {"type": "Point", "coordinates": [-74.681724, 40.289407]}, "properties": {"id": 228491, "name": "Quaker Bridge Mall", "address": "3320 US Highway 1", "city": "Lawrence Township", "zip": "08648", "access": "public", "ev_level1_evse_num": null, "ev_level2_evse_num": 1, "ev_dc_fast_num": 2, "network": "eVgo Network", "connector_types": ["CHADEMO", "J1772", "J1772COMBO"], "owner_type": null}}, {"type": "Feature", "geometry": {"type": "Point", "coordinates": [-74.355222, 40.776232]}, "properties": {"id": 228492, "name": "Livingston Mall", "address": "112 Eisenhower Pkwy", "city": "Livingston", "zip": "07039", "access": "public", "ev_level1_evse_num": null, "ev_level2_evse_num": 1, "ev_dc_fast_num": 2, "network": "eVgo Network", "connector_types": ["CHADEMO", "J1772", "J1772COMBO"], "owner_type": null}}, {"type": "Feature", "geometry": {"type": "Point", "coordinates": [-74.0386831, 40.7273791]}, "properties": {"id": 228498, "name": "Newport Centre Mall", "address": "30 Mall Dr W", "city": "Jersey City", "zip": "07310", "access": "public", "ev_level1_evse_num": null, "ev_level2_evse_num": 1, "ev_dc_fast_num": 2, "network": "eVgo Network", "connector_types": ["CHADEMO", "J1772", "J1772COMBO"], "owner_type": null}}, {"type": "Feature", "geometry": {"type": "Point", "coordinates": [-74.093142, 40.226247]}, "properties": {"id": 228501, "name": "Jersey Shore Premium Outlet", "address": "1 Premium Outlet Blvd", "city": "Tinton Falls", "zip": "07753", "access": "public", "ev_level1_evse_num": null, "ev_level2_evse_num": 2, "ev_dc_fast_num": 2, "network": "eVgo Network", "connector_types": ["CHADEMO", "J1772", "J1772COMBO"], "owner_type": null}}, {"type": "Feature", "geometry": {"type": "Point", "coordinates": [-74.73487, 39.55068]}, "properties": {"id": 228536, "name": "Farley Travel Plaza", "address": "20 Atlantic City Expy", "city": "Hammonton", "zip": "08037", "access": "public", "ev_level1_evse_num": null, "ev_level2_evse_num": null, "ev_dc_fast_num": 4, "network": "eVgo Network", "connector_types": ["CHADEMO", "J1772COMBO"], "owner_type": null}}, {"type": "Feature", "geometry": {"type": "Point", "coordinates": [-74.627402, 39.444282]}, "properties": {"id": 228850, "name": "SHORE TOYOTA TOY- SHORE-DC", "address": "4236 E Black Horse Pike", "city": "Hamilton", "zip": "08330", "access": "public", "ev_level1_evse_num": null, "ev_level2_evse_num": null, "ev_dc_fast_num": 1, "network": "ChargePoint Network", "connector_types": ["CHADEMO", "J1772COMBO"], "owner_type": null}}, {"type": "Feature", "geometry": {"type": "Point", "coordinates": [-74.3844, 40.5288]}, "properties": {"id": 228868, "name": "EDISON 27 BROAD EDISON #2", "address": "2147 NJ-27", "city": "Edison", "zip": "08817", "access": "public", "ev_level1_evse_num": null, "ev_level2_evse_num": 2, "ev_dc_fast_num": null, "network": "ChargePoint Network", "connector_types": ["J1772"], "owner_type": null}}, {"type": "Feature", "geometry": {"type": "Point", "coordinates": [-73.99026, 40.95126]}, "properties": {"id": 229377, "name": "Garden Homes - Washington Promenade", "address": "546 Washington Ave", "city": "Dumont", "zip": "07628", "access": "public", "ev_level1_evse_num": null, "ev_level2_evse_num": 4, "ev_dc_fast_num": null, "network": "OpConnect", "connector_types": ["J1772"], "owner_type": null}}, {"type": "Feature", "geometry": {"type": "Point", "coordinates": [-74.050335, 40.166037]}, "properties": {"id": 229487, "name": "EV REQUIRED T3408 STATION 1", "address": "1825 NJ-35 Wall Target", "city": "Wall Township", "zip": "07719", "access": "public", "ev_level1_evse_num": null, "ev_level2_evse_num": 2, "ev_dc_fast_num": null, "network": "ChargePoint Network", "connector_types": ["J1772"], "owner_type": null}}, {"type": "Feature", "geometry": {"type": "Point", "coordinates": [-74.050233, 40.166058]}, "properties": {"id": 229488, "name": "EV REQUIRED T3408 STATION 2", "address": "1825 NJ-35 Wall Target", "city": "Wall Township", "zip": "07719", "access": "public", "ev_level1_evse_num": null, "ev_level2_evse_num": 2, "ev_dc_fast_num": null, "network": "ChargePoint Network", "connector_types": ["J1772"], "owner_type": null}}, {"type": "Feature", "geometry": {"type": "Point", "coordinates": [-74.050134, 40.166076]}, "properties": {"id": 229489, "name": "EV REQUIRED T3408 STATION 5", "address": "1825 NJ-35 Wall Target", "city": "Wall Township", "zip": "07719", "access": "public", "ev_level1_evse_num": null, "ev_level2_evse_num": 2, "ev_dc_fast_num": null, "network": "ChargePoint Network", "connector_types": ["J1772"], "owner_type": null}}, {"type": "Feature", "geometry": {"type": "Point", "coordinates": [-74.050214, 40.166052]}, "properties": {"id": 229490, "name": "EV REQUIRED T3408 STATION 6", "address": "1825 NJ-35 Wall Target", "city": "Wall Township", "zip": "07719", "access": "public", "ev_level1_evse_num": null, "ev_level2_evse_num": 2, "ev_dc_fast_num": null, "network": "ChargePoint Network", "connector_types": ["J1772"], "owner_type": null}}, {"type": "Feature", "geometry": {"type": "Point", "coordinates": [-74.050252, 40.166056]}, "properties": {"id": 229492, "name": "EV REQUIRED T3408 STATION 8", "address": "1825 NJ-35 Wall Target", "city": "Wall Township", "zip": "07719", "access": "public", "ev_level1_evse_num": null, "ev_level2_evse_num": 2, "ev_dc_fast_num": null, "network": "ChargePoint Network", "connector_types": ["J1772"], "owner_type": null}}, {"type": "Feature", "geometry": {"type": "Point", "coordinates": [-74.168617, 40.749746]}, "properties": {"id": 229900, "name": "IBN Construction", "address": "73 Clay St", "city": "Newark", "zip": "07104", "access": "public", "ev_level1_evse_num": null, "ev_level2_evse_num": 2, "ev_dc_fast_num": null, "network": "AMPUP", "connector_types": ["J1772"], "owner_type": "P"}}, {"type": "Feature", "geometry": {"type": "Point", "coordinates": [-74.078616, 40.771667]}, "properties": {"id": 229915, "name": "DCS", "address": "135 Seaview Dr", "city": "Secaucus", "zip": "07094", "access": "public", "ev_level1_evse_num": null, "ev_level2_evse_num": 4, "ev_dc_fast_num": null, "network": "AMPUP", "connector_types": ["J1772"], "owner_type": "P"}}, {"type": "Feature", "geometry": {"type": "Point", "coordinates": [-74.000616, 40.221978]}, "properties": {"id": 229928, "name": "Asbury Ocean Club", "address": "1101 N Ocean Ave", "city": "Asbury Park", "zip": "07712", "access": "public", "ev_level1_evse_num": null, "ev_level2_evse_num": 6, "ev_dc_fast_num": null, "network": "AMPUP", "connector_types": ["J1772"], "owner_type": "P"}}, {"type": "Feature", "geometry": {"type": "Point", "coordinates": [-75.149616, 39.717722]}, "properties": {"id": 229929, "name": "Inspira Mullica Hill", "address": "700 Mullica Hill Rd", "city": "Mullica Hill", "zip": "08062", "access": "public", "ev_level1_evse_num": null, "ev_level2_evse_num": 6, "ev_dc_fast_num": null, "network": "AMPUP", "connector_types": ["J1772"], "owner_type": "P"}}, {"type": "Feature", "geometry": {"type": "Point", "coordinates": [-75.114594, 39.703877]}, "properties": {"id": 229931, "name": "Mick Dr Parking Garage", "address": "10 Mick Dr", "city": "Glassboro", "zip": "08028", "access": "public", "ev_level1_evse_num": null, "ev_level2_evse_num": 8, "ev_dc_fast_num": null, "network": "AMPUP", "connector_types": ["J1772"], "owner_type": "P"}}, {"type": "Feature", "geometry": {"type": "Point", "coordinates": [-74.362976, 40.540527]}, "properties": {"id": 230187, "name": "Nexus - Pearl St Garage", "address": "1 Pearl St", "city": "Metuchen", "zip": "08840", "access": "public", "ev_level1_evse_num": null, "ev_level2_evse_num": 9, "ev_dc_fast_num": null, "network": "AMPUP", "connector_types": ["J1772"], "owner_type": "P"}}, {"type": "Feature", "geometry": {"type": "Point", "coordinates": [-74.345973, 40.67629]}, "properties": {"id": 230217, "name": "Peak Sports Academy", "address": "1235 US-22", "city": "Mountainside", "zip": "07092", "access": "public", "ev_level1_evse_num": null, "ev_level2_evse_num": 2, "ev_dc_fast_num": null, "network": "AMPUP", "connector_types": ["J1772"], "owner_type": "P"}}, {"type": "Feature", "geometry": {"type": "Point", "coordinates": [-74.664664, 40.361279]}, "properties": {"id": 230222, "name": "Princeton First Aid and Rescue", "address": "2 Mt Lucas Rd", "city": "Princeton", "zip": "08540", "access": "public", "ev_level1_evse_num": null, "ev_level2_evse_num": 2, "ev_dc_fast_num": null, "network": "AMPUP", "connector_types": ["J1772"], "owner_type": "P"}}, {"type": "Feature", "geometry": {"type": "Point", "coordinates": [-74.294369, 40.657109]}, "properties": {"id": 230232, "name": "NJEV Solutions, LLC", "address": "320 N Ave E", "city": "Cranford", "zip": "07016", "access": "public", "ev_level1_evse_num": null, "ev_level2_evse_num": 1, "ev_dc_fast_num": null, "network": "AMPUP", "connector_types": ["J1772"], "owner_type": "P"}}, {"type": "Feature", "geometry": {"type": "Point", "coordinates": [-74.439305, 40.684255]}, "properties": {"id": 230448, "name": "Terrace at Berkeley", "address": "450 Springfield Ave", "city": "Berkeley Heights", "zip": "07922", "access": "public", "ev_level1_evse_num": null, "ev_level2_evse_num": 2, "ev_dc_fast_num": null, "network": "AMPUP", "connector_types": ["J1772"], "owner_type": "P"}}, {"type": "Feature", "geometry": {"type": "Point", "coordinates": [-74.044608, 40.882192]}, "properties": {"id": 230793, "name": "Atlantic Street Parking Garage", "address": "20 Atlantic Street", "city": "Hackensack", "zip": "07601", "access": "public", "ev_level1_evse_num": null, "ev_level2_evse_num": 6, "ev_dc_fast_num": null, "network": "EV Connect", "connector_types": ["J1772"], "owner_type": null}}, {"type": "Feature", "geometry": {"type": "Point", "coordinates": [-74.29758, 40.873379]}, "properties": {"id": 230798, "name": "12 Kulick Road", "address": "12 Kulick Road", "city": "Fairfield", "zip": "07004", "access": "public", "ev_level1_evse_num": null, "ev_level2_evse_num": 6, "ev_dc_fast_num": null, "network": "EV Connect", "connector_types": ["J1772"], "owner_type": null}}, {"type": "Feature", "geometry": {"type": "Point", "coordinates": [-74.280962, 40.769311]}, "properties": {"id": 230804, "name": "South Mountain Recreational Complex", "address": "560 Northfield Ave", "city": "West Orange", "zip": "07052", "access": "public", "ev_level1_evse_num": null, "ev_level2_evse_num": 6, "ev_dc_fast_num": null, "network": "EV Connect", "connector_types": ["J1772"], "owner_type": null}}, {"type": "Feature", "geometry": {"type": "Point", "coordinates": [-74.121335, 41.066706]}, "properties": {"id": 230808, "name": "6 Arrow Road", "address": "6 Arrow Road", "city": "Ramsey", "zip": "07446", "access": "public", "ev_level1_evse_num": null, "ev_level2_evse_num": 6, "ev_dc_fast_num": null, "network": "EV Connect", "connector_types": ["J1772"], "owner_type": null}}, {"type": "Feature", "geometry": {"type": "Point", "coordinates": [-74.065093, 40.135415]}, "properties": {"id": 230910, "name": "T & T Coast Buick GMC", "address": "2205 RTE 35", "city": "SEA GIRT", "zip": "08750", "access": "public", "ev_level1_evse_num": null, "ev_level2_evse_num": null, "ev_dc_fast_num": 1, "network": "EV Connect", "connector_types": ["J1772COMBO"], "owner_type": null}}, {"type": "Feature", "geometry": {"type": "Point", "coordinates": [-73.976057, 40.862299]}, "properties": {"id": 230971, "name": "Hyatt Place Fort Lee", "address": "2167 Route 4 E", "city": "Fort Lee", "zip": "07024", "access": "public", "ev_level1_evse_num": null, "ev_level2_evse_num": 4, "ev_dc_fast_num": null, "network": "EV Connect", "connector_types": ["J1772"], "owner_type": null}}, {"type": "Feature", "geometry": {"type": "Point", "coordinates": [-74.409463, 40.822249]}, "properties": {"id": 230977, "name": "Whippany Village Apartments", "address": "444 State Route 10", "city": "Whippany", "zip": "07981", "access": "public", "ev_level1_evse_num": null, "ev_level2_evse_num": 2, "ev_dc_fast_num": null, "network": "EV Connect", "connector_types": ["J1772"], "owner_type": null}}, {"type": "Feature", "geometry": {"type": "Point", "coordinates": [-74.315658, 40.627598]}, "properties": {"id": 231118, "name": "ACME Markets - Clark", "address": "1060 Raritan Rd", "city": "Clark", "zip": "07066", "access": "public", "ev_level1_evse_num": null, "ev_level2_evse_num": null, "ev_dc_fast_num": 4, "network": "eVgo Network", "connector_types": ["CHADEMO", "J1772COMBO"], "owner_type": null}}, {"type": "Feature", "geometry": {"type": "Point", "coordinates": [-74.050759, 40.165894]}, "properties": {"id": 231735, "name": "EV REQUIRED T3408 STATION 9", "address": "1825 NJ-35", "city": "Wall Township", "zip": "07719", "access": "public", "ev_level1_evse_num": null, "ev_level2_evse_num": 1, "ev_dc_fast_num": null, "network": "ChargePoint Network", "connector_types": ["J1772"], "owner_type": null}}, {"type": "Feature", "geometry": {"type": "Point", "coordinates": [-74.38442, 40.528786]}, "properties": {"id": 231736, "name": "EDISON 27 BROAD EDISON #1", "address": "2147 Lincoln Hwy", "city": "Edison", "zip": "08817", "access": "public", "ev_level1_evse_num": null, "ev_level2_evse_num": 2, "ev_dc_fast_num": null, "network": "ChargePoint Network", "connector_types": ["J1772"], "owner_type": null}}, {"type": "Feature", "geometry": {"type": "Point", "coordinates": [-74.64954, 40.577185]}, "properties": {"id": 232941, "name": "Janssen Pharmaceuticals - Raritan", "address": "1000 US-202", "city": "Raritan", "zip": "8869", "access": "public", "ev_level1_evse_num": null, "ev_level2_evse_num": 5, "ev_dc_fast_num": null, "network": "Blink Network", "connector_types": ["J1772"], "owner_type": null}}, {"type": "Feature", "geometry": {"type": "Point", "coordinates": [-74.5300328, 40.4167895]}, "properties": {"id": 232943, "name": "1100 Cornwall Charging stations", "address": "1100 Cornwall Rd, Monmouth Junction, NJ 08852", "city": "south Brunswick", "zip": "08852", "access": "public", "ev_level1_evse_num": null, "ev_level2_evse_num": 12, "ev_dc_fast_num": null, "network": "Blink Network", "connector_types": ["J1772"], "owner_type": null}}, {"type": "Feature", "geometry": {"type": "Point", "coordinates": [-74.16173, 40.956615]}, "properties": {"id": 232964, "name": "PASSAIC COUNTY ART STATION 2", "address": "675 Goffle Rd", "city": "Hawthorne", "zip": "07506", "access": "public", "ev_level1_evse_num": null, "ev_level2_evse_num": 2, "ev_dc_fast_num": null, "network": "ChargePoint Network", "connector_types": ["J1772"], "owner_type": null}}, {"type": "Feature", "geometry": {"type": "Point", "coordinates": [-74.40093119, 40.46196208]}, "properties": {"id": 233047, "name": "Wawa - Tesla Supercharger", "address": "656  Old Bridge Turnpike", "city": "South River", "zip": "08882", "access": "public", "ev_level1_evse_num": null, "ev_level2_evse_num": null, "ev_dc_fast_num": 8, "network": "Tesla", "connector_types": ["TESLA"], "owner_type": "P"}}, {"type": "Feature", "geometry": {"type": "Point", "coordinates": [-74.299249, 40.403317]}, "properties": {"id": 233261, "name": "OLD BRIDGE TWP MUNICOMPLEX PS1", "address": "1 Old Bridge Plaza", "city": "Old Bridge", "zip": "08857", "access": "public", "ev_level1_evse_num": null, "ev_level2_evse_num": 2, "ev_dc_fast_num": null, "network": "ChargePoint Network", "connector_types": ["J1772"], "owner_type": null}}, {"type": "Feature", "geometry": {"type": "Point", "coordinates": [-74.299255, 40.40331]}, "properties": {"id": 233262, "name": "OLD BRIDGE TWP MUNICOMPLEX PS2", "address": "1 Old Bridge Plaza", "city": "Old Bridge", "zip": "08857", "access": "public", "ev_level1_evse_num": null, "ev_level2_evse_num": 2, "ev_dc_fast_num": null, "network": "ChargePoint Network", "connector_types": ["J1772"], "owner_type": null}}, {"type": "Feature", "geometry": {"type": "Point", "coordinates": [-74.203545, 40.812763]}, "properties": {"id": 233282, "name": "OBUR STATION 1", "address": "311 Bay Ave", "city": "Glen Ridge", "zip": "07028", "access": "public", "ev_level1_evse_num": null, "ev_level2_evse_num": 2, "ev_dc_fast_num": null, "network": "ChargePoint Network", "connector_types": ["J1772"], "owner_type": null}}, {"type": "Feature", "geometry": {"type": "Point", "coordinates": [-74.205, 40.8131]}, "properties": {"id": 233283, "name": "OBUR STATION 2", "address": "32 Walnut Crescent", "city": "Montclair", "zip": "07042", "access": "public", "ev_level1_evse_num": null, "ev_level2_evse_num": 2, "ev_dc_fast_num": null, "network": "ChargePoint Network", "connector_types": ["J1772"], "owner_type": null}}, {"type": "Feature", "geometry": {"type": "Point", "coordinates": [-74.20414, 40.81276]}, "properties": {"id": 233412, "name": "OBUR STATION 3", "address": "1 Bay Ave", "city": "Montclair", "zip": "07042", "access": "public", "ev_level1_evse_num": null, "ev_level2_evse_num": 2, "ev_dc_fast_num": null, "network": "ChargePoint Network", "connector_types": ["J1772"], "owner_type": null}}, {"type": "Feature", "geometry": {"type": "Point", "coordinates": [-74.1898, 40.689605]}, "properties": {"id": 233465, "name": "PANYNJ EWR CONRAC 12", "address": "132 Carson Rd Newark Liberty International Ai", "city": "Newark", "zip": "07114", "access": "public", "ev_level1_evse_num": null, "ev_level2_evse_num": 2, "ev_dc_fast_num": null, "network": "ChargePoint Network", "connector_types": ["J1772"], "owner_type": null}}, {"type": "Feature", "geometry": {"type": "Point", "coordinates": [-74.189756, 40.68953]}, "properties": {"id": 233466, "name": "PANYNJ EWR CONRAC 5", "address": "132 Carson Rd Newark Liberty International Ai", "city": "Newark", "zip": "07114", "access": "public", "ev_level1_evse_num": null, "ev_level2_evse_num": 2, "ev_dc_fast_num": null, "network": "ChargePoint Network", "connector_types": ["J1772"], "owner_type": null}}, {"type": "Feature", "geometry": {"type": "Point", "coordinates": [-74.189836, 40.689594]}, "properties": {"id": 233467, "name": "PANYNJ EWR CONRAC 10", "address": "132 Carson Rd Newark Liberty International Ai", "city": "Newark", "zip": "07114", "access": "public", "ev_level1_evse_num": null, "ev_level2_evse_num": 2, "ev_dc_fast_num": null, "network": "ChargePoint Network", "connector_types": ["J1772"], "owner_type": null}}, {"type": "Feature", "geometry": {"type": "Point", "coordinates": [-74.189771, 40.689616]}, "properties": {"id": 233475, "name": "PANYNJ EWR CONRAC 1", "address": "132 Carson Rd Newark Liberty International Ai", "city": "Newark", "zip": "07114", "access": "public", "ev_level1_evse_num": null, "ev_level2_evse_num": 2, "ev_dc_fast_num": null, "network": "ChargePoint Network", "connector_types": ["J1772"], "owner_type": null}}, {"type": "Feature", "geometry": {"type": "Point", "coordinates": [-74.189802, 40.689526]}, "properties": {"id": 233476, "name": "PANYNJ EWR CONRAC 9", "address": "132 Carson Rd Newark Liberty International Ai", "city": "Newark", "zip": "07114", "access": "public", "ev_level1_evse_num": null, "ev_level2_evse_num": 2, "ev_dc_fast_num": null, "network": "ChargePoint Network", "connector_types": ["J1772"], "owner_type": null}}, {"type": "Feature", "geometry": {"type": "Point", "coordinates": [-74.189817, 40.689549]}, "properties": {"id": 233477, "name": "PANYNJ EWR CONRAC 8", "address": "132 Carson Rd Newark Liberty International Ai", "city": "Newark", "zip": "07114", "access": "public", "ev_level1_evse_num": null, "ev_level2_evse_num": 2, "ev_dc_fast_num": null, "network": "ChargePoint Network", "connector_types": ["J1772"], "owner_type": null}}, {"type": "Feature", "geometry": {"type": "Point", "coordinates": [-74.189726, 40.689524]}, "properties": {"id": 233478, "name": "PANYNJ EWR CONRAC 14", "address": "132 Carson Rd Newark Liberty International Ai", "city": "Newark", "zip": "07114", "access": "public", "ev_level1_evse_num": null, "ev_level2_evse_num": 2, "ev_dc_fast_num": null, "network": "ChargePoint Network", "connector_types": ["J1772"], "owner_type": null}}, {"type": "Feature", "geometry": {"type": "Point", "coordinates": [-74.189791, 40.689596]}, "properties": {"id": 233479, "name": "PANYNJ EWR CONRAC 3", "address": "132 Carson Rd Newark Liberty International Ai", "city": "Newark", "zip": "07114", "access": "public", "ev_level1_evse_num": null, "ev_level2_evse_num": 2, "ev_dc_fast_num": null, "network": "ChargePoint Network", "connector_types": ["J1772"], "owner_type": null}}, {"type": "Feature", "geometry": {"type": "Point", "coordinates": [-74.189708, 40.689584]}, "properties": {"id": 233480, "name": "PANYNJ EWR CONRAC 11", "address": "132 Carson Rd Newark Liberty International Ai", "city": "Newark", "zip": "07114", "access": "public", "ev_level1_evse_num": null, "ev_level2_evse_num": 2, "ev_dc_fast_num": null, "network": "ChargePoint Network", "connector_types": ["J1772"], "owner_type": null}}, {"type": "Feature", "geometry": {"type": "Point", "coordinates": [-74.189775, 40.689527]}, "properties": {"id": 233481, "name": "PANYNJ EWR CONRAC 15", "address": "132 Carson Rd Newark Liberty International Ai", "city": "Newark", "zip": "07114", "access": "public", "ev_level1_evse_num": null, "ev_level2_evse_num": 2, "ev_dc_fast_num": null, "network": "ChargePoint Network", "connector_types": ["J1772"], "owner_type": null}}, {"type": "Feature", "geometry": {"type": "Point", "coordinates": [-74.189699, 40.689611]}, "properties": {"id": 233482, "name": "PANYNJ EWR CONRAC 4", "address": "132 Carson Rd Newark Liberty International Ai", "city": "Newark", "zip": "07114", "access": "public", "ev_level1_evse_num": null, "ev_level2_evse_num": 2, "ev_dc_fast_num": null, "network": "ChargePoint Network", "connector_types": ["J1772"], "owner_type": null}}, {"type": "Feature", "geometry": {"type": "Point", "coordinates": [-75.031084, 39.72879]}, "properties": {"id": 233504, "name": "SALES CHARGER SHOWROOM", "address": "3400 E Black Horse Pike", "city": "Washington Township", "zip": "08080", "access": "public", "ev_level1_evse_num": null, "ev_level2_evse_num": null, "ev_dc_fast_num": 1, "network": "ChargePoint Network", "connector_types": ["CHADEMO", "J1772COMBO"], "owner_type": null}}, {"type": "Feature", "geometry": {"type": "Point", "coordinates": [-74.6446276, 40.5738515]}, "properties": {"id": 234317, "name": "Bridgewalk - 1", "address": "925 US 202", "city": "Raritan", "zip": "08869", "access": "public", "ev_level1_evse_num": null, "ev_level2_evse_num": 2, "ev_dc_fast_num": null, "network": "FLO", "connector_types": ["J1772"], "owner_type": null}}, {"type": "Feature", "geometry": {"type": "Point", "coordinates": [-74.8053833, 40.0129036]}, "properties": {"id": 234587, "name": "Best Western - Burlington Inn", "address": "2020 County Rd 541", "city": "Westampton", "zip": "08060", "access": "public", "ev_level1_evse_num": null, "ev_level2_evse_num": 1, "ev_dc_fast_num": null, "network": "UNIVERSAL", "connector_types": ["J1772"], "owner_type": "P"}}, {"type": "Feature", "geometry": {"type": "Point", "coordinates": [-74.189734, 40.689574]}, "properties": {"id": 234726, "name": "PANYNJ EWR CONRAC 2", "address": "132 Carson Rd Newark Liberty International Ai", "city": "Newark", "zip": "07114", "access": "public", "ev_level1_evse_num": null, "ev_level2_evse_num": 2, "ev_dc_fast_num": null, "network": "ChargePoint Network", "connector_types": ["J1772"], "owner_type": null}}, {"type": "Feature", "geometry": {"type": "Point", "coordinates": [-74.189813, 40.68957]}, "properties": {"id": 234727, "name": "PANYNJ EWR CONRAC 6", "address": "132 Carson Rd Newark Liberty International Ai", "city": "Newark", "zip": "07114", "access": "public", "ev_level1_evse_num": null, "ev_level2_evse_num": 2, "ev_dc_fast_num": null, "network": "ChargePoint Network", "connector_types": ["J1772"], "owner_type": null}}, {"type": "Feature", "geometry": {"type": "Point", "coordinates": [-74.5939635709643, 41.1984956542687]}, "properties": {"id": 234952, "name": "Nielsen Ford", "address": "375 NJ-23", "city": "Sussex", "zip": "07461", "access": "public", "ev_level1_evse_num": null, "ev_level2_evse_num": 1, "ev_dc_fast_num": null, "network": "Non-Networked", "connector_types": ["J1772"], "owner_type": "P"}}, {"type": "Feature", "geometry": {"type": "Point", "coordinates": [-74.7056076874401, 40.8986548084541]}, "properties": {"id": 234953, "name": "Family Ford Service Department", "address": "16 Maple Ave", "city": "Netcong", "zip": "07857", "access": "private", "ev_level1_evse_num": null, "ev_level2_evse_num": 1, "ev_dc_fast_num": null, "network": "Non-Networked", "connector_types": ["J1772"], "owner_type": "P"}}, {"type": "Feature", "geometry": {"type": "Point", "coordinates": [-74.4698005884823, 40.8885949167361]}, "properties": {"id": 234955, "name": "Schumacher Chevrolet of Denville", "address": "281 US-46", "city": "Denville", "zip": "07834", "access": "private", "ev_level1_evse_num": null, "ev_level2_evse_num": 2, "ev_dc_fast_num": null, "network": "Non-Networked", "connector_types": ["J1772"], "owner_type": "P"}}, {"type": "Feature", "geometry": {"type": "Point", "coordinates": [-74.1841481149522, 40.8693042638237]}, "properties": {"id": 234958, "name": "Fette Kia", "address": "1137 US-46", "city": "Clifton", "zip": "07013", "access": "public", "ev_level1_evse_num": null, "ev_level2_evse_num": 1, "ev_dc_fast_num": null, "network": "Non-Networked", "connector_types": ["J1772"], "owner_type": "P"}}, {"type": "Feature", "geometry": {"type": "Point", "coordinates": [-74.1196046813784, 40.978890594441]}, "properties": {"id": 234959, "name": "Hudson Street Parking Garage", "address": "25 Hudson St", "city": "Ridgewood", "zip": "07450", "access": "public", "ev_level1_evse_num": null, "ev_level2_evse_num": 5, "ev_dc_fast_num": null, "network": "Non-Networked", "connector_types": ["J1772"], "owner_type": "P"}}, {"type": "Feature", "geometry": {"type": "Point", "coordinates": [-74.2927732190981, 40.6917304843918]}, "properties": {"id": 234960, "name": "Maxon Mazda Hyundai", "address": "2329 US-29", "city": "Union", "zip": "07083", "access": "private", "ev_level1_evse_num": null, "ev_level2_evse_num": 2, "ev_dc_fast_num": null, "network": "Non-Networked", "connector_types": ["J1772"], "owner_type": "P"}}, {"type": "Feature", "geometry": {"type": "Point", "coordinates": [-74.2743033088518, 40.5912328090036]}, "properties": {"id": 234961, "name": "Sansone Kia", "address": "90-100 US-1 N", "city": "Avenel", "zip": "07001", "access": "public", "ev_level1_evse_num": null, "ev_level2_evse_num": null, "ev_dc_fast_num": 1, "network": "Non-Networked", "connector_types": ["J1772COMBO"], "owner_type": "P"}}, {"type": "Feature", "geometry": {"type": "Point", "coordinates": [-74.56406846, 40.5678481]}, "properties": {"id": 234962, "name": "Wawa - Tesla Supercharger", "address": "580 Union Avenue", "city": "Bridgewater", "zip": "08807", "access": "public", "ev_level1_evse_num": null, "ev_level2_evse_num": null, "ev_dc_fast_num": 8, "network": "Tesla", "connector_types": ["TESLA"], "owner_type": "P"}}, {"type": "Feature", "geometry": {"type": "Point", "coordinates": [-74.822938, 40.274667]}, "properties": {"id": 235046, "name": "GREENE 750 BUILDING #6", "address": "23 Wheldon Shivers dr", "city": "Ewing Township", "zip": "08628", "access": "public", "ev_level1_evse_num": null, "ev_level2_evse_num": 2, "ev_dc_fast_num": null, "network": "ChargePoint Network", "connector_types": ["J1772"], "owner_type": null}}, {"type": "Feature", "geometry": {"type": "Point", "coordinates": [-74.824166, 40.275262]}, "properties": {"id": 235047, "name": "GREENE 750 BUILDING #20", "address": "23 Wheldon Shivers dr", "city": "Ewing Township", "zip": "08628", "access": "public", "ev_level1_evse_num": null, "ev_level2_evse_num": 2, "ev_dc_fast_num": null, "network": "ChargePoint Network", "connector_types": ["J1772"], "owner_type": null}}, {"type": "Feature", "geometry": {"type": "Point", "coordinates": [-74.092476, 40.859528]}, "properties": {"id": 235085, "name": "WOOD-RIDGE STATION 3", "address": "1 Passaic Ave", "city": "Wood-Ridge", "zip": "07075", "access": "public", "ev_level1_evse_num": null, "ev_level2_evse_num": 2, "ev_dc_fast_num": null, "network": "ChargePoint Network", "connector_types": ["J1772"], "owner_type": null}}, {"type": "Feature", "geometry": {"type": "Point", "coordinates": [-74.09276, 40.859283]}, "properties": {"id": 235086, "name": "WOOD-RIDGE STATION 2", "address": "1 Passaic Ave", "city": "Wood-Ridge", "zip": "07075", "access": "public", "ev_level1_evse_num": null, "ev_level2_evse_num": 2, "ev_dc_fast_num": null, "network": "ChargePoint Network", "connector_types": ["J1772"], "owner_type": null}}, {"type": "Feature", "geometry": {"type": "Point", "coordinates": [-74.09371, 40.857033]}, "properties": {"id": 235087, "name": "WOOD-RIDGE STATION 1", "address": "2 Marshall Ln", "city": "Wood-Ridge", "zip": "07075", "access": "public", "ev_level1_evse_num": null, "ev_level2_evse_num": 2, "ev_dc_fast_num": null, "network": "ChargePoint Network", "connector_types": ["J1772"], "owner_type": null}}, {"type": "Feature", "geometry": {"type": "Point", "coordinates": [-74.896225, 40.030598]}, "properties": {"id": 235088, "name": "WILLINGBORO TWP WILLINGBORO PS1", "address": "1 Martin Luther King Jr. Blvd", "city": "Willingboro", "zip": "08046", "access": "public", "ev_level1_evse_num": null, "ev_level2_evse_num": 2, "ev_dc_fast_num": null, "network": "ChargePoint Network", "connector_types": ["J1772"], "owner_type": null}}, {"type": "Feature", "geometry": {"type": "Point", "coordinates": [-74.8963, 40.03061]}, "properties": {"id": 235089, "name": "WILLINGBORO TWP WILLINGBORO PS2", "address": "1 Rev Dr M L King Jr. Dr", "city": "Willingboro", "zip": "08046", "access": "public", "ev_level1_evse_num": null, "ev_level2_evse_num": 2, "ev_dc_fast_num": null, "network": "ChargePoint Network", "connector_types": ["J1772"], "owner_type": null}}, {"type": "Feature", "geometry": {"type": "Point", "coordinates": [-74.161674, 40.95662]}, "properties": {"id": 235123, "name": "PASSAIC COUNTY ART STATION 3", "address": "675 Goffle Rd", "city": "Hawthorne", "zip": "07506", "access": "public", "ev_level1_evse_num": null, "ev_level2_evse_num": 2, "ev_dc_fast_num": null, "network": "ChargePoint Network", "connector_types": ["J1772"], "owner_type": null}}, {"type": "Feature", "geometry": {"type": "Point", "coordinates": [-74.050193, 40.16606]}, "properties": {"id": 235272, "name": "EV REQUIRED T3408 STATION 4", "address": "1825 NJ-35 Wall Target", "city": "Wall Township", "zip": "07719", "access": "public", "ev_level1_evse_num": null, "ev_level2_evse_num": 2, "ev_dc_fast_num": null, "network": "ChargePoint Network", "connector_types": ["J1772"], "owner_type": null}}, {"type": "Feature", "geometry": {"type": "Point", "coordinates": [-74.183843, 40.837132]}, "properties": {"id": 235412, "name": "ShopRite Brookdale - Wakefern #215", "address": "1409 Broad St", "city": "Bloomfield", "zip": "07003", "access": "public", "ev_level1_evse_num": null, "ev_level2_evse_num": null, "ev_dc_fast_num": 4, "network": "eVgo Network", "connector_types": ["CHADEMO", "J1772COMBO"], "owner_type": null}}, {"type": "Feature", "geometry": {"type": "Point", "coordinates": [-74.161409, 41.111994]}, "properties": {"id": 235422, "name": "JLR MAHWAH DCFAST 04", "address": "100 Jaguar Land Rover Way", "city": "Mahwah", "zip": "07495", "access": "public", "ev_level1_evse_num": null, "ev_level2_evse_num": null, "ev_dc_fast_num": 1, "network": "ChargePoint Network", "connector_types": ["CHADEMO", "J1772COMBO"], "owner_type": null}}, {"type": "Feature", "geometry": {"type": "Point", "coordinates": [-74.161385, 41.112038]}, "properties": {"id": 235423, "name": "JLR MAHWAH DCFAST 2", "address": "100 Jaguar Land Rover Way", "city": "Mahwah", "zip": "07495", "access": "public", "ev_level1_evse_num": null, "ev_level2_evse_num": null, "ev_dc_fast_num": 1, "network": "ChargePoint Network", "connector_types": ["CHADEMO", "J1772COMBO"], "owner_type": null}}, {"type": "Feature", "geometry": {"type": "Point", "coordinates": [-74.161261, 41.112047]}, "properties": {"id": 235424, "name": "JLR MAHWAH DCFAST 1", "address": "100 Jaguar Land Rover Way", "city": "Mahwah", "zip": "07495", "access": "public", "ev_level1_evse_num": null, "ev_level2_evse_num": null, "ev_dc_fast_num": 1, "network": "ChargePoint Network", "connector_types": ["CHADEMO", "J1772COMBO"], "owner_type": null}}, {"type": "Feature", "geometry": {"type": "Point", "coordinates": [-74.27073, 40.440605]}, "properties": {"id": 235516, "name": "NJDEP STATEPARK CHEESEQUAKE PS1", "address": "300 Gordon Rd", "city": "Matawan", "zip": "07747", "access": "public", "ev_level1_evse_num": null, "ev_level2_evse_num": 2, "ev_dc_fast_num": null, "network": "ChargePoint Network", "connector_types": ["J1772"], "owner_type": null}}, {"type": "Feature", "geometry": {"type": "Point", "coordinates": [-74.27082, 40.44058]}, "properties": {"id": 235517, "name": "NJDEP STATEPARK CHEESEQUAKE PS2", "address": "300 Gordon Rd.", "city": "Matawan", "zip": "07747", "access": "public", "ev_level1_evse_num": null, "ev_level2_evse_num": 2, "ev_dc_fast_num": null, "network": "ChargePoint Network", "connector_types": ["J1772"], "owner_type": null}}, {"type": "Feature", "geometry": {"type": "Point", "coordinates": [-74.64704, 39.644302]}, "properties": {"id": 235907, "name": "NJDEP STATEPARK BATSTO VC PS2", "address": "31 Batsto Rd", "city": "Hammonton", "zip": "08037", "access": "public", "ev_level1_evse_num": null, "ev_level2_evse_num": 2, "ev_dc_fast_num": null, "network": "ChargePoint Network", "connector_types": ["J1772"], "owner_type": null}}, {"type": "Feature", "geometry": {"type": "Point", "coordinates": [-74.64698, 39.644302]}, "properties": {"id": 235908, "name": "NJDEP STATEPARK BATSTO VC PS1", "address": "31 Batsto Rd", "city": "Hammonton", "zip": "08037", "access": "public", "ev_level1_evse_num": null, "ev_level2_evse_num": 2, "ev_dc_fast_num": null, "network": "ChargePoint Network", "connector_types": ["J1772"], "owner_type": null}}, {"type": "Feature", "geometry": {"type": "Point", "coordinates": [-74.253814, 40.794971]}, "properties": {"id": 235995, "name": "Courtyard by Marriott West Orange", "address": "8 Rooney Cir", "city": "West Orange", "zip": "07052", "access": "public", "ev_level1_evse_num": null, "ev_level2_evse_num": null, "ev_dc_fast_num": 4, "network": "eVgo Network", "connector_types": ["CHADEMO", "J1772COMBO"], "owner_type": null}}, {"type": "Feature", "geometry": {"type": "Point", "coordinates": [-74.091869, 40.733324]}, "properties": {"id": 236344, "name": "HUDSON COUNTY SKYWAY GC PS1", "address": "515 Duncan Ave", "city": "Jersey City", "zip": "07306", "access": "public", "ev_level1_evse_num": null, "ev_level2_evse_num": 2, "ev_dc_fast_num": null, "network": "ChargePoint Network", "connector_types": ["J1772"], "owner_type": null}}, {"type": "Feature", "geometry": {"type": "Point", "coordinates": [-74.050292, 40.166058]}, "properties": {"id": 236393, "name": "EV REQUIRED T3408 STATION 3", "address": "1825 NJ-35 Wall Target", "city": "Wall Township", "zip": "07719", "access": "public", "ev_level1_evse_num": null, "ev_level2_evse_num": 2, "ev_dc_fast_num": null, "network": "ChargePoint Network", "connector_types": ["J1772"], "owner_type": null}}, {"type": "Feature", "geometry": {"type": "Point", "coordinates": [-74.22996, 40.919674]}, "properties": {"id": 236394, "name": "PASSAIC COUNTY GOLF STATION 1", "address": "209 Totowa Rd", "city": "Wayne", "zip": "07470", "access": "public", "ev_level1_evse_num": null, "ev_level2_evse_num": 2, "ev_dc_fast_num": null, "network": "ChargePoint Network", "connector_types": ["J1772"], "owner_type": null}}, {"type": "Feature", "geometry": {"type": "Point", "coordinates": [-74.23412, 40.847523]}, "properties": {"id": 236575, "name": "ESSEX COUNTY ESSEX DPW 1", "address": "99 W Bradford Ave", "city": "Cedar Grove", "zip": "07009", "access": "public", "ev_level1_evse_num": null, "ev_level2_evse_num": 2, "ev_dc_fast_num": null, "network": "ChargePoint Network", "connector_types": ["J1772"], "owner_type": null}}, {"type": "Feature", "geometry": {"type": "Point", "coordinates": [-75.126399, 39.870895]}, "properties": {"id": 236710, "name": "Westville Town Center", "address": "165 Broadway", "city": "Westville", "zip": "08093", "access": "public", "ev_level1_evse_num": null, "ev_level2_evse_num": null, "ev_dc_fast_num": 2, "network": "eVgo Network", "connector_types": ["CHADEMO", "J1772COMBO"], "owner_type": null}}, {"type": "Feature", "geometry": {"type": "Point", "coordinates": [-75.039345, 39.78409]}, "properties": {"id": 236781, "name": "CAMDEN COUNTY BLACKWOOD PS2", "address": "200 College dr", "city": "Gloucester Township", "zip": "08012", "access": "public", "ev_level1_evse_num": null, "ev_level2_evse_num": 2, "ev_dc_fast_num": null, "network": "ChargePoint Network", "connector_types": ["J1772"], "owner_type": null}}, {"type": "Feature", "geometry": {"type": "Point", "coordinates": [-75.118576, 39.94746]}, "properties": {"id": 236783, "name": "CAMDEN COUNTY CCC-CAMDEN PS2", "address": "622-698 Penn St", "city": "Camden", "zip": "08102", "access": "public", "ev_level1_evse_num": null, "ev_level2_evse_num": 2, "ev_dc_fast_num": null, "network": "ChargePoint Network", "connector_types": ["J1772"], "owner_type": null}}, {"type": "Feature", "geometry": {"type": "Point", "coordinates": [-75.11855, 39.947468]}, "properties": {"id": 236784, "name": "CAMDEN COUNTY CCC-CAMDEN PS1", "address": "622-698 Penn St", "city": "Camden", "zip": "08102", "access": "public", "ev_level1_evse_num": null, "ev_level2_evse_num": 2, "ev_dc_fast_num": null, "network": "ChargePoint Network", "connector_types": ["J1772"], "owner_type": null}}, {"type": "Feature", "geometry": {"type": "Point", "coordinates": [-74.968243, 39.902862]}, "properties": {"id": 236786, "name": "CAMDEN COUNTY CHERRY HILL PS2", "address": "1889 NJ-70", "city": "Cherry Hill", "zip": "08003", "access": "public", "ev_level1_evse_num": null, "ev_level2_evse_num": 2, "ev_dc_fast_num": null, "network": "ChargePoint Network", "connector_types": ["J1772"], "owner_type": null}}, {"type": "Feature", "geometry": {"type": "Point", "coordinates": [-74.96821, 39.902908]}, "properties": {"id": 236787, "name": "CAMDEN COUNTY CHERRY HILL PS1", "address": "1889 NJ-70", "city": "Cherry Hill", "zip": "08003", "access": "public", "ev_level1_evse_num": null, "ev_level2_evse_num": 2, "ev_dc_fast_num": null, "network": "ChargePoint Network", "connector_types": ["J1772"], "owner_type": null}}, {"type": "Feature", "geometry": {"type": "Point", "coordinates": [-75.039358, 39.784035]}, "properties": {"id": 236788, "name": "CAMDEN COUNTY BLACKWOOD PS1", "address": "200 College Dr", "city": "Gloucester Township", "zip": "08012", "access": "public", "ev_level1_evse_num": null, "ev_level2_evse_num": 2, "ev_dc_fast_num": null, "network": "ChargePoint Network", "connector_types": ["J1772"], "owner_type": null}}, {"type": "Feature", "geometry": {"type": "Point", "coordinates": [-74.90515, 39.750744]}, "properties": {"id": 236789, "name": "CAMDEN COUNTY LIBRARY S PS1", "address": "35 Cooper Folly Rd", "city": "Winslow Township", "zip": "08004", "access": "public", "ev_level1_evse_num": null, "ev_level2_evse_num": 2, "ev_dc_fast_num": null, "network": "ChargePoint Network", "connector_types": ["J1772"], "owner_type": null}}, {"type": "Feature", "geometry": {"type": "Point", "coordinates": [-75.077934, 39.867207]}, "properties": {"id": 236790, "name": "CAMDEN COUNTY BELLMAWRLIB PS1", "address": "35 E Browning Rd", "city": "Bellmawr", "zip": "08031", "access": "public", "ev_level1_evse_num": null, "ev_level2_evse_num": 2, "ev_dc_fast_num": null, "network": "ChargePoint Network", "connector_types": ["J1772"], "owner_type": null}}, {"type": "Feature", "geometry": {"type": "Point", "coordinates": [-75.072933, 39.927005]}, "properties": {"id": 236791, "name": "CAMDEN COUNTY BOATHOUSE PS1", "address": "7050 N Park Dr", "city": "Pennsauken Township", "zip": "08109", "access": "public", "ev_level1_evse_num": null, "ev_level2_evse_num": 1, "ev_dc_fast_num": null, "network": "ChargePoint Network", "connector_types": ["J1772"], "owner_type": null}}, {"type": "Feature", "geometry": {"type": "Point", "coordinates": [-74.976036, 39.762928]}, "properties": {"id": 236793, "name": "CAMDEN COUNTY VOTECH PS2", "address": "343 Berlin - Cross Keys Rd", "city": "Gloucester Township", "zip": "08081", "access": "public", "ev_level1_evse_num": null, "ev_level2_evse_num": 2, "ev_dc_fast_num": null, "network": "ChargePoint Network", "connector_types": ["J1772"], "owner_type": null}}, {"type": "Feature", "geometry": {"type": "Point", "coordinates": [-74.97609, 39.762897]}, "properties": {"id": 236794, "name": "CAMDEN COUNTY VOTECH PS1", "address": "343 Berlin - Cross Keys Rd", "city": "Gloucester Township", "zip": "08081", "access": "public", "ev_level1_evse_num": null, "ev_level2_evse_num": 2, "ev_dc_fast_num": null, "network": "ChargePoint Network", "connector_types": ["J1772"], "owner_type": null}}, {"type": "Feature", "geometry": {"type": "Point", "coordinates": [-75.07154, 39.91618]}, "properties": {"id": 236927, "name": "COLLINGSWOOD NJ LUMBERYARD", "address": "602 N Atlantic Ave", "city": "Collingswood", "zip": "08108", "access": "public", "ev_level1_evse_num": null, "ev_level2_evse_num": 2, "ev_dc_fast_num": null, "network": "ChargePoint Network", "connector_types": ["J1772"], "owner_type": null}}, {"type": "Feature", "geometry": {"type": "Point", "coordinates": [-74.746895, 41.064957]}, "properties": {"id": 236996, "name": "123 WATER URBAN WSR#1", "address": "123 Water St", "city": "Newton", "zip": "07860", "access": "public", "ev_level1_evse_num": null, "ev_level2_evse_num": 2, "ev_dc_fast_num": null, "network": "ChargePoint Network", "connector_types": ["J1772"], "owner_type": null}}, {"type": "Feature", "geometry": {"type": "Point", "coordinates": [-74.871008, 39.974372]}, "properties": {"id": 237071, "name": "ShopRite of Mount Laurel", "address": "127 Ark Rd", "city": "Mount Laurel", "zip": "08054", "access": "public", "ev_level1_evse_num": null, "ev_level2_evse_num": null, "ev_dc_fast_num": 6, "network": "eVgo Network", "connector_types": ["CHADEMO", "J1772COMBO"], "owner_type": null}}, {"type": "Feature", "geometry": {"type": "Point", "coordinates": [-74.161441, 41.111897]}, "properties": {"id": 237434, "name": "JLR MAHWAH DCFAST 07", "address": "100 Jaguar Land Rover Way", "city": "Mahwah", "zip": "07495", "access": "public", "ev_level1_evse_num": null, "ev_level2_evse_num": null, "ev_dc_fast_num": 1, "network": "ChargePoint Network", "connector_types": ["CHADEMO", "J1772COMBO"], "owner_type": null}}, {"type": "Feature", "geometry": {"type": "Point", "coordinates": [-74.161391, 41.111917]}, "properties": {"id": 237435, "name": "JLR MAHWAH DCFAST 06", "address": "100 Jaguar Land Rover", "city": "Mahwah", "zip": "07495", "access": "public", "ev_level1_evse_num": null, "ev_level2_evse_num": null, "ev_dc_fast_num": 1, "network": "ChargePoint Network", "connector_types": ["CHADEMO", "J1772COMBO"], "owner_type": null}}, {"type": "Feature", "geometry": {"type": "Point", "coordinates": [-74.161444, 41.111923]}, "properties": {"id": 237436, "name": "JLR MAHWAH DCFAST 09", "address": "100 Jaguar Land Rover Way", "city": "Mahwah", "zip": "07495", "access": "public", "ev_level1_evse_num": null, "ev_level2_evse_num": null, "ev_dc_fast_num": 1, "network": "ChargePoint Network", "connector_types": ["CHADEMO", "J1772COMBO"], "owner_type": null}}, {"type": "Feature", "geometry": {"type": "Point", "coordinates": [-74.03049, 40.737427]}, "properties": {"id": 237503, "name": "DT&P 1ST & WASH PS1", "address": "68 1st St", "city": "Hoboken", "zip": "07030", "access": "public", "ev_level1_evse_num": null, "ev_level2_evse_num": 2, "ev_dc_fast_num": null, "network": "ChargePoint Network", "connector_types": ["J1772"], "owner_type": null}}, {"type": "Feature", "geometry": {"type": "Point", "coordinates": [-74.0406, 40.410225]}, "properties": {"id": 237751, "name": "STARBUCKS STORE #66186", "address": "999 NJ-36", "city": "Atlantic Highlands", "zip": "07716", "access": "public", "ev_level1_evse_num": null, "ev_level2_evse_num": 2, "ev_dc_fast_num": null, "network": "ChargePoint Network", "connector_types": ["J1772"], "owner_type": null}}, {"type": "Feature", "geometry": {"type": "Point", "coordinates": [-74.42919, 41.190304]}, "properties": {"id": 237761, "name": "NJDEP STATEPARK WAWAYANDA PS1", "address": "885 Warwick Turnpike", "city": "Vernon Township", "zip": "07421", "access": "public", "ev_level1_evse_num": null, "ev_level2_evse_num": 2, "ev_dc_fast_num": null, "network": "ChargePoint Network", "connector_types": ["J1772"], "owner_type": null}}, {"type": "Feature", "geometry": {"type": "Point", "coordinates": [-74.42915, 41.190266]}, "properties": {"id": 237762, "name": "NJDEP STATEPARK WAWAYANDA PS2", "address": "885 Warwick Turnpike", "city": "Vernon Township", "zip": "07421", "access": "public", "ev_level1_evse_num": null, "ev_level2_evse_num": 2, "ev_dc_fast_num": null, "network": "ChargePoint Network", "connector_types": ["J1772"], "owner_type": null}}, {"type": "Feature", "geometry": {"type": "Point", "coordinates": [-74.447891, 40.870803]}, "properties": {"id": 237900, "name": "THE GRAND STATION 2-0678", "address": "1 Upper Pond Rd", "city": "Parsippany-Troy Hills", "zip": "07054", "access": "public", "ev_level1_evse_num": null, "ev_level2_evse_num": 2, "ev_dc_fast_num": null, "network": "ChargePoint Network", "connector_types": ["J1772"], "owner_type": null}}, {"type": "Feature", "geometry": {"type": "Point", "coordinates": [-74.448962, 40.869417]}, "properties": {"id": 237901, "name": "THE GRAND STATION-1-4176", "address": "300 Interpace Pkwy", "city": "Parsippany-Troy Hills", "zip": "07054", "access": "public", "ev_level1_evse_num": null, "ev_level2_evse_num": 2, "ev_dc_fast_num": null, "network": "ChargePoint Network", "connector_types": ["J1772"], "owner_type": null}}, {"type": "Feature", "geometry": {"type": "Point", "coordinates": [-74.170267, 41.07358]}, "properties": {"id": 237925, "name": "MAHWAH A-AC-14", "address": "933 MacArthur Blvd", "city": "Mahwah", "zip": "07430", "access": "public", "ev_level1_evse_num": null, "ev_level2_evse_num": 2, "ev_dc_fast_num": null, "network": "ChargePoint Network", "connector_types": ["J1772"], "owner_type": null}}, {"type": "Feature", "geometry": {"type": "Point", "coordinates": [-74.170539, 41.073557]}, "properties": {"id": 237926, "name": "MAHWAH A-AC-2", "address": "1800 Volvo Pl", "city": "Mahwah", "zip": "07430", "access": "public", "ev_level1_evse_num": null, "ev_level2_evse_num": 2, "ev_dc_fast_num": null, "network": "ChargePoint Network", "connector_types": ["J1772"], "owner_type": null}}, {"type": "Feature", "geometry": {"type": "Point", "coordinates": [-74.170655, 41.073941]}, "properties": {"id": 237927, "name": "MAHWAH A-AC-5", "address": "933 MacArthur Blvd", "city": "Mahwah", "zip": "07430", "access": "public", "ev_level1_evse_num": null, "ev_level2_evse_num": 2, "ev_dc_fast_num": null, "network": "ChargePoint Network", "connector_types": ["J1772"], "owner_type": null}}, {"type": "Feature", "geometry": {"type": "Point", "coordinates": [-74.170563, 41.073851]}, "properties": {"id": 237928, "name": "MAHWAH A-AC-7", "address": "933 MacArthur Blvd", "city": "Mahwah", "zip": "07430", "access": "public", "ev_level1_evse_num": null, "ev_level2_evse_num": 2, "ev_dc_fast_num": null, "network": "ChargePoint Network", "connector_types": ["J1772"], "owner_type": null}}, {"type": "Feature", "geometry": {"type": "Point", "coordinates": [-74.170465, 41.073774]}, "properties": {"id": 237929, "name": "MAHWAH A-AC-9", "address": "933 MacArthur Blvd", "city": "Mahwah", "zip": "07430", "access": "public", "ev_level1_evse_num": null, "ev_level2_evse_num": 2, "ev_dc_fast_num": null, "network": "ChargePoint Network", "connector_types": ["J1772"], "owner_type": null}}, {"type": "Feature", "geometry": {"type": "Point", "coordinates": [-74.170425, 41.073739]}, "properties": {"id": 237930, "name": "MAHWAH A-AC-10", "address": "933 MacArthur Blvd", "city": "Mahwah", "zip": "07430", "access": "public", "ev_level1_evse_num": null, "ev_level2_evse_num": 2, "ev_dc_fast_num": null, "network": "ChargePoint Network", "connector_types": ["J1772"], "owner_type": null}}, {"type": "Feature", "geometry": {"type": "Point", "coordinates": [-74.170619, 41.073971]}, "properties": {"id": 237931, "name": "MAHWAH A-AC-16", "address": "933 MacArthur Blvd", "city": "Mahwah", "zip": "07430", "access": "public", "ev_level1_evse_num": null, "ev_level2_evse_num": 2, "ev_dc_fast_num": null, "network": "ChargePoint Network", "connector_types": ["J1772"], "owner_type": null}}, {"type": "Feature", "geometry": {"type": "Point", "coordinates": [-74.170506, 41.073815]}, "properties": {"id": 237932, "name": "MAHWAH A-AC-8", "address": "933 MacArthur Blvd", "city": "Mahwah", "zip": "07430", "access": "public", "ev_level1_evse_num": null, "ev_level2_evse_num": 2, "ev_dc_fast_num": null, "network": "ChargePoint Network", "connector_types": ["J1772"], "owner_type": null}}, {"type": "Feature", "geometry": {"type": "Point", "coordinates": [-74.170333, 41.073754]}, "properties": {"id": 237933, "name": "MAHWAH A-AC-22", "address": "933 MacArthur Blvd", "city": "Mahwah", "zip": "07430", "access": "public", "ev_level1_evse_num": null, "ev_level2_evse_num": 2, "ev_dc_fast_num": null, "network": "ChargePoint Network", "connector_types": ["J1772"], "owner_type": null}}, {"type": "Feature", "geometry": {"type": "Point", "coordinates": [-74.170387, 41.073695]}, "properties": {"id": 237935, "name": "MAHWAH A-AC-11", "address": "933 MacArthur Blvd", "city": "Mahwah", "zip": "07430", "access": "public", "ev_level1_evse_num": null, "ev_level2_evse_num": 2, "ev_dc_fast_num": null, "network": "ChargePoint Network", "connector_types": ["J1772"], "owner_type": null}}, {"type": "Feature", "geometry": {"type": "Point", "coordinates": [-74.170573, 41.073932]}, "properties": {"id": 237936, "name": "MAHWAH A-AC-17", "address": "933 MacArthur Blvd", "city": "Mahwah", "zip": "07430", "access": "public", "ev_level1_evse_num": null, "ev_level2_evse_num": 2, "ev_dc_fast_num": null, "network": "ChargePoint Network", "connector_types": ["J1772"], "owner_type": null}}, {"type": "Feature", "geometry": {"type": "Point", "coordinates": [-74.170308, 41.073617]}, "properties": {"id": 237937, "name": "MAHWAH A-AC-13", "address": "933 MacArthur Blvd", "city": "Mahwah", "zip": "07430", "access": "public", "ev_level1_evse_num": null, "ev_level2_evse_num": 2, "ev_dc_fast_num": null, "network": "ChargePoint Network", "connector_types": ["J1772"], "owner_type": null}}, {"type": "Feature", "geometry": {"type": "Point", "coordinates": [-74.170479, 41.073857]}, "properties": {"id": 237938, "name": "MAHWAH A-AC-19", "address": "933 MacArthur Blvd", "city": "Mahwah", "zip": "07430", "access": "public", "ev_level1_evse_num": null, "ev_level2_evse_num": 2, "ev_dc_fast_num": null, "network": "ChargePoint Network", "connector_types": ["J1772"], "owner_type": null}}, {"type": "Feature", "geometry": {"type": "Point", "coordinates": [-74.170384, 41.073786]}, "properties": {"id": 237939, "name": "MAHWAH A-AC-21", "address": "933 MacArthur Blvd", "city": "Mahwah", "zip": "07430", "access": "public", "ev_level1_evse_num": null, "ev_level2_evse_num": 2, "ev_dc_fast_num": null, "network": "ChargePoint Network", "connector_types": ["J1772"], "owner_type": null}}, {"type": "Feature", "geometry": {"type": "Point", "coordinates": [-74.170664, 41.07401]}, "properties": {"id": 237940, "name": "MAHWAH A-AC-15", "address": "933 MacArthur Blvd", "city": "Mahwah", "zip": "07430", "access": "public", "ev_level1_evse_num": null, "ev_level2_evse_num": 2, "ev_dc_fast_num": null, "network": "ChargePoint Network", "connector_types": ["J1772"], "owner_type": null}}, {"type": "Feature", "geometry": {"type": "Point", "coordinates": [-74.170433, 41.073822]}, "properties": {"id": 237941, "name": "MAHWAH A-AC-20", "address": "933 MacArthur Blvd", "city": "Mahwah", "zip": "07430", "access": "public", "ev_level1_evse_num": null, "ev_level2_evse_num": 2, "ev_dc_fast_num": null, "network": "ChargePoint Network", "connector_types": ["J1772"], "owner_type": null}}, {"type": "Feature", "geometry": {"type": "Point", "coordinates": [-74.170283, 41.073722]}, "properties": {"id": 237942, "name": "MAHWAH A-AC-23", "address": "933 MacArthur Blvd", "city": "Mahwah", "zip": "07430", "access": "public", "ev_level1_evse_num": null, "ev_level2_evse_num": 2, "ev_dc_fast_num": null, "network": "ChargePoint Network", "connector_types": ["J1772"], "owner_type": null}}, {"type": "Feature", "geometry": {"type": "Point", "coordinates": [-74.170231, 41.073689]}, "properties": {"id": 237943, "name": "MAHWAH A-AC-24", "address": "933 MacArthur Blvd", "city": "Mahwah", "zip": "07430", "access": "public", "ev_level1_evse_num": null, "ev_level2_evse_num": 2, "ev_dc_fast_num": null, "network": "ChargePoint Network", "connector_types": ["J1772"], "owner_type": null}}, {"type": "Feature", "geometry": {"type": "Point", "coordinates": [-74.170528, 41.073897]}, "properties": {"id": 237944, "name": "MAHWAH A-AC-18", "address": "933 MacArthur Blvd", "city": "Mahwah", "zip": "07430", "access": "public", "ev_level1_evse_num": null, "ev_level2_evse_num": 2, "ev_dc_fast_num": null, "network": "ChargePoint Network", "connector_types": ["J1772"], "owner_type": null}}, {"type": "Feature", "geometry": {"type": "Point", "coordinates": [-74.170344, 41.073659]}, "properties": {"id": 237945, "name": "MAHWAH A-AC-12", "address": "933 MacArthur Blvd", "city": "Mahwah", "zip": "07430", "access": "public", "ev_level1_evse_num": null, "ev_level2_evse_num": 2, "ev_dc_fast_num": null, "network": "ChargePoint Network", "connector_types": ["J1772"], "owner_type": null}}, {"type": "Feature", "geometry": {"type": "Point", "coordinates": [-74.170602, 41.073899]}, "properties": {"id": 237946, "name": "MAHWAH A-AC-6", "address": "933 MacArthur Blvd", "city": "Mahwah", "zip": "07430", "access": "public", "ev_level1_evse_num": null, "ev_level2_evse_num": 2, "ev_dc_fast_num": null, "network": "ChargePoint Network", "connector_types": ["J1772"], "owner_type": null}}, {"type": "Feature", "geometry": {"type": "Point", "coordinates": [-74.170465, 41.073475]}, "properties": {"id": 237947, "name": "MAHWAH A-AC-4", "address": "933 MacArthur Blvd", "city": "Mahwah", "zip": "07430", "access": "public", "ev_level1_evse_num": null, "ev_level2_evse_num": 2, "ev_dc_fast_num": null, "network": "ChargePoint Network", "connector_types": ["J1772"], "owner_type": null}}, {"type": "Feature", "geometry": {"type": "Point", "coordinates": [-74.170504, 41.073517]}, "properties": {"id": 237948, "name": "MAHWAH A-AC-3", "address": "933 MacArthur Blvd", "city": "Mahwah", "zip": "07430", "access": "public", "ev_level1_evse_num": null, "ev_level2_evse_num": 2, "ev_dc_fast_num": null, "network": "ChargePoint Network", "connector_types": ["J1772"], "owner_type": null}}, {"type": "Feature", "geometry": {"type": "Point", "coordinates": [-74.896669, 39.701175]}, "properties": {"id": 238016, "name": "Township of Winslow - Animal Control", "address": "125 South Route 73", "city": "Braddock", "zip": "8037", "access": "public", "ev_level1_evse_num": null, "ev_level2_evse_num": 2, "ev_dc_fast_num": null, "network": "Blink Network", "connector_types": ["J1772"], "owner_type": null}}, {"type": "Feature", "geometry": {"type": "Point", "coordinates": [-74.393652, 40.506264]}, "properties": {"id": 238208, "name": "Wawa - Tesla Supercharger", "address": "580 U.S. Route 1", "city": "Edison", "zip": "08817", "access": "public", "ev_level1_evse_num": null, "ev_level2_evse_num": null, "ev_dc_fast_num": 8, "network": "Tesla", "connector_types": ["J1772COMBO", "TESLA"], "owner_type": "P"}}, {"type": "Feature", "geometry": {"type": "Point", "coordinates": [-74.4249454, 40.744349]}, "properties": {"id": 238426, "name": "Shunpike Park", "address": "651 Shunpike Road", "city": "Chatham Township", "zip": "07928", "access": "public", "ev_level1_evse_num": null, "ev_level2_evse_num": 2, "ev_dc_fast_num": null, "network": "Blink Network", "connector_types": ["J1772"], "owner_type": null}}, {"type": "Feature", "geometry": {"type": "Point", "coordinates": [-74.4290495, 40.7398881]}, "properties": {"id": 238427, "name": "Nash Park", "address": "462 Southern Boulevard", "city": "Chatham Township", "zip": "07928", "access": "public", "ev_level1_evse_num": null, "ev_level2_evse_num": 2, "ev_dc_fast_num": null, "network": "Blink Network", "connector_types": ["J1772"], "owner_type": null}}, {"type": "Feature", "geometry": {"type": "Point", "coordinates": [-74.852196, 40.62829]}, "properties": {"id": 238441, "name": "NJDEP STATEPARK ROUNDVALLEY1", "address": "1220 Stanton Lebanon Rd", "city": "Lebanon", "zip": "08833", "access": "public", "ev_level1_evse_num": null, "ev_level2_evse_num": 2, "ev_dc_fast_num": null, "network": "ChargePoint Network", "connector_types": ["J1772"], "owner_type": null}}, {"type": "Feature", "geometry": {"type": "Point", "coordinates": [-74.038139, 40.773883]}, "properties": {"id": 238574, "name": "Starbucks - Tesla Supercharger", "address": "2819 John F. Kennedy Boulevard", "city": "North Bergen", "zip": "07047", "access": "public", "ev_level1_evse_num": null, "ev_level2_evse_num": null, "ev_dc_fast_num": 8, "network": "Tesla", "connector_types": ["TESLA"], "owner_type": "P"}}, {"type": "Feature", "geometry": {"type": "Point", "coordinates": [-74.03273256, 40.85503308]}, "properties": {"id": 238575, "name": "Bergen Ferry Plaza - Tesla Supercharger", "address": "260 Bergen Turnpike", "city": "Little Ferry", "zip": "07643", "access": "public", "ev_level1_evse_num": null, "ev_level2_evse_num": null, "ev_dc_fast_num": 12, "network": "Tesla", "connector_types": ["TESLA"], "owner_type": "P"}}, {"type": "Feature", "geometry": {"type": "Point", "coordinates": [-74.28589, 40.51748]}, "properties": {"id": 238580, "name": "Convery Plaza Shopping Center - Tesla Supercharger", "address": "365 Convery Boulevard", "city": "Perth Amboy", "zip": "08861", "access": "public", "ev_level1_evse_num": null, "ev_level2_evse_num": null, "ev_dc_fast_num": 8, "network": "Tesla", "connector_types": ["J1772COMBO", "TESLA"], "owner_type": "P"}}, {"type": "Feature", "geometry": {"type": "Point", "coordinates": [-74.28587, 40.5175]}, "properties": {"id": 238821, "name": "Convery Plaza Shopping Center", "address": "365 Convery Blvd", "city": "Perth Amboy", "zip": "08861", "access": "public", "ev_level1_evse_num": null, "ev_level2_evse_num": null, "ev_dc_fast_num": 4, "network": "eVgo Network", "connector_types": ["CHADEMO", "J1772COMBO"], "owner_type": null}}, {"type": "Feature", "geometry": {"type": "Point", "coordinates": [-74.096006, 40.717452]}, "properties": {"id": 238873, "name": "HUDSON TOYOTA CPE250 #2", "address": "617 NJ-440", "city": "Jersey City", "zip": "07305", "access": "public", "ev_level1_evse_num": null, "ev_level2_evse_num": null, "ev_dc_fast_num": 1, "network": "ChargePoint Network", "connector_types": ["CHADEMO", "J1772COMBO"], "owner_type": null}}, {"type": "Feature", "geometry": {"type": "Point", "coordinates": [-74.096029, 40.717458]}, "properties": {"id": 238874, "name": "HUDSON TOYOTA CPE250 #1", "address": "617 NJ-440", "city": "Jersey City", "zip": "07305", "access": "public", "ev_level1_evse_num": null, "ev_level2_evse_num": null, "ev_dc_fast_num": 1, "network": "ChargePoint Network", "connector_types": ["CHADEMO", "J1772COMBO"], "owner_type": null}}, {"type": "Feature", "geometry": {"type": "Point", "coordinates": [-74.334418, 40.54438]}, "properties": {"id": 240734, "name": "Menlo Park Mall", "address": "55 Parsonage Rd", "city": "Edison", "zip": "08837", "access": "public", "ev_level1_evse_num": null, "ev_level2_evse_num": null, "ev_dc_fast_num": 6, "network": "eVgo Network", "connector_types": ["CHADEMO", "J1772COMBO"], "owner_type": null}}, {"type": "Feature", "geometry": {"type": "Point", "coordinates": [-74.22573943, 40.13713826]}, "properties": {"id": 241141, "name": "Wawa - Tesla Supercharger", "address": "4690 US 9", "city": "Howell Township", "zip": "07731", "access": "public", "ev_level1_evse_num": null, "ev_level2_evse_num": null, "ev_dc_fast_num": 12, "network": "Tesla", "connector_types": ["TESLA"], "owner_type": "P"}}, {"type": "Feature", "geometry": {"type": "Point", "coordinates": [-74.06472206, 40.81147192]}, "properties": {"id": 241143, "name": "American Dream - Tesla Supercharger", "address": "1  American Dream Way", "city": "East Rutherford", "zip": "07073", "access": "public", "ev_level1_evse_num": null, "ev_level2_evse_num": null, "ev_dc_fast_num": 32, "network": "Tesla", "connector_types": ["TESLA"], "owner_type": "P"}}, {"type": "Feature", "geometry": {"type": "Point", "coordinates": [-74.034631, 40.775401]}, "properties": {"id": 241147, "name": "Columbia Park Center - Tesla Supercharger", "address": "3131 Kennedy Blvd", "city": "North Bergen", "zip": "07087", "access": "public", "ev_level1_evse_num": null, "ev_level2_evse_num": null, "ev_dc_fast_num": 12, "network": "Tesla", "connector_types": ["TESLA"], "owner_type": "P"}}, {"type": "Feature", "geometry": {"type": "Point", "coordinates": [-74.542733, 39.480326]}, "properties": {"id": 241193, "name": "Mainland Hospital Campus - Visitors Parking", "address": "65 W Jimmie Leeds Rd", "city": "Pomona", "zip": "8240", "access": "public", "ev_level1_evse_num": null, "ev_level2_evse_num": 2, "ev_dc_fast_num": null, "network": "Blink Network", "connector_types": ["J1772"], "owner_type": null}}, {"type": "Feature", "geometry": {"type": "Point", "coordinates": [-74.458456, 40.483491]}, "properties": {"id": 241203, "name": "Ross Industries - 409 JKA Project", "address": "409 Joyce Kilmer Avenue", "city": "New Brunswick", "zip": "08901", "access": "public", "ev_level1_evse_num": null, "ev_level2_evse_num": 4, "ev_dc_fast_num": null, "network": "Blink Network", "connector_types": ["J1772"], "owner_type": null}}, {"type": "Feature", "geometry": {"type": "Point", "coordinates": [-74.035327, 40.718398]}, "properties": {"id": 250879, "name": "160 Greene-Littleman Parking - Tesla Destination", "address": "135 Greene St", "city": "Jersey City", "zip": "07311", "access": "public", "ev_level1_evse_num": null, "ev_level2_evse_num": 4, "ev_dc_fast_num": null, "network": "Tesla Destination", "connector_types": ["TESLA"], "owner_type": "P"}}, {"type": "Feature", "geometry": {"type": "Point", "coordinates": [-74.40644, 40.47997]}, "properties": {"id": 250999, "name": "Residence Inn by Marriott Tower New Brunswick Tower Center Blvd - Tesla Destination", "address": "6 Tower Center Blvd", "city": "East Brunswick", "zip": "08816", "access": "public", "ev_level1_evse_num": null, "ev_level2_evse_num": 1, "ev_dc_fast_num": null, "network": "Tesla Destination", "connector_types": ["TESLA"], "owner_type": "P"}}, {"type": "Feature", "geometry": {"type": "Point", "coordinates": [-74.044617, 40.720034]}, "properties": {"id": 251064, "name": "Columbus Garage LLC - Tesla Destination", "address": "66 Christopher Columbus Dr", "city": "Jersey City", "zip": "07302", "access": "public", "ev_level1_evse_num": null, "ev_level2_evse_num": 9, "ev_dc_fast_num": null, "network": "Tesla Destination", "connector_types": ["TESLA"], "owner_type": "P"}}, {"type": "Feature", "geometry": {"type": "Point", "coordinates": [-74.479077, 40.878613]}, "properties": {"id": 251112, "name": "MCVSD MORRIS ST2", "address": "400 E Main St", "city": "Denville", "zip": "07834", "access": "public", "ev_level1_evse_num": null, "ev_level2_evse_num": 1, "ev_dc_fast_num": null, "network": "ChargePoint Network", "connector_types": ["J1772"], "owner_type": null}}, {"type": "Feature", "geometry": {"type": "Point", "coordinates": [-74.479176, 40.878625]}, "properties": {"id": 251113, "name": "MCVSD MORRIS ST1", "address": "400 E Main St", "city": "Denville", "zip": "07834", "access": "public", "ev_level1_evse_num": null, "ev_level2_evse_num": 1, "ev_dc_fast_num": null, "network": "ChargePoint Network", "connector_types": ["J1772"], "owner_type": null}}, {"type": "Feature", "geometry": {"type": "Point", "coordinates": [-74.281537, 40.76802]}, "properties": {"id": 251195, "name": "ESSEX COUNTY OFF NETWORK3", "address": "560 Northfield Ave", "city": "West Orange", "zip": "07052", "access": "public", "ev_level1_evse_num": null, "ev_level2_evse_num": 2, "ev_dc_fast_num": null, "network": "ChargePoint Network", "connector_types": ["J1772"], "owner_type": null}}, {"type": "Feature", "geometry": {"type": "Point", "coordinates": [-74.181196, 40.737226]}, "properties": {"id": 251196, "name": "ESSEX COUNTY OFF NETWORK2", "address": "73 Howard St", "city": "Newark", "zip": "07103", "access": "public", "ev_level1_evse_num": null, "ev_level2_evse_num": 2, "ev_dc_fast_num": null, "network": "ChargePoint Network", "connector_types": ["J1772"], "owner_type": null}}, {"type": "Feature", "geometry": {"type": "Point", "coordinates": [-74.25889, 40.835307]}, "properties": {"id": 251197, "name": "ESSEX COUNTY OFF NETWORK1", "address": "900 Bloomfield Ave", "city": "Verona", "zip": "07044", "access": "public", "ev_level1_evse_num": null, "ev_level2_evse_num": 2, "ev_dc_fast_num": null, "network": "ChargePoint Network", "connector_types": ["J1772"], "owner_type": null}}, {"type": "Feature", "geometry": {"type": "Point", "coordinates": [-75.0396674, 39.4590802]}, "properties": {"id": 251311, "name": "F & S Fresh Foods", "address": "500 W Elmer Rd", "city": "Vineland", "zip": "08360", "access": "private", "ev_level1_evse_num": null, "ev_level2_evse_num": 6, "ev_dc_fast_num": null, "network": "AMPUP", "connector_types": ["J1772"], "owner_type": "P"}}, {"type": "Feature", "geometry": {"type": "Point", "coordinates": [-74.3318946, 40.864023]}, "properties": {"id": 251552, "name": "iStar", "address": "34 Maple Ave", "city": "Pine Brook", "zip": "07058", "access": "private", "ev_level1_evse_num": null, "ev_level2_evse_num": 2, "ev_dc_fast_num": null, "network": "AMPUP", "connector_types": ["J1772"], "owner_type": "P"}}, {"type": "Feature", "geometry": {"type": "Point", "coordinates": [-74.18168, 40.739091]}, "properties": {"id": 251775, "name": "ESSEX COUNTY #4", "address": "16-84 W Market St", "city": "Newark", "zip": "07102", "access": "public", "ev_level1_evse_num": null, "ev_level2_evse_num": 2, "ev_dc_fast_num": null, "network": "ChargePoint Network", "connector_types": ["J1772"], "owner_type": null}}, {"type": "Feature", "geometry": {"type": "Point", "coordinates": [-74.181703, 40.739032]}, "properties": {"id": 251776, "name": "ESSEX COUNTY #2", "address": "16-84 W Market St", "city": "Newark", "zip": "07102", "access": "public", "ev_level1_evse_num": null, "ev_level2_evse_num": 2, "ev_dc_fast_num": null, "network": "ChargePoint Network", "connector_types": ["J1772"], "owner_type": null}}, {"type": "Feature", "geometry": {"type": "Point", "coordinates": [-74.07565, 40.87752]}, "properties": {"id": 251949, "name": "ML 1 CT4000", "address": "130 US-46", "city": "Lodi", "zip": "07644", "access": "public", "ev_level1_evse_num": null, "ev_level2_evse_num": 2, "ev_dc_fast_num": null, "network": "ChargePoint Network", "connector_types": ["J1772"], "owner_type": null}}, {"type": "Feature", "geometry": {"type": "Point", "coordinates": [-74.386763, 40.509886]}, "properties": {"id": 251950, "name": "OR VOLVO STATION 3", "address": "731 US-1", "city": "Edison", "zip": "08817", "access": "public", "ev_level1_evse_num": null, "ev_level2_evse_num": 2, "ev_dc_fast_num": null, "network": "ChargePoint Network", "connector_types": ["J1772"], "owner_type": null}}, {"type": "Feature", "geometry": {"type": "Point", "coordinates": [-74.386692, 40.510688]}, "properties": {"id": 251951, "name": "OR VOLVO STATION 6", "address": "731 US-1", "city": "Edison", "zip": "08817", "access": "public", "ev_level1_evse_num": null, "ev_level2_evse_num": 2, "ev_dc_fast_num": null, "network": "ChargePoint Network", "connector_types": ["J1772"], "owner_type": null}}, {"type": "Feature", "geometry": {"type": "Point", "coordinates": [-74.386694, 40.510626]}, "properties": {"id": 251953, "name": "OR VOLVO STATION 5 EMPL", "address": "731 US-1", "city": "Edison", "zip": "08817", "access": "public", "ev_level1_evse_num": null, "ev_level2_evse_num": 2, "ev_dc_fast_num": null, "network": "ChargePoint Network", "connector_types": ["J1772"], "owner_type": null}}, {"type": "Feature", "geometry": {"type": "Point", "coordinates": [-74.387189, 40.510661]}, "properties": {"id": 251956, "name": "OR VOLVO STATION 1", "address": "731 US-1", "city": "Edison", "zip": "08817", "access": "public", "ev_level1_evse_num": null, "ev_level2_evse_num": 2, "ev_dc_fast_num": null, "network": "ChargePoint Network", "connector_types": ["J1772"], "owner_type": null}}, {"type": "Feature", "geometry": {"type": "Point", "coordinates": [-74.169726, 40.67468]}, "properties": {"id": 252743, "name": "IKEA USA ELIZABETH 1", "address": "1000 Ikea Dr", "city": "Elizabeth", "zip": "07201", "access": "public", "ev_level1_evse_num": null, "ev_level2_evse_num": 1, "ev_dc_fast_num": null, "network": "ChargePoint Network", "connector_types": ["J1772"], "owner_type": null}}, {"type": "Feature", "geometry": {"type": "Point", "coordinates": [-74.169755, 40.674695]}, "properties": {"id": 252744, "name": "IKEA USA ELIZABETH 2", "address": "1000 Ikea Dr", "city": "Elizabeth", "zip": "07201", "access": "public", "ev_level1_evse_num": null, "ev_level2_evse_num": 1, "ev_dc_fast_num": null, "network": "ChargePoint Network", "connector_types": ["J1772"], "owner_type": null}}, {"type": "Feature", "geometry": {"type": "Point", "coordinates": [-74.169757, 40.674686]}, "properties": {"id": 252745, "name": "IKEA USA ELIZABETH 4", "address": "1000 Ikea Dr", "city": "Elizabeth", "zip": "07201", "access": "public", "ev_level1_evse_num": null, "ev_level2_evse_num": 1, "ev_dc_fast_num": null, "network": "ChargePoint Network", "connector_types": ["J1772"], "owner_type": null}}, {"type": "Feature", "geometry": {"type": "Point", "coordinates": [-74.271688, 39.701501]}, "properties": {"id": 253421, "name": "HYUNDAI DELIVER CHARGER 3", "address": "405 NJ-72", "city": "Stafford Township", "zip": "08050", "access": "public", "ev_level1_evse_num": null, "ev_level2_evse_num": null, "ev_dc_fast_num": 1, "network": "ChargePoint Network", "connector_types": ["CHADEMO", "J1772COMBO"], "owner_type": null}}, {"type": "Feature", "geometry": {"type": "Point", "coordinates": [-74.10831, 40.805778]}, "properties": {"id": 253803, "name": "SIKA HQ SIKAEVSTATION 1", "address": "201 Polito Ave", "city": "Lyndhurst", "zip": "07071", "access": "public", "ev_level1_evse_num": null, "ev_level2_evse_num": 2, "ev_dc_fast_num": null, "network": "ChargePoint Network", "connector_types": ["J1772"], "owner_type": null}}, {"type": "Feature", "geometry": {"type": "Point", "coordinates": [-74.108351, 40.80581]}, "properties": {"id": 253804, "name": "SIKA HQ IKAEVSTATION 2", "address": "201 Polito Ave", "city": "Lyndhurst", "zip": "07071", "access": "public", "ev_level1_evse_num": null, "ev_level2_evse_num": 2, "ev_dc_fast_num": null, "network": "ChargePoint Network", "connector_types": ["J1772"], "owner_type": null}}, {"type": "Feature", "geometry": {"type": "Point", "coordinates": [-74.66824, 41.31397]}, "properties": {"id": 253857, "name": "NJDEP STATEPARK HIGH POINT PS2", "address": "1480 NJ-23", "city": "Montague", "zip": "07461", "access": "public", "ev_level1_evse_num": null, "ev_level2_evse_num": 2, "ev_dc_fast_num": null, "network": "ChargePoint Network", "connector_types": ["J1772"], "owner_type": null}}, {"type": "Feature", "geometry": {"type": "Point", "coordinates": [-74.66826, 41.313988]}, "properties": {"id": 253858, "name": "NJDEP STATEPARK HIGH POINT PS1", "address": "1480 NJ-23", "city": "Montague", "zip": "07461", "access": "public", "ev_level1_evse_num": null, "ev_level2_evse_num": 2, "ev_dc_fast_num": null, "network": "ChargePoint Network", "connector_types": ["J1772"], "owner_type": null}}, {"type": "Feature", "geometry": {"type": "Point", "coordinates": [-74.194178, 39.963095]}, "properties": {"id": 253873, "name": "Pine Belt Cadillac Of Toms River", "address": "71 Route 37 East", "city": "Toms River", "zip": "08753", "access": "public", "ev_level1_evse_num": null, "ev_level2_evse_num": 1, "ev_dc_fast_num": 2, "network": "EV Connect", "connector_types": ["J1772", "J1772COMBO"], "owner_type": null}}, {"type": "Feature", "geometry": {"type": "Point", "coordinates": [-74.133217, 41.068341]}, "properties": {"id": 254053, "name": "L767 SALES DUAL", "address": "1096 NJ-17", "city": "Ramsey", "zip": "07446", "access": "public", "ev_level1_evse_num": null, "ev_level2_evse_num": 2, "ev_dc_fast_num": null, "network": "ChargePoint Network", "connector_types": ["J1772"], "owner_type": null}}, {"type": "Feature", "geometry": {"type": "Point", "coordinates": [-74.98235, 39.97654]}, "properties": {"id": 254256, "name": "TTI Environmental, Inc", "address": "1253 N Church St", "city": "Moorestown", "zip": "08057", "access": "private", "ev_level1_evse_num": null, "ev_level2_evse_num": 2, "ev_dc_fast_num": null, "network": "Non-Networked", "connector_types": ["J1772"], "owner_type": "P"}}, {"type": "Feature", "geometry": {"type": "Point", "coordinates": [-74.863325, 40.48119]}, "properties": {"id": 254347, "name": "NEW CHARGERS FRONT 3", "address": "180 US-202", "city": "Flemington", "zip": "08822", "access": "public", "ev_level1_evse_num": null, "ev_level2_evse_num": null, "ev_dc_fast_num": 1, "network": "ChargePoint Network", "connector_types": ["CHADEMO", "J1772COMBO"], "owner_type": null}}, {"type": "Feature", "geometry": {"type": "Point", "coordinates": [-74.862951, 40.480978]}, "properties": {"id": 254350, "name": "NEW CHARGERS SIDE LV3", "address": "180 US-202", "city": "Flemington", "zip": "08822", "access": "public", "ev_level1_evse_num": null, "ev_level2_evse_num": null, "ev_dc_fast_num": 1, "network": "ChargePoint Network", "connector_types": ["CHADEMO", "J1772COMBO"], "owner_type": null}}, {"type": "Feature", "geometry": {"type": "Point", "coordinates": [-74.541071, 39.479127]}, "properties": {"id": 255097, "name": "Mainland Hospital Campus - Doctor Lot", "address": "65 W Jimmie Leeds Rd", "city": "Pomona", "zip": "8240", "access": "public", "ev_level1_evse_num": null, "ev_level2_evse_num": 2, "ev_dc_fast_num": null, "network": "Blink Network", "connector_types": ["J1772"], "owner_type": null}}, {"type": "Feature", "geometry": {"type": "Point", "coordinates": [-75.098187, 39.945208]}, "properties": {"id": 255132, "name": "Resin Tech", "address": "1801 Federal Street", "city": "Camden", "zip": "8105", "access": "public", "ev_level1_evse_num": null, "ev_level2_evse_num": 4, "ev_dc_fast_num": null, "network": "Blink Network", "connector_types": ["J1772"], "owner_type": null}}, {"type": "Feature", "geometry": {"type": "Point", "coordinates": [-74.213515, 40.659784]}, "properties": {"id": 255195, "name": "TRMC Parking Garage", "address": "640 Pearl Street", "city": "Elizabeth", "zip": "7207", "access": "public", "ev_level1_evse_num": null, "ev_level2_evse_num": 3, "ev_dc_fast_num": null, "network": "Blink Network", "connector_types": ["J1772"], "owner_type": null}}, {"type": "Feature", "geometry": {"type": "Point", "coordinates": [-74.250714, 40.608334]}, "properties": {"id": 255246, "name": "LINDEN EV COOPER ELECTRIC", "address": "1805 Lower Rd", "city": "Linden", "zip": "07036", "access": "public", "ev_level1_evse_num": null, "ev_level2_evse_num": 2, "ev_dc_fast_num": null, "network": "ChargePoint Network", "connector_types": ["J1772"], "owner_type": null}}, {"type": "Feature", "geometry": {"type": "Point", "coordinates": [-74.23894, 40.764946]}, "properties": {"id": 255306, "name": "OBOE EVS STATION 1", "address": "380 Central Ave", "city": "City of Orange", "zip": "07050", "access": "public", "ev_level1_evse_num": null, "ev_level2_evse_num": 2, "ev_dc_fast_num": null, "network": "ChargePoint Network", "connector_types": ["J1772"], "owner_type": null}}, {"type": "Feature", "geometry": {"type": "Point", "coordinates": [-74.5681695, 40.4261515]}, "properties": {"id": 255339, "name": "Green Hill Manor - 2", "address": "400 Green Hill Manor Drive", "city": "Franklin Park", "zip": "08823", "access": "public", "ev_level1_evse_num": null, "ev_level2_evse_num": 2, "ev_dc_fast_num": null, "network": "FLO", "connector_types": ["J1772"], "owner_type": null}}, {"type": "Feature", "geometry": {"type": "Point", "coordinates": [-74.5671261, 40.4268192]}, "properties": {"id": 255340, "name": "Green Hill Manor - 1", "address": "200 Green Hill Manor Drive", "city": "Franklin Park", "zip": "08823", "access": "public", "ev_level1_evse_num": null, "ev_level2_evse_num": 4, "ev_dc_fast_num": null, "network": "FLO", "connector_types": ["J1772"], "owner_type": null}}, {"type": "Feature", "geometry": {"type": "Point", "coordinates": [-74.5713789, 40.4250423]}, "properties": {"id": 255341, "name": "Green Hill Villas", "address": "2300 Vetter Drive", "city": "Franklin Park", "zip": "08823", "access": "public", "ev_level1_evse_num": null, "ev_level2_evse_num": 2, "ev_dc_fast_num": null, "network": "FLO", "connector_types": ["J1772"], "owner_type": null}}, {"type": "Feature", "geometry": {"type": "Point", "coordinates": [-74.5553178, 40.4308342]}, "properties": {"id": 255342, "name": "Green Hill Court", "address": "900 Astor Lane", "city": "Franklin Park", "zip": "08823", "access": "public", "ev_level1_evse_num": null, "ev_level2_evse_num": 2, "ev_dc_fast_num": null, "network": "FLO", "connector_types": ["J1772"], "owner_type": null}}, {"type": "Feature", "geometry": {"type": "Point", "coordinates": [-75.074133, 39.746237]}, "properties": {"id": 255391, "name": "KADAR ORTHO DUAL PORT 1", "address": "431 Egg Harbor Road", "city": "Washington Township", "zip": "08080", "access": "public", "ev_level1_evse_num": null, "ev_level2_evse_num": 2, "ev_dc_fast_num": null, "network": "ChargePoint Network", "connector_types": ["J1772"], "owner_type": null}}, {"type": "Feature", "geometry": {"type": "Point", "coordinates": [-74.23892, 40.765003]}, "properties": {"id": 255452, "name": "OBOE EVS STATION 2", "address": "380 Central Ave", "city": "City of Orange", "zip": "07050", "access": "public", "ev_level1_evse_num": null, "ev_level2_evse_num": 2, "ev_dc_fast_num": null, "network": "ChargePoint Network", "connector_types": ["J1772"], "owner_type": null}}, {"type": "Feature", "geometry": {"type": "Point", "coordinates": [-74.664405, 40.360046]}, "properties": {"id": 255459, "name": "PRINCETON MUNI PRINCETON PS1", "address": "400 Witherspoon St", "city": "Princeton", "zip": "08540", "access": "public", "ev_level1_evse_num": null, "ev_level2_evse_num": 2, "ev_dc_fast_num": null, "network": "ChargePoint Network", "connector_types": ["J1772"], "owner_type": null}}, {"type": "Feature", "geometry": {"type": "Point", "coordinates": [-74.664382, 40.360004]}, "properties": {"id": 255460, "name": "PRINCETON MUNI PRINCETON PS2", "address": "400 Witherspoon St", "city": "Princeton", "zip": "08540", "access": "public", "ev_level1_evse_num": null, "ev_level2_evse_num": 2, "ev_dc_fast_num": null, "network": "ChargePoint Network", "connector_types": ["J1772"], "owner_type": null}}, {"type": "Feature", "geometry": {"type": "Point", "coordinates": [-74.664363, 40.359953]}, "properties": {"id": 255461, "name": "PRINCETON MUNI PRINCETON PS4", "address": "400 Witherspoon St", "city": "Princeton", "zip": "08540", "access": "public", "ev_level1_evse_num": null, "ev_level2_evse_num": 2, "ev_dc_fast_num": null, "network": "ChargePoint Network", "connector_types": ["J1772"], "owner_type": null}}, {"type": "Feature", "geometry": {"type": "Point", "coordinates": [-74.664427, 40.360105]}, "properties": {"id": 255462, "name": "PRINCETON MUNI PRINCETON PS3", "address": "400 Witherspoon St", "city": "Princeton", "zip": "08540", "access": "public", "ev_level1_evse_num": null, "ev_level2_evse_num": 2, "ev_dc_fast_num": null, "network": "ChargePoint Network", "connector_types": ["J1772"], "owner_type": null}}, {"type": "Feature", "geometry": {"type": "Point", "coordinates": [-74.608568, 40.342307]}, "properties": {"id": 255523, "name": "777 SCUDDERSB2 777SCUDDERSB2", "address": "777 Scudders Mill Rd", "city": "Plainsboro Township", "zip": "08540", "access": "public", "ev_level1_evse_num": null, "ev_level2_evse_num": 2, "ev_dc_fast_num": null, "network": "ChargePoint Network", "connector_types": ["J1772"], "owner_type": null}}, {"type": "Feature", "geometry": {"type": "Point", "coordinates": [-74.608268, 40.342405]}, "properties": {"id": 255524, "name": "777 SCUDDERSB2 777SCUDDERSB1", "address": "777 Scudders Mill Rd", "city": "Plainsboro Township", "zip": "08540", "access": "public", "ev_level1_evse_num": null, "ev_level2_evse_num": 2, "ev_dc_fast_num": null, "network": "ChargePoint Network", "connector_types": ["J1772"], "owner_type": null}}, {"type": "Feature", "geometry": {"type": "Point", "coordinates": [-75.083962, 40.918636]}, "properties": {"id": 255706, "name": "Columbia NJ Shell", "address": "25 US-46", "city": "Columbia", "zip": "07832", "access": "public", "ev_level1_evse_num": null, "ev_level2_evse_num": null, "ev_dc_fast_num": 2, "network": "SHELL_RECHARGE", "connector_types": ["CHADEMO", "J1772COMBO"], "owner_type": null}}, {"type": "Feature", "geometry": {"type": "Point", "coordinates": [-74.3121, 40.23575]}, "properties": {"id": 255742, "name": "VERIZON COMM / FREEHOLD 1 DATA", "address": "999 W Main St", "city": "Freehold", "zip": "07728", "access": "private", "ev_level1_evse_num": null, "ev_level2_evse_num": 4, "ev_dc_fast_num": null, "network": "ChargePoint Network", "connector_types": ["J1772"], "owner_type": "P"}}, {"type": "Feature", "geometry": {"type": "Point", "coordinates": [-74.070491, 40.942199]}, "properties": {"id": 256204, "name": "Marriott Courtyard Paramus NJ", "address": "320 Route 17", "city": "Paramus", "zip": "07652", "access": "public", "ev_level1_evse_num": null, "ev_level2_evse_num": 4, "ev_dc_fast_num": null, "network": "Blink Network", "connector_types": ["J1772"], "owner_type": null}}, {"type": "Feature", "geometry": {"type": "Point", "coordinates": [-74.422794, 40.775576]}, "properties": {"id": 256343, "name": "DEL WEBB FP DWFP2", "address": "2 Applegate Dr", "city": "Florham Park", "zip": "07932", "access": "public", "ev_level1_evse_num": null, "ev_level2_evse_num": 2, "ev_dc_fast_num": null, "network": "ChargePoint Network", "connector_types": ["J1772"], "owner_type": null}}, {"type": "Feature", "geometry": {"type": "Point", "coordinates": [-74.167206, 40.738496]}, "properties": {"id": 256580, "name": "Robert Treat Hotel - Tesla Destination", "address": "50 Park Plz", "city": "Newark", "zip": "07102", "access": "public", "ev_level1_evse_num": null, "ev_level2_evse_num": 8, "ev_dc_fast_num": null, "network": "Tesla Destination", "connector_types": ["J1772", "TESLA"], "owner_type": "P"}}, {"type": "Feature", "geometry": {"type": "Point", "coordinates": [-73.97041, 40.899116]}, "properties": {"id": 256767, "name": "VOLVO CARS EW ENGCHRGR 1", "address": "188 Engle St", "city": "Englewood", "zip": "07631", "access": "public", "ev_level1_evse_num": null, "ev_level2_evse_num": 2, "ev_dc_fast_num": null, "network": "ChargePoint Network", "connector_types": ["J1772"], "owner_type": null}}, {"type": "Feature", "geometry": {"type": "Point", "coordinates": [-74.398313, 40.450457]}, "properties": {"id": 256770, "name": "SAFELITE SAFELITE 6548", "address": "371 NJ-18", "city": "East Brunswick", "zip": "08816", "access": "public", "ev_level1_evse_num": null, "ev_level2_evse_num": 1, "ev_dc_fast_num": null, "network": "ChargePoint Network", "connector_types": ["J1772"], "owner_type": null}}, {"type": "Feature", "geometry": {"type": "Point", "coordinates": [-74.1489, 40.0582]}, "properties": {"id": 256819, "name": "Target T1153 (Brick, NJ)", "address": "570 Route 70", "city": "Brick", "zip": "08723", "access": "public", "ev_level1_evse_num": null, "ev_level2_evse_num": null, "ev_dc_fast_num": 4, "network": "Electrify America", "connector_types": ["J1772COMBO"], "owner_type": null}}, {"type": "Feature", "geometry": {"type": "Point", "coordinates": [-74.19193, 39.963056]}, "properties": {"id": 256873, "name": "LG MAZDA LG MAZDA", "address": "101 NJ-37", "city": "Toms River", "zip": "08753", "access": "public", "ev_level1_evse_num": null, "ev_level2_evse_num": 2, "ev_dc_fast_num": null, "network": "ChargePoint Network", "connector_types": ["J1772"], "owner_type": null}}, {"type": "Feature", "geometry": {"type": "Point", "coordinates": [-74.253994, 40.695841]}, "properties": {"id": 257005, "name": "Wawa - Tesla Supercharger", "address": "1750  Route 22 East", "city": "Union", "zip": "07083", "access": "public", "ev_level1_evse_num": null, "ev_level2_evse_num": null, "ev_dc_fast_num": 12, "network": "Tesla", "connector_types": ["TESLA"], "owner_type": "P"}}, {"type": "Feature", "geometry": {"type": "Point", "coordinates": [-74.294029, 41.007619]}, "properties": {"id": 257008, "name": "Pompton Lakes Towne Square Shopping Mall - Tesla Supercharger", "address": "1-55 Wanaque Ave", "city": "Pompton Lakes", "zip": "07442", "access": "public", "ev_level1_evse_num": null, "ev_level2_evse_num": null, "ev_dc_fast_num": 12, "network": "Tesla", "connector_types": ["TESLA"], "owner_type": "P"}}, {"type": "Feature", "geometry": {"type": "Point", "coordinates": [-74.6213922, 40.5267634]}, "properties": {"id": 257119, "name": "Brookhaven - Maint Bldg", "address": "9 Shell Court", "city": "Hillsborough", "zip": "08844", "access": "public", "ev_level1_evse_num": null, "ev_level2_evse_num": 2, "ev_dc_fast_num": null, "network": "FLO", "connector_types": ["J1772"], "owner_type": null}}, {"type": "Feature", "geometry": {"type": "Point", "coordinates": [-74.6235063, 40.5264221]}, "properties": {"id": 257120, "name": "Brookhaven - Clubhouse", "address": "6 Woodruff Blvd", "city": "Hillsborough", "zip": "08844", "access": "public", "ev_level1_evse_num": null, "ev_level2_evse_num": 2, "ev_dc_fast_num": null, "network": "FLO", "connector_types": ["J1772"], "owner_type": null}}, {"type": "Feature", "geometry": {"type": "Point", "coordinates": [-74.5478, 40.70491]}, "properties": {"id": 257363, "name": "Bernards Township - Downtown Parking Lot", "address": "77 South Maple ave", "city": "Basking Ridge", "zip": "07920", "access": "public", "ev_level1_evse_num": null, "ev_level2_evse_num": 2, "ev_dc_fast_num": null, "network": "FLO", "connector_types": ["J1772"], "owner_type": null}}, {"type": "Feature", "geometry": {"type": "Point", "coordinates": [-74.074597, 40.955179]}, "properties": {"id": 257667, "name": "Paramus, NJ - 501 NJ-17 - Tesla Supercharger", "address": "501 NJ-17", "city": "Paramus", "zip": "07652", "access": "public", "ev_level1_evse_num": null, "ev_level2_evse_num": null, "ev_dc_fast_num": 8, "network": "Tesla", "connector_types": ["J1772COMBO", "TESLA"], "owner_type": "P"}}, {"type": "Feature", "geometry": {"type": "Point", "coordinates": [-74.2585749, 40.7466923]}, "properties": {"id": 257759, "name": "Taylor Place Garage", "address": "Vose and Taylor", "city": "South Orange", "zip": "07079", "access": "public", "ev_level1_evse_num": null, "ev_level2_evse_num": 2, "ev_dc_fast_num": null, "network": "Blink Network", "connector_types": ["J1772"], "owner_type": null}}, {"type": "Feature", "geometry": {"type": "Point", "coordinates": [-74.71985, 40.262334]}, "properties": {"id": 257797, "name": "62906 DELIVERY PULBIC MONUMENT", "address": "2630 Brunswick Pike", "city": "Lawrence Township", "zip": "08648", "access": "public", "ev_level1_evse_num": null, "ev_level2_evse_num": 2, "ev_dc_fast_num": null, "network": "ChargePoint Network", "connector_types": ["J1772"], "owner_type": null}}, {"type": "Feature", "geometry": {"type": "Point", "coordinates": [-74.224444, 40.891766]}, "properties": {"id": 257820, "name": "Brogan Cadillac Co.", "address": "112 RT 46 EAST", "city": "TOTOWA", "zip": "07512", "access": "public", "ev_level1_evse_num": null, "ev_level2_evse_num": null, "ev_dc_fast_num": 4, "network": "EV Connect", "connector_types": ["J1772COMBO"], "owner_type": null}}, {"type": "Feature", "geometry": {"type": "Point", "coordinates": [-74.249866, 40.67473]}, "properties": {"id": 257844, "name": "BUILDING B CLUBHOUSE", "address": "1720 Patriot Wy", "city": "Union", "zip": "07083", "access": "public", "ev_level1_evse_num": null, "ev_level2_evse_num": 2, "ev_dc_fast_num": null, "network": "ChargePoint Network", "connector_types": ["J1772"], "owner_type": null}}, {"type": "Feature", "geometry": {"type": "Point", "coordinates": [-74.25016, 40.675666]}, "properties": {"id": 257854, "name": "BUILDING B 1700 FRONT", "address": "1700 Patriot Wy", "city": "Union", "zip": "07083", "access": "public", "ev_level1_evse_num": null, "ev_level2_evse_num": 2, "ev_dc_fast_num": null, "network": "ChargePoint Network", "connector_types": ["J1772"], "owner_type": null}}, {"type": "Feature", "geometry": {"type": "Point", "coordinates": [-74.248824, 40.67503]}, "properties": {"id": 257855, "name": "BUILDING B 1700 BACK", "address": "520 Green Ln", "city": "Union", "zip": "07083", "access": "public", "ev_level1_evse_num": null, "ev_level2_evse_num": 2, "ev_dc_fast_num": null, "network": "ChargePoint Network", "connector_types": ["J1772"], "owner_type": null}}, {"type": "Feature", "geometry": {"type": "Point", "coordinates": [-74.250125, 40.674403]}, "properties": {"id": 257856, "name": "BUILDING B 1725 FRONT RT", "address": "333 Clermont Terrace", "city": "Union", "zip": "07083", "access": "public", "ev_level1_evse_num": null, "ev_level2_evse_num": 2, "ev_dc_fast_num": null, "network": "ChargePoint Network", "connector_types": ["J1772"], "owner_type": null}}, {"type": "Feature", "geometry": {"type": "Point", "coordinates": [-74.251075, 40.673931]}, "properties": {"id": 257857, "name": "BUILDING B 1725 FRONT LT", "address": "1194 Edgewood Pkwy", "city": "Union", "zip": "07083", "access": "public", "ev_level1_evse_num": null, "ev_level2_evse_num": 2, "ev_dc_fast_num": null, "network": "ChargePoint Network", "connector_types": ["J1772"], "owner_type": null}}, {"type": "Feature", "geometry": {"type": "Point", "coordinates": [-74.6183228, 40.5238948]}, "properties": {"id": 257910, "name": "65 Gateway Blvd", "address": "65 Gateway Blvd", "city": "Hillsborough", "zip": "08844", "access": "public", "ev_level1_evse_num": null, "ev_level2_evse_num": 2, "ev_dc_fast_num": null, "network": "FLO", "connector_types": ["J1772"], "owner_type": null}}, {"type": "Feature", "geometry": {"type": "Point", "coordinates": [-74.6166764, 40.5252107]}, "properties": {"id": 257968, "name": "70 Gateway Blvd", "address": "70 Gateway Blvd", "city": "Hillsborough", "zip": "08844", "access": "public", "ev_level1_evse_num": null, "ev_level2_evse_num": 2, "ev_dc_fast_num": null, "network": "FLO", "connector_types": ["J1772"], "owner_type": null}}, {"type": "Feature", "geometry": {"type": "Point", "coordinates": [-74.102108, 40.711569]}, "properties": {"id": 258962, "name": "JERSEYCITY KELLOGG PUB 2", "address": "60 Kellogg Street", "city": "Jersey City", "zip": "07305", "access": "public", "ev_level1_evse_num": null, "ev_level2_evse_num": 2, "ev_dc_fast_num": null, "network": "ChargePoint Network", "connector_types": ["J1772"], "owner_type": null}}, {"type": "Feature", "geometry": {"type": "Point", "coordinates": [-74.102232, 40.711684]}, "properties": {"id": 258963, "name": "JERSEYCITY KELLOGG PUB 1", "address": "60 Kellogg st", "city": "Jersey City", "zip": "07305", "access": "public", "ev_level1_evse_num": null, "ev_level2_evse_num": 2, "ev_dc_fast_num": null, "network": "ChargePoint Network", "connector_types": ["J1772"], "owner_type": null}}, {"type": "Feature", "geometry": {"type": "Point", "coordinates": [-74.67869, 40.2057]}, "properties": {"id": 258990, "name": "DEMEO FIELD LOT HAMILTONVETSPK1", "address": "26 Bozarth Ct", "city": "Hamilton Township", "zip": "08690", "access": "public", "ev_level1_evse_num": null, "ev_level2_evse_num": 2, "ev_dc_fast_num": null, "network": "ChargePoint Network", "connector_types": ["J1772"], "owner_type": null}}, {"type": "Feature", "geometry": {"type": "Point", "coordinates": [-74.307667, 40.709825]}, "properties": {"id": 259709, "name": "bp, Meisel Ave, Springfield, NJ", "address": "5 Meisel Ave", "city": "Springfield", "zip": "07081", "access": "public", "ev_level1_evse_num": null, "ev_level2_evse_num": null, "ev_dc_fast_num": 2, "network": "BP_PULSE", "connector_types": ["CHADEMO", "J1772COMBO"], "owner_type": null}}, {"type": "Feature", "geometry": {"type": "Point", "coordinates": [-74.25887, 40.83542]}, "properties": {"id": 259744, "name": "ESSEX COUNTY ESSEX COUNTY DC", "address": "900 Bloomfield Ave Public Works", "city": "Verona", "zip": "07044", "access": "public", "ev_level1_evse_num": null, "ev_level2_evse_num": null, "ev_dc_fast_num": 1, "network": "ChargePoint Network", "connector_types": ["CHADEMO", "J1772COMBO"], "owner_type": null}}, {"type": "Feature", "geometry": {"type": "Point", "coordinates": [-74.072188, 40.94632]}, "properties": {"id": 259767, "name": "375 RT17 PARAMUS DC RT", "address": "375 NJ-17", "city": "Paramus", "zip": "07652", "access": "public", "ev_level1_evse_num": null, "ev_level2_evse_num": null, "ev_dc_fast_num": 1, "network": "ChargePoint Network", "connector_types": ["CHADEMO", "J1772COMBO"], "owner_type": null}}, {"type": "Feature", "geometry": {"type": "Point", "coordinates": [-74.512437, 39.413607]}, "properties": {"id": 259791, "name": "California Apartments", "address": "400 Manor Drive", "city": "Abesecon", "zip": "08201", "access": "public", "ev_level1_evse_num": null, "ev_level2_evse_num": 4, "ev_dc_fast_num": null, "network": "EV Connect", "connector_types": ["J1772"], "owner_type": null}}, {"type": "Feature", "geometry": {"type": "Point", "coordinates": [-74.131999, 41.06692]}, "properties": {"id": 260020, "name": "L768 PRESTIGE #1", "address": "1000 NJ-17", "city": "Ramsey", "zip": "07446", "access": "public", "ev_level1_evse_num": null, "ev_level2_evse_num": 2, "ev_dc_fast_num": null, "network": "ChargePoint Network", "connector_types": ["J1772"], "owner_type": null}}, {"type": "Feature", "geometry": {"type": "Point", "coordinates": [-74.132077, 41.066821]}, "properties": {"id": 260021, "name": "L768 PRESTIGE #2", "address": "1000 NJ-17", "city": "Ramsey", "zip": "07446", "access": "public", "ev_level1_evse_num": null, "ev_level2_evse_num": 2, "ev_dc_fast_num": null, "network": "ChargePoint Network", "connector_types": ["J1772"], "owner_type": null}}, {"type": "Feature", "geometry": {"type": "Point", "coordinates": [-74.439832, 39.360607]}, "properties": {"id": 260109, "name": "WAVE 2", "address": "2200 Fairmount Avenue", "city": "Atlantic City", "zip": "08401", "access": "public", "ev_level1_evse_num": null, "ev_level2_evse_num": 2, "ev_dc_fast_num": null, "network": "ChargePoint Network", "connector_types": ["J1772"], "owner_type": null}}, {"type": "Feature", "geometry": {"type": "Point", "coordinates": [-74.440649, 39.360252]}, "properties": {"id": 260110, "name": "WAVE 3", "address": "2200 Fairmount Ave", "city": "Atlantic City", "zip": "08401", "access": "public", "ev_level1_evse_num": null, "ev_level2_evse_num": 2, "ev_dc_fast_num": null, "network": "ChargePoint Network", "connector_types": ["J1772"], "owner_type": null}}, {"type": "Feature", "geometry": {"type": "Point", "coordinates": [-74.440294, 39.360268]}, "properties": {"id": 260111, "name": "WAVE 5", "address": "2200 Fairmount Ave", "city": "Atlantic City", "zip": "08401", "access": "public", "ev_level1_evse_num": null, "ev_level2_evse_num": 2, "ev_dc_fast_num": null, "network": "ChargePoint Network", "connector_types": ["J1772"], "owner_type": null}}, {"type": "Feature", "geometry": {"type": "Point", "coordinates": [-74.440214, 39.360177]}, "properties": {"id": 260112, "name": "WAVE 4", "address": "2200 Fairmount Ave", "city": "Atlantic City", "zip": "08401", "access": "public", "ev_level1_evse_num": null, "ev_level2_evse_num": 2, "ev_dc_fast_num": null, "network": "ChargePoint Network", "connector_types": ["J1772"], "owner_type": null}}, {"type": "Feature", "geometry": {"type": "Point", "coordinates": [-74.440289, 39.36006]}, "properties": {"id": 260120, "name": "WAVE 6", "address": "2200 Fairmount Ave", "city": "Atlantic City", "zip": "08401", "access": "public", "ev_level1_evse_num": null, "ev_level2_evse_num": 2, "ev_dc_fast_num": null, "network": "ChargePoint Network", "connector_types": ["J1772"], "owner_type": null}}, {"type": "Feature", "geometry": {"type": "Point", "coordinates": [-74.777615, 40.853794]}, "properties": {"id": 260136, "name": "Johnson Buick GMC Cadillac", "address": "385 Route 46", "city": "Mount Olive", "zip": "07840", "access": "public", "ev_level1_evse_num": null, "ev_level2_evse_num": 1, "ev_dc_fast_num": null, "network": "EV Connect", "connector_types": ["J1772"], "owner_type": null}}, {"type": "Feature", "geometry": {"type": "Point", "coordinates": [-74.180519, 39.96258]}, "properties": {"id": 260243, "name": "Lester Glenn Buick GMC Toms River", "address": "230 RTE 37 E", "city": "TOMS RIVER", "zip": "08753", "access": "public", "ev_level1_evse_num": null, "ev_level2_evse_num": null, "ev_dc_fast_num": 1, "network": "EV Connect", "connector_types": ["J1772COMBO"], "owner_type": null}}, {"type": "Feature", "geometry": {"type": "Point", "coordinates": [-74.285273, 40.248513]}, "properties": {"id": 260249, "name": "Lester Glenn Chevrolet Freehold", "address": "3712 Rte 9", "city": "Freehold", "zip": "07728", "access": "public", "ev_level1_evse_num": null, "ev_level2_evse_num": null, "ev_dc_fast_num": 1, "network": "EV Connect", "connector_types": ["J1772COMBO"], "owner_type": null}}, {"type": "Feature", "geometry": {"type": "Point", "coordinates": [-74.168117, 39.95709]}, "properties": {"id": 260250, "name": "Lester Glenn Chevrolet Toms River", "address": "398 Rt 37", "city": "Toms River", "zip": "08753", "access": "public", "ev_level1_evse_num": null, "ev_level2_evse_num": null, "ev_dc_fast_num": 1, "network": "EV Connect", "connector_types": ["J1772COMBO"], "owner_type": null}}, {"type": "Feature", "geometry": {"type": "Point", "coordinates": [-74.051941, 40.914641]}, "properties": {"id": 260263, "name": "CLASS 3 CHARGER HYUNDAI- 1", "address": "250 Rte 4", "city": "Paramus", "zip": "07652", "access": "public", "ev_level1_evse_num": null, "ev_level2_evse_num": null, "ev_dc_fast_num": 1, "network": "ChargePoint Network", "connector_types": ["CHADEMO", "J1772COMBO"], "owner_type": null}}, {"type": "Feature", "geometry": {"type": "Point", "coordinates": [-74.5571942, 40.5316578]}, "properties": {"id": 260445, "name": "Summerfields Lofts - Clubhouse", "address": "100 Rutgers Blvd", "city": "Somerset", "zip": "08873", "access": "public", "ev_level1_evse_num": null, "ev_level2_evse_num": 2, "ev_dc_fast_num": null, "network": "FLO", "connector_types": ["J1772"], "owner_type": null}}, {"type": "Feature", "geometry": {"type": "Point", "coordinates": [-74.5611467, 40.5337659]}, "properties": {"id": 260446, "name": "Summerfields Lofts", "address": "1300 Allen Rd", "city": "Somerset", "zip": "08873", "access": "public", "ev_level1_evse_num": null, "ev_level2_evse_num": 2, "ev_dc_fast_num": null, "network": "FLO", "connector_types": ["J1772"], "owner_type": null}}, {"type": "Feature", "geometry": {"type": "Point", "coordinates": [-74.56926, 40.5339702]}, "properties": {"id": 260447, "name": "Summerfields 360", "address": "100 Hooper street", "city": "Somerset", "zip": "08873", "access": "public", "ev_level1_evse_num": null, "ev_level2_evse_num": 2, "ev_dc_fast_num": null, "network": "FLO", "connector_types": ["J1772"], "owner_type": null}}, {"type": "Feature", "geometry": {"type": "Point", "coordinates": [-74.960468, 38.968978]}, "properties": {"id": 260469, "name": "Cape May Ferry", "address": "1200 Lincoln Blvd", "city": "North Cape May", "zip": "08204", "access": "public", "ev_level1_evse_num": null, "ev_level2_evse_num": 4, "ev_dc_fast_num": null, "network": "EV Connect", "connector_types": ["J1772"], "owner_type": null}}, {"type": "Feature", "geometry": {"type": "Point", "coordinates": [-74.518606, 40.5261491]}, "properties": {"id": 260508, "name": "Cedar Manor", "address": "1800 Fir Court", "city": "Somerset", "zip": "08873", "access": "public", "ev_level1_evse_num": null, "ev_level2_evse_num": 2, "ev_dc_fast_num": null, "network": "FLO", "connector_types": ["J1772"], "owner_type": null}}, {"type": "Feature", "geometry": {"type": "Point", "coordinates": [-74.542232, 40.410862]}, "properties": {"id": 260859, "name": "ROUTE 1 HYUNDAI CPE-250-02", "address": "3905 US 1", "city": "South Brunswick Township", "zip": "08852", "access": "public", "ev_level1_evse_num": null, "ev_level2_evse_num": null, "ev_dc_fast_num": 1, "network": "ChargePoint Network", "connector_types": ["CHADEMO", "J1772COMBO"], "owner_type": null}}, {"type": "Feature", "geometry": {"type": "Point", "coordinates": [-74.542643, 40.411036]}, "properties": {"id": 260860, "name": "ROUTE 1 HYUNDAI RT1-01", "address": "3913 US-1", "city": "South Brunswick Township", "zip": "08852", "access": "public", "ev_level1_evse_num": null, "ev_level2_evse_num": null, "ev_dc_fast_num": 1, "network": "ChargePoint Network", "connector_types": ["CHADEMO", "J1772COMBO"], "owner_type": null}}, {"type": "Feature", "geometry": {"type": "Point", "coordinates": [-74.227058, 40.588183]}, "properties": {"id": 260888, "name": "ShopRite Carteret - Wakefern #511", "address": "801 Roosevelt Ave", "city": "Carteret", "zip": "07008", "access": "public", "ev_level1_evse_num": null, "ev_level2_evse_num": null, "ev_dc_fast_num": 4, "network": "eVgo Network", "connector_types": ["CHADEMO", "J1772COMBO"], "owner_type": null}}, {"type": "Feature", "geometry": {"type": "Point", "coordinates": [-74.130559, 40.326407]}, "properties": {"id": 260936, "name": "Brookdale College - 765 Newman Springs Rd", "address": "765 Newman Springs Rd", "city": "Lincroft", "zip": "07738", "access": "public", "ev_level1_evse_num": null, "ev_level2_evse_num": 12, "ev_dc_fast_num": null, "network": "FLO", "connector_types": ["J1772"], "owner_type": null}}, {"type": "Feature", "geometry": {"type": "Point", "coordinates": [-74.0635861, 40.1826813]}, "properties": {"id": 260937, "name": "Brookdale College - 800 Monmouth Blvd", "address": "800 Monmouth Blvd", "city": "Wall", "zip": "07719", "access": "public", "ev_level1_evse_num": null, "ev_level2_evse_num": 6, "ev_dc_fast_num": null, "network": "FLO", "connector_types": ["J1772"], "owner_type": null}}, {"type": "Feature", "geometry": {"type": "Point", "coordinates": [-74.292012, 40.265644]}, "properties": {"id": 260994, "name": "FREEHOLDHYUNDAI VERIZON 2", "address": "4075 9", "city": "Freehold Township", "zip": "07728", "access": "public", "ev_level1_evse_num": null, "ev_level2_evse_num": null, "ev_dc_fast_num": 1, "network": "ChargePoint Network", "connector_types": ["CHADEMO", "J1772COMBO"], "owner_type": null}}, {"type": "Feature", "geometry": {"type": "Point", "coordinates": [-74.292, 40.265589]}, "properties": {"id": 260995, "name": "FREEHOLDHYUNDAI VERIZON 1", "address": "4075 9", "city": "Freehold Township", "zip": "07728", "access": "public", "ev_level1_evse_num": null, "ev_level2_evse_num": null, "ev_dc_fast_num": 1, "network": "ChargePoint Network", "connector_types": ["CHADEMO", "J1772COMBO"], "owner_type": null}}, {"type": "Feature", "geometry": {"type": "Point", "coordinates": [-74.230393, 40.770564]}, "properties": {"id": 261046, "name": "APEX ORANGE APEX ST-1", "address": "276 Reock St", "city": "City of Orange", "zip": "07050", "access": "public", "ev_level1_evse_num": null, "ev_level2_evse_num": 2, "ev_dc_fast_num": null, "network": "ChargePoint Network", "connector_types": ["J1772"], "owner_type": null}}, {"type": "Feature", "geometry": {"type": "Point", "coordinates": [-74.230418, 40.770523]}, "properties": {"id": 261047, "name": "APEX ORANGE APEX ST-2", "address": "276 Reock St", "city": "City of Orange", "zip": "07050", "access": "public", "ev_level1_evse_num": null, "ev_level2_evse_num": 2, "ev_dc_fast_num": null, "network": "ChargePoint Network", "connector_types": ["J1772"], "owner_type": null}}, {"type": "Feature", "geometry": {"type": "Point", "coordinates": [-74.2799443078217, 40.77043875722227]}, "properties": {"id": 261103, "name": "The West", "address": "555 Northfield Avenue Suite A", "city": "West Orange", "zip": "07052", "access": "public", "ev_level1_evse_num": null, "ev_level2_evse_num": 8, "ev_dc_fast_num": null, "network": "Blink Network", "connector_types": ["J1772"], "owner_type": null}}, {"type": "Feature", "geometry": {"type": "Point", "coordinates": [-74.072516, 40.327846]}, "properties": {"id": 261194, "name": "CIRCLEAUTOGROUP CH- CPE250 1", "address": "641 Shrewsbury Ave", "city": "Shrewsbury", "zip": "07702", "access": "public", "ev_level1_evse_num": null, "ev_level2_evse_num": null, "ev_dc_fast_num": 1, "network": "ChargePoint Network", "connector_types": ["J1772COMBO", "TESLA"], "owner_type": null}}, {"type": "Feature", "geometry": {"type": "Point", "coordinates": [-74.564815, 40.619393]}, "properties": {"id": 261515, "name": "PINGRY BR 2", "address": "131 Martinsville Road Lot 1", "city": "Basking Ridge", "zip": "07920", "access": "public", "ev_level1_evse_num": null, "ev_level2_evse_num": 2, "ev_dc_fast_num": null, "network": "ChargePoint Network", "connector_types": ["J1772"], "owner_type": null}}, {"type": "Feature", "geometry": {"type": "Point", "coordinates": [-74.555984, 39.39971]}, "properties": {"id": 261692, "name": "CHAPMAN MAZDA MAZDA SALES", "address": "6744 E Black Horse Pike", "city": "Egg Harbor Township", "zip": "08234", "access": "public", "ev_level1_evse_num": null, "ev_level2_evse_num": 1, "ev_dc_fast_num": null, "network": "ChargePoint Network", "connector_types": ["J1772"], "owner_type": null}}, {"type": "Feature", "geometry": {"type": "Point", "coordinates": [-74.21198, 40.804676]}, "properties": {"id": 261731, "name": "ESSEX COUNTY GLENFIELD ST1", "address": "63 Maple Ave GLENFIELD PARK", "city": "Montclair", "zip": "07042", "access": "public", "ev_level1_evse_num": null, "ev_level2_evse_num": 2, "ev_dc_fast_num": null, "network": "ChargePoint Network", "connector_types": ["J1772"], "owner_type": null}}, {"type": "Feature", "geometry": {"type": "Point", "coordinates": [-75.032414, 39.729794]}, "properties": {"id": 261766, "name": "TOYOTA  1 SALES CT4K 1", "address": "3108 E Black Horse Pike", "city": "Washington Township", "zip": "08081", "access": "public", "ev_level1_evse_num": null, "ev_level2_evse_num": 2, "ev_dc_fast_num": null, "network": "ChargePoint Network", "connector_types": ["J1772"], "owner_type": null}}, {"type": "Feature", "geometry": {"type": "Point", "coordinates": [-75.031856, 39.730484]}, "properties": {"id": 261767, "name": "TOYOTA  1 SERVICECPE250 1", "address": "3108 E Black Horse Pike", "city": "Washington Township", "zip": "08081", "access": "public", "ev_level1_evse_num": null, "ev_level2_evse_num": null, "ev_dc_fast_num": 1, "network": "ChargePoint Network", "connector_types": ["CHADEMO", "J1772COMBO"], "owner_type": null}}, {"type": "Feature", "geometry": {"type": "Point", "coordinates": [-74.449927, 40.488173]}, "properties": {"id": 261857, "name": "CRISTINA LACERD STATION 1", "address": "173 Livingston Ave", "city": "New Brunswick", "zip": "08901", "access": "public", "ev_level1_evse_num": null, "ev_level2_evse_num": 2, "ev_dc_fast_num": null, "network": "ChargePoint Network", "connector_types": ["J1772"], "owner_type": null}}, {"type": "Feature", "geometry": {"type": "Point", "coordinates": [-74.0404258, 40.8842074]}, "properties": {"id": 262125, "name": "HRP Construction River Street", "address": "210 River St", "city": "Hackensack", "zip": "07601", "access": "public", "ev_level1_evse_num": null, "ev_level2_evse_num": 4, "ev_dc_fast_num": null, "network": "AMPUP", "connector_types": ["J1772"], "owner_type": "P"}}, {"type": "Feature", "geometry": {"type": "Point", "coordinates": [-74.48163137, 40.54633392]}, "properties": {"id": 262126, "name": "Keystone - Piscataway", "address": "30 Knightsbridge Rd", "city": "Piscataway", "zip": "08854", "access": "public", "ev_level1_evse_num": null, "ev_level2_evse_num": 8, "ev_dc_fast_num": null, "network": "AMPUP", "connector_types": ["J1772"], "owner_type": "P"}}, {"type": "Feature", "geometry": {"type": "Point", "coordinates": [-74.3167819, 40.5746259]}, "properties": {"id": 262216, "name": "581 Main Street", "address": "N Main St", "city": "Woodbridge Township", "zip": "07095", "access": "private", "ev_level1_evse_num": null, "ev_level2_evse_num": 4, "ev_dc_fast_num": null, "network": "AMPUP", "connector_types": ["J1772"], "owner_type": "P"}}, {"type": "Feature", "geometry": {"type": "Point", "coordinates": [-74.628628, 40.20725]}, "properties": {"id": 262276, "name": "JCM LIVING HORIZON", "address": "2a S Gold Dr", "city": "Hamilton Township", "zip": "08691", "access": "public", "ev_level1_evse_num": null, "ev_level2_evse_num": 2, "ev_dc_fast_num": null, "network": "ChargePoint Network", "connector_types": ["J1772"], "owner_type": null}}, {"type": "Feature", "geometry": {"type": "Point", "coordinates": [-74.08564, 40.7294]}, "properties": {"id": 262535, "name": "HUDSON COUNTY LP LOT A ST1", "address": "350 Duncan Ave", "city": "Jersey City", "zip": "07306", "access": "public", "ev_level1_evse_num": null, "ev_level2_evse_num": 2, "ev_dc_fast_num": null, "network": "ChargePoint Network", "connector_types": ["J1772"], "owner_type": null}}, {"type": "Feature", "geometry": {"type": "Point", "coordinates": [-74.040162, 40.887179]}, "properties": {"id": 262575, "name": "Current On River", "address": "18 East Camden Street", "city": "Hackensack", "zip": "07601", "access": "public", "ev_level1_evse_num": null, "ev_level2_evse_num": 4, "ev_dc_fast_num": null, "network": "Blink Network", "connector_types": ["J1772"], "owner_type": null}}, {"type": "Feature", "geometry": {"type": "Point", "coordinates": [-74.040162, 40.887219]}, "properties": {"id": 262631, "name": "Current On River 2", "address": "18 East Camden Street", "city": "Hackensack", "zip": "07601", "access": "public", "ev_level1_evse_num": null, "ev_level2_evse_num": 2, "ev_dc_fast_num": null, "network": "Blink Network", "connector_types": ["J1772"], "owner_type": null}}, {"type": "Feature", "geometry": {"type": "Point", "coordinates": [-74.526125, 39.444941]}, "properties": {"id": 262651, "name": "US GAS AND FOOD US GAS DC 1", "address": "261 E White Horse Pike", "city": "Galloway", "zip": "08205", "access": "public", "ev_level1_evse_num": null, "ev_level2_evse_num": null, "ev_dc_fast_num": 1, "network": "ChargePoint Network", "connector_types": ["CHADEMO", "J1772COMBO"], "owner_type": null}}, {"type": "Feature", "geometry": {"type": "Point", "coordinates": [-74.4504178, 40.4662446]}, "properties": {"id": 262711, "name": "Milltown Road associates, LLC", "address": "525 Milltown Rd", "city": "North Brunswick", "zip": "08902", "access": "public", "ev_level1_evse_num": null, "ev_level2_evse_num": 2, "ev_dc_fast_num": null, "network": "Blink Network", "connector_types": ["J1772"], "owner_type": null}}, {"type": "Feature", "geometry": {"type": "Point", "coordinates": [-74.735154, 41.080179]}, "properties": {"id": 262732, "name": "HYBRID CT4K 1", "address": "66 Hampton Ln", "city": "Lafayette", "zip": "07848", "access": "public", "ev_level1_evse_num": null, "ev_level2_evse_num": 2, "ev_dc_fast_num": null, "network": "ChargePoint Network", "connector_types": ["J1772"], "owner_type": null}}, {"type": "Feature", "geometry": {"type": "Point", "coordinates": [-74.526076, 39.444987]}, "properties": {"id": 262744, "name": "US GAS AND FOOD US GAS DC 2", "address": "261 East White Horse Pike", "city": "Galloway", "zip": "08205", "access": "public", "ev_level1_evse_num": null, "ev_level2_evse_num": null, "ev_dc_fast_num": 1, "network": "ChargePoint Network", "connector_types": ["CHADEMO", "J1772COMBO"], "owner_type": null}}, {"type": "Feature", "geometry": {"type": "Point", "coordinates": [-74.076337, 40.961415]}, "properties": {"id": 262785, "name": "633 RT17 AAF TRK DC RT", "address": "633 NJ-17", "city": "Paramus", "zip": "07652", "access": "public", "ev_level1_evse_num": null, "ev_level2_evse_num": null, "ev_dc_fast_num": 1, "network": "ChargePoint Network", "connector_types": ["CHADEMO", "J1772COMBO"], "owner_type": null}}, {"type": "Feature", "geometry": {"type": "Point", "coordinates": [-74.076343, 40.961437]}, "properties": {"id": 262793, "name": "633 RT17 AAF TRK DC LEFT", "address": "633 NJ-17", "city": "Paramus", "zip": "07652", "access": "public", "ev_level1_evse_num": null, "ev_level2_evse_num": null, "ev_dc_fast_num": 1, "network": "ChargePoint Network", "connector_types": ["CHADEMO", "J1772COMBO"], "owner_type": null}}, {"type": "Feature", "geometry": {"type": "Point", "coordinates": [-74.171194, 41.074873]}, "properties": {"id": 262833, "name": "MAHWAH C-AC-1", "address": "1900 volvo place", "city": "Mahwah", "zip": "07430", "access": "public", "ev_level1_evse_num": null, "ev_level2_evse_num": 2, "ev_dc_fast_num": null, "network": "ChargePoint Network", "connector_types": ["J1772"], "owner_type": null}}, {"type": "Feature", "geometry": {"type": "Point", "coordinates": [-74.171142, 41.074962]}, "properties": {"id": 262834, "name": "MAHWAH C-AC-2", "address": "1900 Volvo Place", "city": "Mahwah", "zip": "07430", "access": "public", "ev_level1_evse_num": null, "ev_level2_evse_num": 2, "ev_dc_fast_num": null, "network": "ChargePoint Network", "connector_types": ["J1772"], "owner_type": null}}, {"type": "Feature", "geometry": {"type": "Point", "coordinates": [-74.661986, 40.351439]}, "properties": {"id": 263011, "name": "PALMER SQUARE HULFISH 500", "address": "500 Paul Robeson Pl", "city": "Princeton", "zip": "08542", "access": "public", "ev_level1_evse_num": null, "ev_level2_evse_num": 2, "ev_dc_fast_num": null, "network": "ChargePoint Network", "connector_types": ["J1772"], "owner_type": null}}, {"type": "Feature", "geometry": {"type": "Point", "coordinates": [-74.662577, 40.350984]}, "properties": {"id": 263012, "name": "PALMER SQUARE HULFISH 200", "address": "47 Hulfish St", "city": "Princeton", "zip": "08542", "access": "public", "ev_level1_evse_num": null, "ev_level2_evse_num": 2, "ev_dc_fast_num": null, "network": "ChargePoint Network", "connector_types": ["J1772"], "owner_type": null}}, {"type": "Feature", "geometry": {"type": "Point", "coordinates": [-75.070435, 39.915455]}, "properties": {"id": 263021, "name": "COLLINGSWOOD NJ CWOOD DCFC1", "address": "611 N Atlantic Ave", "city": "Collingswood", "zip": "08108", "access": "public", "ev_level1_evse_num": null, "ev_level2_evse_num": null, "ev_dc_fast_num": 1, "network": "ChargePoint Network", "connector_types": ["CHADEMO", "J1772COMBO"], "owner_type": null}}, {"type": "Feature", "geometry": {"type": "Point", "coordinates": [-75.07055, 39.915504]}, "properties": {"id": 263022, "name": "COLLINGSWOOD NJ CWOOD DCFC2", "address": "611 N Atlantic Ave", "city": "Collingswood", "zip": "08108", "access": "public", "ev_level1_evse_num": null, "ev_level2_evse_num": null, "ev_dc_fast_num": 1, "network": "ChargePoint Network", "connector_types": ["CHADEMO", "J1772COMBO"], "owner_type": null}}, {"type": "Feature", "geometry": {"type": "Point", "coordinates": [-74.277953, 40.731956]}, "properties": {"id": 263023, "name": "TWPMAPLEWOOD WOODLAND60", "address": "60 Woodland Rd", "city": "Maplewood", "zip": "07040", "access": "public", "ev_level1_evse_num": null, "ev_level2_evse_num": 2, "ev_dc_fast_num": null, "network": "ChargePoint Network", "connector_types": ["J1772"], "owner_type": null}}, {"type": "Feature", "geometry": {"type": "Point", "coordinates": [-74.022148, 40.764552]}, "properties": {"id": 274902, "name": "PANYNJ LT 500BLVD 2", "address": "500 Boulevard E Lincoln Tunnel", "city": "Weehawken", "zip": "07086", "access": "public", "ev_level1_evse_num": null, "ev_level2_evse_num": 1, "ev_dc_fast_num": null, "network": "ChargePoint Network", "connector_types": ["J1772"], "owner_type": null}}, {"type": "Feature", "geometry": {"type": "Point", "coordinates": [-74.03008, 40.90456]}, "properties": {"id": 279322, "name": "Simon Shops at Riverside (Hackensack, NJ)", "address": "390 Hackensack Ave", "city": "Hackensack", "zip": "07601", "access": "public", "ev_level1_evse_num": null, "ev_level2_evse_num": null, "ev_dc_fast_num": 4, "network": "Electrify America", "connector_types": ["J1772COMBO"], "owner_type": null}}, {"type": "Feature", "geometry": {"type": "Point", "coordinates": [-74.386074, 40.804989]}, "properties": {"id": 294098, "name": "EH B347 CHARGER 4", "address": "1 Health Plaza", "city": "East Hanover", "zip": "07936", "access": "public", "ev_level1_evse_num": null, "ev_level2_evse_num": 2, "ev_dc_fast_num": null, "network": "ChargePoint Network", "connector_types": ["J1772"], "owner_type": null}}, {"type": "Feature", "geometry": {"type": "Point", "coordinates": [-74.347975, 40.525918]}, "properties": {"id": 294449, "name": "CAEMPLOYEE STATION1", "address": "114 Tived LN E", "city": "EDISON", "zip": "08837", "access": "public", "ev_level1_evse_num": null, "ev_level2_evse_num": 2, "ev_dc_fast_num": null, "network": "ChargePoint Network", "connector_types": ["J1772"], "owner_type": null}}, {"type": "Feature", "geometry": {"type": "Point", "coordinates": [-74.34665, 40.525947]}, "properties": {"id": 294602, "name": "CAEMPLOYEE STATION 2", "address": "114 Tived Ln E", "city": "Edison", "zip": "08837", "access": "public", "ev_level1_evse_num": null, "ev_level2_evse_num": 2, "ev_dc_fast_num": null, "network": "ChargePoint Network", "connector_types": ["J1772"], "owner_type": null}}, {"type": "Feature", "geometry": {"type": "Point", "coordinates": [-75.36008049, 39.75990504]}, "properties": {"id": 296743, "name": "Wawa - Tesla Supercharger", "address": "1700 Center Square Road", "city": "Swedesboro", "zip": "08085", "access": "public", "ev_level1_evse_num": null, "ev_level2_evse_num": null, "ev_dc_fast_num": 12, "network": "Tesla", "connector_types": ["TESLA"], "owner_type": "P"}}, {"type": "Feature", "geometry": {"type": "Point", "coordinates": [-74.526079, 39.444975]}, "properties": {"id": 300331, "name": "US GAS AND FOOD US GAS DC 3", "address": "261 E White Horse Pike", "city": "Galloway", "zip": "08205", "access": "public", "ev_level1_evse_num": null, "ev_level2_evse_num": null, "ev_dc_fast_num": 1, "network": "ChargePoint Network", "connector_types": ["CHADEMO", "J1772COMBO"], "owner_type": null}}, {"type": "Feature", "geometry": {"type": "Point", "coordinates": [-74.480046, 39.337811]}, "properties": {"id": 301811, "name": "VENTNORDPWCORNW STATION 2809", "address": "6301 Ocean Ave", "city": "Ventnor City", "zip": "08406", "access": "public", "ev_level1_evse_num": null, "ev_level2_evse_num": 2, "ev_dc_fast_num": null, "network": "ChargePoint Network", "connector_types": ["J1772"], "owner_type": null}}, {"type": "Feature", "geometry": {"type": "Point", "coordinates": [-74.790086, 39.993593]}, "properties": {"id": 302188, "name": "Mount Holly Township", "address": "23 Washington St", "city": "Mount Holly", "zip": "08060", "access": "public", "ev_level1_evse_num": null, "ev_level2_evse_num": null, "ev_dc_fast_num": 2, "network": "FLO", "connector_types": ["CHADEMO", "J1772COMBO"], "owner_type": null}}, {"type": "Feature", "geometry": {"type": "Point", "coordinates": [-74.990857, 39.689505]}, "properties": {"id": 302369, "name": "ShopRite Williamstown - Wakefern #504", "address": "100 S Black Horse Pike", "city": "Williamstown", "zip": "08094", "access": "public", "ev_level1_evse_num": null, "ev_level2_evse_num": null, "ev_dc_fast_num": 6, "network": "eVgo Network", "connector_types": ["J1772COMBO", "TESLA"], "owner_type": null}}, {"type": "Feature", "geometry": {"type": "Point", "coordinates": [-74.15879, 40.760188]}, "properties": {"id": 302463, "name": "EV REQUIRED T2881 STATION 3", "address": "200 Passaic Ave", "city": "Kearny", "zip": "07032", "access": "public", "ev_level1_evse_num": null, "ev_level2_evse_num": 2, "ev_dc_fast_num": null, "network": "ChargePoint Network", "connector_types": ["J1772"], "owner_type": null}}, {"type": "Feature", "geometry": {"type": "Point", "coordinates": [-74.158774, 40.760192]}, "properties": {"id": 302464, "name": "EV REQUIRED T2881 STATION 6", "address": "200 Passaic Ave", "city": "Kearny", "zip": "07032", "access": "public", "ev_level1_evse_num": null, "ev_level2_evse_num": 2, "ev_dc_fast_num": null, "network": "ChargePoint Network", "connector_types": ["J1772"], "owner_type": null}}, {"type": "Feature", "geometry": {"type": "Point", "coordinates": [-74.159361, 40.759951]}, "properties": {"id": 302465, "name": "EV REQUIRED T2881 STATION 7", "address": "190 Passaic Ave", "city": "Kearny", "zip": "07032", "access": "public", "ev_level1_evse_num": null, "ev_level2_evse_num": 2, "ev_dc_fast_num": null, "network": "ChargePoint Network", "connector_types": ["J1772"], "owner_type": null}}, {"type": "Feature", "geometry": {"type": "Point", "coordinates": [-74.159246, 40.759862]}, "properties": {"id": 302466, "name": "EV REQUIRED T2881 STATION 8", "address": "190 Passaic Ave", "city": "Kearny", "zip": "07032", "access": "public", "ev_level1_evse_num": null, "ev_level2_evse_num": 2, "ev_dc_fast_num": null, "network": "ChargePoint Network", "connector_types": ["J1772"], "owner_type": null}}, {"type": "Feature", "geometry": {"type": "Point", "coordinates": [-74.159326, 40.760133]}, "properties": {"id": 302467, "name": "EV REQUIRED T2881 STATION 2", "address": "196-230 Passaic Ave", "city": "Kearny", "zip": "07032", "access": "public", "ev_level1_evse_num": null, "ev_level2_evse_num": 2, "ev_dc_fast_num": null, "network": "ChargePoint Network", "connector_types": ["J1772"], "owner_type": null}}, {"type": "Feature", "geometry": {"type": "Point", "coordinates": [-74.15939, 40.760111]}, "properties": {"id": 302468, "name": "EV REQUIRED T2881 STATION 4", "address": "196-230 Passaic Ave", "city": "Kearny", "zip": "07032", "access": "public", "ev_level1_evse_num": null, "ev_level2_evse_num": 2, "ev_dc_fast_num": null, "network": "ChargePoint Network", "connector_types": ["J1772"], "owner_type": null}}, {"type": "Feature", "geometry": {"type": "Point", "coordinates": [-74.158798, 40.760199]}, "properties": {"id": 302506, "name": "EV REQUIRED T2881 STATION 1", "address": "200 Passaic Ave", "city": "Kearny", "zip": "07032", "access": "public", "ev_level1_evse_num": null, "ev_level2_evse_num": 1, "ev_dc_fast_num": null, "network": "ChargePoint Network", "connector_types": ["J1772"], "owner_type": null}}, {"type": "Feature", "geometry": {"type": "Point", "coordinates": [-74.28162, 40.768246]}, "properties": {"id": 302524, "name": "ESSEX COUNTY ZOO DC 1 SUPER", "address": "560 Northfield Ave SECOND PARKING DECK LEVEL", "city": "West Orange", "zip": "07052", "access": "public", "ev_level1_evse_num": null, "ev_level2_evse_num": null, "ev_dc_fast_num": 1, "network": "ChargePoint Network", "connector_types": ["CHADEMO", "J1772COMBO"], "owner_type": null}}, {"type": "Feature", "geometry": {"type": "Point", "coordinates": [-74.18202, 40.7372]}, "properties": {"id": 302525, "name": "ESSEX COUNTY ADMIN DC 1", "address": "5 13th Ave JUROR LOT Howard Street or South O", "city": "Newark", "zip": "07102", "access": "public", "ev_level1_evse_num": null, "ev_level2_evse_num": null, "ev_dc_fast_num": 1, "network": "ChargePoint Network", "connector_types": ["CHADEMO", "J1772COMBO"], "owner_type": null}}, {"type": "Feature", "geometry": {"type": "Point", "coordinates": [-74.274171, 40.607996]}, "properties": {"id": 302560, "name": "THEMINTATRAHWAY MINT STATION #3", "address": "84 Monroe St", "city": "Rahway", "zip": "07065", "access": "public", "ev_level1_evse_num": null, "ev_level2_evse_num": 1, "ev_dc_fast_num": null, "network": "ChargePoint Network", "connector_types": ["J1772"], "owner_type": null}}, {"type": "Feature", "geometry": {"type": "Point", "coordinates": [-74.27415, 40.607988]}, "properties": {"id": 302561, "name": "THEMINTATRAHWAY MINT STATION #2", "address": "84 Monroe St", "city": "Rahway", "zip": "07065", "access": "public", "ev_level1_evse_num": null, "ev_level2_evse_num": 1, "ev_dc_fast_num": null, "network": "ChargePoint Network", "connector_types": ["J1772"], "owner_type": null}}, {"type": "Feature", "geometry": {"type": "Point", "coordinates": [-74.274085, 40.607996]}, "properties": {"id": 302562, "name": "THEMINTATRAHWAY MINT STATION #1", "address": "84 Monroe St", "city": "Rahway", "zip": "07065", "access": "public", "ev_level1_evse_num": null, "ev_level2_evse_num": 1, "ev_dc_fast_num": null, "network": "ChargePoint Network", "connector_types": ["J1772"], "owner_type": null}}, {"type": "Feature", "geometry": {"type": "Point", "coordinates": [-74.03248, 40.992507]}, "properties": {"id": 302687, "name": "Center Avenue North Lot", "address": "266 Center Ave", "city": "Westwood", "zip": "07675", "access": "public", "ev_level1_evse_num": null, "ev_level2_evse_num": 4, "ev_dc_fast_num": null, "network": "Non-Networked", "connector_types": ["J1772"], "owner_type": "LG"}}, {"type": "Feature", "geometry": {"type": "Point", "coordinates": [-74.031099, 40.990466]}, "properties": {"id": 302688, "name": "Center Avenue South Lot", "address": "90 Center Ave", "city": "Westwood", "zip": "07675", "access": "public", "ev_level1_evse_num": null, "ev_level2_evse_num": 4, "ev_dc_fast_num": null, "network": "Non-Networked", "connector_types": ["J1772"], "owner_type": "LG"}}, {"type": "Feature", "geometry": {"type": "Point", "coordinates": [-74.030486, 40.991702]}, "properties": {"id": 302689, "name": "Fairview Avenue Lot", "address": "208 Fairview Ave", "city": "Westwood", "zip": "07675", "access": "public", "ev_level1_evse_num": null, "ev_level2_evse_num": 4, "ev_dc_fast_num": null, "network": "Non-Networked", "connector_types": ["J1772"], "owner_type": "LG"}}, {"type": "Feature", "geometry": {"type": "Point", "coordinates": [-74.440242, 39.360059]}, "properties": {"id": 302712, "name": "WAVE 1", "address": "2200 Fairmount Ave", "city": "Atlantic City", "zip": "08401", "access": "public", "ev_level1_evse_num": null, "ev_level2_evse_num": 2, "ev_dc_fast_num": null, "network": "ChargePoint Network", "connector_types": ["J1772"], "owner_type": null}}, {"type": "Feature", "geometry": {"type": "Point", "coordinates": [-74.483734, 40.345536]}, "properties": {"id": 302971, "name": "Courtyard by Marriott Cranbury South Brunswick - Tesla Supercharger", "address": "420 Forsgate Dr", "city": "Cranbury", "zip": "08512", "access": "public", "ev_level1_evse_num": null, "ev_level2_evse_num": null, "ev_dc_fast_num": 16, "network": "Tesla", "connector_types": ["TESLA"], "owner_type": "P"}}, {"type": "Feature", "geometry": {"type": "Point", "coordinates": [-73.979016, 40.829601]}, "properties": {"id": 303131, "name": "BUCKINGHAM TWR CHARGER 2", "address": "800 Palisade Ave", "city": "Fort Lee", "zip": "07024", "access": "public", "ev_level1_evse_num": null, "ev_level2_evse_num": 2, "ev_dc_fast_num": null, "network": "ChargePoint Network", "connector_types": ["J1772"], "owner_type": null}}, {"type": "Feature", "geometry": {"type": "Point", "coordinates": [-73.978776, 40.829626]}, "properties": {"id": 303132, "name": "BUCKINGHAM TWR CHARGER 1", "address": "800 Palisade Ave", "city": "Fort Lee", "zip": "07024", "access": "public", "ev_level1_evse_num": null, "ev_level2_evse_num": 2, "ev_dc_fast_num": null, "network": "ChargePoint Network", "connector_types": ["J1772"], "owner_type": null}}, {"type": "Feature", "geometry": {"type": "Point", "coordinates": [-74.1942012426638, 40.8737774001968]}, "properties": {"id": 303221, "name": "SWTCH Energy", "address": "Rt 46 & Clove Rd", "city": "Little Falls", "zip": "07424", "access": "public", "ev_level1_evse_num": null, "ev_level2_evse_num": 5, "ev_dc_fast_num": null, "network": "SWTCH", "connector_types": ["J1772"], "owner_type": "P"}}, {"type": "Feature", "geometry": {"type": "Point", "coordinates": [-74.033022, 41.035009]}, "properties": {"id": 303745, "name": "BOPR BERTHOUD", "address": "99 Berthoud St", "city": "Park Ridge", "zip": "07656", "access": "public", "ev_level1_evse_num": null, "ev_level2_evse_num": 2, "ev_dc_fast_num": null, "network": "ChargePoint Network", "connector_types": ["J1772"], "owner_type": null}}, {"type": "Feature", "geometry": {"type": "Point", "coordinates": [-74.041254, 41.030706]}, "properties": {"id": 303746, "name": "BOPR SULAK", "address": "18 Sulak Ln", "city": "Park Ridge", "zip": "07656", "access": "public", "ev_level1_evse_num": null, "ev_level2_evse_num": 2, "ev_dc_fast_num": null, "network": "ChargePoint Network", "connector_types": ["J1772"], "owner_type": null}}, {"type": "Feature", "geometry": {"type": "Point", "coordinates": [-74.037602, 41.034269]}, "properties": {"id": 303747, "name": "BOPR BOROUGH HALL", "address": "53 Park Ave Behind Borough Hall", "city": "Park Ridge", "zip": "07656", "access": "public", "ev_level1_evse_num": null, "ev_level2_evse_num": 2, "ev_dc_fast_num": null, "network": "ChargePoint Network", "connector_types": ["J1772"], "owner_type": null}}, {"type": "Feature", "geometry": {"type": "Point", "coordinates": [-74.814001, 39.082751]}, "properties": {"id": 303786, "name": "GM - Burke Cadillac", "address": "227 Bayberry Dr", "city": "Cape May Court House", "zip": "08210", "access": "public", "ev_level1_evse_num": null, "ev_level2_evse_num": null, "ev_dc_fast_num": 1, "network": "EV Connect", "connector_types": ["J1772COMBO"], "owner_type": null}}, {"type": "Feature", "geometry": {"type": "Point", "coordinates": [-74.038134, 40.8947]}, "properties": {"id": 306469, "name": "520 RIVER ST HACK DC RIGHT", "address": "520 River St", "city": "Hackensack", "zip": "07601", "access": "public", "ev_level1_evse_num": null, "ev_level2_evse_num": null, "ev_dc_fast_num": 1, "network": "ChargePoint Network", "connector_types": ["CHADEMO", "J1772COMBO"], "owner_type": null}}, {"type": "Feature", "geometry": {"type": "Point", "coordinates": [-74.038174, 40.894698]}, "properties": {"id": 306472, "name": "520 RIVER ST HACK DC LEFT", "address": "520 River St", "city": "Hackensack", "zip": "07601", "access": "public", "ev_level1_evse_num": null, "ev_level2_evse_num": null, "ev_dc_fast_num": 1, "network": "ChargePoint Network", "connector_types": ["CHADEMO", "J1772COMBO"], "owner_type": null}}, {"type": "Feature", "geometry": {"type": "Point", "coordinates": [-74.23503, 40.847412]}, "properties": {"id": 306781, "name": "ESSEX COUNTY EAGLE FIELD", "address": "50 Grove Ave, Cedar Grove, NJ BLASI FIELD", "city": "Cedar Grove", "zip": "07009", "access": "public", "ev_level1_evse_num": null, "ev_level2_evse_num": 2, "ev_dc_fast_num": null, "network": "ChargePoint Network", "connector_types": ["J1772"], "owner_type": null}}, {"type": "Feature", "geometry": {"type": "Point", "coordinates": [-75.119777, 39.708404]}, "properties": {"id": 306884, "name": "ROWAN UNIV LOT H-STA 1", "address": "Rt-322 at Campbell Library", "city": "Glassboro", "zip": "08028", "access": "public", "ev_level1_evse_num": null, "ev_level2_evse_num": 2, "ev_dc_fast_num": null, "network": "ChargePoint Network", "connector_types": ["J1772"], "owner_type": null}}, {"type": "Feature", "geometry": {"type": "Point", "coordinates": [-75.119717, 39.708368]}, "properties": {"id": 306885, "name": "ROWAN UNIV LOT H-STA 2", "address": "Rt-322 at Campbell Library", "city": "Glassboro", "zip": "08028", "access": "public", "ev_level1_evse_num": null, "ev_level2_evse_num": 2, "ev_dc_fast_num": null, "network": "ChargePoint Network", "connector_types": ["J1772"], "owner_type": null}}, {"type": "Feature", "geometry": {"type": "Point", "coordinates": [-74.021139, 40.783971]}, "properties": {"id": 306891, "name": "WEST NEW YORK 51ST GARAGE #1", "address": "523 52nd St", "city": "West New York", "zip": "07093", "access": "public", "ev_level1_evse_num": null, "ev_level2_evse_num": 2, "ev_dc_fast_num": null, "network": "ChargePoint Network", "connector_types": ["J1772"], "owner_type": null}}, {"type": "Feature", "geometry": {"type": "Point", "coordinates": [-74.154826, 40.808323]}, "properties": {"id": 307480, "name": "JCM LIVING JCM NUTLEY", "address": "215 Hancox Ave", "city": "Nutley", "zip": "07110", "access": "public", "ev_level1_evse_num": null, "ev_level2_evse_num": 2, "ev_dc_fast_num": null, "network": "ChargePoint Network", "connector_types": ["J1772"], "owner_type": null}}, {"type": "Feature", "geometry": {"type": "Point", "coordinates": [-74.344925, 39.593266]}, "properties": {"id": 307485, "name": "JCM LIVING JCM BARTLETT", "address": "28 Santa Cruz Road", "city": "Tuckerton", "zip": "08087", "access": "public", "ev_level1_evse_num": null, "ev_level2_evse_num": 2, "ev_dc_fast_num": null, "network": "ChargePoint Network", "connector_types": ["J1772"], "owner_type": null}}, {"type": "Feature", "geometry": {"type": "Point", "coordinates": [-74.913014, 40.634375]}, "properties": {"id": 307542, "name": "View 22", "address": "49 NJSH Route 173", "city": "Clinton", "zip": "08809", "access": "public", "ev_level1_evse_num": null, "ev_level2_evse_num": 6, "ev_dc_fast_num": null, "network": "EV Connect", "connector_types": ["J1772"], "owner_type": null}}, {"type": "Feature", "geometry": {"type": "Point", "coordinates": [-74.030003, 40.904349]}, "properties": {"id": 307818, "name": "The Shops at Riverside - Tesla Supercharger", "address": "390 Hackensack Avenue", "city": "Hackensack", "zip": "07601", "access": "public", "ev_level1_evse_num": null, "ev_level2_evse_num": null, "ev_dc_fast_num": 8, "network": "Tesla", "connector_types": ["TESLA"], "owner_type": "P"}}, {"type": "Feature", "geometry": {"type": "Point", "coordinates": [-74.2672784, 40.6110148]}, "properties": {"id": 308114, "name": "Merck Lot B28", "address": "Merck Rahway 90 E Scott Ave", "city": "Rahway", "zip": "07065", "access": "public", "ev_level1_evse_num": null, "ev_level2_evse_num": 3, "ev_dc_fast_num": null, "network": "OpConnect", "connector_types": ["J1772"], "owner_type": null}}, {"type": "Feature", "geometry": {"type": "Point", "coordinates": [-74.2672784, 40.6110148]}, "properties": {"id": 308259, "name": "Merck Lot B32", "address": "Merck Rahway 90 E Scott Ave", "city": "Rahway", "zip": "07065", "access": "public", "ev_level1_evse_num": null, "ev_level2_evse_num": 8, "ev_dc_fast_num": null, "network": "OpConnect", "connector_types": ["J1772"], "owner_type": null}}, {"type": "Feature", "geometry": {"type": "Point", "coordinates": [-74.161451, 41.111906]}, "properties": {"id": 308275, "name": "JLR MAHWAH DCFAST 08", "address": "100 Jaguar Land Rover Way", "city": "Mahwah", "zip": "07495", "access": "public", "ev_level1_evse_num": null, "ev_level2_evse_num": null, "ev_dc_fast_num": 1, "network": "ChargePoint Network", "connector_types": ["CHADEMO", "J1772COMBO"], "owner_type": null}}, {"type": "Feature", "geometry": {"type": "Point", "coordinates": [-74.161405, 41.111854]}, "properties": {"id": 308276, "name": "JLR MAHWAH DCFAST 10", "address": "100 Jaguar Land Rover Way", "city": "Mahwah", "zip": "07495", "access": "public", "ev_level1_evse_num": null, "ev_level2_evse_num": null, "ev_dc_fast_num": 1, "network": "ChargePoint Network", "connector_types": ["CHADEMO", "J1772COMBO"], "owner_type": null}}, {"type": "Feature", "geometry": {"type": "Point", "coordinates": [-74.16142, 41.111973]}, "properties": {"id": 308280, "name": "JLR MAHWAH DCFAST 05", "address": "100 Jaguar Land Rover Way", "city": "Mahwah", "zip": "07495", "access": "public", "ev_level1_evse_num": null, "ev_level2_evse_num": null, "ev_dc_fast_num": 1, "network": "ChargePoint Network", "connector_types": ["CHADEMO", "J1772COMBO"], "owner_type": null}}, {"type": "Feature", "geometry": {"type": "Point", "coordinates": [-74.07241, 40.946307]}, "properties": {"id": 308356, "name": "375 RT17 PARAMUS LVL2 #1", "address": "375 NJ-17", "city": "Paramus", "zip": "07652", "access": "public", "ev_level1_evse_num": null, "ev_level2_evse_num": 2, "ev_dc_fast_num": null, "network": "ChargePoint Network", "connector_types": ["J1772"], "owner_type": null}}, {"type": "Feature", "geometry": {"type": "Point", "coordinates": [-74.072427, 40.946415]}, "properties": {"id": 308357, "name": "375 RT17 PARAMUS LVL2 #2", "address": "375 NJ-17", "city": "Paramus", "zip": "07652", "access": "public", "ev_level1_evse_num": null, "ev_level2_evse_num": 2, "ev_dc_fast_num": null, "network": "ChargePoint Network", "connector_types": ["J1772"], "owner_type": null}}, {"type": "Feature", "geometry": {"type": "Point", "coordinates": [-74.422969, 39.358596]}, "properties": {"id": 308376, "name": "RESORTS CASINO SURFACE LOT", "address": "1201 Boardwalk", "city": "Atlantic City", "zip": "08401", "access": "public", "ev_level1_evse_num": null, "ev_level2_evse_num": 2, "ev_dc_fast_num": null, "network": "ChargePoint Network", "connector_types": ["J1772"], "owner_type": null}}, {"type": "Feature", "geometry": {"type": "Point", "coordinates": [-74.55543303, 39.39844924]}, "properties": {"id": 308423, "name": "Wawa - Tesla Supercharger", "address": "6743 E Black Horse Pike", "city": "Egg Harbor Township", "zip": "08234", "access": "public", "ev_level1_evse_num": null, "ev_level2_evse_num": null, "ev_dc_fast_num": 8, "network": "Tesla", "connector_types": ["TESLA"], "owner_type": "P"}}, {"type": "Feature", "geometry": {"type": "Point", "coordinates": [-74.2672784, 40.6110148]}, "properties": {"id": 308504, "name": "Merck Lot B50", "address": "Merck Rahway 90 E Scott Ave", "city": "Rahway", "zip": "07065", "access": "public", "ev_level1_evse_num": null, "ev_level2_evse_num": 10, "ev_dc_fast_num": null, "network": "OpConnect", "connector_types": ["J1772"], "owner_type": null}}, {"type": "Feature", "geometry": {"type": "Point", "coordinates": [-74.2672784, 40.6110148]}, "properties": {"id": 308669, "name": "Merck SPARE LOCATION", "address": "Merck Rahway 90 E Scott Ave", "city": "Rahway", "zip": "07065", "access": "public", "ev_level1_evse_num": null, "ev_level2_evse_num": 11, "ev_dc_fast_num": null, "network": "OpConnect", "connector_types": ["J1772"], "owner_type": null}}, {"type": "Feature", "geometry": {"type": "Point", "coordinates": [-74.427111, 40.400039]}, "properties": {"id": 308679, "name": "CHATEAU GRANDE CGH SLOW CHGR 2", "address": "678 Cranbury Rd", "city": "East Brunswick", "zip": "08816", "access": "public", "ev_level1_evse_num": null, "ev_level2_evse_num": 2, "ev_dc_fast_num": null, "network": "ChargePoint Network", "connector_types": ["J1772"], "owner_type": null}}, {"type": "Feature", "geometry": {"type": "Point", "coordinates": [-74.427143, 40.400031]}, "properties": {"id": 308680, "name": "CHATEAU GRANDE CGH SLOW CHGR 1", "address": "678 Cranbury Rd", "city": "East Brunswick", "zip": "08816", "access": "public", "ev_level1_evse_num": null, "ev_level2_evse_num": 2, "ev_dc_fast_num": null, "network": "ChargePoint Network", "connector_types": ["J1772"], "owner_type": null}}, {"type": "Feature", "geometry": {"type": "Point", "coordinates": [-74.7544414, 40.2120827]}, "properties": {"id": 308887, "name": "Roebling Lofts", "address": "71 Clark Street", "city": "Trenton", "zip": "8611", "access": "public", "ev_level1_evse_num": null, "ev_level2_evse_num": 6, "ev_dc_fast_num": null, "network": "Blink Network", "connector_types": ["J1772"], "owner_type": null}}, {"type": "Feature", "geometry": {"type": "Point", "coordinates": [-74.48282, 40.5204483]}, "properties": {"id": 308991, "name": "Colgate Palmolive", "address": "909 River Road", "city": "Piscataway", "zip": "8854", "access": "public", "ev_level1_evse_num": null, "ev_level2_evse_num": 19, "ev_dc_fast_num": null, "network": "Blink Network", "connector_types": ["J1772"], "owner_type": null}}, {"type": "Feature", "geometry": {"type": "Point", "coordinates": [-74.02401003, 40.78896551]}, "properties": {"id": 309140, "name": "430805  Avalon North Bergen", "address": "5665 John F. Kennedy Boulevard", "city": "North Bergen", "zip": "7047", "access": "public", "ev_level1_evse_num": null, "ev_level2_evse_num": 4, "ev_dc_fast_num": null, "network": "Blink Network", "connector_types": ["J1772"], "owner_type": null}}, {"type": "Feature", "geometry": {"type": "Point", "coordinates": [-74.1957269, 40.6820877]}, "properties": {"id": 309163, "name": "The Avion", "address": "1023 Neck Lane", "city": "Elizabeth", "zip": "7201", "access": "public", "ev_level1_evse_num": null, "ev_level2_evse_num": 4, "ev_dc_fast_num": null, "network": "Blink Network", "connector_types": ["J1772"], "owner_type": null}}, {"type": "Feature", "geometry": {"type": "Point", "coordinates": [-73.9785309, 40.820701]}, "properties": {"id": 309291, "name": "430803  Avalon at Edgewater", "address": "100 River Mews Lane", "city": "Edgewater", "zip": "7020", "access": "public", "ev_level1_evse_num": null, "ev_level2_evse_num": 4, "ev_dc_fast_num": null, "network": "Blink Network", "connector_types": ["J1772"], "owner_type": null}}, {"type": "Feature", "geometry": {"type": "Point", "coordinates": [-74.0354456, 40.7225416]}, "properties": {"id": 309397, "name": "430804  Avalon Cove", "address": "444 Washington Boulevard", "city": "Jersey City", "zip": "7310", "access": "public", "ev_level1_evse_num": null, "ev_level2_evse_num": 4, "ev_dc_fast_num": null, "network": "Blink Network", "connector_types": ["J1772"], "owner_type": null}}, {"type": "Feature", "geometry": {"type": "Point", "coordinates": [-74.417316, 40.4881042]}, "properties": {"id": 310012, "name": "The Edge at Raritan Heights", "address": "11 U.S. 1 South", "city": "New Brunswick", "zip": "8901", "access": "public", "ev_level1_evse_num": null, "ev_level2_evse_num": 4, "ev_dc_fast_num": null, "network": "Blink Network", "connector_types": ["J1772"], "owner_type": null}}, {"type": "Feature", "geometry": {"type": "Point", "coordinates": [-74.757612, 39.054988]}, "properties": {"id": 310054, "name": "Stone Harbor", "address": "9301 2nd Ave", "city": "Stone Harbor", "zip": "08247", "access": "public", "ev_level1_evse_num": null, "ev_level2_evse_num": null, "ev_dc_fast_num": 2, "network": "Blink Network", "connector_types": ["CHADEMO", "J1772COMBO"], "owner_type": null}}, {"type": "Feature", "geometry": {"type": "Point", "coordinates": [-74.57843587116405, 40.69551549082746]}, "properties": {"id": 310066, "name": "Daiichi Sankyo, Inc", "address": "211 Mount Airy Road", "city": "Bernards", "zip": "07920", "access": "public", "ev_level1_evse_num": null, "ev_level2_evse_num": 8, "ev_dc_fast_num": null, "network": "Blink Network", "connector_types": ["J1772"], "owner_type": null}}, {"type": "Feature", "geometry": {"type": "Point", "coordinates": [-74.65347007576717, 40.20100306767117]}, "properties": {"id": 310191, "name": "Genesis Village", "address": "300 Cabot Drive", "city": "Hamilton Township", "zip": "08691", "access": "public", "ev_level1_evse_num": null, "ev_level2_evse_num": 2, "ev_dc_fast_num": null, "network": "Blink Network", "connector_types": ["J1772"], "owner_type": null}}, {"type": "Feature", "geometry": {"type": "Point", "coordinates": [-74.930906, 38.943353]}, "properties": {"id": 310508, "name": "West Cape May Parking Lot", "address": "32 Broadway", "city": "Cape MAy", "zip": "08204", "access": "public", "ev_level1_evse_num": null, "ev_level2_evse_num": 2, "ev_dc_fast_num": null, "network": "FLO", "connector_types": ["J1772"], "owner_type": null}}, {"type": "Feature", "geometry": {"type": "Point", "coordinates": [-74.317221, 40.556234]}, "properties": {"id": 310579, "name": "BUILDING 4 BUILDING 4", "address": "3 Ronson Rd", "city": "Woodbridge Township", "zip": "08830", "access": "public", "ev_level1_evse_num": null, "ev_level2_evse_num": 2, "ev_dc_fast_num": null, "network": "ChargePoint Network", "connector_types": ["J1772"], "owner_type": null}}, {"type": "Feature", "geometry": {"type": "Point", "coordinates": [-74.076587, 40.961485]}, "properties": {"id": 310612, "name": "633 RT17 TRUCK CTR LVL 2", "address": "633 NJ-17", "city": "Paramus", "zip": "07652", "access": "public", "ev_level1_evse_num": null, "ev_level2_evse_num": 2, "ev_dc_fast_num": null, "network": "ChargePoint Network", "connector_types": ["J1772"], "owner_type": null}}, {"type": "Feature", "geometry": {"type": "Point", "coordinates": [-74.57773, 39.279804]}, "properties": {"id": 310803, "name": "OCEAN CITY OC DC PS1", "address": "112 E 9th St", "city": "Ocean City", "zip": "08226", "access": "public", "ev_level1_evse_num": null, "ev_level2_evse_num": null, "ev_dc_fast_num": 1, "network": "ChargePoint Network", "connector_types": ["J1772COMBO", "TESLA"], "owner_type": null}}, {"type": "Feature", "geometry": {"type": "Point", "coordinates": [-74.57765, 39.279758]}, "properties": {"id": 310804, "name": "OCEAN CITY OC DC PS4", "address": "112 E 9th St", "city": "Ocean City", "zip": "08226", "access": "public", "ev_level1_evse_num": null, "ev_level2_evse_num": null, "ev_dc_fast_num": 1, "network": "ChargePoint Network", "connector_types": ["J1772COMBO", "TESLA"], "owner_type": null}}, {"type": "Feature", "geometry": {"type": "Point", "coordinates": [-74.5777, 39.279793]}, "properties": {"id": 310821, "name": "OCEAN CITY OC DC PS2", "address": "112 E 9th St", "city": "Ocean City", "zip": "08226", "access": "public", "ev_level1_evse_num": null, "ev_level2_evse_num": null, "ev_dc_fast_num": 1, "network": "ChargePoint Network", "connector_types": ["J1772COMBO", "TESLA"], "owner_type": null}}, {"type": "Feature", "geometry": {"type": "Point", "coordinates": [-74.577681, 39.279779]}, "properties": {"id": 310822, "name": "OCEAN CITY OC DC PS3", "address": "112 E 9th St", "city": "Ocean City", "zip": "08226", "access": "public", "ev_level1_evse_num": null, "ev_level2_evse_num": null, "ev_dc_fast_num": 1, "network": "ChargePoint Network", "connector_types": ["J1772COMBO", "TESLA"], "owner_type": null}}, {"type": "Feature", "geometry": {"type": "Point", "coordinates": [-74.7742468771178, 39.12768915997972]}, "properties": {"id": 310891, "name": "Avalon Honda", "address": "100 Avalon Boulevard", "city": "Cape May Court House", "zip": "08210", "access": "public", "ev_level1_evse_num": null, "ev_level2_evse_num": null, "ev_dc_fast_num": 2, "network": "Blink Network", "connector_types": ["J1772COMBO"], "owner_type": null}}, {"type": "Feature", "geometry": {"type": "Point", "coordinates": [-74.937068, 39.895716]}, "properties": {"id": 311179, "name": "BURNS FRONT A", "address": "601 NJ-70", "city": "Evesham", "zip": "08053", "access": "public", "ev_level1_evse_num": null, "ev_level2_evse_num": null, "ev_dc_fast_num": 1, "network": "ChargePoint Network", "connector_types": ["CHADEMO", "J1772COMBO"], "owner_type": null}}, {"type": "Feature", "geometry": {"type": "Point", "coordinates": [-74.455593, 40.459845]}, "properties": {"id": 311227, "name": "The Shoppes at North Brunswick - Tesla Supercharger", "address": "650 Shoppes Blvd", "city": "North Brunswick Township", "zip": "08902", "access": "public", "ev_level1_evse_num": null, "ev_level2_evse_num": null, "ev_dc_fast_num": 12, "network": "Tesla", "connector_types": ["TESLA"], "owner_type": "P"}}, {"type": "Feature", "geometry": {"type": "Point", "coordinates": [-74.184315, 40.691635]}, "properties": {"id": 311241, "name": "Exxon - Tesla Supercharger", "address": "100 Lindbergh Rd", "city": "Newark", "zip": "07114", "access": "public", "ev_level1_evse_num": null, "ev_level2_evse_num": null, "ev_dc_fast_num": 8, "network": "Tesla", "connector_types": ["TESLA"], "owner_type": "P"}}, {"type": "Feature", "geometry": {"type": "Point", "coordinates": [-74.68454956, 40.24853784]}, "properties": {"id": 311248, "name": "Wawa - Tesla Supercharger", "address": "51 Flock Rd", "city": "Hamilton Township", "zip": "08619", "access": "public", "ev_level1_evse_num": null, "ev_level2_evse_num": null, "ev_dc_fast_num": 8, "network": "Tesla", "connector_types": ["TESLA"], "owner_type": "P"}}, {"type": "Feature", "geometry": {"type": "Point", "coordinates": [-74.9368, 39.894584]}, "properties": {"id": 311461, "name": "BURNS FRONT B", "address": "500 Rte 70 W", "city": "Evesham", "zip": "08053", "access": "public", "ev_level1_evse_num": null, "ev_level2_evse_num": null, "ev_dc_fast_num": 1, "network": "ChargePoint Network", "connector_types": ["CHADEMO", "J1772COMBO"], "owner_type": null}}, {"type": "Feature", "geometry": {"type": "Point", "coordinates": [-74.63411871, 40.6312405]}, "properties": {"id": 311643, "name": "Wendy's Bridgewater", "address": "977 U.S. 22", "city": "Bridgewater", "zip": "08807", "access": "public", "ev_level1_evse_num": null, "ev_level2_evse_num": 2, "ev_dc_fast_num": null, "network": "Blink Network", "connector_types": ["J1772"], "owner_type": null}}, {"type": "Feature", "geometry": {"type": "Point", "coordinates": [-74.80429565, 39.90377182]}, "properties": {"id": 311988, "name": "Wawa - Tesla Supercharger", "address": "257 Rt 70", "city": "Medford", "zip": "08055", "access": "public", "ev_level1_evse_num": null, "ev_level2_evse_num": null, "ev_dc_fast_num": 12, "network": "Tesla", "connector_types": ["J1772COMBO", "TESLA"], "owner_type": "P"}}, {"type": "Feature", "geometry": {"type": "Point", "coordinates": [-74.068629, 40.934332]}, "properties": {"id": 311990, "name": "Raymour & Flanigan - Tesla Supercharger", "address": "200 NJ-17", "city": "Paramus", "zip": "07652", "access": "public", "ev_level1_evse_num": null, "ev_level2_evse_num": null, "ev_dc_fast_num": 20, "network": "Tesla", "connector_types": ["TESLA"], "owner_type": "P"}}, {"type": "Feature", "geometry": {"type": "Point", "coordinates": [-74.5790830152491, 41.1595033067425]}, "properties": {"id": 312007, "name": "Autel - DeBoer's Auto", "address": "83 NJ-23", "city": "Hamburg", "zip": "07419", "access": "public", "ev_level1_evse_num": null, "ev_level2_evse_num": 1, "ev_dc_fast_num": null, "network": "AUTEL", "connector_types": ["J1772"], "owner_type": "P"}}, {"type": "Feature", "geometry": {"type": "Point", "coordinates": [-74.2267908626943, 40.8665875076658]}, "properties": {"id": 312008, "name": "Autel - Klabin Eco Power", "address": "9 Sand Park Rd", "city": "Cedar Grove", "zip": "07009", "access": "public", "ev_level1_evse_num": null, "ev_level2_evse_num": 1, "ev_dc_fast_num": null, "network": "AUTEL", "connector_types": ["J1772"], "owner_type": "P"}}, {"type": "Feature", "geometry": {"type": "Point", "coordinates": [-74.0360438, 40.990645]}, "properties": {"id": 312012, "name": "Town of Westwood - Center South Lot", "address": "101 Washington Avenue", "city": "Westwood", "zip": "07675", "access": "public", "ev_level1_evse_num": null, "ev_level2_evse_num": 4, "ev_dc_fast_num": null, "network": "Blink Network", "connector_types": ["J1772"], "owner_type": null}}, {"type": "Feature", "geometry": {"type": "Point", "coordinates": [-74.0360438, 40.992477]}, "properties": {"id": 312029, "name": "Town of Westwood - Center North Lot", "address": "101 Washington Avenue", "city": "Westwood", "zip": "07675", "access": "public", "ev_level1_evse_num": null, "ev_level2_evse_num": 4, "ev_dc_fast_num": null, "network": "Blink Network", "connector_types": ["J1772"], "owner_type": null}}, {"type": "Feature", "geometry": {"type": "Point", "coordinates": [-74.39878981869616, 40.75051902462001]}, "properties": {"id": 312247, "name": "The Madison Plaza", "address": "306 Main Street", "city": "Madison", "zip": "07940", "access": "public", "ev_level1_evse_num": null, "ev_level2_evse_num": 2, "ev_dc_fast_num": null, "network": "Blink Network", "connector_types": ["J1772"], "owner_type": null}}, {"type": "Feature", "geometry": {"type": "Point", "coordinates": [-74.30897, 40.340656]}, "properties": {"id": 312254, "name": "WINDSOR CH KILMER", "address": "23 Kilmer Dr", "city": "Marlboro", "zip": "07751", "access": "public", "ev_level1_evse_num": null, "ev_level2_evse_num": 2, "ev_dc_fast_num": null, "network": "ChargePoint Network", "connector_types": ["J1772"], "owner_type": null}}, {"type": "Feature", "geometry": {"type": "Point", "coordinates": [-74.058346, 40.28875]}, "properties": {"id": 312267, "name": "EATONTOWN STATION 3", "address": "201 Wyckoff Rd", "city": "Eatontown", "zip": "07724", "access": "public", "ev_level1_evse_num": null, "ev_level2_evse_num": 2, "ev_dc_fast_num": null, "network": "ChargePoint Network", "connector_types": ["J1772"], "owner_type": null}}, {"type": "Feature", "geometry": {"type": "Point", "coordinates": [-74.379932, 40.450875]}, "properties": {"id": 312412, "name": "SOUTH RIVER WASHINGTON", "address": "60 Washington St", "city": "South River", "zip": "08882", "access": "public", "ev_level1_evse_num": null, "ev_level2_evse_num": 2, "ev_dc_fast_num": null, "network": "ChargePoint Network", "connector_types": ["J1772"], "owner_type": null}}, {"type": "Feature", "geometry": {"type": "Point", "coordinates": [-73.9817751333679, 40.397731396371]}, "properties": {"id": 312523, "name": "Bahrs Landing", "address": "12 Bay Ave", "city": "Highlands", "zip": "07732", "access": "public", "ev_level1_evse_num": null, "ev_level2_evse_num": 8, "ev_dc_fast_num": null, "network": "Non-Networked", "connector_types": ["J1772"], "owner_type": "P"}}, {"type": "Feature", "geometry": {"type": "Point", "coordinates": [-74.422665, 40.775546]}, "properties": {"id": 312628, "name": "DEL WEBB FP WFP1", "address": "1 Applegate Dr", "city": "Florham Park", "zip": "07932", "access": "public", "ev_level1_evse_num": null, "ev_level2_evse_num": 2, "ev_dc_fast_num": null, "network": "ChargePoint Network", "connector_types": ["J1772"], "owner_type": null}}, {"type": "Feature", "geometry": {"type": "Point", "coordinates": [-74.179883, 40.739313]}, "properties": {"id": 312845, "name": "ESSEX COUNTY EMPLOY LOT DC1", "address": "40 w market street", "city": "Newark", "zip": "07103", "access": "public", "ev_level1_evse_num": null, "ev_level2_evse_num": null, "ev_dc_fast_num": 1, "network": "ChargePoint Network", "connector_types": ["CHADEMO", "J1772COMBO"], "owner_type": null}}, {"type": "Feature", "geometry": {"type": "Point", "coordinates": [-74.71726, 40.715767]}, "properties": {"id": 312955, "name": "PINGRY PV 1", "address": "51 Pottersville Rd", "city": "Bedminster", "zip": "07979", "access": "public", "ev_level1_evse_num": null, "ev_level2_evse_num": 2, "ev_dc_fast_num": null, "network": "ChargePoint Network", "connector_types": ["J1772"], "owner_type": null}}, {"type": "Feature", "geometry": {"type": "Point", "coordinates": [-74.4410376, 40.569835]}, "properties": {"id": 313806, "name": "Garden Homes - Princeton Gardens", "address": "7 Princeton Rd.", "city": "Piscataway", "zip": "08854", "access": "public", "ev_level1_evse_num": null, "ev_level2_evse_num": 2, "ev_dc_fast_num": null, "network": "OpConnect", "connector_types": ["J1772"], "owner_type": null}}, {"type": "Feature", "geometry": {"type": "Point", "coordinates": [-74.627981, 40.229437]}, "properties": {"id": 314037, "name": "FOXMOOR C.H. STATION 1", "address": "200 Hutchinson Road", "city": "Robbinsville Township", "zip": "08691", "access": "public", "ev_level1_evse_num": null, "ev_level2_evse_num": 2, "ev_dc_fast_num": null, "network": "ChargePoint Network", "connector_types": ["J1772"], "owner_type": null}}, {"type": "Feature", "geometry": {"type": "Point", "coordinates": [-74.627711, 40.22947]}, "properties": {"id": 314038, "name": "FOXMOOR C.H. STATION 2", "address": "200 Hutchinson Rd", "city": "Robbinsville Township", "zip": "08691", "access": "public", "ev_level1_evse_num": null, "ev_level2_evse_num": 2, "ev_dc_fast_num": null, "network": "ChargePoint Network", "connector_types": ["J1772"], "owner_type": null}}, {"type": "Feature", "geometry": {"type": "Point", "coordinates": [-74.335905, 40.742127]}, "properties": {"id": 314059, "name": "PINGRY SH 1", "address": "50 Country Day Dr", "city": "Short Hills", "zip": "07078", "access": "public", "ev_level1_evse_num": null, "ev_level2_evse_num": 2, "ev_dc_fast_num": null, "network": "ChargePoint Network", "connector_types": ["J1772"], "owner_type": null}}, {"type": "Feature", "geometry": {"type": "Point", "coordinates": [-74.207431, 40.881564]}, "properties": {"id": 314120, "name": "SHOWROOM LOT SERVICE 1", "address": "700 US-46", "city": "Little Falls", "zip": "07424", "access": "public", "ev_level1_evse_num": null, "ev_level2_evse_num": 1, "ev_dc_fast_num": null, "network": "ChargePoint Network", "connector_types": ["J1772"], "owner_type": null}}, {"type": "Feature", "geometry": {"type": "Point", "coordinates": [-74.207528, 40.881483]}, "properties": {"id": 314121, "name": "SHOWROOM LOT SERVICE 2", "address": "700 US-46", "city": "Little Falls", "zip": "07424", "access": "public", "ev_level1_evse_num": null, "ev_level2_evse_num": 1, "ev_dc_fast_num": null, "network": "ChargePoint Network", "connector_types": ["J1772"], "owner_type": null}}, {"type": "Feature", "geometry": {"type": "Point", "coordinates": [-74.685942, 40.288376]}, "properties": {"id": 314194, "name": "Coleman Cadillac", "address": "300 Renaissance Blvd", "city": "Lawrenceville", "zip": "08648", "access": "public", "ev_level1_evse_num": null, "ev_level2_evse_num": null, "ev_dc_fast_num": 1, "network": "EV Connect", "connector_types": ["J1772COMBO"], "owner_type": null}}, {"type": "Feature", "geometry": {"type": "Point", "coordinates": [-74.47578, 40.79656]}, "properties": {"id": 315613, "name": "7Charge - Morristown 41723", "address": "47 Pine St", "city": "Morristown", "zip": "07960", "access": "public", "ev_level1_evse_num": null, "ev_level2_evse_num": 2, "ev_dc_fast_num": null, "network": "7CHARGE", "connector_types": ["J1772"], "owner_type": "P"}}, {"type": "Feature", "geometry": {"type": "Point", "coordinates": [-74.445569, 40.496949]}, "properties": {"id": 315619, "name": "Johnson & Johnson - 410 Lot", "address": "410 George Street", "city": "New Brunswick", "zip": "8901", "access": "public", "ev_level1_evse_num": null, "ev_level2_evse_num": 1, "ev_dc_fast_num": null, "network": "Blink Network", "connector_types": ["J1772"], "owner_type": null}}, {"type": "Feature", "geometry": {"type": "Point", "coordinates": [-74.17432, 40.78444]}, "properties": {"id": 315705, "name": "ESSEX COUNTY BRANCH BROOK PA", "address": "36 Branch Brook Park Drive Newark, NJ 07104 C", "city": "Newark", "zip": "07104", "access": "public", "ev_level1_evse_num": null, "ev_level2_evse_num": 2, "ev_dc_fast_num": null, "network": "ChargePoint Network", "connector_types": ["J1772"], "owner_type": null}}, {"type": "Feature", "geometry": {"type": "Point", "coordinates": [-74.6468746, 40.5712817]}, "properties": {"id": 315873, "name": "Bridgewalk - 2", "address": "925 US 202", "city": "Raritan", "zip": "08869", "access": "public", "ev_level1_evse_num": null, "ev_level2_evse_num": 2, "ev_dc_fast_num": null, "network": "FLO", "connector_types": ["J1772"], "owner_type": null}}, {"type": "Feature", "geometry": {"type": "Point", "coordinates": [-74.65404, 40.312124]}, "properties": {"id": 316246, "name": "CARNEGIE CENTER 506-1", "address": "506 Carnegie Center Drive", "city": "Princeton", "zip": "08540", "access": "public", "ev_level1_evse_num": null, "ev_level2_evse_num": 2, "ev_dc_fast_num": null, "network": "ChargePoint Network", "connector_types": ["J1772"], "owner_type": null}}, {"type": "Feature", "geometry": {"type": "Point", "coordinates": [-74.653952, 40.312073]}, "properties": {"id": 316247, "name": "CARNEGIE CENTER 506-2", "address": "506 Carnegie Center Drive", "city": "Princeton", "zip": "08540", "access": "public", "ev_level1_evse_num": null, "ev_level2_evse_num": 2, "ev_dc_fast_num": null, "network": "ChargePoint Network", "connector_types": ["J1772"], "owner_type": null}}, {"type": "Feature", "geometry": {"type": "Point", "coordinates": [-74.03922, 40.72806]}, "properties": {"id": 316272, "name": "Simon Newport Centre (Jersey City, NJ)", "address": "25 Mall Dr", "city": "Jersey City", "zip": "07310", "access": "public", "ev_level1_evse_num": null, "ev_level2_evse_num": null, "ev_dc_fast_num": 6, "network": "Electrify America", "connector_types": ["J1772COMBO"], "owner_type": null}}, {"type": "Feature", "geometry": {"type": "Point", "coordinates": [-74.85638, 40.49768]}, "properties": {"id": 316282, "name": "Wakefern Shoprite (Flemington, NJ)", "address": "272 Rt 202 & 31", "city": "Flemington", "zip": "08822", "access": "public", "ev_level1_evse_num": null, "ev_level2_evse_num": null, "ev_dc_fast_num": 4, "network": "Electrify America", "connector_types": ["J1772COMBO"], "owner_type": null}}, {"type": "Feature", "geometry": {"type": "Point", "coordinates": [-74.745557, 41.0641]}, "properties": {"id": 316337, "name": "WATER STREET WSL #2", "address": "121 Water St", "city": "Newton", "zip": "07860", "access": "public", "ev_level1_evse_num": null, "ev_level2_evse_num": 2, "ev_dc_fast_num": null, "network": "ChargePoint Network", "connector_types": ["J1772"], "owner_type": null}}, {"type": "Feature", "geometry": {"type": "Point", "coordinates": [-74.745474, 41.064097]}, "properties": {"id": 316338, "name": "WATER STREET WSL#1", "address": "121 Water St", "city": "Newton", "zip": "07860", "access": "public", "ev_level1_evse_num": null, "ev_level2_evse_num": 2, "ev_dc_fast_num": null, "network": "ChargePoint Network", "connector_types": ["J1772"], "owner_type": null}}, {"type": "Feature", "geometry": {"type": "Point", "coordinates": [-74.34517626382392, 40.79319426570091]}, "properties": {"id": 316479, "name": "ParkVue at Livingston", "address": "Briggs Circle", "city": "Livingston", "zip": "07039", "access": "public", "ev_level1_evse_num": null, "ev_level2_evse_num": 6, "ev_dc_fast_num": null, "network": "Blink Network", "connector_types": ["J1772"], "owner_type": null}}, {"type": "Feature", "geometry": {"type": "Point", "coordinates": [-74.0403145, 40.2072694]}, "properties": {"id": 316574, "name": "EVIA Jumping Brook Apartments", "address": "3633 New Jersey 33", "city": "Neptune Township", "zip": "07753", "access": "public", "ev_level1_evse_num": null, "ev_level2_evse_num": 2, "ev_dc_fast_num": null, "network": "Blink Network", "connector_types": ["J1772"], "owner_type": null}}, {"type": "Feature", "geometry": {"type": "Point", "coordinates": [-74.44454, 40.49244]}, "properties": {"id": 316578, "name": "STDNEWBRUNSWICK STATION 1", "address": "90 New Street", "city": "New Brunswick", "zip": "08901", "access": "public", "ev_level1_evse_num": null, "ev_level2_evse_num": 2, "ev_dc_fast_num": null, "network": "ChargePoint Network", "connector_types": ["J1772"], "owner_type": null}}, {"type": "Feature", "geometry": {"type": "Point", "coordinates": [-74.3335884593661, 40.38250421758759]}, "properties": {"id": 316665, "name": "EVIA Claridge Court Apartments", "address": "1 Pine Tree Boulevard", "city": "Old Bridge", "zip": "08857", "access": "public", "ev_level1_evse_num": null, "ev_level2_evse_num": 4, "ev_dc_fast_num": null, "network": "Blink Network", "connector_types": ["J1772"], "owner_type": null}}, {"type": "Feature", "geometry": {"type": "Point", "coordinates": [-74.74204, 39.931549]}, "properties": {"id": 317059, "name": "SOUTH1 SOUTH1", "address": "5 Retreat Rd", "city": "Southampton Township", "zip": "08088", "access": "public", "ev_level1_evse_num": null, "ev_level2_evse_num": 2, "ev_dc_fast_num": null, "network": "ChargePoint Network", "connector_types": ["J1772"], "owner_type": null}}, {"type": "Feature", "geometry": {"type": "Point", "coordinates": [-74.43, 40.76]}, "properties": {"id": 319323, "name": "Abbvie PL1 #6", "address": "5 Giralda Farms", "city": "Madison", "zip": "07940", "access": "public", "ev_level1_evse_num": null, "ev_level2_evse_num": 1, "ev_dc_fast_num": null, "network": "AMPUP", "connector_types": ["J1772"], "owner_type": "P"}}, {"type": "Feature", "geometry": {"type": "Point", "coordinates": [-74.43, 40.76]}, "properties": {"id": 319324, "name": "Abbvie PL1 #9", "address": "5 Giralda Farms", "city": "Madison", "zip": "07940", "access": "public", "ev_level1_evse_num": null, "ev_level2_evse_num": 1, "ev_dc_fast_num": null, "network": "AMPUP", "connector_types": ["J1772"], "owner_type": "P"}}, {"type": "Feature", "geometry": {"type": "Point", "coordinates": [-74.43, 40.76]}, "properties": {"id": 319325, "name": "Abbvie PL1 #13", "address": "5 Giralda Farms", "city": "Madison", "zip": "07940", "access": "public", "ev_level1_evse_num": null, "ev_level2_evse_num": 1, "ev_dc_fast_num": null, "network": "AMPUP", "connector_types": ["J1772"], "owner_type": "P"}}, {"type": "Feature", "geometry": {"type": "Point", "coordinates": [-74.43, 40.76]}, "properties": {"id": 319337, "name": "Abbvie PL1 #14", "address": "5 Giralda Farms", "city": "Madison", "zip": "07940", "access": "public", "ev_level1_evse_num": null, "ev_level2_evse_num": 1, "ev_dc_fast_num": null, "network": "AMPUP", "connector_types": ["J1772"], "owner_type": "P"}}, {"type": "Feature", "geometry": {"type": "Point", "coordinates": [-74.43, 40.76]}, "properties": {"id": 319341, "name": "Abbvie PL1 #2", "address": "5 Giralda Farms", "city": "Madison", "zip": "07940", "access": "public", "ev_level1_evse_num": null, "ev_level2_evse_num": 1, "ev_dc_fast_num": null, "network": "AMPUP", "connector_types": ["J1772"], "owner_type": "P"}}, {"type": "Feature", "geometry": {"type": "Point", "coordinates": [-74.43, 40.76]}, "properties": {"id": 319342, "name": "Abbvie PL1 #3", "address": "5 Giralda Farms", "city": "Madison", "zip": "07940", "access": "public", "ev_level1_evse_num": null, "ev_level2_evse_num": 1, "ev_dc_fast_num": null, "network": "AMPUP", "connector_types": ["J1772"], "owner_type": "P"}}, {"type": "Feature", "geometry": {"type": "Point", "coordinates": [-74.43, 40.76]}, "properties": {"id": 319343, "name": "Abbvie PL1 #7", "address": "5 Giralda Farms", "city": "Madison", "zip": "07940", "access": "public", "ev_level1_evse_num": null, "ev_level2_evse_num": 1, "ev_dc_fast_num": null, "network": "AMPUP", "connector_types": ["J1772"], "owner_type": "P"}}, {"type": "Feature", "geometry": {"type": "Point", "coordinates": [-74.43, 40.76]}, "properties": {"id": 319344, "name": "Abbvie PL1 #12", "address": "5 Giralda Farms", "city": "Madison", "zip": "07940", "access": "public", "ev_level1_evse_num": null, "ev_level2_evse_num": 1, "ev_dc_fast_num": null, "network": "AMPUP", "connector_types": ["J1772"], "owner_type": "P"}}, {"type": "Feature", "geometry": {"type": "Point", "coordinates": [-74.43, 40.76]}, "properties": {"id": 319345, "name": "Abbvie PL1 #8", "address": "5 Giralda Farms", "city": "Madison", "zip": "07940", "access": "public", "ev_level1_evse_num": null, "ev_level2_evse_num": 1, "ev_dc_fast_num": null, "network": "AMPUP", "connector_types": ["J1772"], "owner_type": "P"}}, {"type": "Feature", "geometry": {"type": "Point", "coordinates": [-74.43, 40.76]}, "properties": {"id": 319346, "name": "Abbvie PL1 #10", "address": "5 Giralda Farms", "city": "Madison", "zip": "07940", "access": "public", "ev_level1_evse_num": null, "ev_level2_evse_num": 1, "ev_dc_fast_num": null, "network": "AMPUP", "connector_types": ["J1772"], "owner_type": "P"}}, {"type": "Feature", "geometry": {"type": "Point", "coordinates": [-74.43, 40.76]}, "properties": {"id": 319347, "name": "Abbvie PL1 #5", "address": "5 Giralda Farms", "city": "Madison", "zip": "07940", "access": "public", "ev_level1_evse_num": null, "ev_level2_evse_num": 1, "ev_dc_fast_num": null, "network": "AMPUP", "connector_types": ["J1772"], "owner_type": "P"}}, {"type": "Feature", "geometry": {"type": "Point", "coordinates": [-74.43, 40.76]}, "properties": {"id": 319348, "name": "Abbvie PL1 #001", "address": "5 Giralda Farms", "city": "Madison", "zip": "07940", "access": "public", "ev_level1_evse_num": null, "ev_level2_evse_num": 1, "ev_dc_fast_num": null, "network": "AMPUP", "connector_types": ["J1772"], "owner_type": "P"}}, {"type": "Feature", "geometry": {"type": "Point", "coordinates": [-74.36, 40.65]}, "properties": {"id": 319357, "name": "Romark Energy Solutions - Westfield, NJ", "address": "828 South Ave W", "city": "Westfield", "zip": "07090", "access": "public", "ev_level1_evse_num": null, "ev_level2_evse_num": 2, "ev_dc_fast_num": null, "network": "AMPUP", "connector_types": ["J1772"], "owner_type": "P"}}, {"type": "Feature", "geometry": {"type": "Point", "coordinates": [-74.43, 40.76]}, "properties": {"id": 319384, "name": "Abbvie PL1 #15", "address": "5 Giralda Farms", "city": "Madison", "zip": "07940", "access": "public", "ev_level1_evse_num": null, "ev_level2_evse_num": 1, "ev_dc_fast_num": null, "network": "AMPUP", "connector_types": ["J1772"], "owner_type": "P"}}, {"type": "Feature", "geometry": {"type": "Point", "coordinates": [-74.43, 40.76]}, "properties": {"id": 319403, "name": "Abbvie PL1 #16", "address": "5 Giralda Farms", "city": "Madison", "zip": "07940", "access": "public", "ev_level1_evse_num": null, "ev_level2_evse_num": 1, "ev_dc_fast_num": null, "network": "AMPUP", "connector_types": ["J1772"], "owner_type": "P"}}, {"type": "Feature", "geometry": {"type": "Point", "coordinates": [-74.2173216, 40.8144871]}, "properties": {"id": 319420, "name": "Montclair Township Parking Utility Fullerton Lot", "address": "10 N Fullerton Ave", "city": "Montclair", "zip": "07042", "access": "public", "ev_level1_evse_num": null, "ev_level2_evse_num": 2, "ev_dc_fast_num": null, "network": "AMPUP", "connector_types": ["J1772"], "owner_type": "LG"}}, {"type": "Feature", "geometry": {"type": "Point", "coordinates": [-74.2183312, 40.8128774]}, "properties": {"id": 319421, "name": "Montclair Township Crescent Deck", "address": "13 The Crescent", "city": "Montclair", "zip": "07042", "access": "public", "ev_level1_evse_num": null, "ev_level2_evse_num": 2, "ev_dc_fast_num": null, "network": "AMPUP", "connector_types": ["J1772"], "owner_type": "P"}}, {"type": "Feature", "geometry": {"type": "Point", "coordinates": [-74.43, 40.76]}, "properties": {"id": 319463, "name": "Abbvie PL1 #11", "address": "5 Giralda Farms", "city": "Madison", "zip": "07940", "access": "private", "ev_level1_evse_num": null, "ev_level2_evse_num": 1, "ev_dc_fast_num": null, "network": "AMPUP", "connector_types": ["J1772"], "owner_type": "P"}}, {"type": "Feature", "geometry": {"type": "Point", "coordinates": [-74.43, 40.76]}, "properties": {"id": 319465, "name": "Abbvie PL1 #4", "address": "5 Giralda Farms", "city": "Madison", "zip": "07940", "access": "private", "ev_level1_evse_num": null, "ev_level2_evse_num": 1, "ev_dc_fast_num": null, "network": "AMPUP", "connector_types": ["J1772"], "owner_type": "P"}}, {"type": "Feature", "geometry": {"type": "Point", "coordinates": [-74.16, 40.82]}, "properties": {"id": 319468, "name": "Shoprite Nutley", "address": "437 Franklin Ave", "city": "Nutley", "zip": "07110", "access": "private", "ev_level1_evse_num": null, "ev_level2_evse_num": 1, "ev_dc_fast_num": null, "network": "AMPUP", "connector_types": ["J1772"], "owner_type": "P"}}, {"type": "Feature", "geometry": {"type": "Point", "coordinates": [-74.1733563, 40.7396209]}, "properties": {"id": 319496, "name": "Newark Urby", "address": "155 Washington St", "city": "Newark", "zip": "07102", "access": "private", "ev_level1_evse_num": null, "ev_level2_evse_num": 2, "ev_dc_fast_num": null, "network": "AMPUP", "connector_types": ["J1772"], "owner_type": "P"}}, {"type": "Feature", "geometry": {"type": "Point", "coordinates": [-74.0555674462554, 40.7076871214207]}, "properties": {"id": 320169, "name": "Liberty Science Center", "address": "222 Jersey City Blvd", "city": "Jersey City", "zip": "07305", "access": "public", "ev_level1_evse_num": null, "ev_level2_evse_num": 8, "ev_dc_fast_num": null, "network": "Non-Networked", "connector_types": ["J1772"], "owner_type": "P"}}, {"type": "Feature", "geometry": {"type": "Point", "coordinates": [-74.18974, 40.689602]}, "properties": {"id": 320225, "name": "PANYNJ EWR CONRAC 13", "address": "132 Carson Rd Newark Liberty International Ai", "city": "Newark", "zip": "07114", "access": "public", "ev_level1_evse_num": null, "ev_level2_evse_num": 2, "ev_dc_fast_num": null, "network": "ChargePoint Network", "connector_types": ["J1772"], "owner_type": null}}, {"type": "Feature", "geometry": {"type": "Point", "coordinates": [-74.189732, 40.689549]}, "properties": {"id": 320226, "name": "PANYNJ EWR CONRAC 7", "address": "132 Carson Rd Newark Liberty International Ai", "city": "Newark", "zip": "07114", "access": "public", "ev_level1_evse_num": null, "ev_level2_evse_num": 2, "ev_dc_fast_num": null, "network": "ChargePoint Network", "connector_types": ["J1772"], "owner_type": null}}, {"type": "Feature", "geometry": {"type": "Point", "coordinates": [-73.998695, 40.83635]}, "properties": {"id": 320321, "name": "RIDGEFIELD RIDGEFIELD CT1", "address": "700 Shaler Blvd", "city": "Ridgefield", "zip": "07657", "access": "public", "ev_level1_evse_num": null, "ev_level2_evse_num": 2, "ev_dc_fast_num": null, "network": "ChargePoint Network", "connector_types": ["J1772"], "owner_type": null}}, {"type": "Feature", "geometry": {"type": "Point", "coordinates": [-74.13704, 40.948784]}, "properties": {"id": 320431, "name": "GLEN TOYOTA GT CT4K STATION", "address": "23-07 Maple Ave", "city": "Fair Lawn", "zip": "07410", "access": "public", "ev_level1_evse_num": null, "ev_level2_evse_num": 1, "ev_dc_fast_num": null, "network": "ChargePoint Network", "connector_types": ["J1772"], "owner_type": null}}, {"type": "Feature", "geometry": {"type": "Point", "coordinates": [-75.04293564383185, 39.4948492026269]}, "properties": {"id": 320785, "name": "RK Chevy", "address": "502 North Delsea Drive", "city": "Vineland", "zip": "08360", "access": "public", "ev_level1_evse_num": null, "ev_level2_evse_num": null, "ev_dc_fast_num": 2, "network": "Blink Network", "connector_types": ["J1772COMBO"], "owner_type": null}}, {"type": "Feature", "geometry": {"type": "Point", "coordinates": [-74.368799, 40.786512]}, "properties": {"id": 320843, "name": "23 VREELAND RD TOWER 1", "address": "23 Vreeland Road", "city": "Florham Park", "zip": "07932", "access": "public", "ev_level1_evse_num": null, "ev_level2_evse_num": 2, "ev_dc_fast_num": null, "network": "ChargePoint Network", "connector_types": ["J1772"], "owner_type": null}}, {"type": "Feature", "geometry": {"type": "Point", "coordinates": [-74.368827, 40.786505]}, "properties": {"id": 320844, "name": "23 VREELAND RD TOWER 2", "address": "23 Vreeland Rd", "city": "Florham Park", "zip": "07932", "access": "public", "ev_level1_evse_num": null, "ev_level2_evse_num": 2, "ev_dc_fast_num": null, "network": "ChargePoint Network", "connector_types": ["J1772"], "owner_type": null}}, {"type": "Feature", "geometry": {"type": "Point", "coordinates": [-74.368728, 40.786485]}, "properties": {"id": 320845, "name": "23 VREELAND RD TOWER 3", "address": "23 Vreeland Rd", "city": "Florham Park", "zip": "07932", "access": "public", "ev_level1_evse_num": null, "ev_level2_evse_num": 2, "ev_dc_fast_num": null, "network": "ChargePoint Network", "connector_types": ["J1772"], "owner_type": null}}, {"type": "Feature", "geometry": {"type": "Point", "coordinates": [-74.173398, 40.085624]}, "properties": {"id": 320853, "name": "JCM LIVING JCM WOODLAKE", "address": "70 Pinehurst Drive", "city": "Lakewood", "zip": "08701", "access": "public", "ev_level1_evse_num": null, "ev_level2_evse_num": 2, "ev_dc_fast_num": null, "network": "ChargePoint Network", "connector_types": ["J1772"], "owner_type": null}}, {"type": "Feature", "geometry": {"type": "Point", "coordinates": [-74.60831, 40.58005]}, "properties": {"id": 320949, "name": "Aero Corp (Bridgewater Township)", "address": "400 N Bridge St", "city": "Bridgewater", "zip": "08807", "access": "private", "ev_level1_evse_num": null, "ev_level2_evse_num": 1, "ev_dc_fast_num": null, "network": "TURNONGREEN", "connector_types": ["J1772"], "owner_type": "P"}}, {"type": "Feature", "geometry": {"type": "Point", "coordinates": [-74.06268, 41.04002]}, "properties": {"id": 320989, "name": "New York - FMI", "address": "225 Brae Blvd", "city": "Park Ridge", "zip": "07656", "access": "public", "ev_level1_evse_num": null, "ev_level2_evse_num": 1, "ev_dc_fast_num": null, "network": "TURNONGREEN", "connector_types": ["J1772"], "owner_type": "P"}}, {"type": "Feature", "geometry": {"type": "Point", "coordinates": [-74.92279426119467, 39.88321004030932]}, "properties": {"id": 321013, "name": "Genesis of Cherry Hill - Showroom", "address": "451 New Jersey 73", "city": "Marlton", "zip": "08053", "access": "public", "ev_level1_evse_num": null, "ev_level2_evse_num": null, "ev_dc_fast_num": 4, "network": "Blink Network", "connector_types": ["J1772COMBO"], "owner_type": null}}, {"type": "Feature", "geometry": {"type": "Point", "coordinates": [-74.021115, 40.783559]}, "properties": {"id": 321026, "name": "WEST NEW YORK 51ST GARAGE #4", "address": "508 51st St", "city": "West New York", "zip": "07093", "access": "public", "ev_level1_evse_num": null, "ev_level2_evse_num": 2, "ev_dc_fast_num": null, "network": "ChargePoint Network", "connector_types": ["J1772"], "owner_type": null}}, {"type": "Feature", "geometry": {"type": "Point", "coordinates": [-74.021058, 40.783613]}, "properties": {"id": 321027, "name": "WEST NEW YORK 51ST GARAGE #6", "address": "508 51st St", "city": "West New York", "zip": "07093", "access": "public", "ev_level1_evse_num": null, "ev_level2_evse_num": 2, "ev_dc_fast_num": null, "network": "ChargePoint Network", "connector_types": ["J1772"], "owner_type": null}}, {"type": "Feature", "geometry": {"type": "Point", "coordinates": [-74.021117, 40.783561]}, "properties": {"id": 321028, "name": "WEST NEW YORK 51ST GARAGE #3", "address": "508 51st St", "city": "West New York", "zip": "07093", "access": "public", "ev_level1_evse_num": null, "ev_level2_evse_num": 2, "ev_dc_fast_num": null, "network": "ChargePoint Network", "connector_types": ["J1772"], "owner_type": null}}, {"type": "Feature", "geometry": {"type": "Point", "coordinates": [-74.02116, 40.783652]}, "properties": {"id": 321029, "name": "WEST NEW YORK 51ST GARAGE #5", "address": "508 51st St", "city": "West New York", "zip": "07093", "access": "public", "ev_level1_evse_num": null, "ev_level2_evse_num": 2, "ev_dc_fast_num": null, "network": "ChargePoint Network", "connector_types": ["J1772"], "owner_type": null}}, {"type": "Feature", "geometry": {"type": "Point", "coordinates": [-74.021273, 40.783646]}, "properties": {"id": 321030, "name": "WEST NEW YORK 51ST GARAGE #2", "address": "516 51st St", "city": "West New York", "zip": "07093", "access": "public", "ev_level1_evse_num": null, "ev_level2_evse_num": 2, "ev_dc_fast_num": null, "network": "ChargePoint Network", "connector_types": ["J1772"], "owner_type": null}}, {"type": "Feature", "geometry": {"type": "Point", "coordinates": [-74.016924, 40.786693]}, "properties": {"id": 321474, "name": "WEST NEW YORK 57TH GARAGE #1", "address": "440 57th St", "city": "West New York", "zip": "07093", "access": "public", "ev_level1_evse_num": null, "ev_level2_evse_num": 2, "ev_dc_fast_num": null, "network": "ChargePoint Network", "connector_types": ["J1772"], "owner_type": null}}, {"type": "Feature", "geometry": {"type": "Point", "coordinates": [-74.01686, 40.786807]}, "properties": {"id": 321475, "name": "WEST NEW YORK 57TH GARAGE #2", "address": "429 58th St", "city": "West New York", "zip": "07093", "access": "public", "ev_level1_evse_num": null, "ev_level2_evse_num": 2, "ev_dc_fast_num": null, "network": "ChargePoint Network", "connector_types": ["J1772"], "owner_type": null}}, {"type": "Feature", "geometry": {"type": "Point", "coordinates": [-74.495744, 40.44998]}, "properties": {"id": 321520, "name": "Malouf Chevrolet-Cadillac", "address": "1975 US Highway 1", "city": "North Brunswick", "zip": "08902", "access": "public", "ev_level1_evse_num": null, "ev_level2_evse_num": null, "ev_dc_fast_num": 1, "network": "EV Connect", "connector_types": ["J1772COMBO"], "owner_type": null}}, {"type": "Feature", "geometry": {"type": "Point", "coordinates": [-74.368626, 40.786443]}, "properties": {"id": 322194, "name": "23 VREELAND RD TOWER 4", "address": "23 Vreeland Road", "city": "Florham Park", "zip": "07932", "access": "public", "ev_level1_evse_num": null, "ev_level2_evse_num": 1, "ev_dc_fast_num": null, "network": "ChargePoint Network", "connector_types": ["J1772"], "owner_type": null}}, {"type": "Feature", "geometry": {"type": "Point", "coordinates": [-74.28442492883593, 40.88304458608641]}, "properties": {"id": 322373, "name": "330 Fairfield Rd LLC", "address": "330 Fairfield Road", "city": "Fairfield", "zip": "07004", "access": "public", "ev_level1_evse_num": null, "ev_level2_evse_num": 2, "ev_dc_fast_num": null, "network": "Blink Network", "connector_types": ["J1772"], "owner_type": null}}, {"type": "Feature", "geometry": {"type": "Point", "coordinates": [-75.03617618650784, 39.92112105109219]}, "properties": {"id": 322375, "name": "Raising Canes - Store 800", "address": "2014 Route 70 West", "city": "Cherry Hill", "zip": "08002", "access": "public", "ev_level1_evse_num": null, "ev_level2_evse_num": 2, "ev_dc_fast_num": null, "network": "Blink Network", "connector_types": ["J1772"], "owner_type": null}}, {"type": "Feature", "geometry": {"type": "Point", "coordinates": [-74.94150715767191, 39.89560493621936]}, "properties": {"id": 322378, "name": "Raising Canes - Store 908", "address": "800 Route 70 West", "city": "Evesham", "zip": "08053", "access": "public", "ev_level1_evse_num": null, "ev_level2_evse_num": 2, "ev_dc_fast_num": null, "network": "Blink Network", "connector_types": ["J1772"], "owner_type": null}}, {"type": "Feature", "geometry": {"type": "Point", "coordinates": [-74.056794, 41.049915]}, "properties": {"id": 322391, "name": "MDA II PHILLIPS STATION 1", "address": "34 Philips Pkwy", "city": "Montvale", "zip": "07645", "access": "public", "ev_level1_evse_num": null, "ev_level2_evse_num": 2, "ev_dc_fast_num": null, "network": "ChargePoint Network", "connector_types": ["J1772"], "owner_type": null}}, {"type": "Feature", "geometry": {"type": "Point", "coordinates": [-74.05675, 41.049892]}, "properties": {"id": 322392, "name": "MDA II PHILLIPS STATION 2", "address": "32 Philips Pkwy", "city": "Montvale", "zip": "07645", "access": "public", "ev_level1_evse_num": null, "ev_level2_evse_num": 2, "ev_dc_fast_num": null, "network": "ChargePoint Network", "connector_types": ["J1772"], "owner_type": null}}, {"type": "Feature", "geometry": {"type": "Point", "coordinates": [-75.11165, 39.71968]}, "properties": {"id": 322464, "name": "ShopRite Glassboro - Wakefern #554", "address": "201 William L. Dalton Dr", "city": "Glassboro", "zip": "08028", "access": "public", "ev_level1_evse_num": null, "ev_level2_evse_num": null, "ev_dc_fast_num": 6, "network": "eVgo Network", "connector_types": ["J1772COMBO", "TESLA"], "owner_type": null}}, {"type": "Feature", "geometry": {"type": "Point", "coordinates": [-74.03390856845364, 40.71662150647494]}, "properties": {"id": 322819, "name": "10 Exchange Pl. Garage", "address": "10 Exchange Pl.", "city": "Jersey City", "zip": "07302", "access": "public", "ev_level1_evse_num": null, "ev_level2_evse_num": 12, "ev_dc_fast_num": null, "network": "FLASH", "connector_types": ["J1772"], "owner_type": null}}, {"type": "Feature", "geometry": {"type": "Point", "coordinates": [-74.746616, 41.064905]}, "properties": {"id": 322952, "name": "WATER STREET WSL #3", "address": "121 Water St", "city": "Newton", "zip": "07860", "access": "public", "ev_level1_evse_num": null, "ev_level2_evse_num": 2, "ev_dc_fast_num": null, "network": "ChargePoint Network", "connector_types": ["J1772"], "owner_type": null}}, {"type": "Feature", "geometry": {"type": "Point", "coordinates": [-74.746766, 41.064837]}, "properties": {"id": 322953, "name": "WATER STREET WSL #4", "address": "121 Water St", "city": "Newton", "zip": "07860", "access": "public", "ev_level1_evse_num": null, "ev_level2_evse_num": 2, "ev_dc_fast_num": null, "network": "ChargePoint Network", "connector_types": ["J1772"], "owner_type": null}}, {"type": "Feature", "geometry": {"type": "Point", "coordinates": [-74.088529, 40.080849]}, "properties": {"id": 323048, "name": "AAF AAF POINT L2 #2", "address": "3306 Bridge Ave", "city": "Point Pleasant", "zip": "08742", "access": "public", "ev_level1_evse_num": null, "ev_level2_evse_num": 2, "ev_dc_fast_num": null, "network": "ChargePoint Network", "connector_types": ["J1772"], "owner_type": null}}, {"type": "Feature", "geometry": {"type": "Point", "coordinates": [-74.050012, 40.759991]}, "properties": {"id": 323054, "name": "NBPA LIBERTY L2 (2)", "address": "600 Liberty Avenue", "city": "North Bergen", "zip": "07047", "access": "public", "ev_level1_evse_num": null, "ev_level2_evse_num": 2, "ev_dc_fast_num": null, "network": "ChargePoint Network", "connector_types": ["J1772"], "owner_type": null}}, {"type": "Feature", "geometry": {"type": "Point", "coordinates": [-74.23028, 40.891468]}, "properties": {"id": 323067, "name": "TOTOWA701 CHARGER #3", "address": "701 Union Blvd", "city": "Totowa", "zip": "07512", "access": "public", "ev_level1_evse_num": null, "ev_level2_evse_num": 2, "ev_dc_fast_num": null, "network": "ChargePoint Network", "connector_types": ["J1772"], "owner_type": null}}, {"type": "Feature", "geometry": {"type": "Point", "coordinates": [-74.230272, 40.891579]}, "properties": {"id": 323068, "name": "TOTOWA701 CHARGER #4", "address": "701 Union Blvd", "city": "Totowa", "zip": "07512", "access": "public", "ev_level1_evse_num": null, "ev_level2_evse_num": 2, "ev_dc_fast_num": null, "network": "ChargePoint Network", "connector_types": ["J1772"], "owner_type": null}}, {"type": "Feature", "geometry": {"type": "Point", "coordinates": [-74.750533, 41.057784]}, "properties": {"id": 323071, "name": "TOWN OF NEWTON NEWTON DC2", "address": "36 Trinity St", "city": "Newton", "zip": "07860", "access": "public", "ev_level1_evse_num": null, "ev_level2_evse_num": null, "ev_dc_fast_num": 1, "network": "ChargePoint Network", "connector_types": ["CHADEMO", "J1772COMBO"], "owner_type": null}}, {"type": "Feature", "geometry": {"type": "Point", "coordinates": [-74.750576, 41.057818]}, "properties": {"id": 323072, "name": "TOWN OF NEWTON NEWTON DC1", "address": "36 Trinity St", "city": "Newton", "zip": "07860", "access": "public", "ev_level1_evse_num": null, "ev_level2_evse_num": null, "ev_dc_fast_num": 1, "network": "ChargePoint Network", "connector_types": ["CHADEMO", "J1772COMBO"], "owner_type": null}}, {"type": "Feature", "geometry": {"type": "Point", "coordinates": [-74.050057, 40.760003]}, "properties": {"id": 323139, "name": "NBPA LIBERTY L2 (1)", "address": "600 Liberty Avenue", "city": "North Bergen", "zip": "07047", "access": "public", "ev_level1_evse_num": null, "ev_level2_evse_num": 2, "ev_dc_fast_num": null, "network": "ChargePoint Network", "connector_types": ["J1772"], "owner_type": null}}, {"type": "Feature", "geometry": {"type": "Point", "coordinates": [-74.281535, 40.768276]}, "properties": {"id": 323149, "name": "ESSEX COUNTY ZOO DC 2 SECOND", "address": "560 Northfield Avenue SECOND DECK", "city": "West Orange", "zip": "07052", "access": "public", "ev_level1_evse_num": null, "ev_level2_evse_num": null, "ev_dc_fast_num": 1, "network": "ChargePoint Network", "connector_types": ["CHADEMO", "J1772COMBO"], "owner_type": null}}, {"type": "Feature", "geometry": {"type": "Point", "coordinates": [-74.08857, 40.080906]}, "properties": {"id": 323305, "name": "AAF AAF POINT L2 #1", "address": "3306 Bridge Ave", "city": "Point Pleasant", "zip": "08742", "access": "public", "ev_level1_evse_num": null, "ev_level2_evse_num": 2, "ev_dc_fast_num": null, "network": "ChargePoint Network", "connector_types": ["J1772"], "owner_type": null}}, {"type": "Feature", "geometry": {"type": "Point", "coordinates": [-74.088498, 40.080806]}, "properties": {"id": 323306, "name": "AAF AAF POINT L2 #3", "address": "3306 Bridge Ave", "city": "Point Pleasant", "zip": "08742", "access": "public", "ev_level1_evse_num": null, "ev_level2_evse_num": 2, "ev_dc_fast_num": null, "network": "ChargePoint Network", "connector_types": ["J1772"], "owner_type": null}}, {"type": "Feature", "geometry": {"type": "Point", "coordinates": [-74.0283334, 40.7738743]}, "properties": {"id": 323615, "name": "Union City - 36th Street Garage", "address": "3715 palisade ave", "city": "Union City", "zip": "07087", "access": "public", "ev_level1_evse_num": null, "ev_level2_evse_num": 2, "ev_dc_fast_num": null, "network": "FLO", "connector_types": ["J1772"], "owner_type": null}}, {"type": "Feature", "geometry": {"type": "Point", "coordinates": [-74.17328954232919, 39.99253946393471]}, "properties": {"id": 323792, "name": "Lotano Speedy & Sons", "address": "1415 Hooper Avenue", "city": "Toms River", "zip": "08753", "access": "public", "ev_level1_evse_num": null, "ev_level2_evse_num": 2, "ev_dc_fast_num": null, "network": "Blink Network", "connector_types": ["J1772"], "owner_type": null}}, {"type": "Feature", "geometry": {"type": "Point", "coordinates": [-74.4533001, 40.7861416]}, "properties": {"id": 324325, "name": "Dunkin", "address": "222 Madison Ave", "city": "Morristown", "zip": "07960", "access": "public", "ev_level1_evse_num": null, "ev_level2_evse_num": 2, "ev_dc_fast_num": null, "network": "FLO", "connector_types": ["J1772"], "owner_type": null}}, {"type": "Feature", "geometry": {"type": "Point", "coordinates": [-74.82663, 38.986461]}, "properties": {"id": 324406, "name": "WW SINCLAIR WW SINCLAIR 2", "address": "308 W Taylor Ave", "city": "Wildwood", "zip": "08260", "access": "public", "ev_level1_evse_num": null, "ev_level2_evse_num": null, "ev_dc_fast_num": 1, "network": "ChargePoint Network", "connector_types": ["CHADEMO", "J1772COMBO"], "owner_type": null}}, {"type": "Feature", "geometry": {"type": "Point", "coordinates": [-74.826581, 38.986507]}, "properties": {"id": 324407, "name": "WW SINCLAIR WW SINCLAIR 1", "address": "308 W Taylor Ave", "city": "Wildwood", "zip": "08260", "access": "public", "ev_level1_evse_num": null, "ev_level2_evse_num": null, "ev_dc_fast_num": 1, "network": "ChargePoint Network", "connector_types": ["CHADEMO", "J1772COMBO"], "owner_type": null}}, {"type": "Feature", "geometry": {"type": "Point", "coordinates": [-74.171867, 40.228107]}, "properties": {"id": 324954, "name": "TALL OAKS FARM BREWERY", "address": "450 Colts Neck Rd", "city": "Farmingdale", "zip": "07727", "access": "public", "ev_level1_evse_num": null, "ev_level2_evse_num": 2, "ev_dc_fast_num": null, "network": "ChargePoint Network", "connector_types": ["J1772"], "owner_type": null}}, {"type": "Feature", "geometry": {"type": "Point", "coordinates": [-74.7341339, 40.2330561]}, "properties": {"id": 325023, "name": "Isles - Mill One", "address": "1 North Johnston Avenue", "city": "Hamilton", "zip": "08609", "access": "public", "ev_level1_evse_num": null, "ev_level2_evse_num": 4, "ev_dc_fast_num": null, "network": "FLO", "connector_types": ["J1772"], "owner_type": null}}, {"type": "Feature", "geometry": {"type": "Point", "coordinates": [-74.37213, 40.50571]}, "properties": {"id": 325086, "name": "Garden Homes - Millbrook Village North", "address": "Sunrise Drive", "city": "Edison", "zip": "08817", "access": "public", "ev_level1_evse_num": null, "ev_level2_evse_num": 4, "ev_dc_fast_num": null, "network": "OpConnect", "connector_types": ["J1772"], "owner_type": null}}, {"type": "Feature", "geometry": {"type": "Point", "coordinates": [-74.112756, 40.662281]}, "properties": {"id": 325273, "name": "EDGE APTS CHARGER 2", "address": "170 Avenue F", "city": "Bayonne", "zip": "07002", "access": "public", "ev_level1_evse_num": null, "ev_level2_evse_num": 2, "ev_dc_fast_num": null, "network": "ChargePoint Network", "connector_types": ["J1772"], "owner_type": null}}, {"type": "Feature", "geometry": {"type": "Point", "coordinates": [-74.375618, 40.796129]}, "properties": {"id": 325320, "name": "EASTMAN MGT3 TOWER 1", "address": "83 Hanover Road", "city": "Florham Park", "zip": "07932", "access": "public", "ev_level1_evse_num": null, "ev_level2_evse_num": 2, "ev_dc_fast_num": null, "network": "ChargePoint Network", "connector_types": ["J1772"], "owner_type": null}}, {"type": "Feature", "geometry": {"type": "Point", "coordinates": [-74.375645, 40.796184]}, "properties": {"id": 325321, "name": "EASTMAN MGT3 TOWER 2", "address": "83 Hanover Road", "city": "Florham Park", "zip": "07932", "access": "public", "ev_level1_evse_num": null, "ev_level2_evse_num": 2, "ev_dc_fast_num": null, "network": "ChargePoint Network", "connector_types": ["J1772"], "owner_type": null}}, {"type": "Feature", "geometry": {"type": "Point", "coordinates": [-74.52235229760517, 40.87294632433768]}, "properties": {"id": 325361, "name": "Joyce Honda - Used Car Lot", "address": "3166 New Jersey 10", "city": "Denville", "zip": "07834", "access": "public", "ev_level1_evse_num": null, "ev_level2_evse_num": null, "ev_dc_fast_num": 2, "network": "Blink Network", "connector_types": ["J1772COMBO"], "owner_type": null}}, {"type": "Feature", "geometry": {"type": "Point", "coordinates": [-74.36379, 40.7381]}, "properties": {"id": 325510, "name": "Taubman The Mall at Short Hills (Short Hills, NJ)", "address": "1200 Morris Turnpike", "city": "Short Hills", "zip": "07078", "access": "public", "ev_level1_evse_num": null, "ev_level2_evse_num": null, "ev_dc_fast_num": 6, "network": "Electrify America", "connector_types": ["J1772COMBO"], "owner_type": null}}, {"type": "Feature", "geometry": {"type": "Point", "coordinates": [-74.1095, 40.7243]}, "properties": {"id": 325953, "name": "SWTCH Energy Inc.", "address": "78 John Miller Way", "city": "Kearny", "zip": "07032", "access": "public", "ev_level1_evse_num": null, "ev_level2_evse_num": 6, "ev_dc_fast_num": null, "network": "SWTCH", "connector_types": ["J1772"], "owner_type": "P"}}, {"type": "Feature", "geometry": {"type": "Point", "coordinates": [-74.70515327480823, 40.2769922148754]}, "properties": {"id": 326191, "name": "Precision Acura of Princeton", "address": "3001 U.S. 1", "city": "Lawrence Township", "zip": "08648", "access": "public", "ev_level1_evse_num": null, "ev_level2_evse_num": 1, "ev_dc_fast_num": 3, "network": "Blink Network", "connector_types": ["J1772", "J1772COMBO"], "owner_type": null}}, {"type": "Feature", "geometry": {"type": "Point", "coordinates": [-74.47662, 40.268842]}, "properties": {"id": 326299, "name": "MONROE CROSSING MONROE CROSSING", "address": "200 Joan Warren Way", "city": "Monroe Township", "zip": "08831", "access": "public", "ev_level1_evse_num": null, "ev_level2_evse_num": 2, "ev_dc_fast_num": null, "network": "ChargePoint Network", "connector_types": ["J1772"], "owner_type": null}}, {"type": "Feature", "geometry": {"type": "Point", "coordinates": [-74.170085, 39.958573]}, "properties": {"id": 326470, "name": "LESTER GLENN HY LG HYUNDAI SVC1", "address": "386 New Jersey 37", "city": "Toms River", "zip": "08753", "access": "public", "ev_level1_evse_num": null, "ev_level2_evse_num": null, "ev_dc_fast_num": 1, "network": "ChargePoint Network", "connector_types": ["CHADEMO", "J1772COMBO"], "owner_type": null}}, {"type": "Feature", "geometry": {"type": "Point", "coordinates": [-74.170122, 39.958686]}, "properties": {"id": 326478, "name": "LESTER GLENN HY LG HYUNDAI SVC2", "address": "386 New Jersey 37", "city": "Toms River", "zip": "08753", "access": "public", "ev_level1_evse_num": null, "ev_level2_evse_num": null, "ev_dc_fast_num": 1, "network": "ChargePoint Network", "connector_types": ["CHADEMO", "J1772COMBO"], "owner_type": null}}, {"type": "Feature", "geometry": {"type": "Point", "coordinates": [-74.758802, 40.213297]}, "properties": {"id": 326569, "name": "NJ REALTORS NJR TRENTON", "address": "10 Hamilton Ave", "city": "Trenton", "zip": "08611", "access": "public", "ev_level1_evse_num": null, "ev_level2_evse_num": 2, "ev_dc_fast_num": null, "network": "ChargePoint Network", "connector_types": ["J1772"], "owner_type": null}}, {"type": "Feature", "geometry": {"type": "Point", "coordinates": [-74.096051, 40.717912]}, "properties": {"id": 326906, "name": "HUDSON TOYOTA IN SHOP N SIDE", "address": "617 NJ-440", "city": "Jersey City", "zip": "07305", "access": "public", "ev_level1_evse_num": null, "ev_level2_evse_num": 1, "ev_dc_fast_num": null, "network": "ChargePoint Network", "connector_types": ["J1772"], "owner_type": null}}, {"type": "Feature", "geometry": {"type": "Point", "coordinates": [-74.09598, 40.717967]}, "properties": {"id": 326907, "name": "HUDSON TOYOTA OUTSIDE N SIDE", "address": "617 NJ-440", "city": "Jersey City", "zip": "07305", "access": "public", "ev_level1_evse_num": null, "ev_level2_evse_num": 1, "ev_dc_fast_num": null, "network": "ChargePoint Network", "connector_types": ["J1772"], "owner_type": null}}, {"type": "Feature", "geometry": {"type": "Point", "coordinates": [-74.146356, 41.100495]}, "properties": {"id": 326939, "name": "Honda of Mahwah Service", "address": "99 Franklin Turnpike", "city": "Mahwah", "zip": "07430", "access": "public", "ev_level1_evse_num": null, "ev_level2_evse_num": 3, "ev_dc_fast_num": null, "network": "Blink Network", "connector_types": ["J1772"], "owner_type": null}}, {"type": "Feature", "geometry": {"type": "Point", "coordinates": [-74.15084, 41.08633]}, "properties": {"id": 326943, "name": "Honda of Mahwah Sales", "address": "345 New Jersey 17", "city": "Mahwah", "zip": "07430", "access": "public", "ev_level1_evse_num": null, "ev_level2_evse_num": 3, "ev_dc_fast_num": 2, "network": "Blink Network", "connector_types": ["CHADEMO", "J1772", "J1772COMBO"], "owner_type": null}}, {"type": "Feature", "geometry": {"type": "Point", "coordinates": [-74.331804, 39.60548]}, "properties": {"id": 326993, "name": "MICKEYS EV MICKEY'S", "address": "327 E Main St", "city": "Tuckerton", "zip": "08087", "access": "public", "ev_level1_evse_num": null, "ev_level2_evse_num": 2, "ev_dc_fast_num": null, "network": "ChargePoint Network", "connector_types": ["J1772"], "owner_type": null}}, {"type": "Feature", "geometry": {"type": "Point", "coordinates": [-74.152412, 41.0887]}, "properties": {"id": 327089, "name": "LIBERTY HYUNDAI LIBERTY FAST 1", "address": "305 New Jersey 17", "city": "Mahwah", "zip": "07430", "access": "public", "ev_level1_evse_num": null, "ev_level2_evse_num": null, "ev_dc_fast_num": 1, "network": "ChargePoint Network", "connector_types": ["CHADEMO", "J1772COMBO"], "owner_type": null}}, {"type": "Feature", "geometry": {"type": "Point", "coordinates": [-74.176574, 40.735974]}, "properties": {"id": 327117, "name": "ESSEX COUNTY 320 UNIVERSITY", "address": "320 University Avenue Parking Lot basement", "city": "Newark", "zip": "07102", "access": "public", "ev_level1_evse_num": null, "ev_level2_evse_num": 2, "ev_dc_fast_num": null, "network": "ChargePoint Network", "connector_types": ["J1772"], "owner_type": null}}, {"type": "Feature", "geometry": {"type": "Point", "coordinates": [-74.502296, 40.376382]}, "properties": {"id": 327220, "name": "DAYTONSHOP LOT 1", "address": "2291 U.S. 130", "city": "South Brunswick Township", "zip": "08810", "access": "public", "ev_level1_evse_num": null, "ev_level2_evse_num": null, "ev_dc_fast_num": 1, "network": "ChargePoint Network", "connector_types": ["J1772COMBO", "TESLA"], "owner_type": null}}, {"type": "Feature", "geometry": {"type": "Point", "coordinates": [-74.822845, 40.904697]}, "properties": {"id": 327429, "name": "Panther Valley Mall - Tesla Supercharger", "address": "517 PV Mall", "city": "Allamuchy", "zip": "07820", "access": "public", "ev_level1_evse_num": null, "ev_level2_evse_num": null, "ev_dc_fast_num": 12, "network": "Tesla", "connector_types": ["TESLA"], "owner_type": "P"}}, {"type": "Feature", "geometry": {"type": "Point", "coordinates": [-74.152451, 41.088705]}, "properties": {"id": 327551, "name": "LIBERTY HYUNDAI FAST 2", "address": "305 New Jersey 17", "city": "Mahwah", "zip": "07430", "access": "public", "ev_level1_evse_num": null, "ev_level2_evse_num": null, "ev_dc_fast_num": 1, "network": "ChargePoint Network", "connector_types": ["CHADEMO", "J1772COMBO"], "owner_type": null}}, {"type": "Feature", "geometry": {"type": "Point", "coordinates": [-74.920384, 38.934682]}, "properties": {"id": 327718, "name": "661 WASHINGTON CITY HALL PS2", "address": "661 Washington Street", "city": "Cape May", "zip": "08204", "access": "public", "ev_level1_evse_num": null, "ev_level2_evse_num": 2, "ev_dc_fast_num": null, "network": "ChargePoint Network", "connector_types": ["J1772"], "owner_type": null}}, {"type": "Feature", "geometry": {"type": "Point", "coordinates": [-74.922172, 38.935011]}, "properties": {"id": 327720, "name": "661 WASHINGTON WELCOMECNTR DC1", "address": "611 Lafayette Street", "city": "Cape May", "zip": "08204", "access": "public", "ev_level1_evse_num": null, "ev_level2_evse_num": null, "ev_dc_fast_num": 1, "network": "ChargePoint Network", "connector_types": ["CHADEMO", "J1772COMBO"], "owner_type": null}}, {"type": "Feature", "geometry": {"type": "Point", "coordinates": [-74.922299, 38.935087]}, "properties": {"id": 327721, "name": "661 WASHINGTON WELCOMECNTR PS2", "address": "611 Lafayette Street", "city": "Cape May", "zip": "08204", "access": "public", "ev_level1_evse_num": null, "ev_level2_evse_num": 2, "ev_dc_fast_num": null, "network": "ChargePoint Network", "connector_types": ["J1772"], "owner_type": null}}, {"type": "Feature", "geometry": {"type": "Point", "coordinates": [-74.922251, 38.935083]}, "properties": {"id": 327722, "name": "661 WASHINGTON WELCOME DC2", "address": "611 Lafayette Street", "city": "Cape May", "zip": "08204", "access": "public", "ev_level1_evse_num": null, "ev_level2_evse_num": null, "ev_dc_fast_num": 1, "network": "ChargePoint Network", "connector_types": ["CHADEMO", "J1772COMBO"], "owner_type": null}}, {"type": "Feature", "geometry": {"type": "Point", "coordinates": [-74.922342, 38.935188]}, "properties": {"id": 327723, "name": "661 WASHINGTON WELCOMECNTR PS1", "address": "611 Lafayette Street", "city": "Cape May", "zip": "08204", "access": "public", "ev_level1_evse_num": null, "ev_level2_evse_num": 2, "ev_dc_fast_num": null, "network": "ChargePoint Network", "connector_types": ["J1772"], "owner_type": null}}, {"type": "Feature", "geometry": {"type": "Point", "coordinates": [-74.920338, 38.934651]}, "properties": {"id": 327990, "name": "661 WASHINGTON CITY HALL PS1", "address": "661 Washington Street", "city": "Cape May", "zip": "08204", "access": "public", "ev_level1_evse_num": null, "ev_level2_evse_num": 2, "ev_dc_fast_num": null, "network": "ChargePoint Network", "connector_types": ["J1772"], "owner_type": null}}, {"type": "Feature", "geometry": {"type": "Point", "coordinates": [-74.1216201, 40.9776687]}, "properties": {"id": 328171, "name": "Garden Homes - The Dayton", "address": "150 South Broad Street", "city": "Ridgewood", "zip": "07450", "access": "public", "ev_level1_evse_num": null, "ev_level2_evse_num": 4, "ev_dc_fast_num": null, "network": "OpConnect", "connector_types": ["J1772"], "owner_type": null}}, {"type": "Feature", "geometry": {"type": "Point", "coordinates": [-74.641421, 40.574778]}, "properties": {"id": 328202, "name": "J&J B700", "address": "700 U.S. 202", "city": "Raritan", "zip": "08869", "access": "public", "ev_level1_evse_num": null, "ev_level2_evse_num": 2, "ev_dc_fast_num": null, "network": "Blink Network", "connector_types": ["J1772"], "owner_type": null}}, {"type": "Feature", "geometry": {"type": "Point", "coordinates": [-74.42301, 40.53953]}, "properties": {"id": 328421, "name": "Aero Corp (Piscataway)", "address": "1354 Stelton Rd", "city": "Piscataway", "zip": "08854", "access": "private", "ev_level1_evse_num": null, "ev_level2_evse_num": 2, "ev_dc_fast_num": null, "network": "TURNONGREEN", "connector_types": ["J1772"], "owner_type": "P"}}, {"type": "Feature", "geometry": {"type": "Point", "coordinates": [-74.3637, 40.74004]}, "properties": {"id": 328891, "name": "The Mall at Short Hills", "address": "1200 Morris Turnpike", "city": "Short Hills", "zip": "07078", "access": "public", "ev_level1_evse_num": null, "ev_level2_evse_num": null, "ev_dc_fast_num": 8, "network": "eVgo Network", "connector_types": ["CHADEMO", "J1772COMBO"], "owner_type": null}}, {"type": "Feature", "geometry": {"type": "Point", "coordinates": [-75.107409, 39.831068]}, "properties": {"id": 329236, "name": "EV MOOVER STATION 1", "address": "1480 Clements Bridge Road", "city": "Deptford", "zip": "08096", "access": "public", "ev_level1_evse_num": null, "ev_level2_evse_num": 2, "ev_dc_fast_num": null, "network": "ChargePoint Network", "connector_types": ["J1772"], "owner_type": null}}, {"type": "Feature", "geometry": {"type": "Point", "coordinates": [-74.269648, 40.570101]}, "properties": {"id": 329274, "name": "Barron's Gate", "address": "609 Duke Drive", "city": "Woodbridge", "zip": "07095", "access": "public", "ev_level1_evse_num": null, "ev_level2_evse_num": 4, "ev_dc_fast_num": null, "network": "FLO", "connector_types": ["J1772"], "owner_type": null}}, {"type": "Feature", "geometry": {"type": "Point", "coordinates": [-74.81395505767082, 40.25872960745427]}, "properties": {"id": 329309, "name": "Heritage Court 210", "address": "210 Silvia Street", "city": "Ewing Township", "zip": "08628", "access": "public", "ev_level1_evse_num": null, "ev_level2_evse_num": 14, "ev_dc_fast_num": null, "network": "Blink Network", "connector_types": ["J1772"], "owner_type": null}}, {"type": "Feature", "geometry": {"type": "Point", "coordinates": [-74.292612, 40.691319]}, "properties": {"id": 329501, "name": "MAXONEXPRESS SALES FRONT", "address": "2329 US-22", "city": "Union", "zip": "07083", "access": "public", "ev_level1_evse_num": null, "ev_level2_evse_num": null, "ev_dc_fast_num": 1, "network": "ChargePoint Network", "connector_types": ["CHADEMO", "J1772COMBO"], "owner_type": null}}, {"type": "Feature", "geometry": {"type": "Point", "coordinates": [-74.3040996, 40.9981933]}, "properties": {"id": 329590, "name": "69 Hamburg Turnpike", "address": "69 Hamburg Turnpike", "city": "Riverdale", "zip": "07457", "access": "public", "ev_level1_evse_num": null, "ev_level2_evse_num": 1, "ev_dc_fast_num": null, "network": "FLO", "connector_types": ["J1772"], "owner_type": null}}, {"type": "Feature", "geometry": {"type": "Point", "coordinates": [-74.3239205, 40.6870332]}, "properties": {"id": 329934, "name": "Garden Homes - Mountain View Gardens", "address": "99 Hillside Avenue", "city": "Springfield", "zip": "07081", "access": "public", "ev_level1_evse_num": null, "ev_level2_evse_num": 4, "ev_dc_fast_num": null, "network": "OpConnect", "connector_types": ["J1772"], "owner_type": null}}, {"type": "Feature", "geometry": {"type": "Point", "coordinates": [-74.31562993377806, 40.6264736388859]}, "properties": {"id": 329966, "name": "Brookside Manor Group", "address": "1025 Raritan Road", "city": "Clark", "zip": "07066", "access": "public", "ev_level1_evse_num": null, "ev_level2_evse_num": 8, "ev_dc_fast_num": null, "network": "Blink Network", "connector_types": ["J1772"], "owner_type": null}}, {"type": "Feature", "geometry": {"type": "Point", "coordinates": [-74.037227, 40.752028]}, "properties": {"id": 330605, "name": "DORIC APARTMENT PUBLIC CHARGER", "address": "100 Manhattan Ave", "city": "Union City", "zip": "07087", "access": "public", "ev_level1_evse_num": null, "ev_level2_evse_num": 2, "ev_dc_fast_num": null, "network": "ChargePoint Network", "connector_types": ["J1772"], "owner_type": null}}, {"type": "Feature", "geometry": {"type": "Point", "coordinates": [-73.978136, 40.917696]}, "properties": {"id": 330687, "name": "KCC KCC", "address": "188 Knickerbocker Rd", "city": "Tenafly", "zip": "07670", "access": "public", "ev_level1_evse_num": null, "ev_level2_evse_num": 2, "ev_dc_fast_num": null, "network": "ChargePoint Network", "connector_types": ["J1772"], "owner_type": null}}, {"type": "Feature", "geometry": {"type": "Point", "coordinates": [-74.257879, 40.718493]}, "properties": {"id": 330753, "name": "Powers Electric Parking", "address": "26 Newark Way", "city": "Maplewood", "zip": "07040", "access": "public", "ev_level1_evse_num": null, "ev_level2_evse_num": 2, "ev_dc_fast_num": null, "network": "FLO", "connector_types": ["J1772"], "owner_type": null}}, {"type": "Feature", "geometry": {"type": "Point", "coordinates": [-75.0410441, 39.9759398]}, "properties": {"id": 330785, "name": "Lacas Coffee Company", "address": "7950 National Hwy", "city": "Pennsauken Township", "zip": "08110", "access": "public", "ev_level1_evse_num": null, "ev_level2_evse_num": 4, "ev_dc_fast_num": null, "network": "FLO", "connector_types": ["J1772"], "owner_type": null}}, {"type": "Feature", "geometry": {"type": "Point", "coordinates": [-74.253388, 39.690033]}, "properties": {"id": 330904, "name": "MANAHAWKIN KIA MKIA", "address": "270 New Jersey 72", "city": "Stafford Township", "zip": "08050", "access": "public", "ev_level1_evse_num": null, "ev_level2_evse_num": null, "ev_dc_fast_num": 1, "network": "ChargePoint Network", "connector_types": ["J1772COMBO"], "owner_type": null}}, {"type": "Feature", "geometry": {"type": "Point", "coordinates": [-74.301651, 40.62748]}, "properties": {"id": 330974, "name": "Holiday Inn - Tesla Supercharger", "address": "36 Valley Rd", "city": "Clark", "zip": "07066", "access": "public", "ev_level1_evse_num": null, "ev_level2_evse_num": null, "ev_dc_fast_num": 16, "network": "Tesla", "connector_types": ["J1772COMBO", "TESLA"], "owner_type": "P"}}, {"type": "Feature", "geometry": {"type": "Point", "coordinates": [-74.211388, 40.422596]}, "properties": {"id": 331067, "name": "MATAWAN MATAWAN", "address": "558 Lloyd Rd", "city": "Matawan", "zip": "07747", "access": "public", "ev_level1_evse_num": null, "ev_level2_evse_num": 2, "ev_dc_fast_num": null, "network": "ChargePoint Network", "connector_types": ["J1772"], "owner_type": null}}, {"type": "Feature", "geometry": {"type": "Point", "coordinates": [-74.638076, 40.196039]}, "properties": {"id": 331114, "name": "CFA HM CHICK-FIL-A", "address": "500 Marketplace Blvd", "city": "Hamilton Township", "zip": "08691", "access": "public", "ev_level1_evse_num": null, "ev_level2_evse_num": 2, "ev_dc_fast_num": null, "network": "ChargePoint Network", "connector_types": ["J1772"], "owner_type": null}}, {"type": "Feature", "geometry": {"type": "Point", "coordinates": [-74.38781, 40.430958]}, "properties": {"id": 331243, "name": "EAST BRUNSWICK JP - MAIN", "address": "645 New Jersey 18", "city": "East Brunswick", "zip": "08816", "access": "public", "ev_level1_evse_num": null, "ev_level2_evse_num": 2, "ev_dc_fast_num": null, "network": "ChargePoint Network", "connector_types": ["J1772"], "owner_type": null}}, {"type": "Feature", "geometry": {"type": "Point", "coordinates": [-74.155242, 41.090031]}, "properties": {"id": 331355, "name": "Mahwah, NJ - Tesla Supercharger", "address": "280 NJ-17", "city": "Mahwah", "zip": "07430", "access": "public", "ev_level1_evse_num": null, "ev_level2_evse_num": null, "ev_dc_fast_num": 8, "network": "Tesla", "connector_types": ["J1772COMBO", "TESLA"], "owner_type": "P"}}, {"type": "Feature", "geometry": {"type": "Point", "coordinates": [-73.95302, 40.87568]}, "properties": {"id": 331401, "name": "NJ-400SYL-ENCL", "address": "400 Sylvan Ave", "city": "Englewood Cliffs", "zip": "07632", "access": "public", "ev_level1_evse_num": null, "ev_level2_evse_num": 4, "ev_dc_fast_num": null, "network": "Non-Networked", "connector_types": ["J1772"], "owner_type": "P"}}, {"type": "Feature", "geometry": {"type": "Point", "coordinates": [-73.95386, 40.99852]}, "properties": {"id": 331402, "name": "NJ-504LIV-NORW", "address": "504 Livingston St", "city": "Norwood", "zip": "07648", "access": "public", "ev_level1_evse_num": null, "ev_level2_evse_num": 4, "ev_dc_fast_num": null, "network": "Non-Networked", "connector_types": ["J1772"], "owner_type": "P"}}, {"type": "Feature", "geometry": {"type": "Point", "coordinates": [-74.38813, 40.40773]}, "properties": {"id": 331403, "name": "NJ-377SUM-EBRU", "address": "377 Summerhill Rd", "city": "East Brunswick", "zip": "08816", "access": "public", "ev_level1_evse_num": null, "ev_level2_evse_num": 4, "ev_dc_fast_num": null, "network": "Non-Networked", "connector_types": ["J1772"], "owner_type": "P"}}, {"type": "Feature", "geometry": {"type": "Point", "coordinates": [-74.74866, 40.00246]}, "properties": {"id": 331404, "name": "NJ-102STA-EAAM", "address": "102 Star Dr", "city": "Eastampton Township", "zip": "08060", "access": "public", "ev_level1_evse_num": null, "ev_level2_evse_num": 4, "ev_dc_fast_num": null, "network": "Non-Networked", "connector_types": ["J1772"], "owner_type": "P"}}, {"type": "Feature", "geometry": {"type": "Point", "coordinates": [-74.82172, 39.88292]}, "properties": {"id": 331496, "name": "Medford Cornerstone Urban Renewal", "address": "370 Stokes Road", "city": "Medford", "zip": "08055", "access": "public", "ev_level1_evse_num": null, "ev_level2_evse_num": 4, "ev_dc_fast_num": null, "network": "Blink Network", "connector_types": ["J1772"], "owner_type": null}}, {"type": "Feature", "geometry": {"type": "Point", "coordinates": [-74.072365, 40.904333]}, "properties": {"id": 331504, "name": "PARK AVE ACURA PA_ACURA_CP6021", "address": "194 NJ-17", "city": "Rochelle Park", "zip": "07662", "access": "public", "ev_level1_evse_num": null, "ev_level2_evse_num": 2, "ev_dc_fast_num": null, "network": "ChargePoint Network", "connector_types": ["J1772"], "owner_type": null}}, {"type": "Feature", "geometry": {"type": "Point", "coordinates": [-73.971076, 40.890111]}, "properties": {"id": 331769, "name": "FIRST PRES CH LEFT", "address": "150 East Palisade Avenue", "city": "Englewood", "zip": "07631", "access": "public", "ev_level1_evse_num": null, "ev_level2_evse_num": 2, "ev_dc_fast_num": null, "network": "ChargePoint Network", "connector_types": ["J1772"], "owner_type": null}}, {"type": "Feature", "geometry": {"type": "Point", "coordinates": [-73.970988, 40.890058]}, "properties": {"id": 331770, "name": "FIRST PRES CH RIGHT", "address": "150 East Palisade Avenue", "city": "Englewood", "zip": "07631", "access": "public", "ev_level1_evse_num": null, "ev_level2_evse_num": 2, "ev_dc_fast_num": null, "network": "ChargePoint Network", "connector_types": ["J1772"], "owner_type": null}}, {"type": "Feature", "geometry": {"type": "Point", "coordinates": [-74.386793, 40.431361]}, "properties": {"id": 331846, "name": "EAST BRUNSWICK JP - COMCAST-2", "address": "645 NJ-18", "city": "East Brunswick", "zip": "08816", "access": "public", "ev_level1_evse_num": null, "ev_level2_evse_num": 2, "ev_dc_fast_num": null, "network": "ChargePoint Network", "connector_types": ["J1772"], "owner_type": null}}, {"type": "Feature", "geometry": {"type": "Point", "coordinates": [-74.387, 40.43141]}, "properties": {"id": 331847, "name": "EAST BRUNSWICK JP - COMCAST-1", "address": "645 Route 18", "city": "East Brunswick", "zip": "08816", "access": "public", "ev_level1_evse_num": null, "ev_level2_evse_num": 2, "ev_dc_fast_num": null, "network": "ChargePoint Network", "connector_types": ["J1772"], "owner_type": null}}, {"type": "Feature", "geometry": {"type": "Point", "coordinates": [-75.48345337, 39.6851847]}, "properties": {"id": 332096, "name": "Carneys Point Truck and Auto Plaza - Tesla Supercharger", "address": "327 Slapes Corner Rd", "city": "Carneys Point", "zip": "08069", "access": "public", "ev_level1_evse_num": null, "ev_level2_evse_num": null, "ev_dc_fast_num": 12, "network": "Tesla", "connector_types": ["TESLA"], "owner_type": "P"}}, {"type": "Feature", "geometry": {"type": "Point", "coordinates": [-74.064722, 40.811472]}, "properties": {"id": 332099, "name": "East Rutherford, NJ (Pay to Park, Level D) - Tesla Destination", "address": "1 American Dream Way", "city": "East Rutherford", "zip": "07073", "access": "public", "ev_level1_evse_num": null, "ev_level2_evse_num": 12, "ev_dc_fast_num": null, "network": "Tesla Destination", "connector_types": ["J1772", "TESLA"], "owner_type": "P"}}, {"type": "Feature", "geometry": {"type": "Point", "coordinates": [-74.716165, 40.609647]}, "properties": {"id": 332125, "name": "QUICKCHEK CP-QC186-1", "address": "3483 U.S. 22", "city": "Whitehouse station", "zip": "08889", "access": "public", "ev_level1_evse_num": null, "ev_level2_evse_num": null, "ev_dc_fast_num": 1, "network": "ChargePoint Network", "connector_types": ["CHADEMO", "J1772COMBO"], "owner_type": null}}, {"type": "Feature", "geometry": {"type": "Point", "coordinates": [-74.715985, 40.609754]}, "properties": {"id": 332126, "name": "QUICKCHEK CP- QC186-2", "address": "3483 U.S. 22", "city": "Whitehouse Station", "zip": "08889", "access": "public", "ev_level1_evse_num": null, "ev_level2_evse_num": null, "ev_dc_fast_num": 1, "network": "ChargePoint Network", "connector_types": ["CHADEMO", "J1772COMBO"], "owner_type": null}}, {"type": "Feature", "geometry": {"type": "Point", "coordinates": [-74.06986, 40.964098]}, "properties": {"id": 332186, "name": "CS LEVEL1-2", "address": "140 E Ridgewood Ave", "city": "Paramus", "zip": "07652", "access": "public", "ev_level1_evse_num": null, "ev_level2_evse_num": 2, "ev_dc_fast_num": null, "network": "ChargePoint Network", "connector_types": ["J1772"], "owner_type": null}}, {"type": "Feature", "geometry": {"type": "Point", "coordinates": [-74.173626, 40.08329]}, "properties": {"id": 332320, "name": "PAC AUTOMOTIVE SHOWROOM", "address": "1118 Ocean Ave", "city": "Lakewood", "zip": "08701", "access": "public", "ev_level1_evse_num": null, "ev_level2_evse_num": 2, "ev_dc_fast_num": null, "network": "ChargePoint Network", "connector_types": ["J1772"], "owner_type": null}}, {"type": "Feature", "geometry": {"type": "Point", "coordinates": [-74.88676, 40.057986]}, "properties": {"id": 332325, "name": "LIBERTY TOYOTA STATION 1", "address": "4397 U.S. 130", "city": "Burlington", "zip": "08016", "access": "public", "ev_level1_evse_num": null, "ev_level2_evse_num": null, "ev_dc_fast_num": 1, "network": "ChargePoint Network", "connector_types": ["CHADEMO", "J1772COMBO"], "owner_type": null}}, {"type": "Feature", "geometry": {"type": "Point", "coordinates": [-74.886812, 40.057944]}, "properties": {"id": 332326, "name": "LIBERTY TOYOTA STATION 2", "address": "4397 U.S. 130", "city": "Burlington", "zip": "08016", "access": "public", "ev_level1_evse_num": null, "ev_level2_evse_num": null, "ev_dc_fast_num": 1, "network": "ChargePoint Network", "connector_types": ["CHADEMO", "J1772COMBO"], "owner_type": null}}, {"type": "Feature", "geometry": {"type": "Point", "coordinates": [-74.087558, 40.924401]}, "properties": {"id": 332447, "name": "Jack Daniels Audi VW", "address": "180 Route 4", "city": "Paramus", "zip": "07652", "access": "public", "ev_level1_evse_num": null, "ev_level2_evse_num": 4, "ev_dc_fast_num": null, "network": "Blink Network", "connector_types": ["J1772"], "owner_type": null}}, {"type": "Feature", "geometry": {"type": "Point", "coordinates": [-74.961691, 40.036448]}, "properties": {"id": 332563, "name": "TMARUR STATION 2", "address": "10 Mill Road", "city": "Riverside", "zip": "08075", "access": "public", "ev_level1_evse_num": null, "ev_level2_evse_num": 1, "ev_dc_fast_num": null, "network": "ChargePoint Network", "connector_types": ["J1772"], "owner_type": null}}, {"type": "Feature", "geometry": {"type": "Point", "coordinates": [-74.96164, 40.036314]}, "properties": {"id": 332564, "name": "TMARUR STATION 1", "address": "10 Mill Road", "city": "Riverside", "zip": "08075", "access": "public", "ev_level1_evse_num": null, "ev_level2_evse_num": 1, "ev_dc_fast_num": null, "network": "ChargePoint Network", "connector_types": ["J1772"], "owner_type": null}}, {"type": "Feature", "geometry": {"type": "Point", "coordinates": [-74.2699257, 40.9317063]}, "properties": {"id": 333086, "name": "Open Road Acura of Wayne", "address": "1425 Route 23 South", "city": "Wayne", "zip": "07470", "access": "public", "ev_level1_evse_num": null, "ev_level2_evse_num": 3, "ev_dc_fast_num": 2, "network": "ABM", "connector_types": ["J1772", "J1772COMBO"], "owner_type": null}}, {"type": "Feature", "geometry": {"type": "Point", "coordinates": [-74.0685982, 40.907272]}, "properties": {"id": 333087, "name": "Park Ave Acura Service", "address": "247 West Passaic St", "city": "Maywood", "zip": "07435", "access": "public", "ev_level1_evse_num": null, "ev_level2_evse_num": null, "ev_dc_fast_num": 3, "network": "ABM", "connector_types": ["J1772COMBO"], "owner_type": null}}, {"type": "Feature", "geometry": {"type": "Point", "coordinates": [-74.559817, 39.392618]}, "properties": {"id": 333417, "name": "BOARDWALK HONDA CPE250 2", "address": "6807 Tilton Rd", "city": "Egg Harbor Township", "zip": "08234", "access": "public", "ev_level1_evse_num": null, "ev_level2_evse_num": null, "ev_dc_fast_num": 1, "network": "ChargePoint Network", "connector_types": ["CHADEMO", "J1772COMBO"], "owner_type": null}}, {"type": "Feature", "geometry": {"type": "Point", "coordinates": [-74.559785, 39.392618]}, "properties": {"id": 333418, "name": "BOARDWALK HONDA CPE250 1", "address": "6807 Tilton Rd", "city": "Egg Harbor Township", "zip": "08234", "access": "public", "ev_level1_evse_num": null, "ev_level2_evse_num": null, "ev_dc_fast_num": 1, "network": "ChargePoint Network", "connector_types": ["CHADEMO", "J1772COMBO"], "owner_type": null}}, {"type": "Feature", "geometry": {"type": "Point", "coordinates": [-74.563395, 40.886352]}, "properties": {"id": 333524, "name": "NIELSEN CHEVROLET", "address": "1 Route 46 W", "city": "Dover", "zip": "07801", "access": "public", "ev_level1_evse_num": null, "ev_level2_evse_num": 1, "ev_dc_fast_num": 1, "network": "EV Connect", "connector_types": ["J1772", "J1772COMBO"], "owner_type": null}}, {"type": "Feature", "geometry": {"type": "Point", "coordinates": [-74.253408, 39.690985]}, "properties": {"id": 333631, "name": "MANAHAWKIN CDJR SERVICE PARKING", "address": "188 New Jersey 72", "city": "Stafford Township", "zip": "08050", "access": "public", "ev_level1_evse_num": null, "ev_level2_evse_num": 2, "ev_dc_fast_num": null, "network": "ChargePoint Network", "connector_types": ["J1772"], "owner_type": null}}, {"type": "Feature", "geometry": {"type": "Point", "coordinates": [-74.28395975, 39.71177274]}, "properties": {"id": 333708, "name": "Target - Tesla Supercharger", "address": "209 Stafford Park Blvd", "city": "Stafford Township", "zip": "08050", "access": "public", "ev_level1_evse_num": null, "ev_level2_evse_num": null, "ev_dc_fast_num": 12, "network": "Tesla", "connector_types": ["TESLA"], "owner_type": "P"}}, {"type": "Feature", "geometry": {"type": "Point", "coordinates": [-74.89616, 39.9782]}, "properties": {"id": 333847, "name": "ENERGY5 Warehouse", "address": "100 Pike Rd", "city": "Mt. Laurel Township", "zip": "08054", "access": "public", "ev_level1_evse_num": null, "ev_level2_evse_num": 1, "ev_dc_fast_num": null, "network": "Non-Networked", "connector_types": ["J1772"], "owner_type": "P"}}, {"type": "Feature", "geometry": {"type": "Point", "coordinates": [-74.04604359999999, 40.7866934]}, "properties": {"id": 333848, "name": "100 Plaza Dr", "address": "Plaza Dr", "city": "Secaucus", "zip": "07094", "access": "public", "ev_level1_evse_num": null, "ev_level2_evse_num": 4, "ev_dc_fast_num": null, "network": "EVIUM", "connector_types": ["J1772"], "owner_type": null}}, {"type": "Feature", "geometry": {"type": "Point", "coordinates": [-74.48662, 40.46733]}, "properties": {"id": 333920, "name": "Pharma Lab Site", "address": "1300 Airport Rd", "city": "North Brunswick Township", "zip": "08902", "access": "public", "ev_level1_evse_num": null, "ev_level2_evse_num": 1, "ev_dc_fast_num": null, "network": "Non-Networked", "connector_types": ["J1772"], "owner_type": "P"}}, {"type": "Feature", "geometry": {"type": "Point", "coordinates": [-74.637266, 40.502746]}, "properties": {"id": 334275, "name": "AVALON ASSISTED STATION 2", "address": "393 Amwell Road", "city": "Hillsborough Township", "zip": "08844", "access": "public", "ev_level1_evse_num": null, "ev_level2_evse_num": 1, "ev_dc_fast_num": null, "network": "ChargePoint Network", "connector_types": ["J1772"], "owner_type": null}}, {"type": "Feature", "geometry": {"type": "Point", "coordinates": [-74.637433, 40.502789]}, "properties": {"id": 334276, "name": "AVALON ASSISTED STATION 1", "address": "393 Amwell Road", "city": "Hillsborough Township", "zip": "08844", "access": "public", "ev_level1_evse_num": null, "ev_level2_evse_num": 2, "ev_dc_fast_num": null, "network": "ChargePoint Network", "connector_types": ["J1772"], "owner_type": null}}, {"type": "Feature", "geometry": {"type": "Point", "coordinates": [-74.118392, 41.011293]}, "properties": {"id": 334282, "name": "WALDWICK PUBLIC DCFC #1", "address": "15 E Prospect St", "city": "Waldwick", "zip": "07463", "access": "public", "ev_level1_evse_num": null, "ev_level2_evse_num": null, "ev_dc_fast_num": 1, "network": "ChargePoint Network", "connector_types": ["CHADEMO", "J1772COMBO"], "owner_type": null}}, {"type": "Feature", "geometry": {"type": "Point", "coordinates": [-74.118275, 41.011772]}, "properties": {"id": 334283, "name": "WALDWICK PUBLIC DCFC #2", "address": "15 E Prospect St", "city": "Waldwick", "zip": "07463", "access": "public", "ev_level1_evse_num": null, "ev_level2_evse_num": null, "ev_dc_fast_num": 1, "network": "ChargePoint Network", "connector_types": ["CHADEMO", "J1772COMBO"], "owner_type": null}}, {"type": "Feature", "geometry": {"type": "Point", "coordinates": [-74.254059, 39.690412]}, "properties": {"id": 334305, "name": "Manahawkin CDJR", "address": "188 New jersey 72", "city": "Manahawkin", "zip": "08050", "access": "public", "ev_level1_evse_num": null, "ev_level2_evse_num": null, "ev_dc_fast_num": 2, "network": "Blink Network", "connector_types": ["J1772COMBO"], "owner_type": null}}, {"type": "Feature", "geometry": {"type": "Point", "coordinates": [-74.22008, 40.01647]}, "properties": {"id": 334359, "name": "1800 Lakewood Rd", "address": "1800 Lakewood Rd", "city": "Toms River", "zip": "08755", "access": "public", "ev_level1_evse_num": null, "ev_level2_evse_num": 4, "ev_dc_fast_num": null, "network": "Non-Networked", "connector_types": ["J1772"], "owner_type": "P"}}, {"type": "Feature", "geometry": {"type": "Point", "coordinates": [-74.7782, 40.25774]}, "properties": {"id": 334427, "name": "Township of Ewing Public Charging", "address": "1666 Pennington Rd", "city": "Ewing Township", "zip": "08618", "access": "public", "ev_level1_evse_num": null, "ev_level2_evse_num": 2, "ev_dc_fast_num": null, "network": "VIALYNK", "connector_types": ["J1772"], "owner_type": null}}, {"type": "Feature", "geometry": {"type": "Point", "coordinates": [-74.32587, 40.56011]}, "properties": {"id": 334531, "name": "194 Wood Ave S", "address": "194 S Wood Ave", "city": "Iselin", "zip": "08830", "access": "public", "ev_level1_evse_num": null, "ev_level2_evse_num": 8, "ev_dc_fast_num": null, "network": "VIALYNK", "connector_types": ["J1772"], "owner_type": null}}, {"type": "Feature", "geometry": {"type": "Point", "coordinates": [-74.8329618, 39.9654313]}, "properties": {"id": 335391, "name": "10 Thackery Rd", "address": "10 Thackery Rd", "city": "Hainesport", "zip": "08036", "access": "private", "ev_level1_evse_num": null, "ev_level2_evse_num": 1, "ev_dc_fast_num": null, "network": "AMPUP", "connector_types": ["J1772"], "owner_type": "P"}}, {"type": "Feature", "geometry": {"type": "Point", "coordinates": [-74.3646352, 40.6451733]}, "properties": {"id": 335409, "name": "Gsk 597 Graceland Place", "address": "597 Graceland Pl", "city": "Westfield", "zip": "07090", "access": "private", "ev_level1_evse_num": null, "ev_level2_evse_num": 1, "ev_dc_fast_num": null, "network": "AMPUP", "connector_types": ["J1772"], "owner_type": "P"}}, {"type": "Feature", "geometry": {"type": "Point", "coordinates": [-74.4088906, 40.7484932]}, "properties": {"id": 335417, "name": "1 Beverly Rd", "address": "1 Beverly Rd", "city": "Madison", "zip": "07940", "access": "private", "ev_level1_evse_num": null, "ev_level2_evse_num": 1, "ev_dc_fast_num": null, "network": "AMPUP", "connector_types": ["J1772"], "owner_type": "P"}}, {"type": "Feature", "geometry": {"type": "Point", "coordinates": [-74.455891, 40.799322]}, "properties": {"id": 335431, "name": "Schindler Elevator Corp 20 Whippany Rd", "address": "Schindler Elevator Corp 20 Whippany Rd", "city": "Morristown", "zip": "07960", "access": "private", "ev_level1_evse_num": null, "ev_level2_evse_num": 1, "ev_dc_fast_num": null, "network": "AMPUP", "connector_types": ["J1772"], "owner_type": "P"}}, {"type": "Feature", "geometry": {"type": "Point", "coordinates": [-74.1624616, 40.8594015]}, "properties": {"id": 335451, "name": "135 Oak Ridge Rd", "address": "135 Oak Ridge Rd", "city": "Clifton", "zip": "07013", "access": "private", "ev_level1_evse_num": null, "ev_level2_evse_num": 1, "ev_dc_fast_num": null, "network": "AMPUP", "connector_types": ["J1772"], "owner_type": "P"}}, {"type": "Feature", "geometry": {"type": "Point", "coordinates": [-75.0119169, 39.8722008]}, "properties": {"id": 335458, "name": "Scrub Daddy - Woodcrest", "address": "104 Woodcrest Rd", "city": "Cherry Hill", "zip": "08003", "access": "private", "ev_level1_evse_num": null, "ev_level2_evse_num": 2, "ev_dc_fast_num": null, "network": "AMPUP", "connector_types": ["J1772"], "owner_type": "P"}}, {"type": "Feature", "geometry": {"type": "Point", "coordinates": [-74.556535, 40.579268]}, "properties": {"id": 335491, "name": "BRIDGEWATER01 BRIDGEWATER01", "address": "800 Thompson Ave", "city": "Bound Brook", "zip": "08805", "access": "public", "ev_level1_evse_num": null, "ev_level2_evse_num": 2, "ev_dc_fast_num": null, "network": "ChargePoint Network", "connector_types": ["J1772"], "owner_type": null}}, {"type": "Feature", "geometry": {"type": "Point", "coordinates": [-74.262834, 39.692395]}, "properties": {"id": 335557, "name": "Sea Pirate Campground", "address": "148 Main St.", "city": "West Creek", "zip": "08092", "access": "public", "ev_level1_evse_num": null, "ev_level2_evse_num": null, "ev_dc_fast_num": 2, "network": "CHARGEUP", "connector_types": ["J1772COMBO"], "owner_type": null}}, {"type": "Feature", "geometry": {"type": "Point", "coordinates": [-74.442572, 40.560861]}, "properties": {"id": 335672, "name": "STELTON SPORTS CT4K STATION 1", "address": "527 Stelton Road", "city": "Piscataway", "zip": "08854", "access": "public", "ev_level1_evse_num": null, "ev_level2_evse_num": 2, "ev_dc_fast_num": null, "network": "ChargePoint Network", "connector_types": ["J1772"], "owner_type": null}}, {"type": "Feature", "geometry": {"type": "Point", "coordinates": [-74.44244, 40.560878]}, "properties": {"id": 335673, "name": "STELTON SPORTS CT4K STATION 4", "address": "527 Stelton Road", "city": "Piscataway", "zip": "08854", "access": "public", "ev_level1_evse_num": null, "ev_level2_evse_num": 2, "ev_dc_fast_num": null, "network": "ChargePoint Network", "connector_types": ["J1772"], "owner_type": null}}, {"type": "Feature", "geometry": {"type": "Point", "coordinates": [-74.44287, 40.560881]}, "properties": {"id": 335674, "name": "STELTON SPORTS CT4K STATION 3", "address": "527 Stelton Rd", "city": "Piscataway", "zip": "08854", "access": "public", "ev_level1_evse_num": null, "ev_level2_evse_num": 2, "ev_dc_fast_num": null, "network": "ChargePoint Network", "connector_types": ["J1772"], "owner_type": null}}, {"type": "Feature", "geometry": {"type": "Point", "coordinates": [-74.44309, 40.561011]}, "properties": {"id": 335675, "name": "STELTON SPORTS CT4K STATION 2", "address": "527 Stelton Rd", "city": "Piscataway", "zip": "08854", "access": "public", "ev_level1_evse_num": null, "ev_level2_evse_num": 2, "ev_dc_fast_num": null, "network": "ChargePoint Network", "connector_types": ["J1772"], "owner_type": null}}, {"type": "Feature", "geometry": {"type": "Point", "coordinates": [-74.253531, 39.69056]}, "properties": {"id": 335739, "name": "MANAHAWKIN CDJR SERVICE DRIVE", "address": "188 NJ-72", "city": "Stafford Township", "zip": "08050", "access": "public", "ev_level1_evse_num": null, "ev_level2_evse_num": 2, "ev_dc_fast_num": null, "network": "ChargePoint Network", "connector_types": ["J1772"], "owner_type": null}}, {"type": "Feature", "geometry": {"type": "Point", "coordinates": [-74.95069885, 39.90607452]}, "properties": {"id": 341692, "name": "SWTCH Energy Inc.", "address": "781 Route 70 W", "city": "Marlton", "zip": "08053", "access": "public", "ev_level1_evse_num": null, "ev_level2_evse_num": 2, "ev_dc_fast_num": null, "network": "SWTCH", "connector_types": ["J1772"], "owner_type": "P"}}, {"type": "Feature", "geometry": {"type": "Point", "coordinates": [-74.9605, 38.969]}, "properties": {"id": 341864, "name": "Delaware River and Bay Authority", "address": "1200 Lincoln Blvd", "city": "North Cape May", "zip": "08204", "access": "public", "ev_level1_evse_num": null, "ev_level2_evse_num": 6, "ev_dc_fast_num": null, "network": "Non-Networked", "connector_types": ["J1772"], "owner_type": "P"}}, {"type": "Feature", "geometry": {"type": "Point", "coordinates": [-74.342953, 40.799782]}, "properties": {"id": 346016, "name": "EASTMAN MGT5 TOWER 1", "address": "293 Eisenhower Pkwy", "city": "Livingston", "zip": "07039", "access": "public", "ev_level1_evse_num": null, "ev_level2_evse_num": 2, "ev_dc_fast_num": null, "network": "ChargePoint Network", "connector_types": ["J1772"], "owner_type": null}}, {"type": "Feature", "geometry": {"type": "Point", "coordinates": [-74.342971, 40.799643]}, "properties": {"id": 346079, "name": "EASTMAN MGT5 TOWER 2", "address": "293 Eisenhower Parkway", "city": "Livingston", "zip": "07039", "access": "public", "ev_level1_evse_num": null, "ev_level2_evse_num": 2, "ev_dc_fast_num": null, "network": "ChargePoint Network", "connector_types": ["J1772"], "owner_type": null}}, {"type": "Feature", "geometry": {"type": "Point", "coordinates": [-74.228166, 40.719994]}, "properties": {"id": 346088, "name": "ESSEX COUNTY IRVINGTON PARK", "address": "639 Lyons Ave, IRVINGTON IRVINGTO PARK", "city": "Irvington", "zip": "07111", "access": "public", "ev_level1_evse_num": null, "ev_level2_evse_num": 2, "ev_dc_fast_num": null, "network": "ChargePoint Network", "connector_types": ["J1772"], "owner_type": null}}, {"type": "Feature", "geometry": {"type": "Point", "coordinates": [-74.59155506, 39.31908322]}, "properties": {"id": 346183, "name": "Wawa - Tesla Supercharger", "address": "502 Shore Rd", "city": "Somers Point", "zip": "08244", "access": "public", "ev_level1_evse_num": null, "ev_level2_evse_num": null, "ev_dc_fast_num": 8, "network": "Tesla", "connector_types": ["TESLA"], "owner_type": "P"}}, {"type": "Feature", "geometry": {"type": "Point", "coordinates": [-75.3035726, 39.7608708]}, "properties": {"id": 346186, "name": "Wawa - Tesla Supercharger", "address": "123 Paulsboro Rd", "city": "Woolwich Township", "zip": "08085", "access": "public", "ev_level1_evse_num": null, "ev_level2_evse_num": null, "ev_dc_fast_num": 12, "network": "Tesla", "connector_types": ["TESLA"], "owner_type": "P"}}, {"type": "Feature", "geometry": {"type": "Point", "coordinates": [-74.539678, 40.731034]}, "properties": {"id": 346244, "name": "OLDE MILL INN 1 CT4K 1", "address": "225 US-202", "city": "Bernards", "zip": "07920", "access": "public", "ev_level1_evse_num": null, "ev_level2_evse_num": 2, "ev_dc_fast_num": null, "network": "ChargePoint Network", "connector_types": ["J1772"], "owner_type": null}}, {"type": "Feature", "geometry": {"type": "Point", "coordinates": [-74.974339, 40.732601]}, "properties": {"id": 346357, "name": "Rossi Chevrolet Buick GMC", "address": "360 RTE 31 SOUTH", "city": "WASHINGTON", "zip": "07882", "access": "public", "ev_level1_evse_num": null, "ev_level2_evse_num": null, "ev_dc_fast_num": 2, "network": "EV Connect", "connector_types": ["J1772COMBO"], "owner_type": null}}, {"type": "Feature", "geometry": {"type": "Point", "coordinates": [-74.304665, 40.678417]}, "properties": {"id": 346597, "name": "DOKA KENILWORTH DOKA1", "address": "251 Monroe Avenue", "city": "Kenilworth", "zip": "07033", "access": "public", "ev_level1_evse_num": null, "ev_level2_evse_num": 2, "ev_dc_fast_num": null, "network": "ChargePoint Network", "connector_types": ["J1772"], "owner_type": null}}, {"type": "Feature", "geometry": {"type": "Point", "coordinates": [-74.304632, 40.67827]}, "properties": {"id": 346598, "name": "DOKA KENILWORTH DOKA3", "address": "251 Monroe Avenue", "city": "Kenilworth", "zip": "07033", "access": "public", "ev_level1_evse_num": null, "ev_level2_evse_num": 2, "ev_dc_fast_num": null, "network": "ChargePoint Network", "connector_types": ["J1772"], "owner_type": null}}, {"type": "Feature", "geometry": {"type": "Point", "coordinates": [-74.304657, 40.67837]}, "properties": {"id": 346603, "name": "DOKA KENILWORTH DOKA2", "address": "251 Monroe Ave", "city": "Kenilworth", "zip": "07033", "access": "public", "ev_level1_evse_num": null, "ev_level2_evse_num": 2, "ev_dc_fast_num": null, "network": "ChargePoint Network", "connector_types": ["J1772"], "owner_type": null}}, {"type": "Feature", "geometry": {"type": "Point", "coordinates": [-74.218492, 40.766866]}, "properties": {"id": 346772, "name": "BRICK CHURCH 4TH FLOOR", "address": "533 Main St", "city": "East Orange", "zip": "07018", "access": "public", "ev_level1_evse_num": null, "ev_level2_evse_num": 2, "ev_dc_fast_num": null, "network": "ChargePoint Network", "connector_types": ["J1772"], "owner_type": null}}, {"type": "Feature", "geometry": {"type": "Point", "coordinates": [-74.770037, 40.26445]}, "properties": {"id": 346859, "name": "EWINGTOWNSHIP HOLLOWBROOK ST1", "address": "320 Hollowbrook Drive", "city": "Ewing Township", "zip": "08638", "access": "public", "ev_level1_evse_num": null, "ev_level2_evse_num": 2, "ev_dc_fast_num": null, "network": "ChargePoint Network", "connector_types": ["J1772"], "owner_type": null}}, {"type": "Feature", "geometry": {"type": "Point", "coordinates": [-74.80254, 40.276898]}, "properties": {"id": 346860, "name": "EWINGTOWNSHIP EWING UPPER 1", "address": "2 Jake Garzio Drive", "city": "Ewing Township", "zip": "08628", "access": "public", "ev_level1_evse_num": null, "ev_level2_evse_num": 2, "ev_dc_fast_num": null, "network": "ChargePoint Network", "connector_types": ["J1772"], "owner_type": null}}, {"type": "Feature", "geometry": {"type": "Point", "coordinates": [-74.802047, 40.275858]}, "properties": {"id": 346861, "name": "EWINGTOWNSHIP EWING LOWER 1", "address": "2 Jake Garzio Drive", "city": "Ewing Township", "zip": "08628", "access": "public", "ev_level1_evse_num": null, "ev_level2_evse_num": 2, "ev_dc_fast_num": null, "network": "ChargePoint Network", "connector_types": ["J1772"], "owner_type": null}}, {"type": "Feature", "geometry": {"type": "Point", "coordinates": [-74.289398, 40.975422]}, "properties": {"id": 346896, "name": "TOYOTA VW TOYOTA", "address": "730 NJ-23", "city": "Pequannock Township", "zip": "07444", "access": "public", "ev_level1_evse_num": null, "ev_level2_evse_num": 1, "ev_dc_fast_num": null, "network": "ChargePoint Network", "connector_types": ["J1772"], "owner_type": null}}, {"type": "Feature", "geometry": {"type": "Point", "coordinates": [-74.829468, 38.973434]}, "properties": {"id": 347177, "name": "CAP CENTER LIBRARY ST1", "address": "6301 Ocean Avenue", "city": "Wildwood", "zip": "08260", "access": "public", "ev_level1_evse_num": null, "ev_level2_evse_num": 2, "ev_dc_fast_num": null, "network": "ChargePoint Network", "connector_types": ["J1772"], "owner_type": null}}, {"type": "Feature", "geometry": {"type": "Point", "coordinates": [-74.82948, 38.973449]}, "properties": {"id": 347178, "name": "CAP CENTER LIBRARY ST2", "address": "6301 Ocean Avenue", "city": "Wildwood", "zip": "08260", "access": "public", "ev_level1_evse_num": null, "ev_level2_evse_num": 2, "ev_dc_fast_num": null, "network": "ChargePoint Network", "connector_types": ["J1772"], "owner_type": null}}, {"type": "Feature", "geometry": {"type": "Point", "coordinates": [-74.18092306480406, 40.83628950501205]}, "properties": {"id": 347237, "name": "Applegreen Electric - Connie Chung Service Area", "address": "1339 Broad St", "city": "Bloomfield", "zip": "07003", "access": "public", "ev_level1_evse_num": null, "ev_level2_evse_num": null, "ev_dc_fast_num": 2, "network": "APPLEGREEN", "connector_types": ["CHADEMO", "J1772COMBO"], "owner_type": "P"}}, {"type": "Feature", "geometry": {"type": "Point", "coordinates": [-74.87485044053938, 39.50134767465205]}, "properties": {"id": 347437, "name": "St. Augustine Prep", "address": "611 Cedar Avenue", "city": "Richland", "zip": "08350", "access": "public", "ev_level1_evse_num": null, "ev_level2_evse_num": 2, "ev_dc_fast_num": null, "network": "Blink Network", "connector_types": ["J1772"], "owner_type": null}}, {"type": "Feature", "geometry": {"type": "Point", "coordinates": [-74.292984, 40.280953]}, "properties": {"id": 347488, "name": "POND ROAD SOUTH POND ROAD SOUTH", "address": "4331 U.S. 9", "city": "Freehold", "zip": "07728", "access": "public", "ev_level1_evse_num": null, "ev_level2_evse_num": 2, "ev_dc_fast_num": null, "network": "ChargePoint Network", "connector_types": ["J1772"], "owner_type": null}}, {"type": "Feature", "geometry": {"type": "Point", "coordinates": [-74.3502549034694, 40.85580972993689]}, "properties": {"id": 347676, "name": "EVIA Partridge Run", "address": "130 New Road", "city": "Parsippany-Troy Hills", "zip": "07054", "access": "public", "ev_level1_evse_num": null, "ev_level2_evse_num": 2, "ev_dc_fast_num": null, "network": "Blink Network", "connector_types": ["J1772"], "owner_type": null}}, {"type": "Feature", "geometry": {"type": "Point", "coordinates": [-74.138784, 40.040216]}, "properties": {"id": 347734, "name": "TWP OF BRICK DPSC PS 1", "address": "41 Drum Point Rd", "city": "Brick Township", "zip": "08724", "access": "public", "ev_level1_evse_num": null, "ev_level2_evse_num": 2, "ev_dc_fast_num": null, "network": "ChargePoint Network", "connector_types": ["J1772"], "owner_type": null}}, {"type": "Feature", "geometry": {"type": "Point", "coordinates": [-74.110725, 40.058788]}, "properties": {"id": 347735, "name": "TWP OF BRICK WINDWARD PS 1", "address": "265 Princeton Ave", "city": "Brick Township", "zip": "08724", "access": "public", "ev_level1_evse_num": null, "ev_level2_evse_num": 2, "ev_dc_fast_num": null, "network": "ChargePoint Network", "connector_types": ["J1772"], "owner_type": null}}, {"type": "Feature", "geometry": {"type": "Point", "coordinates": [-74.266915, 40.736879]}, "properties": {"id": 347754, "name": "MPCA MPCA ST1", "address": "467 Valley Street", "city": "Maplewood", "zip": "07040", "access": "public", "ev_level1_evse_num": null, "ev_level2_evse_num": 2, "ev_dc_fast_num": null, "network": "ChargePoint Network", "connector_types": ["J1772"], "owner_type": null}}, {"type": "Feature", "geometry": {"type": "Point", "coordinates": [-74.266964, 40.736904]}, "properties": {"id": 347757, "name": "MPCA MPCA ST2", "address": "467 Valley Street", "city": "Maplewood", "zip": "07040", "access": "public", "ev_level1_evse_num": null, "ev_level2_evse_num": 2, "ev_dc_fast_num": null, "network": "ChargePoint Network", "connector_types": ["J1772"], "owner_type": null}}, {"type": "Feature", "geometry": {"type": "Point", "coordinates": [-74.304339, 40.351778]}, "properties": {"id": 347918, "name": "Marlboro Medical Center", "address": "45 Route 520", "city": "Englishtown", "zip": "07726", "access": "public", "ev_level1_evse_num": null, "ev_level2_evse_num": 6, "ev_dc_fast_num": null, "network": "FLO", "connector_types": ["J1772"], "owner_type": null}}, {"type": "Feature", "geometry": {"type": "Point", "coordinates": [-74.482818, 39.33546]}, "properties": {"id": 347991, "name": "VENTNORDPWCORNW VENTNOR DC1", "address": "6500 Atlantic Avenue", "city": "Ventnor City", "zip": "08406", "access": "public", "ev_level1_evse_num": null, "ev_level2_evse_num": null, "ev_dc_fast_num": 1, "network": "ChargePoint Network", "connector_types": ["CHADEMO", "J1772COMBO"], "owner_type": null}}, {"type": "Feature", "geometry": {"type": "Point", "coordinates": [-74.482879, 39.335536]}, "properties": {"id": 347992, "name": "VENTNORDPWCORNW VENTNOR DC2", "address": "6500 Atlantic Avenue", "city": "Ventnor City", "zip": "08406", "access": "public", "ev_level1_evse_num": null, "ev_level2_evse_num": null, "ev_dc_fast_num": 1, "network": "ChargePoint Network", "connector_types": ["CHADEMO", "J1772COMBO"], "owner_type": null}}, {"type": "Feature", "geometry": {"type": "Point", "coordinates": [-74.28115437478611, 40.72267162861252]}, "properties": {"id": 348101, "name": "747 Valley", "address": "747 Valley St.", "city": "Maplewood", "zip": "07040", "access": "public", "ev_level1_evse_num": null, "ev_level2_evse_num": 4, "ev_dc_fast_num": null, "network": "Blink Network", "connector_types": ["J1772"], "owner_type": null}}, {"type": "Feature", "geometry": {"type": "Point", "coordinates": [-74.230292, 40.724677]}, "properties": {"id": 348111, "name": "50 UNION AVENUE STATION 1", "address": "50 Union Ave", "city": "Irvington", "zip": "07111", "access": "public", "ev_level1_evse_num": null, "ev_level2_evse_num": 2, "ev_dc_fast_num": null, "network": "ChargePoint Network", "connector_types": ["J1772"], "owner_type": null}}, {"type": "Feature", "geometry": {"type": "Point", "coordinates": [-74.230271, 40.724677]}, "properties": {"id": 348120, "name": "50 UNION AVENUE STATION 2", "address": "50 Union Ave", "city": "Irvington", "zip": "07111", "access": "public", "ev_level1_evse_num": null, "ev_level2_evse_num": 2, "ev_dc_fast_num": null, "network": "ChargePoint Network", "connector_types": ["J1772"], "owner_type": null}}, {"type": "Feature", "geometry": {"type": "Point", "coordinates": [-74.05031, 40.28623]}, "properties": {"id": 348211, "name": "Eco Charge", "address": "245 Rt 35", "city": "Eatontown", "zip": "07724", "access": "public", "ev_level1_evse_num": null, "ev_level2_evse_num": 2, "ev_dc_fast_num": null, "network": "Non-Networked", "connector_types": ["J1772"], "owner_type": "P"}}, {"type": "Feature", "geometry": {"type": "Point", "coordinates": [-74.37192, 40.51655]}, "properties": {"id": 348856, "name": "Supercharged Entertainment", "address": "987 US 1", "city": "Edison", "zip": "08817", "access": "public", "ev_level1_evse_num": null, "ev_level2_evse_num": 12, "ev_dc_fast_num": null, "network": "LOOP", "connector_types": ["J1772"], "owner_type": "P"}}, {"type": "Feature", "geometry": {"type": "Point", "coordinates": [-75.015099, 39.927214]}, "properties": {"id": 349018, "name": "THOM JEFFERSON CH2B", "address": "1508 Bedford Ave", "city": "Cherry Hill", "zip": "08002", "access": "public", "ev_level1_evse_num": null, "ev_level2_evse_num": 2, "ev_dc_fast_num": null, "network": "ChargePoint Network", "connector_types": ["J1772"], "owner_type": null}}, {"type": "Feature", "geometry": {"type": "Point", "coordinates": [-75.015814, 39.92678]}, "properties": {"id": 349019, "name": "THOM JEFFERSON CH2C", "address": "1508 Bedford Ave", "city": "Cherry Hill", "zip": "08002", "access": "public", "ev_level1_evse_num": null, "ev_level2_evse_num": 2, "ev_dc_fast_num": null, "network": "ChargePoint Network", "connector_types": ["J1772"], "owner_type": null}}, {"type": "Feature", "geometry": {"type": "Point", "coordinates": [-74.352625, 40.785331]}, "properties": {"id": 349499, "name": "Continental Properties-Highgate @Livingston", "address": "100 Eisenhower Parkway", "city": "Livingston", "zip": "07039", "access": "public", "ev_level1_evse_num": null, "ev_level2_evse_num": 6, "ev_dc_fast_num": null, "network": "OpConnect", "connector_types": ["J1772"], "owner_type": null}}, {"type": "Feature", "geometry": {"type": "Point", "coordinates": [-74.821532, 38.98696]}, "properties": {"id": 349743, "name": "CITY HALL LOTS CITY HALL LOTS2", "address": "103 West Montgomery Avenue", "city": "Wildwood", "zip": "08260", "access": "public", "ev_level1_evse_num": null, "ev_level2_evse_num": 2, "ev_dc_fast_num": null, "network": "ChargePoint Network", "connector_types": ["J1772"], "owner_type": null}}, {"type": "Feature", "geometry": {"type": "Point", "coordinates": [-74.821532, 38.98696]}, "properties": {"id": 349744, "name": "CITY HALL LOTS CITY HALL LOTS", "address": "103 West Montgomery Avenue", "city": "Wildwood", "zip": "08260", "access": "public", "ev_level1_evse_num": null, "ev_level2_evse_num": 2, "ev_dc_fast_num": null, "network": "ChargePoint Network", "connector_types": ["J1772"], "owner_type": null}}, {"type": "Feature", "geometry": {"type": "Point", "coordinates": [-74.078635, 40.969329]}, "properties": {"id": 349813, "name": "CHICK-FIL-A PAR STATION 1", "address": "718 NJ-17", "city": "Paramus", "zip": "07652", "access": "public", "ev_level1_evse_num": null, "ev_level2_evse_num": 1, "ev_dc_fast_num": null, "network": "ChargePoint Network", "connector_types": ["J1772"], "owner_type": null}}, {"type": "Feature", "geometry": {"type": "Point", "coordinates": [-74.078571, 40.969281]}, "properties": {"id": 349816, "name": "CHICK-FIL-A PAR STATION 2", "address": "718 NJ-17", "city": "Paramus", "zip": "07652", "access": "public", "ev_level1_evse_num": null, "ev_level2_evse_num": 2, "ev_dc_fast_num": null, "network": "ChargePoint Network", "connector_types": ["J1772"], "owner_type": null}}, {"type": "Feature", "geometry": {"type": "Point", "coordinates": [-74.083268, 40.922823]}, "properties": {"id": 350157, "name": "L703 CP6K", "address": "10 MacKay Ave", "city": "Paramus", "zip": "07652", "access": "public", "ev_level1_evse_num": null, "ev_level2_evse_num": 2, "ev_dc_fast_num": null, "network": "ChargePoint Network", "connector_types": ["J1772"], "owner_type": null}}, {"type": "Feature", "geometry": {"type": "Point", "coordinates": [-74.027491, 40.758482]}, "properties": {"id": 350281, "name": "1700 Park Ave", "address": "1700 Park Ave", "city": "Weehawken", "zip": "07086", "access": "public", "ev_level1_evse_num": null, "ev_level2_evse_num": 1, "ev_dc_fast_num": null, "network": "EV Connect", "connector_types": ["J1772"], "owner_type": null}}, {"type": "Feature", "geometry": {"type": "Point", "coordinates": [-74.568122, 39.387963]}, "properties": {"id": 350403, "name": "LEXUS OF AC SVC STATION 2", "address": "3163 Fire Rd", "city": "Egg Harbor Township", "zip": "08234", "access": "public", "ev_level1_evse_num": null, "ev_level2_evse_num": 1, "ev_dc_fast_num": null, "network": "ChargePoint Network", "connector_types": ["J1772"], "owner_type": null}}, {"type": "Feature", "geometry": {"type": "Point", "coordinates": [-75.006639, 39.829859]}, "properties": {"id": 350572, "name": "ROWAN UNIV SOM AC LOT LEFT", "address": "40 Laurel Road", "city": "Stratford", "zip": "08084", "access": "public", "ev_level1_evse_num": null, "ev_level2_evse_num": 1, "ev_dc_fast_num": null, "network": "ChargePoint Network", "connector_types": ["J1772"], "owner_type": null}}, {"type": "Feature", "geometry": {"type": "Point", "coordinates": [-75.006686, 39.829797]}, "properties": {"id": 350573, "name": "ROWAN UNIV SOM AC LOTRIGHT", "address": "40 Laurel Road", "city": "Stratford", "zip": "08084", "access": "public", "ev_level1_evse_num": null, "ev_level2_evse_num": 1, "ev_dc_fast_num": null, "network": "ChargePoint Network", "connector_types": ["J1772"], "owner_type": null}}, {"type": "Feature", "geometry": {"type": "Point", "coordinates": [-74.65784413232458, 40.46050087771818]}, "properties": {"id": 350604, "name": "Montgomery Place", "address": "2311 US Hwy 206", "city": "Belle Mead", "zip": "08502", "access": "public", "ev_level1_evse_num": null, "ev_level2_evse_num": 8, "ev_dc_fast_num": null, "network": "Blink Network", "connector_types": ["J1772"], "owner_type": null}}, {"type": "Feature", "geometry": {"type": "Point", "coordinates": [-74.3884259, 40.7869985]}, "properties": {"id": 350719, "name": "Garden Homes - 147 Columbia", "address": "147 Columbia Turnpike", "city": "Florham", "zip": "07932", "access": "public", "ev_level1_evse_num": null, "ev_level2_evse_num": 4, "ev_dc_fast_num": null, "network": "OpConnect", "connector_types": ["J1772"], "owner_type": null}}, {"type": "Feature", "geometry": {"type": "Point", "coordinates": [-74.609078, 40.568996]}, "properties": {"id": 350884, "name": "SOMERSET COUNTY 46 EAST HIGH ST", "address": "46 East High Street", "city": "Somerville", "zip": "08876", "access": "public", "ev_level1_evse_num": null, "ev_level2_evse_num": 2, "ev_dc_fast_num": null, "network": "ChargePoint Network", "connector_types": ["J1772"], "owner_type": null}}, {"type": "Feature", "geometry": {"type": "Point", "coordinates": [-74.969429, 39.943441]}, "properties": {"id": 351246, "name": "Wawa - Tesla Supercharger", "address": "600 NJ-38", "city": "Maple Shade", "zip": "08052", "access": "public", "ev_level1_evse_num": null, "ev_level2_evse_num": null, "ev_dc_fast_num": 12, "network": "Tesla", "connector_types": ["J1772COMBO", "TESLA"], "owner_type": "P"}}, {"type": "Feature", "geometry": {"type": "Point", "coordinates": [-74.822514, 38.986225]}, "properties": {"id": 351345, "name": "CITY HALL LOTS SOUTH CAR 1", "address": "4500 New Jersey Ave", "city": "Wildwood", "zip": "08260", "access": "public", "ev_level1_evse_num": null, "ev_level2_evse_num": null, "ev_dc_fast_num": 1, "network": "ChargePoint Network", "connector_types": ["CHADEMO", "J1772COMBO"], "owner_type": null}}, {"type": "Feature", "geometry": {"type": "Point", "coordinates": [-74.822543, 38.986186]}, "properties": {"id": 351346, "name": "CITY HALL LOTS SOUTH CAR 2", "address": "4500 New Jersey Ave", "city": "Wildwood", "zip": "08260", "access": "public", "ev_level1_evse_num": null, "ev_level2_evse_num": null, "ev_dc_fast_num": 1, "network": "ChargePoint Network", "connector_types": ["CHADEMO", "J1772COMBO"], "owner_type": null}}, {"type": "Feature", "geometry": {"type": "Point", "coordinates": [-74.336732, 40.808617]}, "properties": {"id": 351497, "name": "EASTMAN MGMT PLAZA 1-TOWER 2", "address": "354 Eisenhower Pkwy", "city": "Livingston", "zip": "07039", "access": "public", "ev_level1_evse_num": null, "ev_level2_evse_num": 2, "ev_dc_fast_num": null, "network": "ChargePoint Network", "connector_types": ["J1772"], "owner_type": null}}, {"type": "Feature", "geometry": {"type": "Point", "coordinates": [-74.336743, 40.808594]}, "properties": {"id": 351498, "name": "EASTMAN MGMT PLAZA 1-TOWER 1", "address": "354 Eisenhower Parkway", "city": "Livingston", "zip": "07039", "access": "public", "ev_level1_evse_num": null, "ev_level2_evse_num": 2, "ev_dc_fast_num": null, "network": "ChargePoint Network", "connector_types": ["J1772"], "owner_type": null}}, {"type": "Feature", "geometry": {"type": "Point", "coordinates": [-74.036988, 40.737278]}, "properties": {"id": 351499, "name": "DT&P HOBOKEN DC1", "address": "415 Newark St.", "city": "Hoboken", "zip": "07030", "access": "public", "ev_level1_evse_num": null, "ev_level2_evse_num": null, "ev_dc_fast_num": 1, "network": "ChargePoint Network", "connector_types": ["CHADEMO", "J1772COMBO"], "owner_type": null}}, {"type": "Feature", "geometry": {"type": "Point", "coordinates": [-74.036935, 40.737291]}, "properties": {"id": 351500, "name": "DT&P HOBOKEN DC2", "address": "415 Newark St.", "city": "Hoboken", "zip": "07030", "access": "public", "ev_level1_evse_num": null, "ev_level2_evse_num": null, "ev_dc_fast_num": 1, "network": "ChargePoint Network", "connector_types": ["CHADEMO", "J1772COMBO"], "owner_type": null}}, {"type": "Feature", "geometry": {"type": "Point", "coordinates": [-74.58148, 40.85814]}, "properties": {"id": 351591, "name": "County College of Morris", "address": "214 Center Grove Rd", "city": "Randolph", "zip": "07869", "access": "public", "ev_level1_evse_num": null, "ev_level2_evse_num": 4, "ev_dc_fast_num": null, "network": "VIALYNK", "connector_types": ["J1772"], "owner_type": null}}, {"type": "Feature", "geometry": {"type": "Point", "coordinates": [-74.15581, 40.72867]}, "properties": {"id": 351601, "name": "124 Polk St", "address": "124 Polk St", "city": "Newark", "zip": "07105", "access": "public", "ev_level1_evse_num": null, "ev_level2_evse_num": 1, "ev_dc_fast_num": null, "network": "EPIC_CHARGING", "connector_types": ["J1772"], "owner_type": "P"}}, {"type": "Feature", "geometry": {"type": "Point", "coordinates": [-74.48433, 39.35253]}, "properties": {"id": 351621, "name": "824 Marshall Ct c", "address": "824 Marshall Ct c", "city": "Ventnor City", "zip": "08406", "access": "private", "ev_level1_evse_num": null, "ev_level2_evse_num": 1, "ev_dc_fast_num": null, "network": "EPIC_CHARGING", "connector_types": ["J1772"], "owner_type": "P"}}, {"type": "Feature", "geometry": {"type": "Point", "coordinates": [-75.015744, 39.926767]}, "properties": {"id": 351859, "name": "THOM JEFFERSON CH2A", "address": "1508 Bedford Ave", "city": "Cherry Hill", "zip": "08002", "access": "public", "ev_level1_evse_num": null, "ev_level2_evse_num": 2, "ev_dc_fast_num": null, "network": "ChargePoint Network", "connector_types": ["J1772"], "owner_type": null}}, {"type": "Feature", "geometry": {"type": "Point", "coordinates": [-74.336099, 40.809884]}, "properties": {"id": 351922, "name": "EASTMAN MGMT PLAZA 2-TOWER 2", "address": "354 Eisenhower Parkway", "city": "Livingston", "zip": "07039", "access": "public", "ev_level1_evse_num": null, "ev_level2_evse_num": 2, "ev_dc_fast_num": null, "network": "ChargePoint Network", "connector_types": ["J1772"], "owner_type": null}}, {"type": "Feature", "geometry": {"type": "Point", "coordinates": [-74.336192, 40.809778]}, "properties": {"id": 351923, "name": "EASTMAN MGMT PLAZA 2-TOWER 1", "address": "354 Eisenhower Pkwy", "city": "Livingston", "zip": "07039", "access": "public", "ev_level1_evse_num": null, "ev_level2_evse_num": 2, "ev_dc_fast_num": null, "network": "ChargePoint Network", "connector_types": ["J1772"], "owner_type": null}}, {"type": "Feature", "geometry": {"type": "Point", "coordinates": [-74.95870616128016, 40.92742371548363]}, "properties": {"id": 351965, "name": "Dunkin Donuts - Hope, NJ (DC)", "address": "484 Hope Blairstown Road", "city": "Hope", "zip": "07844", "access": "public", "ev_level1_evse_num": null, "ev_level2_evse_num": null, "ev_dc_fast_num": 4, "network": "Blink Network", "connector_types": ["CHADEMO", "J1772COMBO"], "owner_type": null}}, {"type": "Feature", "geometry": {"type": "Point", "coordinates": [-73.96950777463168, 40.90222490925235]}, "properties": {"id": 352047, "name": "Tower Sigma", "address": "276 Engle Street", "city": "Englewood", "zip": "07631", "access": "public", "ev_level1_evse_num": null, "ev_level2_evse_num": 10, "ev_dc_fast_num": null, "network": "Blink Network", "connector_types": ["J1772"], "owner_type": null}}, {"type": "Feature", "geometry": {"type": "Point", "coordinates": [-74.19251976118461, 39.96104455860954]}, "properties": {"id": 352048, "name": "Terrace Garden", "address": "55 Terrace Avenue", "city": "Toms River", "zip": "08753", "access": "public", "ev_level1_evse_num": null, "ev_level2_evse_num": 2, "ev_dc_fast_num": null, "network": "Blink Network", "connector_types": ["J1772"], "owner_type": null}}, {"type": "Feature", "geometry": {"type": "Point", "coordinates": [-74.38840068998283, 40.71219222386625]}, "properties": {"id": 352050, "name": "Tower Spring Gardens", "address": "851 Springfield Avenue", "city": "Summit", "zip": "07901", "access": "public", "ev_level1_evse_num": null, "ev_level2_evse_num": 8, "ev_dc_fast_num": null, "network": "Blink Network", "connector_types": ["J1772"], "owner_type": null}}, {"type": "Feature", "geometry": {"type": "Point", "coordinates": [-73.99202774579581, 40.91189375299503]}, "properties": {"id": 352086, "name": "Tower Omni 199", "address": "199 Howard Drive", "city": "Bergenfield", "zip": "07621", "access": "public", "ev_level1_evse_num": null, "ev_level2_evse_num": 6, "ev_dc_fast_num": null, "network": "Blink Network", "connector_types": ["J1772"], "owner_type": null}}, {"type": "Feature", "geometry": {"type": "Point", "coordinates": [-73.99142070346655, 40.91215439224938]}, "properties": {"id": 352097, "name": "Tower Omni 196", "address": "196 Howard Drive", "city": "Bergenfield", "zip": "07621", "access": "public", "ev_level1_evse_num": null, "ev_level2_evse_num": 4, "ev_dc_fast_num": null, "network": "Blink Network", "connector_types": ["J1772"], "owner_type": null}}, {"type": "Feature", "geometry": {"type": "Point", "coordinates": [-74.184505, 40.8695]}, "properties": {"id": 352119, "name": "Fette Ford", "address": "1137 US-46", "city": "Clifton", "zip": "07013", "access": "public", "ev_level1_evse_num": null, "ev_level2_evse_num": 4, "ev_dc_fast_num": 4, "network": "CHARGESMART_EV", "connector_types": ["J1772", "J1772COMBO"], "owner_type": null}}, {"type": "Feature", "geometry": {"type": "Point", "coordinates": [-74.17830254865554, 40.76158113106898]}, "properties": {"id": 352186, "name": "Lake St Apartments", "address": "313-315 Lake Street", "city": "Newark", "zip": "07104", "access": "public", "ev_level1_evse_num": null, "ev_level2_evse_num": 2, "ev_dc_fast_num": null, "network": "Blink Network", "connector_types": ["J1772"], "owner_type": null}}, {"type": "Feature", "geometry": {"type": "Point", "coordinates": [-74.298045, 40.544791]}, "properties": {"id": 352385, "name": "RUSSO PHASE 2", "address": "100 Antares Dr", "city": "Woodbridge Township", "zip": "07095", "access": "public", "ev_level1_evse_num": null, "ev_level2_evse_num": 2, "ev_dc_fast_num": null, "network": "ChargePoint Network", "connector_types": ["J1772"], "owner_type": null}}, {"type": "Feature", "geometry": {"type": "Point", "coordinates": [-74.298019, 40.544732]}, "properties": {"id": 352386, "name": "RUSSO PHASE 2 #2", "address": "100 Antares Dr", "city": "Woodbridge Township", "zip": "07095", "access": "public", "ev_level1_evse_num": null, "ev_level2_evse_num": 2, "ev_dc_fast_num": null, "network": "ChargePoint Network", "connector_types": ["J1772"], "owner_type": null}}, {"type": "Feature", "geometry": {"type": "Point", "coordinates": [-74.173728, 40.084546]}, "properties": {"id": 352451, "name": "UNIVERSE 1 HU ABB 2", "address": "1085 NJ-88", "city": "Lakewood", "zip": "08701", "access": "public", "ev_level1_evse_num": null, "ev_level2_evse_num": null, "ev_dc_fast_num": 1, "network": "ChargePoint Network", "connector_types": ["J1772COMBO"], "owner_type": null}}, {"type": "Feature", "geometry": {"type": "Point", "coordinates": [-74.173766, 40.084542]}, "properties": {"id": 352452, "name": "UNIVERSE 1 HU ABB 1", "address": "1085 NJ-88", "city": "Lakewood", "zip": "08701", "access": "public", "ev_level1_evse_num": null, "ev_level2_evse_num": null, "ev_dc_fast_num": 1, "network": "ChargePoint Network", "connector_types": ["J1772COMBO"], "owner_type": null}}, {"type": "Feature", "geometry": {"type": "Point", "coordinates": [-74.452267, 40.499371]}, "properties": {"id": 352675, "name": "SHELL UNIVERSITY SHEL", "address": "127 Easton Avenue", "city": "New Brunswick", "zip": "08901", "access": "public", "ev_level1_evse_num": null, "ev_level2_evse_num": 2, "ev_dc_fast_num": null, "network": "ChargePoint Network", "connector_types": ["J1772"], "owner_type": null}}, {"type": "Feature", "geometry": {"type": "Point", "coordinates": [-74.1431, 41.03491]}, "properties": {"id": 352946, "name": "Northern Highlands Regional High School", "address": "298 Hillside Ave", "city": "Allendale", "zip": "74010", "access": "public", "ev_level1_evse_num": null, "ev_level2_evse_num": null, "ev_dc_fast_num": 4, "network": "VIALYNK", "connector_types": ["J1772COMBO"], "owner_type": null}}, {"type": "Feature", "geometry": {"type": "Point", "coordinates": [-74.458671, 39.355191]}, "properties": {"id": 353081, "name": "CIOCCA CADILLAC CIOCCA CADILLAC", "address": "340 Albany Ave", "city": "Atlantic City", "zip": "08401", "access": "public", "ev_level1_evse_num": null, "ev_level2_evse_num": null, "ev_dc_fast_num": 1, "network": "ChargePoint Network", "connector_types": ["CHADEMO", "J1772COMBO"], "owner_type": null}}, {"type": "Feature", "geometry": {"type": "Point", "coordinates": [-74.146425, 41.104009]}, "properties": {"id": 353126, "name": "Mahwah Ford", "address": "55 Franklin Turnpike", "city": "Mahwah", "zip": "07430", "access": "public", "ev_level1_evse_num": null, "ev_level2_evse_num": 6, "ev_dc_fast_num": 6, "network": "CHARGESMART_EV", "connector_types": ["J1772", "J1772COMBO"], "owner_type": null}}, {"type": "Feature", "geometry": {"type": "Point", "coordinates": [-74.038612, 40.254142]}, "properties": {"id": 353452, "name": "RI OEAN STATION 2", "address": "1613 NJ-35", "city": "Ocean Township", "zip": "07755", "access": "public", "ev_level1_evse_num": null, "ev_level2_evse_num": 2, "ev_dc_fast_num": null, "network": "ChargePoint Network", "connector_types": ["J1772"], "owner_type": null}}, {"type": "Feature", "geometry": {"type": "Point", "coordinates": [-74.038558, 40.254054]}, "properties": {"id": 353453, "name": "RI OEAN STATION 1", "address": "1615 New Jersey 35", "city": "Ocean Township", "zip": "07712", "access": "public", "ev_level1_evse_num": null, "ev_level2_evse_num": 2, "ev_dc_fast_num": null, "network": "ChargePoint Network", "connector_types": ["J1772"], "owner_type": null}}, {"type": "Feature", "geometry": {"type": "Point", "coordinates": [-74.15166, 40.056372]}, "properties": {"id": 353784, "name": "Wawa - Tesla Supercharger", "address": "535 NJ-70", "city": "Brick Township", "zip": "08723", "access": "public", "ev_level1_evse_num": null, "ev_level2_evse_num": null, "ev_dc_fast_num": 8, "network": "Tesla", "connector_types": ["TESLA"], "owner_type": "P"}}, {"type": "Feature", "geometry": {"type": "Point", "coordinates": [-74.963232, 39.933492]}, "properties": {"id": 353824, "name": "Grand Resort Hotel - Tesla Supercharger", "address": "915 NJ-73", "city": "Mt. Laurel", "zip": "08054", "access": "public", "ev_level1_evse_num": null, "ev_level2_evse_num": null, "ev_dc_fast_num": 40, "network": "Tesla", "connector_types": ["J1772COMBO", "TESLA"], "owner_type": "P"}}, {"type": "Feature", "geometry": {"type": "Point", "coordinates": [-74.937703, 40.633853]}, "properties": {"id": 353829, "name": "Clinton Station Diner - Tesla Supercharger", "address": "2 Bank St", "city": "Clinton", "zip": "08809", "access": "public", "ev_level1_evse_num": null, "ev_level2_evse_num": null, "ev_dc_fast_num": 12, "network": "Tesla", "connector_types": ["J1772COMBO", "TESLA"], "owner_type": "P"}}, {"type": "Feature", "geometry": {"type": "Point", "coordinates": [-75.06707, 39.735817]}, "properties": {"id": 353952, "name": "THOM JEFFERSON WT-5", "address": "435 Hurffville - Cross Keys Road", "city": "Washington Township", "zip": "08080", "access": "public", "ev_level1_evse_num": null, "ev_level2_evse_num": 2, "ev_dc_fast_num": null, "network": "ChargePoint Network", "connector_types": ["J1772"], "owner_type": null}}, {"type": "Feature", "geometry": {"type": "Point", "coordinates": [-75.06702, 39.73579]}, "properties": {"id": 353956, "name": "THOM JEFFERSON WT-1", "address": "435 Hurffville - Cross Keys Road", "city": "Washington Township", "zip": "08080", "access": "public", "ev_level1_evse_num": null, "ev_level2_evse_num": 2, "ev_dc_fast_num": null, "network": "ChargePoint Network", "connector_types": ["J1772"], "owner_type": null}}, {"type": "Feature", "geometry": {"type": "Point", "coordinates": [-75.06703, 39.735786]}, "properties": {"id": 354037, "name": "THOM JEFFERSON WT-2", "address": "435 Hurffville - Cross Keys Road", "city": "Washington Township", "zip": "08080", "access": "public", "ev_level1_evse_num": null, "ev_level2_evse_num": 2, "ev_dc_fast_num": null, "network": "ChargePoint Network", "connector_types": ["J1772"], "owner_type": null}}, {"type": "Feature", "geometry": {"type": "Point", "coordinates": [-75.06711, 39.73585]}, "properties": {"id": 354045, "name": "THOM JEFFERSON WT-4", "address": "435 Hurffville - Cross Keys Road", "city": "Washington Township", "zip": "08080", "access": "public", "ev_level1_evse_num": null, "ev_level2_evse_num": 2, "ev_dc_fast_num": null, "network": "ChargePoint Network", "connector_types": ["J1772"], "owner_type": null}}, {"type": "Feature", "geometry": {"type": "Point", "coordinates": [-74.48149980045856, 40.80018655583753]}, "properties": {"id": 354654, "name": "LAZ Parking - 52 Headquarters Plaza Garage", "address": "52 Headquarters Plaza", "city": "Morristown", "zip": "07960", "access": "public", "ev_level1_evse_num": null, "ev_level2_evse_num": 16, "ev_dc_fast_num": null, "network": "FLASH", "connector_types": ["J1772"], "owner_type": null}}, {"type": "Feature", "geometry": {"type": "Point", "coordinates": [-74.732451, 39.177074]}, "properties": {"id": 355057, "name": "Wawa - Tesla Supercharger", "address": "2500 US-9", "city": "Ocean View", "zip": "08230", "access": "public", "ev_level1_evse_num": null, "ev_level2_evse_num": null, "ev_dc_fast_num": 12, "network": "Tesla", "connector_types": ["TESLA"], "owner_type": "P"}}, {"type": "Feature", "geometry": {"type": "Point", "coordinates": [-74.099723, 40.821369]}, "properties": {"id": 355244, "name": "Quality Auto Mall", "address": "55 NJ-17", "city": "Rutherford", "zip": "07070", "access": "public", "ev_level1_evse_num": null, "ev_level2_evse_num": 4, "ev_dc_fast_num": 4, "network": "CHARGESMART_EV", "connector_types": ["J1772", "J1772COMBO"], "owner_type": null}}, {"type": "Feature", "geometry": {"type": "Point", "coordinates": [-74.4144, 40.8677]}, "properties": {"id": 355544, "name": "1915 Route 46", "address": "1915 Rte 46", "city": "Parsippany", "zip": "07054", "access": "public", "ev_level1_evse_num": null, "ev_level2_evse_num": 2, "ev_dc_fast_num": null, "network": "VIALYNK", "connector_types": ["J1772"], "owner_type": null}}, {"type": "Feature", "geometry": {"type": "Point", "coordinates": [-74.097451, 40.897189]}, "properties": {"id": 355556, "name": "Starbucks - Tesla Supercharger", "address": "419 Market St", "city": "Saddle Brook", "zip": "07663", "access": "public", "ev_level1_evse_num": null, "ev_level2_evse_num": null, "ev_dc_fast_num": 8, "network": "Tesla", "connector_types": ["J1772COMBO", "TESLA"], "owner_type": "P"}}, {"type": "Feature", "geometry": {"type": "Point", "coordinates": [-74.486882, 40.483378]}, "properties": {"id": 355713, "name": "AD SUTTON WHSE EV CHARGER 2", "address": "55 School Ave", "city": "Franklin Township", "zip": "08873", "access": "public", "ev_level1_evse_num": null, "ev_level2_evse_num": 1, "ev_dc_fast_num": null, "network": "ChargePoint Network", "connector_types": ["J1772"], "owner_type": null}}, {"type": "Feature", "geometry": {"type": "Point", "coordinates": [-74.487, 40.48421]}, "properties": {"id": 355714, "name": "AD SUTTON WHSE EV CHARGER 3", "address": "55 School Ave", "city": "Franklin Township", "zip": "08873", "access": "public", "ev_level1_evse_num": null, "ev_level2_evse_num": 1, "ev_dc_fast_num": null, "network": "ChargePoint Network", "connector_types": ["J1772"], "owner_type": null}}, {"type": "Feature", "geometry": {"type": "Point", "coordinates": [-74.486985, 40.483388]}, "properties": {"id": 355715, "name": "AD SUTTON WHSE EV CHARGER 4", "address": "55 School Avenue", "city": "Franklin Township", "zip": "08873", "access": "public", "ev_level1_evse_num": null, "ev_level2_evse_num": 1, "ev_dc_fast_num": null, "network": "ChargePoint Network", "connector_types": ["J1772"], "owner_type": null}}, {"type": "Feature", "geometry": {"type": "Point", "coordinates": [-74.486975, 40.483378]}, "properties": {"id": 355716, "name": "AD SUTTON WHSE EV CHARGER 1", "address": "55 School Avenue", "city": "Franklin Township", "zip": "08873", "access": "public", "ev_level1_evse_num": null, "ev_level2_evse_num": 1, "ev_dc_fast_num": null, "network": "ChargePoint Network", "connector_types": ["J1772"], "owner_type": null}}, {"type": "Feature", "geometry": {"type": "Point", "coordinates": [-75.05113, 39.78357]}, "properties": {"id": 355721, "name": "Simon Gloucester Premium Outlets (Blackwood, NJ)", "address": "100 Premium Outlets Dr", "city": "Blackwood", "zip": "08012", "access": "public", "ev_level1_evse_num": null, "ev_level2_evse_num": null, "ev_dc_fast_num": 6, "network": "Electrify America", "connector_types": ["J1772COMBO"], "owner_type": null}}, {"type": "Feature", "geometry": {"type": "Point", "coordinates": [-74.90231, 40.63735]}, "properties": {"id": 355739, "name": "Unity Bank", "address": "64 Old Hwy 22", "city": "Clinton", "zip": "08809", "access": "public", "ev_level1_evse_num": null, "ev_level2_evse_num": null, "ev_dc_fast_num": 4, "network": "VIALYNK", "connector_types": ["J1772COMBO"], "owner_type": null}}, {"type": "Feature", "geometry": {"type": "Point", "coordinates": [-74.185633, 40.704438]}, "properties": {"id": 355827, "name": "UAL EMPLOYEE 737 LOT STN 1", "address": "1 International Way", "city": "Newark", "zip": "07114", "access": "public", "ev_level1_evse_num": null, "ev_level2_evse_num": 2, "ev_dc_fast_num": null, "network": "ChargePoint Network", "connector_types": ["J1772"], "owner_type": null}}, {"type": "Feature", "geometry": {"type": "Point", "coordinates": [-74.223728, 40.680681]}, "properties": {"id": 355852, "name": "KEAN EAST CAMPUS #2", "address": "215 North Ave Lower Lot", "city": "Hillside", "zip": "07205", "access": "public", "ev_level1_evse_num": null, "ev_level2_evse_num": 2, "ev_dc_fast_num": null, "network": "ChargePoint Network", "connector_types": ["J1772"], "owner_type": null}}, {"type": "Feature", "geometry": {"type": "Point", "coordinates": [-74.223631, 40.680713]}, "properties": {"id": 355853, "name": "KEAN EAST CAMPUS #1", "address": "215 North Ave. Lower Lot", "city": "Hillside", "zip": "07205", "access": "public", "ev_level1_evse_num": null, "ev_level2_evse_num": 2, "ev_dc_fast_num": null, "network": "ChargePoint Network", "connector_types": ["J1772"], "owner_type": null}}, {"type": "Feature", "geometry": {"type": "Point", "coordinates": [-74.22382, 40.680641]}, "properties": {"id": 355854, "name": "KEAN EAST CAMPUS #3", "address": "215 North Ave Lower Lot", "city": "Hillside", "zip": "07205", "access": "public", "ev_level1_evse_num": null, "ev_level2_evse_num": 2, "ev_dc_fast_num": null, "network": "ChargePoint Network", "connector_types": ["J1772"], "owner_type": null}}, {"type": "Feature", "geometry": {"type": "Point", "coordinates": [-74.501432, 40.910881]}, "properties": {"id": 356065, "name": "Dunkin' Donuts - Tesla Supercharger", "address": "12 Green Pond Rd", "city": "Rockaway", "zip": "07866", "access": "public", "ev_level1_evse_num": null, "ev_level2_evse_num": null, "ev_dc_fast_num": 12, "network": "Tesla", "connector_types": ["TESLA"], "owner_type": "P"}}, {"type": "Feature", "geometry": {"type": "Point", "coordinates": [-74.7853045, 39.2236531]}, "properties": {"id": 356133, "name": "Gentilini Ford - Level 2", "address": "555 John S Penn Boulevard", "city": "Woodbine", "zip": "08270", "access": "public", "ev_level1_evse_num": null, "ev_level2_evse_num": 3, "ev_dc_fast_num": null, "network": "Blink Network", "connector_types": ["J1772"], "owner_type": null}}, {"type": "Feature", "geometry": {"type": "Point", "coordinates": [-74.14148, 41.07609]}, "properties": {"id": 356134, "name": "Ramsey Chrysler Jeep", "address": "69 Spring Street", "city": "Ramsey", "zip": "07446", "access": "public", "ev_level1_evse_num": null, "ev_level2_evse_num": 1, "ev_dc_fast_num": null, "network": "Blink Network", "connector_types": ["J1772"], "owner_type": null}}, {"type": "Feature", "geometry": {"type": "Point", "coordinates": [-74.7853045, 39.2236531]}, "properties": {"id": 356136, "name": "Gentilini Ford - DCFC", "address": "555 John S Penn Boulevard", "city": "Woodbine", "zip": "08270", "access": "public", "ev_level1_evse_num": null, "ev_level2_evse_num": null, "ev_dc_fast_num": 4, "network": "Blink Network", "connector_types": ["J1772COMBO"], "owner_type": null}}, {"type": "Feature", "geometry": {"type": "Point", "coordinates": [-74.820978, 38.98112]}, "properties": {"id": 356231, "name": "Jetsonian Partners", "address": "305 Rio Grande Avenue", "city": "Wildwood", "zip": "08260", "access": "public", "ev_level1_evse_num": null, "ev_level2_evse_num": 2, "ev_dc_fast_num": null, "network": "Blink Network", "connector_types": ["J1772"], "owner_type": null}}, {"type": "Feature", "geometry": {"type": "Point", "coordinates": [-74.063027, 41.051033]}, "properties": {"id": 356341, "name": "MONTVALE MB II STATION 2", "address": "200 Market St", "city": "Montvale", "zip": "07645", "access": "public", "ev_level1_evse_num": null, "ev_level2_evse_num": 2, "ev_dc_fast_num": null, "network": "ChargePoint Network", "connector_types": ["J1772"], "owner_type": null}}, {"type": "Feature", "geometry": {"type": "Point", "coordinates": [-74.06381, 41.051216]}, "properties": {"id": 356342, "name": "MONTVALE MB II STATION 1", "address": "200 Market St", "city": "Montvale", "zip": "07645", "access": "public", "ev_level1_evse_num": null, "ev_level2_evse_num": 2, "ev_dc_fast_num": null, "network": "ChargePoint Network", "connector_types": ["J1772"], "owner_type": null}}, {"type": "Feature", "geometry": {"type": "Point", "coordinates": [-74.056994, 41.049766]}, "properties": {"id": 356343, "name": "MDA II PHILLIPS STATION 4", "address": "34 Philips Pkwy", "city": "Montvale", "zip": "07645", "access": "public", "ev_level1_evse_num": null, "ev_level2_evse_num": 2, "ev_dc_fast_num": null, "network": "ChargePoint Network", "connector_types": ["J1772"], "owner_type": null}}, {"type": "Feature", "geometry": {"type": "Point", "coordinates": [-74.04275300347432, 40.75633331062273]}, "properties": {"id": 356386, "name": "Tower Lenox CPU LLC", "address": "500 Central Avenue", "city": "Union City", "zip": "07087", "access": "public", "ev_level1_evse_num": null, "ev_level2_evse_num": 18, "ev_dc_fast_num": null, "network": "Blink Network", "connector_types": ["J1772"], "owner_type": null}}, {"type": "Feature", "geometry": {"type": "Point", "coordinates": [-74.11927, 40.981522]}, "properties": {"id": 356871, "name": "The Benjamin - Parking Lot", "address": "1 Franklin Ave", "city": "Ridgewood", "zip": "07450", "access": "public", "ev_level1_evse_num": null, "ev_level2_evse_num": 6, "ev_dc_fast_num": null, "network": "EVOKE", "connector_types": ["J1772"], "owner_type": "P"}}, {"type": "Feature", "geometry": {"type": "Point", "coordinates": [-74.430882, 40.830188]}, "properties": {"id": 356872, "name": "Eclipse Specialty & Emergency Pet Care - Rear Parking Lot", "address": "1 Papermill Dr", "city": "Hanover", "zip": "07981", "access": "public", "ev_level1_evse_num": null, "ev_level2_evse_num": 4, "ev_dc_fast_num": null, "network": "EVOKE", "connector_types": ["J1772"], "owner_type": "P"}}, {"type": "Feature", "geometry": {"type": "Point", "coordinates": [-74.444878, 40.495121]}, "properties": {"id": 356873, "name": "1 Spring St - Garage 4th Floor", "address": "1 Spring St", "city": "New Brunswick", "zip": "08901", "access": "public", "ev_level1_evse_num": null, "ev_level2_evse_num": 5, "ev_dc_fast_num": null, "network": "EVOKE", "connector_types": ["J1772"], "owner_type": "P"}}, {"type": "Feature", "geometry": {"type": "Point", "coordinates": [-74.354656, 40.711924]}, "properties": {"id": 356893, "name": "Overlook Medical - OMC Garage", "address": "11 Overlook Rd", "city": "Summit", "zip": "07901", "access": "public", "ev_level1_evse_num": null, "ev_level2_evse_num": 16, "ev_dc_fast_num": null, "network": "EVOKE", "connector_types": ["J1772"], "owner_type": "P"}}, {"type": "Feature", "geometry": {"type": "Point", "coordinates": [-74.352386, 40.713118]}, "properties": {"id": 356894, "name": "Overlook Phase 2 - Garage D", "address": "11 Overlook Rd", "city": "Summit", "zip": "07901", "access": "public", "ev_level1_evse_num": null, "ev_level2_evse_num": 8, "ev_dc_fast_num": null, "network": "EVOKE", "connector_types": ["J1772"], "owner_type": "P"}}, {"type": "Feature", "geometry": {"type": "Point", "coordinates": [-74.595446, 40.56965]}, "properties": {"id": 356895, "name": "RWJ Somerset - Garage", "address": "110 Rehill Ave", "city": "Somerville", "zip": "08876", "access": "private", "ev_level1_evse_num": null, "ev_level2_evse_num": 8, "ev_dc_fast_num": null, "network": "EVOKE", "connector_types": ["J1772"], "owner_type": "P"}}, {"type": "Feature", "geometry": {"type": "Point", "coordinates": [-74.476411, 40.83636]}, "properties": {"id": 356907, "name": "115 Tabor Road - Garage 1st Floor", "address": "115 Tabor Rd", "city": "Morris Plains", "zip": "07950", "access": "private", "ev_level1_evse_num": null, "ev_level2_evse_num": 4, "ev_dc_fast_num": null, "network": "EVOKE", "connector_types": ["J1772"], "owner_type": "P"}}, {"type": "Feature", "geometry": {"type": "Point", "coordinates": [-74.47696, 40.83934]}, "properties": {"id": 356908, "name": "115 Tabor Road - Parking Lot", "address": "115 Tabor Rd", "city": "Morris Plains", "zip": "07950", "access": "public", "ev_level1_evse_num": null, "ev_level2_evse_num": 15, "ev_dc_fast_num": null, "network": "EVOKE", "connector_types": ["J1772"], "owner_type": "P"}}, {"type": "Feature", "geometry": {"type": "Point", "coordinates": [-74.044249, 40.892611]}, "properties": {"id": 356912, "name": "Hackensack Market - Parking Lot", "address": "120 Passaic St", "city": "Hackensack", "zip": "07601", "access": "public", "ev_level1_evse_num": null, "ev_level2_evse_num": 4, "ev_dc_fast_num": null, "network": "EVOKE", "connector_types": ["J1772"], "owner_type": "P"}}, {"type": "Feature", "geometry": {"type": "Point", "coordinates": [-74.449174, 40.497168]}, "properties": {"id": 356921, "name": "The Aspire - Garage 2nd Floor", "address": "135 Somerset St", "city": "New Brunswick", "zip": "08901", "access": "public", "ev_level1_evse_num": null, "ev_level2_evse_num": 5, "ev_dc_fast_num": null, "network": "EVOKE", "connector_types": ["J1772"], "owner_type": "P"}}, {"type": "Feature", "geometry": {"type": "Point", "coordinates": [-74.1785377, 40.7483259]}, "properties": {"id": 356963, "name": "The Arbol - Garage - Ground Floor", "address": "227 Orange St", "city": "Newark", "zip": "07103", "access": "public", "ev_level1_evse_num": null, "ev_level2_evse_num": 4, "ev_dc_fast_num": null, "network": "EVOKE", "connector_types": ["J1772"], "owner_type": "P"}}, {"type": "Feature", "geometry": {"type": "Point", "coordinates": [-73.990631, 40.808576]}, "properties": {"id": 356968, "name": "One Hudson Park Condo - Parking Lot", "address": "235 Old River Rd", "city": "Edgewater", "zip": "07020", "access": "public", "ev_level1_evse_num": null, "ev_level2_evse_num": 2, "ev_dc_fast_num": null, "network": "EVOKE", "connector_types": ["J1772"], "owner_type": "P"}}, {"type": "Feature", "geometry": {"type": "Point", "coordinates": [-74.453021, 40.784115]}, "properties": {"id": 356985, "name": "299 AHS Lab - Parking Lot", "address": "299 Madison Ave", "city": "Morristown", "zip": "07960", "access": "public", "ev_level1_evse_num": null, "ev_level2_evse_num": 8, "ev_dc_fast_num": null, "network": "EVOKE", "connector_types": ["J1772"], "owner_type": "P"}}, {"type": "Feature", "geometry": {"type": "Point", "coordinates": [-74.046194, 40.732825]}, "properties": {"id": 356993, "name": "315 15th St - Garage", "address": "315 15th St", "city": "Jersey City", "zip": "07310", "access": "public", "ev_level1_evse_num": null, "ev_level2_evse_num": 7, "ev_dc_fast_num": null, "network": "EVOKE", "connector_types": ["J1772"], "owner_type": "P"}}, {"type": "Feature", "geometry": {"type": "Point", "coordinates": [-74.431642, 40.681007]}, "properties": {"id": 356998, "name": "Gil-Bar Berkeley Heights - Parking Lot", "address": "321 Snyder Ave", "city": "Berkeley Heights", "zip": "07922", "access": "public", "ev_level1_evse_num": null, "ev_level2_evse_num": 2, "ev_dc_fast_num": null, "network": "EVOKE", "connector_types": ["J1772"], "owner_type": "P"}}, {"type": "Feature", "geometry": {"type": "Point", "coordinates": [-74.431455, 40.680972]}, "properties": {"id": 356999, "name": "Gil-Bar Berkeley Heights - Parking Lot DCFC", "address": "321 Snyder Ave", "city": "Berkeley Heights", "zip": "07922", "access": "public", "ev_level1_evse_num": null, "ev_level2_evse_num": null, "ev_dc_fast_num": 1, "network": "EVOKE", "connector_types": ["J1772COMBO"], "owner_type": "P"}}, {"type": "Feature", "geometry": {"type": "Point", "coordinates": [-74.29334, 40.85152]}, "properties": {"id": 357003, "name": "Goldberg Realty Main OFFICE_BLDG - Parking Lot", "address": "33 Clinton Rd", "city": "West Caldwell", "zip": "07006", "access": "public", "ev_level1_evse_num": null, "ev_level2_evse_num": 2, "ev_dc_fast_num": null, "network": "EVOKE", "connector_types": ["J1772"], "owner_type": "P"}}, {"type": "Feature", "geometry": {"type": "Point", "coordinates": [-74.11256, 40.97945]}, "properties": {"id": 357039, "name": "The NoMa - NOMA Garage", "address": "45 N Maple Ave", "city": "Ridgewood", "zip": "07450", "access": "public", "ev_level1_evse_num": null, "ev_level2_evse_num": 4, "ev_dc_fast_num": null, "network": "EVOKE", "connector_types": ["J1772"], "owner_type": "P"}}, {"type": "Feature", "geometry": {"type": "Point", "coordinates": [-74.071661, 41.051337]}, "properties": {"id": 357044, "name": "50 Chestnut Ridge", "address": "50 Chestnut Ridge", "city": "Montvale", "zip": "07645", "access": "public", "ev_level1_evse_num": null, "ev_level2_evse_num": 12, "ev_dc_fast_num": null, "network": "EVOKE", "connector_types": ["J1772"], "owner_type": "P"}}, {"type": "Feature", "geometry": {"type": "Point", "coordinates": [-74.142575, 40.808754]}, "properties": {"id": 357052, "name": "Central Medical Supply - Parking Lot", "address": "52 E Centre St", "city": "Nutley", "zip": "07110", "access": "public", "ev_level1_evse_num": null, "ev_level2_evse_num": 2, "ev_dc_fast_num": null, "network": "EVOKE", "connector_types": ["J1772"], "owner_type": "P"}}, {"type": "Feature", "geometry": {"type": "Point", "coordinates": [-74.1823435, 40.7467898]}, "properties": {"id": 357066, "name": "The Envy - Garage", "address": "58-84 Norfolk St", "city": "Newark", "zip": "07103", "access": "public", "ev_level1_evse_num": null, "ev_level2_evse_num": 4, "ev_dc_fast_num": null, "network": "EVOKE", "connector_types": ["J1772"], "owner_type": "P"}}, {"type": "Feature", "geometry": {"type": "Point", "coordinates": [-74.452425, 40.500837]}, "properties": {"id": 357072, "name": "6 Sicard St - Garage 1st Floor", "address": "6 Sicard St", "city": "New Brunswick", "zip": "08901", "access": "public", "ev_level1_evse_num": null, "ev_level2_evse_num": 4, "ev_dc_fast_num": null, "network": "EVOKE", "connector_types": ["J1772"], "owner_type": "P"}}, {"type": "Feature", "geometry": {"type": "Point", "coordinates": [-74.086812, 40.922245]}, "properties": {"id": 357077, "name": "61 S Paramus - Parking Lot", "address": "61 S Paramus Rd", "city": "Paramus", "zip": "07652", "access": "public", "ev_level1_evse_num": null, "ev_level2_evse_num": 4, "ev_dc_fast_num": null, "network": "EVOKE", "connector_types": ["J1772"], "owner_type": "P"}}, {"type": "Feature", "geometry": {"type": "Point", "coordinates": [-74.1506957, 41.1027805]}, "properties": {"id": 357083, "name": "Mahwah Business Park", "address": "65 Ramapo Valley Rd", "city": "Mahwah", "zip": "07430", "access": "public", "ev_level1_evse_num": null, "ev_level2_evse_num": 18, "ev_dc_fast_num": null, "network": "EVOKE", "connector_types": ["J1772"], "owner_type": "P"}}, {"type": "Feature", "geometry": {"type": "Point", "coordinates": [-74.1967216, 40.4090329]}, "properties": {"id": 357087, "name": "670 North Beers Street - ASG HQ", "address": "670 N Beers St", "city": "Holmdel", "zip": "07733", "access": "public", "ev_level1_evse_num": null, "ev_level2_evse_num": 2, "ev_dc_fast_num": null, "network": "EVOKE", "connector_types": ["J1772"], "owner_type": "P"}}, {"type": "Feature", "geometry": {"type": "Point", "coordinates": [-74.166803, 40.733906]}, "properties": {"id": 357098, "name": "ICONIQ 777 McCarter - Iconiq Garage 2nd Floor", "address": "777 McCarter Hwy", "city": "Newark", "zip": "07102", "access": "public", "ev_level1_evse_num": null, "ev_level2_evse_num": 8, "ev_dc_fast_num": null, "network": "EVOKE", "connector_types": ["J1772"], "owner_type": "P"}}, {"type": "Feature", "geometry": {"type": "Point", "coordinates": [-74.361964, 40.770328]}, "properties": {"id": 357115, "name": "Formosa Plastics Corporate HQ NJ - Formosa Plastics", "address": "9 Peach Tree Hill Rd", "city": "Livingston", "zip": "07039", "access": "private", "ev_level1_evse_num": null, "ev_level2_evse_num": 10, "ev_dc_fast_num": null, "network": "EVOKE", "connector_types": ["J1772"], "owner_type": "P"}}, {"type": "Feature", "geometry": {"type": "Point", "coordinates": [-74.3093863, 40.9584113]}, "properties": {"id": 357122, "name": "Chilton - Doctors Lot", "address": "97 West Pkwy", "city": "Pequannock Township", "zip": "07444", "access": "public", "ev_level1_evse_num": null, "ev_level2_evse_num": 4, "ev_dc_fast_num": null, "network": "EVOKE", "connector_types": ["J1772"], "owner_type": "P"}}, {"type": "Feature", "geometry": {"type": "Point", "coordinates": [-74.34145418996883, 40.9914781847032]}, "properties": {"id": 357284, "name": "Anserve Inc.", "address": "1250 New Jersey 23", "city": "Butler", "zip": "07405", "access": "public", "ev_level1_evse_num": null, "ev_level2_evse_num": 2, "ev_dc_fast_num": null, "network": "Blink Network", "connector_types": ["J1772"], "owner_type": null}}, {"type": "Feature", "geometry": {"type": "Point", "coordinates": [-74.567826, 39.388198]}, "properties": {"id": 357319, "name": "LEXUS OF AC SERVICE SUPER C", "address": "3163 Atlantic 651", "city": "Egg Harbor Township", "zip": "08234", "access": "public", "ev_level1_evse_num": null, "ev_level2_evse_num": null, "ev_dc_fast_num": 1, "network": "ChargePoint Network", "connector_types": ["CHADEMO", "J1772COMBO"], "owner_type": null}}, {"type": "Feature", "geometry": {"type": "Point", "coordinates": [-74.388491, 40.863456]}, "properties": {"id": 357323, "name": "CFA PARSIPPANY STATION 2", "address": "1180 US-46", "city": "Parsippany-Troy Hills", "zip": "07054", "access": "public", "ev_level1_evse_num": null, "ev_level2_evse_num": 2, "ev_dc_fast_num": null, "network": "ChargePoint Network", "connector_types": ["J1772"], "owner_type": null}}, {"type": "Feature", "geometry": {"type": "Point", "coordinates": [-74.388574, 40.863471]}, "properties": {"id": 357324, "name": "CFA PARSIPPANY STATION 1", "address": "1180 US-46", "city": "Parsippany-Troy Hills", "zip": "07054", "access": "public", "ev_level1_evse_num": null, "ev_level2_evse_num": 1, "ev_dc_fast_num": null, "network": "ChargePoint Network", "connector_types": ["J1772"], "owner_type": null}}, {"type": "Feature", "geometry": {"type": "Point", "coordinates": [-74.763047, 39.976431]}, "properties": {"id": 357465, "name": "WEXFORD CSN-01697120", "address": "100 DORCHESTER DR", "city": "Lumberton", "zip": "08048", "access": "public", "ev_level1_evse_num": null, "ev_level2_evse_num": 1, "ev_dc_fast_num": null, "network": "ChargePoint Network", "connector_types": ["J1772"], "owner_type": null}}, {"type": "Feature", "geometry": {"type": "Point", "coordinates": [-74.763026, 39.976325]}, "properties": {"id": 357466, "name": "WEXFORD CSN-01697121", "address": "100 DORCHESTER DR", "city": "Lumberton", "zip": "08048", "access": "public", "ev_level1_evse_num": null, "ev_level2_evse_num": 1, "ev_dc_fast_num": null, "network": "ChargePoint Network", "connector_types": ["J1772"], "owner_type": null}}, {"type": "Feature", "geometry": {"type": "Point", "coordinates": [-74.478138, 40.455875]}, "properties": {"id": 357480, "name": "L701 CP6 - STATION 1", "address": "1504 U.S. 1", "city": "North Brunswick Township", "zip": "08902", "access": "public", "ev_level1_evse_num": null, "ev_level2_evse_num": 1, "ev_dc_fast_num": null, "network": "ChargePoint Network", "connector_types": ["J1772"], "owner_type": null}}, {"type": "Feature", "geometry": {"type": "Point", "coordinates": [-74.033657, 40.78185]}, "properties": {"id": 357508, "name": "NBPA ADMIN LEVEL 2", "address": "4225 Bergen Turnpike", "city": "North Bergen", "zip": "07047", "access": "public", "ev_level1_evse_num": null, "ev_level2_evse_num": 2, "ev_dc_fast_num": null, "network": "ChargePoint Network", "connector_types": ["J1772"], "owner_type": null}}, {"type": "Feature", "geometry": {"type": "Point", "coordinates": [-74.185667, 40.70439]}, "properties": {"id": 357563, "name": "UAL EMPLOYEE 737 LOT STN 2", "address": "1 International Way", "city": "Newark", "zip": "07114", "access": "public", "ev_level1_evse_num": null, "ev_level2_evse_num": 2, "ev_dc_fast_num": null, "network": "ChargePoint Network", "connector_types": ["J1772"], "owner_type": null}}, {"type": "Feature", "geometry": {"type": "Point", "coordinates": [-74.185698, 40.704349]}, "properties": {"id": 357564, "name": "UAL EMPLOYEE 737 LOT STN 3", "address": "1 International Way", "city": "Newark", "zip": "07114", "access": "public", "ev_level1_evse_num": null, "ev_level2_evse_num": 2, "ev_dc_fast_num": null, "network": "ChargePoint Network", "connector_types": ["J1772"], "owner_type": null}}, {"type": "Feature", "geometry": {"type": "Point", "coordinates": [-74.478105, 40.455886]}, "properties": {"id": 357569, "name": "L701 CP6 - STATION 2", "address": "1504 U.S. 1", "city": "North Brunswick Township", "zip": "08902", "access": "public", "ev_level1_evse_num": null, "ev_level2_evse_num": 1, "ev_dc_fast_num": null, "network": "ChargePoint Network", "connector_types": ["J1772"], "owner_type": null}}, {"type": "Feature", "geometry": {"type": "Point", "coordinates": [-74.478068, 40.455882]}, "properties": {"id": 357570, "name": "L701 CP6 - STATION 3", "address": "1504 U.S. 1", "city": "North Brunswick Township", "zip": "08902", "access": "public", "ev_level1_evse_num": null, "ev_level2_evse_num": 1, "ev_dc_fast_num": null, "network": "ChargePoint Network", "connector_types": ["J1772"], "owner_type": null}}, {"type": "Feature", "geometry": {"type": "Point", "coordinates": [-74.47803, 40.455892]}, "properties": {"id": 357571, "name": "L701 CP6 - STATION 4", "address": "1504 U.S. 1", "city": "North Brunswick Township", "zip": "08902", "access": "public", "ev_level1_evse_num": null, "ev_level2_evse_num": 1, "ev_dc_fast_num": null, "network": "ChargePoint Network", "connector_types": ["J1772"], "owner_type": null}}, {"type": "Feature", "geometry": {"type": "Point", "coordinates": [-74.477997, 40.455905]}, "properties": {"id": 357572, "name": "L701 CP6 - STATION 5", "address": "1504 U.S. 1", "city": "North Brunswick Township", "zip": "08902", "access": "public", "ev_level1_evse_num": null, "ev_level2_evse_num": 1, "ev_dc_fast_num": null, "network": "ChargePoint Network", "connector_types": ["J1772"], "owner_type": null}}, {"type": "Feature", "geometry": {"type": "Point", "coordinates": [-74.484466, 40.7965779]}, "properties": {"id": 357691, "name": "30 Court Street", "address": "30 Court Street", "city": "Morristown", "zip": "7960", "access": "public", "ev_level1_evse_num": null, "ev_level2_evse_num": 4, "ev_dc_fast_num": null, "network": "Blink Network", "connector_types": ["J1772"], "owner_type": null}}, {"type": "Feature", "geometry": {"type": "Point", "coordinates": [-75.04146131495673, 40.00808673043012]}, "properties": {"id": 357737, "name": "Palmyra Cove Nature Park - Series", "address": "1335 New Jersey 73", "city": "Palmyra", "zip": "08065", "access": "public", "ev_level1_evse_num": null, "ev_level2_evse_num": 4, "ev_dc_fast_num": null, "network": "Blink Network", "connector_types": ["J1772"], "owner_type": null}}, {"type": "Feature", "geometry": {"type": "Point", "coordinates": [-74.75468, 40.207745]}, "properties": {"id": 357744, "name": "MERCERCOUNTYNJ ADMIN DC 1", "address": "640 S Broad St", "city": "Trenton", "zip": "08611", "access": "public", "ev_level1_evse_num": null, "ev_level2_evse_num": null, "ev_dc_fast_num": 1, "network": "ChargePoint Network", "connector_types": ["CHADEMO", "J1772COMBO"], "owner_type": null}}, {"type": "Feature", "geometry": {"type": "Point", "coordinates": [-74.754708, 40.207758]}, "properties": {"id": 357745, "name": "MERCERCOUNTYNJ ADMIN DC2", "address": "640 S Broad St", "city": "Trenton", "zip": "08611", "access": "public", "ev_level1_evse_num": null, "ev_level2_evse_num": null, "ev_dc_fast_num": 1, "network": "ChargePoint Network", "connector_types": ["CHADEMO", "J1772COMBO"], "owner_type": null}}, {"type": "Feature", "geometry": {"type": "Point", "coordinates": [-74.756737, 40.213685]}, "properties": {"id": 357749, "name": "MERCERCOUNTYNJ ARENA DC1", "address": "80 Hamilton Avenue", "city": "Trenton", "zip": "08611", "access": "public", "ev_level1_evse_num": null, "ev_level2_evse_num": null, "ev_dc_fast_num": 1, "network": "ChargePoint Network", "connector_types": ["CHADEMO", "J1772COMBO"], "owner_type": null}}, {"type": "Feature", "geometry": {"type": "Point", "coordinates": [-74.756721, 40.213614]}, "properties": {"id": 357750, "name": "MERCERCOUNTYNJ ARENA DC2", "address": "80 Hamilton Avenue", "city": "Trenton", "zip": "08611", "access": "public", "ev_level1_evse_num": null, "ev_level2_evse_num": null, "ev_dc_fast_num": 1, "network": "ChargePoint Network", "connector_types": ["CHADEMO", "J1772COMBO"], "owner_type": null}}, {"type": "Feature", "geometry": {"type": "Point", "coordinates": [-74.925345, 39.959004]}, "properties": {"id": 357755, "name": "COMMUNITY CNTR COMMUNITY CTR 1", "address": "100 Mount Laurel Road", "city": "Mount Laurel Township", "zip": "08054", "access": "public", "ev_level1_evse_num": null, "ev_level2_evse_num": 2, "ev_dc_fast_num": null, "network": "ChargePoint Network", "connector_types": ["J1772"], "owner_type": null}}, {"type": "Feature", "geometry": {"type": "Point", "coordinates": [-74.358172, 41.004017]}, "properties": {"id": 357813, "name": "Advanced Auto Parts", "address": "1515 Rt 23S", "city": "Butler", "zip": "07405", "access": "public", "ev_level1_evse_num": null, "ev_level2_evse_num": 2, "ev_dc_fast_num": null, "network": "FLO", "connector_types": ["J1772"], "owner_type": null}}, {"type": "Feature", "geometry": {"type": "Point", "coordinates": [-74.787483, 39.224273]}, "properties": {"id": 357828, "name": "Gentilini Chevrolet", "address": "500 John S Penn Boulevard", "city": "Woodbine", "zip": "08270", "access": "public", "ev_level1_evse_num": null, "ev_level2_evse_num": 1, "ev_dc_fast_num": null, "network": "Blink Network", "connector_types": ["J1772"], "owner_type": null}}, {"type": "Feature", "geometry": {"type": "Point", "coordinates": [-75.03655, 40.00566]}, "properties": {"id": 357916, "name": "Burlington County Bridge - DCFC", "address": "1208 Market Street", "city": "Palmyra", "zip": "08065", "access": "public", "ev_level1_evse_num": null, "ev_level2_evse_num": null, "ev_dc_fast_num": 4, "network": "Blink Network", "connector_types": ["CHADEMO", "J1772COMBO"], "owner_type": null}}, {"type": "Feature", "geometry": {"type": "Point", "coordinates": [-74.254202, 40.376672]}, "properties": {"id": 357935, "name": "CISEV MARLBORO CLUB", "address": "93 Tennent Rd The Place", "city": "Marlboro", "zip": "07751", "access": "public", "ev_level1_evse_num": null, "ev_level2_evse_num": 2, "ev_dc_fast_num": null, "network": "ChargePoint Network", "connector_types": ["J1772"], "owner_type": null}}, {"type": "Feature", "geometry": {"type": "Point", "coordinates": [-74.975807, 39.943652]}, "properties": {"id": 358291, "name": "Holman Ford of Maple Shade", "address": "571 NJ-38", "city": "Maple Shade", "zip": "08052", "access": "public", "ev_level1_evse_num": null, "ev_level2_evse_num": null, "ev_dc_fast_num": 2, "network": "FORD_CHARGE", "connector_types": ["J1772COMBO"], "owner_type": null}}, {"type": "Feature", "geometry": {"type": "Point", "coordinates": [-74.636831, 39.518538]}, "properties": {"id": 358585, "name": "Renault Winery & Resort - Tesla Destination", "address": "72 S Bremen Ave", "city": "Egg Harbor City", "zip": "08215", "access": "public", "ev_level1_evse_num": null, "ev_level2_evse_num": 2, "ev_dc_fast_num": null, "network": "Tesla Destination", "connector_types": ["J1772", "TESLA"], "owner_type": "P"}}, {"type": "Feature", "geometry": {"type": "Point", "coordinates": [-74.300179, 40.553242]}, "properties": {"id": 358606, "name": "Wick Corporate Center - Tesla Destination", "address": "100 Woodbridge Center Dr", "city": "Woodbridge", "zip": "07095", "access": "private", "ev_level1_evse_num": null, "ev_level2_evse_num": 7, "ev_dc_fast_num": null, "network": "Tesla Destination", "connector_types": ["J1772", "TESLA"], "owner_type": "P"}}, {"type": "Feature", "geometry": {"type": "Point", "coordinates": [-74.182128, 40.743067]}, "properties": {"id": 358608, "name": "NJIT-STPG Park Garage - Tesla Destination", "address": "42 Wilsey Street Wilsey St", "city": "Newark", "zip": "07103", "access": "private", "ev_level1_evse_num": null, "ev_level2_evse_num": 8, "ev_dc_fast_num": null, "network": "Tesla Destination", "connector_types": ["J1772", "TESLA"], "owner_type": "P"}}, {"type": "Feature", "geometry": {"type": "Point", "coordinates": [-74.417432, 40.66293]}, "properties": {"id": 358800, "name": "Embassy Suites by Hilton Berkeley Heights - Tesla Destination", "address": "250 Connell Dr", "city": "Berkeley Heights", "zip": "07922", "access": "public", "ev_level1_evse_num": null, "ev_level2_evse_num": 3, "ev_dc_fast_num": null, "network": "Tesla Destination", "connector_types": ["TESLA"], "owner_type": "P"}}, {"type": "Feature", "geometry": {"type": "Point", "coordinates": [-74.652779, 40.36978]}, "properties": {"id": 358851, "name": "Avalon Bay - Princeton Circle - Tesla Destination", "address": "100 Thanet Cir", "city": "Princeton", "zip": "08540", "access": "private", "ev_level1_evse_num": null, "ev_level2_evse_num": 10, "ev_dc_fast_num": null, "network": "Tesla Destination", "connector_types": ["J1772", "TESLA"], "owner_type": "P"}}, {"type": "Feature", "geometry": {"type": "Point", "coordinates": [-74.952874, 39.925405]}, "properties": {"id": 358966, "name": "Naavi Realty - Tesla Destination", "address": "1134 NJ-73", "city": "Mt. Laurel Township", "zip": "08054", "access": "public", "ev_level1_evse_num": null, "ev_level2_evse_num": 6, "ev_dc_fast_num": null, "network": "Tesla Destination", "connector_types": ["J1772", "TESLA"], "owner_type": "P"}}, {"type": "Feature", "geometry": {"type": "Point", "coordinates": [-74.166064, 40.364179]}, "properties": {"id": 359199, "name": "Bell Works - Tesla Destination", "address": "101 Crawfords Corner Rd", "city": "Holmdel", "zip": "07733", "access": "public", "ev_level1_evse_num": null, "ev_level2_evse_num": 5, "ev_dc_fast_num": null, "network": "Tesla Destination", "connector_types": ["J1772", "TESLA"], "owner_type": "P"}}, {"type": "Feature", "geometry": {"type": "Point", "coordinates": [-74.023132, 40.760562]}, "properties": {"id": 359227, "name": "UBS Financial Services - Tesla Destination", "address": "1200  Harbor Blvd", "city": "Weehawken", "zip": "07086", "access": "private", "ev_level1_evse_num": null, "ev_level2_evse_num": 50, "ev_dc_fast_num": null, "network": "Tesla Destination", "connector_types": ["J1772", "TESLA"], "owner_type": "P"}}, {"type": "Feature", "geometry": {"type": "Point", "coordinates": [-74.258007, 40.795394]}, "properties": {"id": 359294, "name": "West Orange Dog Park - Tesla Destination", "address": "4000 Executive Dr", "city": "West Orange", "zip": "07052", "access": "public", "ev_level1_evse_num": null, "ev_level2_evse_num": 4, "ev_dc_fast_num": null, "network": "Tesla Destination", "connector_types": ["J1772", "TESLA"], "owner_type": "P"}}, {"type": "Feature", "geometry": {"type": "Point", "coordinates": [-74.577359, 40.644394]}, "properties": {"id": 359726, "name": "25 Mountainview - Tesla Destination", "address": "25 Mountainview Blvd", "city": "Bernards", "zip": "07920", "access": "public", "ev_level1_evse_num": null, "ev_level2_evse_num": 6, "ev_dc_fast_num": null, "network": "Tesla Destination", "connector_types": ["TESLA"], "owner_type": "P"}}, {"type": "Feature", "geometry": {"type": "Point", "coordinates": [-74.024441, 40.750728]}, "properties": {"id": 359784, "name": "Littleman Parking 2 12th Street - Tesla Destination", "address": "2 12th St", "city": "Hoboken", "zip": "07030", "access": "public", "ev_level1_evse_num": null, "ev_level2_evse_num": 4, "ev_dc_fast_num": null, "network": "Tesla Destination", "connector_types": ["TESLA"], "owner_type": "P"}}, {"type": "Feature", "geometry": {"type": "Point", "coordinates": [-74.411955, 40.666111]}, "properties": {"id": 359826, "name": "The Park Building 100 - Tesla Destination", "address": "100 Connell Dr.", "city": "Berkeley Heights", "zip": "07922", "access": "private", "ev_level1_evse_num": null, "ev_level2_evse_num": 32, "ev_dc_fast_num": null, "network": "Tesla Destination", "connector_types": ["J1772", "TESLA"], "owner_type": "P"}}, {"type": "Feature", "geometry": {"type": "Point", "coordinates": [-74.267287, 40.612291]}, "properties": {"id": 359848, "name": "Merck - Rahway, NJ - Tesla Destination", "address": "90 E Scott Ave", "city": "Rahway", "zip": "07065", "access": "private", "ev_level1_evse_num": null, "ev_level2_evse_num": 36, "ev_dc_fast_num": null, "network": "Tesla Destination", "connector_types": ["J1772", "TESLA"], "owner_type": "P"}}, {"type": "Feature", "geometry": {"type": "Point", "coordinates": [-74.26933696, 40.87978656]}, "properties": {"id": 359990, "name": "Kingsbridge Road, Fairfield", "address": "8 Kingsbridge Rd", "city": "Fairfield", "zip": "07004", "access": "public", "ev_level1_evse_num": null, "ev_level2_evse_num": 12, "ev_dc_fast_num": null, "network": "CHARGELAB", "connector_types": ["J1772"], "owner_type": null}}, {"type": "Feature", "geometry": {"type": "Point", "coordinates": [-74.61473636, 40.57415593]}, "properties": {"id": 360222, "name": "Somerville - The Edge at Main", "address": "125 Davenport St", "city": "Somerville", "zip": "08876", "access": "public", "ev_level1_evse_num": null, "ev_level2_evse_num": 8, "ev_dc_fast_num": null, "network": "CHARGELAB", "connector_types": ["J1772"], "owner_type": null}}, {"type": "Feature", "geometry": {"type": "Point", "coordinates": [-74.04213876, 40.8765203]}, "properties": {"id": 360361, "name": "1 Bergen County Plaza", "address": "1 Bergen County Plz", "city": "Hackensack", "zip": "07601", "access": "public", "ev_level1_evse_num": null, "ev_level2_evse_num": 8, "ev_dc_fast_num": null, "network": "CHARGELAB", "connector_types": ["J1772"], "owner_type": null}}, {"type": "Feature", "geometry": {"type": "Point", "coordinates": [-74.038432, 40.881128]}, "properties": {"id": 360563, "name": "RUSSO PH 2 STATION 1", "address": "150 River Street", "city": "Hackensack", "zip": "07601", "access": "public", "ev_level1_evse_num": null, "ev_level2_evse_num": 2, "ev_dc_fast_num": null, "network": "ChargePoint Network", "connector_types": ["J1772"], "owner_type": null}}, {"type": "Feature", "geometry": {"type": "Point", "coordinates": [-74.038425, 40.881382]}, "properties": {"id": 360564, "name": "RUSSO PH 2 STATION 2", "address": "150 River Street", "city": "Hackensack", "zip": "07601", "access": "public", "ev_level1_evse_num": null, "ev_level2_evse_num": 2, "ev_dc_fast_num": null, "network": "ChargePoint Network", "connector_types": ["J1772"], "owner_type": null}}, {"type": "Feature", "geometry": {"type": "Point", "coordinates": [-74.039694, 40.881829]}, "properties": {"id": 360574, "name": "RUSSO PH 2 STATION 3", "address": "150 River St", "city": "Hackensack", "zip": "07601", "access": "public", "ev_level1_evse_num": null, "ev_level2_evse_num": 2, "ev_dc_fast_num": null, "network": "ChargePoint Network", "connector_types": ["J1772"], "owner_type": null}}, {"type": "Feature", "geometry": {"type": "Point", "coordinates": [-74.039909, 40.88188]}, "properties": {"id": 360575, "name": "RUSSO PH 2 STATION 4", "address": "150 River St", "city": "Hackensack", "zip": "07601", "access": "public", "ev_level1_evse_num": null, "ev_level2_evse_num": 2, "ev_dc_fast_num": null, "network": "ChargePoint Network", "connector_types": ["J1772"], "owner_type": null}}, {"type": "Feature", "geometry": {"type": "Point", "coordinates": [-74.000111, 40.226861]}, "properties": {"id": 360654, "name": "RHYTHM HOA STATION 1", "address": "204 7th Avenue", "city": "Asbury Park", "zip": "07712", "access": "public", "ev_level1_evse_num": null, "ev_level2_evse_num": 1, "ev_dc_fast_num": null, "network": "ChargePoint Network", "connector_types": ["J1772"], "owner_type": null}}, {"type": "Feature", "geometry": {"type": "Point", "coordinates": [-74.1117754, 40.97776354]}, "properties": {"id": 360690, "name": "Heritage Arms Condominium Association", "address": "364 E Ridgewood Ave", "city": "Ridgewood", "zip": "07450", "access": "public", "ev_level1_evse_num": null, "ev_level2_evse_num": 4, "ev_dc_fast_num": null, "network": "CHARGELAB", "connector_types": ["J1772"], "owner_type": null}}, {"type": "Feature", "geometry": {"type": "Point", "coordinates": [-74.071041, 40.911013]}, "properties": {"id": 360821, "name": "DUNKIN PARAMUS BMD PARAMUS LLC", "address": "137 South Dr", "city": "Paramus", "zip": "07652", "access": "public", "ev_level1_evse_num": null, "ev_level2_evse_num": 1, "ev_dc_fast_num": null, "network": "ChargePoint Network", "connector_types": ["J1772"], "owner_type": null}}, {"type": "Feature", "geometry": {"type": "Point", "coordinates": [-74.0875761426217, 40.92444985189313]}, "properties": {"id": 360984, "name": "Audi - Jack Daniels Motors", "address": "180 Rte 4 Paramus", "city": "Paramus", "zip": "07652", "access": "public", "ev_level1_evse_num": null, "ev_level2_evse_num": null, "ev_dc_fast_num": 6, "network": "Blink Network", "connector_types": ["J1772COMBO"], "owner_type": null}}, {"type": "Feature", "geometry": {"type": "Point", "coordinates": [-74.6672226, 40.3572976]}, "properties": {"id": 361100, "name": "Garden Homes - Lofts at Princeton", "address": "100 Lofts Drive", "city": "West Windsor", "zip": "08540", "access": "public", "ev_level1_evse_num": null, "ev_level2_evse_num": 16, "ev_dc_fast_num": null, "network": "OpConnect", "connector_types": ["J1772"], "owner_type": null}}, {"type": "Feature", "geometry": {"type": "Point", "coordinates": [-74.474953, 40.287904]}, "properties": {"id": 361170, "name": "SENIOR SENIOR CTR 1", "address": "12 Halsey Reed Road", "city": "Monroe Township", "zip": "08831", "access": "public", "ev_level1_evse_num": null, "ev_level2_evse_num": 2, "ev_dc_fast_num": null, "network": "ChargePoint Network", "connector_types": ["J1772"], "owner_type": null}}, {"type": "Feature", "geometry": {"type": "Point", "coordinates": [-74.190172, 40.429336]}, "properties": {"id": 361246, "name": "Wawa - Tesla Supercharger", "address": "1413 NJ-36", "city": "Hazlet", "zip": "07730", "access": "public", "ev_level1_evse_num": null, "ev_level2_evse_num": null, "ev_dc_fast_num": 12, "network": "Tesla", "connector_types": ["TESLA"], "owner_type": "P"}}, {"type": "Feature", "geometry": {"type": "Point", "coordinates": [-75.050528, 39.963768]}, "properties": {"id": 361248, "name": "Wawa - Tesla Supercharger", "address": "2290 Clement Ave", "city": "Pennsauken Township", "zip": "08110", "access": "public", "ev_level1_evse_num": null, "ev_level2_evse_num": null, "ev_dc_fast_num": 8, "network": "Tesla", "connector_types": ["TESLA"], "owner_type": "P"}}, {"type": "Feature", "geometry": {"type": "Point", "coordinates": [-74.5936686044526, 41.19900105136225]}, "properties": {"id": 361270, "name": "Nielsen Ford - DCFC", "address": "375 Route 23", "city": "Sussex", "zip": "7461", "access": "public", "ev_level1_evse_num": null, "ev_level2_evse_num": null, "ev_dc_fast_num": 4, "network": "Blink Network", "connector_types": ["J1772COMBO"], "owner_type": null}}, {"type": "Feature", "geometry": {"type": "Point", "coordinates": [-74.662071, 40.307043]}, "properties": {"id": 361696, "name": "MERIDIAN WALK MERIDIN EV1", "address": "3150 Vivaldi Road", "city": "Princeton", "zip": "08540", "access": "public", "ev_level1_evse_num": null, "ev_level2_evse_num": 2, "ev_dc_fast_num": null, "network": "ChargePoint Network", "connector_types": ["J1772"], "owner_type": null}}, {"type": "Feature", "geometry": {"type": "Point", "coordinates": [-74.661329, 40.307029]}, "properties": {"id": 361697, "name": "MERIDIAN WALK MERIDIN EV2", "address": "3150 Vivaldi Road", "city": "Princeton", "zip": "08540", "access": "public", "ev_level1_evse_num": null, "ev_level2_evse_num": 2, "ev_dc_fast_num": null, "network": "ChargePoint Network", "connector_types": ["J1772"], "owner_type": null}}, {"type": "Feature", "geometry": {"type": "Point", "coordinates": [-74.298499, 40.448365]}, "properties": {"id": 361726, "name": "ACADEMY PL202X1B 1", "address": "1101 US-9", "city": "Old Bridge", "zip": "08857", "access": "public", "ev_level1_evse_num": null, "ev_level2_evse_num": null, "ev_dc_fast_num": 2, "network": "ChargePoint Network", "connector_types": ["J1772COMBO"], "owner_type": null}}, {"type": "Feature", "geometry": {"type": "Point", "coordinates": [-74.143612, 41.058285]}, "properties": {"id": 361739, "name": "Borough Parking Lot North Central Avenue", "address": "26 North Central Avenue", "city": "Ramsey", "zip": "07446", "access": "public", "ev_level1_evse_num": null, "ev_level2_evse_num": 4, "ev_dc_fast_num": null, "network": "FLO", "connector_types": ["J1772"], "owner_type": null}}, {"type": "Feature", "geometry": {"type": "Point", "coordinates": [-74.04211974, 40.87798076]}, "properties": {"id": 361748, "name": "2 Bergen County Plaza", "address": "2 Bergen County Plz", "city": "Hackensack", "zip": "07601", "access": "public", "ev_level1_evse_num": null, "ev_level2_evse_num": 8, "ev_dc_fast_num": null, "network": "CHARGELAB", "connector_types": ["J1772"], "owner_type": null}}, {"type": "Feature", "geometry": {"type": "Point", "coordinates": [-74.143612, 41.058285]}, "properties": {"id": 361817, "name": "Borough Parking Lot North Central Avenue - Fast Chargers", "address": "26 North Central Avenue", "city": "Ramsey", "zip": "07446", "access": "public", "ev_level1_evse_num": null, "ev_level2_evse_num": null, "ev_dc_fast_num": 2, "network": "FLO", "connector_types": ["CHADEMO", "J1772COMBO"], "owner_type": null}}, {"type": "Feature", "geometry": {"type": "Point", "coordinates": [-74.451443, 40.496356]}, "properties": {"id": 367617, "name": "HARDENBERG ST RCINJ 3", "address": "21 Division Street", "city": "New Brunswick", "zip": "08901", "access": "public", "ev_level1_evse_num": null, "ev_level2_evse_num": 2, "ev_dc_fast_num": null, "network": "ChargePoint Network", "connector_types": ["J1772"], "owner_type": null}}, {"type": "Feature", "geometry": {"type": "Point", "coordinates": [-74.451543, 40.496293]}, "properties": {"id": 367618, "name": "HARDENBERG ST RCINJ 2", "address": "21 Division Street", "city": "New Brunswick", "zip": "08901", "access": "public", "ev_level1_evse_num": null, "ev_level2_evse_num": 2, "ev_dc_fast_num": null, "network": "ChargePoint Network", "connector_types": ["J1772"], "owner_type": null}}, {"type": "Feature", "geometry": {"type": "Point", "coordinates": [-74.450214, 40.496556]}, "properties": {"id": 367619, "name": "HARDENBERG ST RCINJ 1", "address": "21 Division Street", "city": "New Brunswick", "zip": "08901", "access": "public", "ev_level1_evse_num": null, "ev_level2_evse_num": 1, "ev_dc_fast_num": null, "network": "ChargePoint Network", "connector_types": ["J1772"], "owner_type": null}}, {"type": "Feature", "geometry": {"type": "Point", "coordinates": [-74.033688, 40.781881]}, "properties": {"id": 367710, "name": "NBPA ADMIN DCFC", "address": "4225 Bergen Turnpike", "city": "North Bergen", "zip": "07047", "access": "public", "ev_level1_evse_num": null, "ev_level2_evse_num": null, "ev_dc_fast_num": 1, "network": "ChargePoint Network", "connector_types": ["J1772COMBO", "TESLA"], "owner_type": null}}, {"type": "Feature", "geometry": {"type": "Point", "coordinates": [-74.575334, 40.38235]}, "properties": {"id": 367747, "name": "Target", "address": "4196 US-1", "city": "Monmouth Junction", "zip": "08852", "access": "public", "ev_level1_evse_num": null, "ev_level2_evse_num": null, "ev_dc_fast_num": 12, "network": "Tesla", "connector_types": ["TESLA"], "owner_type": "P"}}, {"type": "Feature", "geometry": {"type": "Point", "coordinates": [-75.345666, 39.797588]}, "properties": {"id": 367753, "name": "Wawa", "address": "2971 US-322", "city": "Logan Township", "zip": "08085", "access": "public", "ev_level1_evse_num": null, "ev_level2_evse_num": null, "ev_dc_fast_num": 8, "network": "Tesla", "connector_types": ["TESLA"], "owner_type": "P"}}, {"type": "Feature", "geometry": {"type": "Point", "coordinates": [-74.270336, 39.701156]}, "properties": {"id": 367817, "name": "Causeway Ford", "address": "375 NJ-72", "city": "Stafford Township", "zip": "08050", "access": "public", "ev_level1_evse_num": null, "ev_level2_evse_num": null, "ev_dc_fast_num": 4, "network": "CHARGESMART_EV", "connector_types": ["J1772COMBO"], "owner_type": null}}, {"type": "Feature", "geometry": {"type": "Point", "coordinates": [-74.07735398, 40.27404082]}, "properties": {"id": 367818, "name": "Tinton Falls", "address": "1470 Shafto Rd", "city": "Tinton Falls", "zip": "07712", "access": "public", "ev_level1_evse_num": null, "ev_level2_evse_num": 4, "ev_dc_fast_num": null, "network": "CHARGELAB", "connector_types": ["J1772"], "owner_type": null}}, {"type": "Feature", "geometry": {"type": "Point", "coordinates": [-74.27441, 40.25043]}, "properties": {"id": 367892, "name": "Starbucks", "address": "146 South St", "city": "Freehold", "zip": "07728", "access": "public", "ev_level1_evse_num": null, "ev_level2_evse_num": 4, "ev_dc_fast_num": null, "network": "VIALYNK", "connector_types": ["J1772"], "owner_type": null}}, {"type": "Feature", "geometry": {"type": "Point", "coordinates": [-74.39011, 40.50949]}, "properties": {"id": 367893, "name": "687 Rt 1", "address": "687 Rt 1", "city": "Edison", "zip": "88170", "access": "public", "ev_level1_evse_num": null, "ev_level2_evse_num": 6, "ev_dc_fast_num": null, "network": "VIALYNK", "connector_types": ["J1772"], "owner_type": null}}, {"type": "Feature", "geometry": {"type": "Point", "coordinates": [-74.172081, 40.918268]}, "properties": {"id": 367929, "name": "Van Houten St. Garage", "address": "105-139 Van Houten St", "city": "Paterson", "zip": "07505", "access": "public", "ev_level1_evse_num": null, "ev_level2_evse_num": 2, "ev_dc_fast_num": null, "network": "EV Connect", "connector_types": ["J1772"], "owner_type": null}}, {"type": "Feature", "geometry": {"type": "Point", "coordinates": [-75.03881, 39.420852]}, "properties": {"id": 368030, "name": "Wawa", "address": "2105 N 2nd St", "city": "Millville", "zip": "08332", "access": "public", "ev_level1_evse_num": null, "ev_level2_evse_num": null, "ev_dc_fast_num": 12, "network": "Tesla", "connector_types": ["TESLA"], "owner_type": "P"}}, {"type": "Feature", "geometry": {"type": "Point", "coordinates": [-74.989281, 39.686656]}, "properties": {"id": 371415, "name": "US GAS WILLIAMSTOWNDC3", "address": "170 South Black Horse Pike", "city": "Monroe", "zip": "08094", "access": "public", "ev_level1_evse_num": null, "ev_level2_evse_num": null, "ev_dc_fast_num": 1, "network": "ChargePoint Network", "connector_types": ["CHADEMO", "J1772COMBO"], "owner_type": null}}, {"type": "Feature", "geometry": {"type": "Point", "coordinates": [-74.656398, 40.417536]}, "properties": {"id": 371434, "name": "OKCC MUNICIPAL ST1", "address": "100 Community Drive", "city": "Montgomery", "zip": "08558", "access": "public", "ev_level1_evse_num": null, "ev_level2_evse_num": 2, "ev_dc_fast_num": null, "network": "ChargePoint Network", "connector_types": ["J1772"], "owner_type": null}}, {"type": "Feature", "geometry": {"type": "Point", "coordinates": [-74.656335, 40.417536]}, "properties": {"id": 371435, "name": "OKCC MUNICIPAL ST2", "address": "100 Community Drive", "city": "Montgomery", "zip": "08558", "access": "public", "ev_level1_evse_num": null, "ev_level2_evse_num": 2, "ev_dc_fast_num": null, "network": "ChargePoint Network", "connector_types": ["J1772"], "owner_type": null}}, {"type": "Feature", "geometry": {"type": "Point", "coordinates": [-74.315655, 40.632192]}, "properties": {"id": 371483, "name": "30 Terminal Ave", "address": "30 Terminal Ave", "city": "Clark", "zip": "07066", "access": "public", "ev_level1_evse_num": null, "ev_level2_evse_num": 4, "ev_dc_fast_num": null, "network": "EV Connect", "connector_types": ["J1772"], "owner_type": null}}, {"type": "Feature", "geometry": {"type": "Point", "coordinates": [-73.99467975928954, 40.91253944378227]}, "properties": {"id": 371631, "name": "Tower Ivy 23", "address": "23 Howard Drive", "city": "Bergenfield", "zip": "07621", "access": "public", "ev_level1_evse_num": null, "ev_level2_evse_num": 6, "ev_dc_fast_num": null, "network": "Blink Network", "connector_types": ["J1772"], "owner_type": null}}, {"type": "Feature", "geometry": {"type": "Point", "coordinates": [-74.787352, 39.224684]}, "properties": {"id": 371632, "name": "Gentilini Chevrolet - DCFC", "address": "500 John S Penn Boulevard", "city": "Woodbine", "zip": "08270", "access": "public", "ev_level1_evse_num": null, "ev_level2_evse_num": null, "ev_dc_fast_num": 2, "network": "Blink Network", "connector_types": ["J1772COMBO"], "owner_type": null}}, {"type": "Feature", "geometry": {"type": "Point", "coordinates": [-73.99554769031613, 40.91217458031232]}, "properties": {"id": 371633, "name": "Tower Ivy", "address": "8 Howard Drive", "city": "Bergenfield", "zip": "07621", "access": "public", "ev_level1_evse_num": null, "ev_level2_evse_num": 4, "ev_dc_fast_num": null, "network": "Blink Network", "connector_types": ["J1772"], "owner_type": null}}, {"type": "Feature", "geometry": {"type": "Point", "coordinates": [-74.45117, 40.496502]}, "properties": {"id": 371649, "name": "HARDENBERG ST DUAL CHARGER 4", "address": "18 Hardenberg St.", "city": "New Brunswick", "zip": "08901", "access": "public", "ev_level1_evse_num": null, "ev_level2_evse_num": 2, "ev_dc_fast_num": null, "network": "ChargePoint Network", "connector_types": ["J1772"], "owner_type": null}}, {"type": "Feature", "geometry": {"type": "Point", "coordinates": [-74.45113, 40.496646]}, "properties": {"id": 371650, "name": "HARDENBERG ST DUAL CHARGER 3", "address": "18 Hardenberg St.", "city": "New Brunswick", "zip": "08901", "access": "public", "ev_level1_evse_num": null, "ev_level2_evse_num": 2, "ev_dc_fast_num": null, "network": "ChargePoint Network", "connector_types": ["J1772"], "owner_type": null}}, {"type": "Feature", "geometry": {"type": "Point", "coordinates": [-74.451282, 40.496457]}, "properties": {"id": 371651, "name": "HARDENBERG ST DUAL CHARGER 5", "address": "18 Hardenberg St.", "city": "New Brunswick", "zip": "08901", "access": "public", "ev_level1_evse_num": null, "ev_level2_evse_num": 2, "ev_dc_fast_num": null, "network": "ChargePoint Network", "connector_types": ["J1772"], "owner_type": null}}, {"type": "Feature", "geometry": {"type": "Point", "coordinates": [-75.507492, 39.667727]}, "properties": {"id": 371840, "name": "The Shops at Pennsville - Tesla Supercharger", "address": "255 N Broadway", "city": "Pennsville", "zip": "08070", "access": "public", "ev_level1_evse_num": null, "ev_level2_evse_num": null, "ev_dc_fast_num": 16, "network": "Tesla", "connector_types": ["TESLA"], "owner_type": "P"}}, {"type": "Feature", "geometry": {"type": "Point", "coordinates": [-74.46536, 40.815]}, "properties": {"id": 371914, "name": "Matthijssen, Inc.", "address": "5 Saddle Rd", "city": "Cedar Knolls", "zip": "07927", "access": "public", "ev_level1_evse_num": null, "ev_level2_evse_num": 4, "ev_dc_fast_num": null, "network": "AMPUP", "connector_types": ["J1772"], "owner_type": "P"}}, {"type": "Feature", "geometry": {"type": "Point", "coordinates": [-74.152164, 41.088093]}, "properties": {"id": 372109, "name": "Cadillac Of Mahwah", "address": "319 ROUTE 17 NORTH", "city": "MAHWAH", "zip": "07430", "access": "public", "ev_level1_evse_num": null, "ev_level2_evse_num": null, "ev_dc_fast_num": 2, "network": "EV Connect", "connector_types": ["J1772COMBO"], "owner_type": null}}, {"type": "Feature", "geometry": {"type": "Point", "coordinates": [-74.81228, 40.84578]}, "properties": {"id": 372301, "name": "Honda of Hackettstown", "address": "48 US-46", "city": "Hackettstown", "zip": "07840", "access": "public", "ev_level1_evse_num": null, "ev_level2_evse_num": null, "ev_dc_fast_num": 4, "network": "VIALYNK", "connector_types": ["CHADEMO", "J1772COMBO"], "owner_type": null}}, {"type": "Feature", "geometry": {"type": "Point", "coordinates": [-74.087738, 40.925588]}, "properties": {"id": 372601, "name": "Dunkin' Donuts - Tesla Supercharger", "address": "175 Rte 4", "city": "Paramus", "zip": "07652", "access": "public", "ev_level1_evse_num": null, "ev_level2_evse_num": null, "ev_dc_fast_num": 12, "network": "Tesla", "connector_types": ["J1772COMBO", "TESLA"], "owner_type": "P"}}, {"type": "Feature", "geometry": {"type": "Point", "coordinates": [-74.271424, 39.700702]}, "properties": {"id": 372760, "name": "HYUNDAI DELIVER FRONT LOT", "address": "405 NJ-72", "city": "Stafford Township", "zip": "08050", "access": "public", "ev_level1_evse_num": null, "ev_level2_evse_num": null, "ev_dc_fast_num": 1, "network": "ChargePoint Network", "connector_types": ["CHADEMO", "J1772COMBO"], "owner_type": null}}, {"type": "Feature", "geometry": {"type": "Point", "coordinates": [-74.200095, 40.424459]}, "properties": {"id": 372816, "name": "TOM'S FORD L2 CHARGEPOINT #3", "address": "200 New Jersey 35", "city": "Keyport", "zip": "07735", "access": "public", "ev_level1_evse_num": null, "ev_level2_evse_num": 2, "ev_dc_fast_num": null, "network": "ChargePoint Network", "connector_types": ["J1772"], "owner_type": null}}, {"type": "Feature", "geometry": {"type": "Point", "coordinates": [-74.200161, 40.424439]}, "properties": {"id": 372817, "name": "TOM'S FORD L2 CHARGEPOINT #2", "address": "200 New Jersey 35", "city": "Keyport", "zip": "07735", "access": "public", "ev_level1_evse_num": null, "ev_level2_evse_num": 2, "ev_dc_fast_num": null, "network": "ChargePoint Network", "connector_types": ["J1772"], "owner_type": null}}, {"type": "Feature", "geometry": {"type": "Point", "coordinates": [-74.100535, 40.829541]}, "properties": {"id": 372985, "name": "STARR POWER STATION 1", "address": "199 Railroad Ave", "city": "East Rutherford", "zip": "07073", "access": "public", "ev_level1_evse_num": null, "ev_level2_evse_num": 2, "ev_dc_fast_num": null, "network": "ChargePoint Network", "connector_types": ["J1772"], "owner_type": null}}, {"type": "Feature", "geometry": {"type": "Point", "coordinates": [-74.286287, 40.717784]}, "properties": {"id": 373077, "name": "Union Crescent Plaza", "address": "2255 Springfield Ave", "city": "Vauxhall", "zip": "07088", "access": "public", "ev_level1_evse_num": null, "ev_level2_evse_num": null, "ev_dc_fast_num": 4, "network": "eVgo Network", "connector_types": ["CHADEMO", "J1772COMBO"], "owner_type": null}}, {"type": "Feature", "geometry": {"type": "Point", "coordinates": [-75.00851, 39.989147]}, "properties": {"id": 373094, "name": "The Shoppes at Cinnaminson", "address": "127 Route 130 S", "city": "Cinnaminson", "zip": "08077", "access": "public", "ev_level1_evse_num": null, "ev_level2_evse_num": null, "ev_dc_fast_num": 4, "network": "eVgo Network", "connector_types": ["CHADEMO", "J1772COMBO"], "owner_type": null}}, {"type": "Feature", "geometry": {"type": "Point", "coordinates": [-74.123529, 40.402442]}, "properties": {"id": 373105, "name": "Middletown Plaza", "address": "1447 Route 35", "city": "Middletown", "zip": "07748", "access": "public", "ev_level1_evse_num": null, "ev_level2_evse_num": null, "ev_dc_fast_num": 4, "network": "eVgo Network", "connector_types": ["CHADEMO", "J1772COMBO"], "owner_type": null}}, {"type": "Feature", "geometry": {"type": "Point", "coordinates": [-74.392739, 40.63457]}, "properties": {"id": 373108, "name": "Wawa Plainfield #8464", "address": "1470 South Ave", "city": "Plainfield", "zip": "07062", "access": "public", "ev_level1_evse_num": null, "ev_level2_evse_num": null, "ev_dc_fast_num": 6, "network": "eVgo Network", "connector_types": ["CHADEMO", "J1772COMBO"], "owner_type": null}}, {"type": "Feature", "geometry": {"type": "Point", "coordinates": [-74.3509217, 40.8496785]}, "properties": {"id": 373116, "name": "Wawa Parsippany #8302", "address": "350 New Road", "city": "Parsippany", "zip": "07054", "access": "public", "ev_level1_evse_num": null, "ev_level2_evse_num": null, "ev_dc_fast_num": 4, "network": "eVgo Network", "connector_types": ["CHADEMO", "J1772COMBO"], "owner_type": null}}, {"type": "Feature", "geometry": {"type": "Point", "coordinates": [-74.02072, 40.80238]}, "properties": {"id": 373125, "name": "Target North Bergen #T1865", "address": "7101 Tonnelle Ave", "city": "North Bergen", "zip": "07047", "access": "public", "ev_level1_evse_num": null, "ev_level2_evse_num": null, "ev_dc_fast_num": 8, "network": "eVgo Network", "connector_types": ["J1772COMBO"], "owner_type": null}}, {"type": "Feature", "geometry": {"type": "Point", "coordinates": [-74.07767, 40.80625]}, "properties": {"id": 374050, "name": "Metropolitan Center", "address": "1 Meadowlands Plaza", "city": "East Rutherford", "zip": "07073", "access": "public", "ev_level1_evse_num": null, "ev_level2_evse_num": 4, "ev_dc_fast_num": null, "network": "VIALYNK", "connector_types": ["J1772"], "owner_type": null}}, {"type": "Feature", "geometry": {"type": "Point", "coordinates": [-74.200019, 40.424484]}, "properties": {"id": 374233, "name": "TOM'S FORD L2 CHARGEPOINT #1", "address": "200 New Jersey 35", "city": "Keyport", "zip": "07735", "access": "public", "ev_level1_evse_num": null, "ev_level2_evse_num": 2, "ev_dc_fast_num": null, "network": "ChargePoint Network", "connector_types": ["J1772"], "owner_type": null}}, {"type": "Feature", "geometry": {"type": "Point", "coordinates": [-74.19959, 40.672446]}, "properties": {"id": 374342, "name": "Wawa - Tesla Supercharger", "address": "595 Spring St", "city": "Elizabeth", "zip": "07201", "access": "public", "ev_level1_evse_num": null, "ev_level2_evse_num": null, "ev_dc_fast_num": 12, "network": "Tesla", "connector_types": ["J1772COMBO", "TESLA"], "owner_type": "P"}}, {"type": "Feature", "geometry": {"type": "Point", "coordinates": [-74.2002317, 40.6736218]}, "properties": {"id": 374358, "name": "Wawa Elizabeth #8320", "address": "595 Spring St", "city": "Elizabeth", "zip": "07201", "access": "public", "ev_level1_evse_num": null, "ev_level2_evse_num": null, "ev_dc_fast_num": 4, "network": "eVgo Network", "connector_types": ["CHADEMO", "J1772COMBO"], "owner_type": null}}, {"type": "Feature", "geometry": {"type": "Point", "coordinates": [-75.11494637501744, 39.71945157781935]}, "properties": {"id": 374626, "name": "Raising Canes - Store 1028", "address": "695 Delsea Drive", "city": "Glassboro", "zip": "08028", "access": "public", "ev_level1_evse_num": null, "ev_level2_evse_num": 2, "ev_dc_fast_num": null, "network": "Blink Network", "connector_types": ["J1772"], "owner_type": null}}, {"type": "Feature", "geometry": {"type": "Point", "coordinates": [-74.877607, 40.043894]}, "properties": {"id": 374633, "name": "BURLINGTON EV EV1-BLD4", "address": "700 John F Kennedy Way", "city": "Burlington", "zip": "08016", "access": "public", "ev_level1_evse_num": null, "ev_level2_evse_num": 2, "ev_dc_fast_num": null, "network": "ChargePoint Network", "connector_types": ["J1772"], "owner_type": null}}, {"type": "Feature", "geometry": {"type": "Point", "coordinates": [-74.876696, 40.044218]}, "properties": {"id": 374634, "name": "BURLINGTON EV EV3-BLD1", "address": "700 John F Kennedy Way", "city": "Burlington", "zip": "08016", "access": "public", "ev_level1_evse_num": null, "ev_level2_evse_num": 2, "ev_dc_fast_num": null, "network": "ChargePoint Network", "connector_types": ["J1772"], "owner_type": null}}, {"type": "Feature", "geometry": {"type": "Point", "coordinates": [-74.87641, 40.044079]}, "properties": {"id": 374635, "name": "BURLINGTON EV EV2-BLD1", "address": "700 John F Kennedy Way", "city": "Burlington", "zip": "08016", "access": "public", "ev_level1_evse_num": null, "ev_level2_evse_num": 2, "ev_dc_fast_num": null, "network": "ChargePoint Network", "connector_types": ["J1772"], "owner_type": null}}, {"type": "Feature", "geometry": {"type": "Point", "coordinates": [-74.876426, 40.043789]}, "properties": {"id": 374636, "name": "BURLINGTON EV EV1-BLD1", "address": "700 John F Kennedy Way", "city": "Burlington", "zip": "08016", "access": "public", "ev_level1_evse_num": null, "ev_level2_evse_num": 2, "ev_dc_fast_num": null, "network": "ChargePoint Network", "connector_types": ["J1772"], "owner_type": null}}, {"type": "Feature", "geometry": {"type": "Point", "coordinates": [-74.877486, 40.045269]}, "properties": {"id": 374637, "name": "BURLINGTON EV EV2-BLD4", "address": "700 John F Kennedy Way", "city": "Burlington", "zip": "08016", "access": "public", "ev_level1_evse_num": null, "ev_level2_evse_num": 2, "ev_dc_fast_num": null, "network": "ChargePoint Network", "connector_types": ["J1772"], "owner_type": null}}, {"type": "Feature", "geometry": {"type": "Point", "coordinates": [-74.282429, 40.768298]}, "properties": {"id": 374843, "name": "ESSEX COUNTY ZOO DC 3", "address": "560 Northfield Ave Behind first Parking deck", "city": "West Orange", "zip": "07052", "access": "public", "ev_level1_evse_num": null, "ev_level2_evse_num": null, "ev_dc_fast_num": 1, "network": "ChargePoint Network", "connector_types": ["CHADEMO", "J1772COMBO"], "owner_type": null}}, {"type": "Feature", "geometry": {"type": "Point", "coordinates": [-74.280876, 40.768635]}, "properties": {"id": 374845, "name": "ESSEX COUNTY ZOO DC 4", "address": "560 Northfield Ave Behind first Parking deck", "city": "West Orange", "zip": "07052", "access": "public", "ev_level1_evse_num": null, "ev_level2_evse_num": null, "ev_dc_fast_num": 1, "network": "ChargePoint Network", "connector_types": ["CHADEMO", "J1772COMBO"], "owner_type": null}}, {"type": "Feature", "geometry": {"type": "Point", "coordinates": [-74.61186, 40.58316]}, "properties": {"id": 374867, "name": "200 Crossing Blvd", "address": "200 Crossing Blvd", "city": "Bridgewater", "zip": "08807", "access": "public", "ev_level1_evse_num": null, "ev_level2_evse_num": 4, "ev_dc_fast_num": null, "network": "VIALYNK", "connector_types": ["J1772"], "owner_type": null}}, {"type": "Feature", "geometry": {"type": "Point", "coordinates": [-74.61001, 40.58319]}, "properties": {"id": 374868, "name": "400 Crossing Blvd", "address": "400 Crossing Blvd", "city": "Bridgewater", "zip": "08807", "access": "public", "ev_level1_evse_num": null, "ev_level2_evse_num": 4, "ev_dc_fast_num": null, "network": "VIALYNK", "connector_types": ["J1772"], "owner_type": null}}, {"type": "Feature", "geometry": {"type": "Point", "coordinates": [-75.106898, 39.88579]}, "properties": {"id": 374989, "name": "Royal Farms - Tesla Supercharger", "address": "1200 Crescent Blvd", "city": "Gloucester City", "zip": "08030", "access": "public", "ev_level1_evse_num": null, "ev_level2_evse_num": null, "ev_dc_fast_num": 8, "network": "Tesla", "connector_types": ["TESLA"], "owner_type": "P"}}, {"type": "Feature", "geometry": {"type": "Point", "coordinates": [-74.135407, 40.748102]}, "properties": {"id": 374990, "name": "Kearny - Harrison Ave - Tesla Supercharger", "address": "220 Harrison Ave", "city": "Kearny", "zip": "07032", "access": "public", "ev_level1_evse_num": null, "ev_level2_evse_num": null, "ev_dc_fast_num": 16, "network": "Tesla", "connector_types": ["J1772COMBO", "TESLA"], "owner_type": "P"}}, {"type": "Feature", "geometry": {"type": "Point", "coordinates": [-75.49713, 39.67835]}, "properties": {"id": 375261, "name": "Stay-N-Charge - Super 8 by Wyndham Pennsville/Wilmington", "address": "413 N Broadway", "city": "Pennsville Township", "zip": "08070", "access": "public", "ev_level1_evse_num": null, "ev_level2_evse_num": 2, "ev_dc_fast_num": null, "network": "STAY_N_CHARGE", "connector_types": ["J1772"], "owner_type": "P"}}, {"type": "Feature", "geometry": {"type": "Point", "coordinates": [-74.28442967135067, 40.53237536965245]}, "properties": {"id": 375345, "name": "Parkside Apartments 2024 1", "address": "847 Harned Street", "city": "Perth Amboy", "zip": "08861", "access": "public", "ev_level1_evse_num": null, "ev_level2_evse_num": 8, "ev_dc_fast_num": null, "network": "Blink Network", "connector_types": ["J1772"], "owner_type": null}}, {"type": "Feature", "geometry": {"type": "Point", "coordinates": [-74.861694, 39.9819]}, "properties": {"id": 375501, "name": "MOUNT LAUREL CHARGER 3", "address": "123 Creek Rd", "city": "Mount Laurel Township", "zip": "08054", "access": "public", "ev_level1_evse_num": null, "ev_level2_evse_num": 1, "ev_dc_fast_num": null, "network": "ChargePoint Network", "connector_types": ["J1772"], "owner_type": null}}, {"type": "Feature", "geometry": {"type": "Point", "coordinates": [-74.861664, 39.981815]}, "properties": {"id": 375502, "name": "MOUNT LAUREL CHARGER 1", "address": "123 Creek Rd", "city": "Mount Laurel Township", "zip": "08054", "access": "public", "ev_level1_evse_num": null, "ev_level2_evse_num": 1, "ev_dc_fast_num": null, "network": "ChargePoint Network", "connector_types": ["J1772"], "owner_type": null}}, {"type": "Feature", "geometry": {"type": "Point", "coordinates": [-74.86169, 39.981865]}, "properties": {"id": 375503, "name": "MOUNT LAUREL CHARGER 2", "address": "123 Creek Rd", "city": "Mount Laurel Township", "zip": "08054", "access": "public", "ev_level1_evse_num": null, "ev_level2_evse_num": 1, "ev_dc_fast_num": null, "network": "ChargePoint Network", "connector_types": ["J1772"], "owner_type": null}}, {"type": "Feature", "geometry": {"type": "Point", "coordinates": [-74.86169, 39.981926]}, "properties": {"id": 375504, "name": "MOUNT LAUREL CHARGER 4", "address": "123 Creek Rd", "city": "Mount Laurel Township", "zip": "08054", "access": "public", "ev_level1_evse_num": null, "ev_level2_evse_num": 1, "ev_dc_fast_num": null, "network": "ChargePoint Network", "connector_types": ["J1772"], "owner_type": null}}, {"type": "Feature", "geometry": {"type": "Point", "coordinates": [-74.033944, 40.728475]}, "properties": {"id": 375599, "name": "EV 01 EV 03 STATION2", "address": "570 Washington Blvd", "city": "Jersey City", "zip": "07310", "access": "public", "ev_level1_evse_num": null, "ev_level2_evse_num": null, "ev_dc_fast_num": 1, "network": "ChargePoint Network", "connector_types": ["CHADEMO", "J1772COMBO"], "owner_type": null}}, {"type": "Feature", "geometry": {"type": "Point", "coordinates": [-74.379273, 40.36958]}, "properties": {"id": 375676, "name": "SENIOR COMMUNITY CTR", "address": "120 Monmouth Rd", "city": "Monroe Township", "zip": "08831", "access": "public", "ev_level1_evse_num": null, "ev_level2_evse_num": 2, "ev_dc_fast_num": null, "network": "ChargePoint Network", "connector_types": ["J1772"], "owner_type": null}}, {"type": "Feature", "geometry": {"type": "Point", "coordinates": [-74.734227, 40.232262]}, "properties": {"id": 375720, "name": "FPC N JOHNSTON ST1", "address": "1 North Johnston Avenue", "city": "Hamilton Township", "zip": "08609", "access": "public", "ev_level1_evse_num": null, "ev_level2_evse_num": 1, "ev_dc_fast_num": null, "network": "ChargePoint Network", "connector_types": ["J1772"], "owner_type": null}}, {"type": "Feature", "geometry": {"type": "Point", "coordinates": [-74.442686, 40.327719]}, "properties": {"id": 375727, "name": "SENIOR LIBRARY ST1", "address": "4 Municipal Plaza", "city": "Jamesburg", "zip": "08831", "access": "public", "ev_level1_evse_num": null, "ev_level2_evse_num": 2, "ev_dc_fast_num": null, "network": "ChargePoint Network", "connector_types": ["J1772"], "owner_type": null}}, {"type": "Feature", "geometry": {"type": "Point", "coordinates": [-74.84841, 40.293539]}, "properties": {"id": 375968, "name": "Janssen Pharmaceuticals - Titusville", "address": "1125 Bear Tavern Road", "city": "Titusville", "zip": "8560", "access": "public", "ev_level1_evse_num": null, "ev_level2_evse_num": 1, "ev_dc_fast_num": null, "network": "Blink Network", "connector_types": ["J1772"], "owner_type": null}}, {"type": "Feature", "geometry": {"type": "Point", "coordinates": [-74.568165, 39.387955]}, "properties": {"id": 375981, "name": "LEXUS OF AC SVC STATION 1", "address": "3163 Fire Rd", "city": "Egg Harbor Township", "zip": "08234", "access": "public", "ev_level1_evse_num": null, "ev_level2_evse_num": 1, "ev_dc_fast_num": null, "network": "ChargePoint Network", "connector_types": ["J1772"], "owner_type": null}}, {"type": "Feature", "geometry": {"type": "Point", "coordinates": [-74.033917, 40.728462]}, "properties": {"id": 376103, "name": "EV 01 EV 03 STATION1", "address": "570 Washington Blvd", "city": "Jersey City", "zip": "07310", "access": "public", "ev_level1_evse_num": null, "ev_level2_evse_num": null, "ev_dc_fast_num": 1, "network": "ChargePoint Network", "connector_types": ["CHADEMO", "J1772COMBO"], "owner_type": null}}, {"type": "Feature", "geometry": {"type": "Point", "coordinates": [-73.9996805, 40.8546624]}, "properties": {"id": 376431, "name": "Unlmtd Real Estate", "address": "510  Grand Avenue, Palisades", "city": "New Jersey", "zip": "07650", "access": "public", "ev_level1_evse_num": null, "ev_level2_evse_num": 8, "ev_dc_fast_num": null, "network": "EVGATEWAY", "connector_types": ["J1772"], "owner_type": null}}, {"type": "Feature", "geometry": {"type": "Point", "coordinates": [-74.23375879999999, 40.6667296]}, "properties": {"id": 376537, "name": "331 Elmora", "address": "331 Elmora Ave", "city": "Elizabeth", "zip": "07208", "access": "public", "ev_level1_evse_num": null, "ev_level2_evse_num": 4, "ev_dc_fast_num": null, "network": "EVIUM", "connector_types": ["J1772"], "owner_type": null}}, {"type": "Feature", "geometry": {"type": "Point", "coordinates": [-74.93691179999999, 39.9019303]}, "properties": {"id": 376592, "name": "One Holtec Drive Group, LLC", "address": "1 Holtec Dr suite g100", "city": "Marlton", "zip": "08053", "access": "public", "ev_level1_evse_num": null, "ev_level2_evse_num": 4, "ev_dc_fast_num": null, "network": "EVGATEWAY", "connector_types": ["J1772"], "owner_type": null}}, {"type": "Feature", "geometry": {"type": "Point", "coordinates": [-75.18873599999999, 39.8515775]}, "properties": {"id": 376605, "name": "The Cove at Riverwinds", "address": "370 Grove Ave", "city": "West Deptford", "zip": "08086", "access": "public", "ev_level1_evse_num": null, "ev_level2_evse_num": 6, "ev_dc_fast_num": null, "network": "EVGATEWAY", "connector_types": ["J1772"], "owner_type": null}}, {"type": "Feature", "geometry": {"type": "Point", "coordinates": [-74.32722, 40.81021]}, "properties": {"id": 377454, "name": "ESSEX COUNTY RIKER HILL DC1", "address": "276 Beaufort Ave", "city": "Livingston", "zip": "07039", "access": "public", "ev_level1_evse_num": null, "ev_level2_evse_num": null, "ev_dc_fast_num": 1, "network": "ChargePoint Network", "connector_types": ["CHADEMO", "J1772COMBO"], "owner_type": null}}, {"type": "Feature", "geometry": {"type": "Point", "coordinates": [-74.34388120336402, 40.71019495734346]}, "properties": {"id": 377527, "name": "Kenvue Brands LLC", "address": "1 Kenvue Way", "city": "Summit", "zip": "07901", "access": "public", "ev_level1_evse_num": null, "ev_level2_evse_num": 26, "ev_dc_fast_num": null, "network": "Blink Network", "connector_types": ["J1772"], "owner_type": null}}, {"type": "Feature", "geometry": {"type": "Point", "coordinates": [-74.232465, 40.825886]}, "properties": {"id": 378060, "name": "L709 EXPP PL", "address": "100 Bloomfield Avenue", "city": "Verona", "zip": "07044", "access": "public", "ev_level1_evse_num": null, "ev_level2_evse_num": null, "ev_dc_fast_num": 2, "network": "ChargePoint Network", "connector_types": ["J1772COMBO"], "owner_type": null}}, {"type": "Feature", "geometry": {"type": "Point", "coordinates": [-74.354888, 40.858063]}, "properties": {"id": 378093, "name": "Paul Miller Toyota Service Center", "address": "189 Route 46 E", "city": "Parsippany", "zip": "07054", "access": "public", "ev_level1_evse_num": null, "ev_level2_evse_num": null, "ev_dc_fast_num": 2, "network": "CHARGESMART_EV", "connector_types": ["J1772COMBO"], "owner_type": null}}, {"type": "Feature", "geometry": {"type": "Point", "coordinates": [-74.704758, 40.432503]}, "properties": {"id": 379717, "name": "Kenvue Brands", "address": "199 Grandview Road", "city": "Montgomery", "zip": "08558", "access": "public", "ev_level1_evse_num": null, "ev_level2_evse_num": 7, "ev_dc_fast_num": null, "network": "Blink Network", "connector_types": ["J1772"], "owner_type": null}}, {"type": "Feature", "geometry": {"type": "Point", "coordinates": [-74.911116, 40.65474]}, "properties": {"id": 380226, "name": "Clinton Acura", "address": "1756 New Jersey 31", "city": "Clinton", "zip": "08809", "access": "public", "ev_level1_evse_num": null, "ev_level2_evse_num": null, "ev_dc_fast_num": 2, "network": "Blink Network", "connector_types": ["J1772COMBO"], "owner_type": null}}, {"type": "Feature", "geometry": {"type": "Point", "coordinates": [-74.040815, 40.884627]}, "properties": {"id": 380604, "name": "210 Moore LLC", "address": "217 Moore Street", "city": "Hackensack", "zip": "07601", "access": "public", "ev_level1_evse_num": null, "ev_level2_evse_num": 4, "ev_dc_fast_num": null, "network": "Blink Network", "connector_types": ["J1772"], "owner_type": null}}, {"type": "Feature", "geometry": {"type": "Point", "coordinates": [-74.215544383948, 40.69947361121329]}, "properties": {"id": 382793, "name": "Route 22 Honda", "address": "1480 North Broad Street", "city": "Hillside", "zip": "07205", "access": "public", "ev_level1_evse_num": null, "ev_level2_evse_num": 1, "ev_dc_fast_num": 2, "network": "Blink Network", "connector_types": ["J1772", "J1772COMBO"], "owner_type": null}}, {"type": "Feature", "geometry": {"type": "Point", "coordinates": [-74.4517853, 40.8704879]}, "properties": {"id": 383313, "name": "Latitude East Owner, LLC", "address": "389-399 Interpace Parkway", "city": "Parsippany", "zip": "7054", "access": "public", "ev_level1_evse_num": null, "ev_level2_evse_num": 5, "ev_dc_fast_num": null, "network": "Blink Network", "connector_types": ["J1772"], "owner_type": null}}, {"type": "Feature", "geometry": {"type": "Point", "coordinates": [-75.04735608650695, 39.7535453817088]}, "properties": {"id": 383656, "name": "Raising Canes - Store 1001", "address": "5241 New Jersey 42", "city": "Washington Township", "zip": "08012", "access": "public", "ev_level1_evse_num": null, "ev_level2_evse_num": 2, "ev_dc_fast_num": null, "network": "Blink Network", "connector_types": ["J1772"], "owner_type": null}}, {"type": "Feature", "geometry": {"type": "Point", "coordinates": [-74.3288045, 40.5650203]}, "properties": {"id": 383731, "name": "Garden Homes - Metro Park Associates", "address": "33 S Wood Ave", "city": "Iselin", "zip": "08830", "access": "public", "ev_level1_evse_num": null, "ev_level2_evse_num": 6, "ev_dc_fast_num": null, "network": "OpConnect", "connector_types": ["J1772"], "owner_type": null}}, {"type": "Feature", "geometry": {"type": "Point", "coordinates": [-74.3328877, 40.7155434]}, "properties": {"id": 383733, "name": "Garden Homes - Lakeside at Briant Park", "address": "103 Briant Park Dr.", "city": "Springfield", "zip": "07081", "access": "public", "ev_level1_evse_num": null, "ev_level2_evse_num": 4, "ev_dc_fast_num": null, "network": "OpConnect", "connector_types": ["J1772"], "owner_type": null}}, {"type": "Feature", "geometry": {"type": "Point", "coordinates": [-74.371024, 40.496034]}, "properties": {"id": 383803, "name": "DG 1 DESIGNER 2", "address": "11 Executive Ave", "city": "Edison", "zip": "08817", "access": "public", "ev_level1_evse_num": null, "ev_level2_evse_num": 2, "ev_dc_fast_num": null, "network": "ChargePoint Network", "connector_types": ["J1772"], "owner_type": null}}, {"type": "Feature", "geometry": {"type": "Point", "coordinates": [-74.372563, 40.496899]}, "properties": {"id": 383848, "name": "DG 1 DESIGNER 3", "address": "11 Executive Avenue", "city": "Edison", "zip": "08817", "access": "public", "ev_level1_evse_num": null, "ev_level2_evse_num": 2, "ev_dc_fast_num": null, "network": "ChargePoint Network", "connector_types": ["J1772"], "owner_type": null}}, {"type": "Feature", "geometry": {"type": "Point", "coordinates": [-74.887187, 39.980769]}, "properties": {"id": 384161, "name": "James Fenimore Cooper Service Plaza", "address": "1400 NJ Turnpike", "city": "Mt. Laurel Township", "zip": "08054", "access": "public", "ev_level1_evse_num": null, "ev_level2_evse_num": null, "ev_dc_fast_num": 4, "network": "APPLEGREEN", "connector_types": ["J1772COMBO"], "owner_type": "P"}}, {"type": "Feature", "geometry": {"type": "Point", "coordinates": [-75.002073, 39.886485]}, "properties": {"id": 384162, "name": "Walt Whitman Service Plaza", "address": "700 NJ Turnpike", "city": "Cherry Hill", "zip": "08034", "access": "public", "ev_level1_evse_num": null, "ev_level2_evse_num": null, "ev_dc_fast_num": 8, "network": "APPLEGREEN", "connector_types": ["J1772COMBO"], "owner_type": "P"}}, {"type": "Feature", "geometry": {"type": "Point", "coordinates": [-74.178958, 40.839402]}, "properties": {"id": 384163, "name": "Larry Doby Brookdale North Service Plaza", "address": "Garden State Pkwy", "city": "Bloomfield", "zip": "07003", "access": "public", "ev_level1_evse_num": null, "ev_level2_evse_num": null, "ev_dc_fast_num": 2, "network": "APPLEGREEN", "connector_types": ["J1772COMBO"], "owner_type": "P"}}, {"type": "Feature", "geometry": {"type": "Point", "coordinates": [-74.629991, 40.175659]}, "properties": {"id": 384164, "name": "Woodrow Wilson Service Plaza", "address": "75 New Jersey Turnpike", "city": "Hamilton Township", "zip": "08620", "access": "public", "ev_level1_evse_num": null, "ev_level2_evse_num": null, "ev_dc_fast_num": 4, "network": "APPLEGREEN", "connector_types": ["J1772COMBO"], "owner_type": "P"}}, {"type": "Feature", "geometry": {"type": "Point", "coordinates": [-74.031079, 40.822714]}, "properties": {"id": 384165, "name": "Vince Lombardi Service Plaza", "address": "116 E New Jersey Turnpike", "city": "Ridgefield", "zip": "07657", "access": "public", "ev_level1_evse_num": null, "ev_level2_evse_num": null, "ev_dc_fast_num": 8, "network": "APPLEGREEN", "connector_types": ["J1772COMBO"], "owner_type": "P"}}, {"type": "Feature", "geometry": {"type": "Point", "coordinates": [-74.065732, 40.353324]}, "properties": {"id": 384632, "name": "RED BANK MARINE PARK", "address": "1 UNION ST", "city": "Red Bank", "zip": "07701", "access": "public", "ev_level1_evse_num": null, "ev_level2_evse_num": 2, "ev_dc_fast_num": null, "network": "ChargePoint Network", "connector_types": ["J1772"], "owner_type": null}}, {"type": "Feature", "geometry": {"type": "Point", "coordinates": [-74.387093, 40.51114]}, "properties": {"id": 384856, "name": "OR VOLVO STN 7 PRIVATE", "address": "731 US-1", "city": "Edison", "zip": "08817", "access": "public", "ev_level1_evse_num": null, "ev_level2_evse_num": 1, "ev_dc_fast_num": null, "network": "ChargePoint Network", "connector_types": ["J1772"], "owner_type": null}}, {"type": "Feature", "geometry": {"type": "Point", "coordinates": [-74.387164, 40.511146]}, "properties": {"id": 384857, "name": "OR VOLVO STN 8 PRIVATE", "address": "731 US-1", "city": "Edison", "zip": "08817", "access": "public", "ev_level1_evse_num": null, "ev_level2_evse_num": 1, "ev_dc_fast_num": null, "network": "ChargePoint Network", "connector_types": ["J1772"], "owner_type": null}}, {"type": "Feature", "geometry": {"type": "Point", "coordinates": [-74.387215, 40.511143]}, "properties": {"id": 384858, "name": "OR VOLVO STN 10 PRIVATE", "address": "731 US-1", "city": "Edison", "zip": "08817", "access": "public", "ev_level1_evse_num": null, "ev_level2_evse_num": 1, "ev_dc_fast_num": null, "network": "ChargePoint Network", "connector_types": ["J1772"], "owner_type": null}}, {"type": "Feature", "geometry": {"type": "Point", "coordinates": [-74.397759, 40.455742]}, "properties": {"id": 387129, "name": "ChargeSmart EV - Midstate Mall", "address": "300 NJ-18", "city": "East Brunswick", "zip": "08816", "access": "public", "ev_level1_evse_num": null, "ev_level2_evse_num": null, "ev_dc_fast_num": 8, "network": "CHARGESMART_EV", "connector_types": ["J1772COMBO", "TESLA"], "owner_type": null}}, {"type": "Feature", "geometry": {"type": "Point", "coordinates": [-74.394368, 40.457264]}, "properties": {"id": 387130, "name": "ChargeSmart EV - Old Bridge Turnpike", "address": "300 NJ 18", "city": "East Brunswick", "zip": "08816", "access": "public", "ev_level1_evse_num": null, "ev_level2_evse_num": null, "ev_dc_fast_num": 8, "network": "CHARGESMART_EV", "connector_types": ["J1772COMBO", "TESLA"], "owner_type": null}}, {"type": "Feature", "geometry": {"type": "Point", "coordinates": [-73.98679428418782, 40.30103869312617]}, "properties": {"id": 387146, "name": "Joyce Parking", "address": "179 Chelsea Ave", "city": "Long Branch", "zip": "07740", "access": "public", "ev_level1_evse_num": null, "ev_level2_evse_num": 1, "ev_dc_fast_num": null, "network": "FLASH", "connector_types": ["J1772"], "owner_type": null}}, {"type": "Feature", "geometry": {"type": "Point", "coordinates": [-75.0708708, 39.8430586]}, "properties": {"id": 387423, "name": "SignPros", "address": "1215 Black Horse Pike", "city": "Glendora", "zip": "08029", "access": "public", "ev_level1_evse_num": null, "ev_level2_evse_num": 2, "ev_dc_fast_num": null, "network": "FLO", "connector_types": ["J1772"], "owner_type": null}}, {"type": "Feature", "geometry": {"type": "Point", "coordinates": [-74.916476, 40.047469]}, "properties": {"id": 387546, "name": "Edgewater Park Weimann Field", "address": "400 Delanco Road", "city": "Edgewater Park", "zip": "08010", "access": "public", "ev_level1_evse_num": null, "ev_level2_evse_num": 4, "ev_dc_fast_num": null, "network": "FLO", "connector_types": ["J1772"], "owner_type": null}}, {"type": "Feature", "geometry": {"type": "Point", "coordinates": [-74.918091, 40.046324]}, "properties": {"id": 387547, "name": "Edgewater Park Municipal Building", "address": "400 Delanco Road", "city": "Edgewater Park", "zip": "08010", "access": "public", "ev_level1_evse_num": null, "ev_level2_evse_num": 4, "ev_dc_fast_num": null, "network": "FLO", "connector_types": ["J1772"], "owner_type": null}}, {"type": "Feature", "geometry": {"type": "Point", "coordinates": [-74.913848, 40.060007]}, "properties": {"id": 387588, "name": "Edgewater Park Memorial Field", "address": "744 Cooper Street", "city": "Edgewater Park", "zip": "08010", "access": "public", "ev_level1_evse_num": null, "ev_level2_evse_num": 4, "ev_dc_fast_num": null, "network": "FLO", "connector_types": ["J1772"], "owner_type": null}}, {"type": "Feature", "geometry": {"type": "Point", "coordinates": [-74.171672, 40.082796]}, "properties": {"id": 387683, "name": "Larson Ford", "address": "1150 Ocean Avenue", "city": "Lakewood", "zip": "08701", "access": "public", "ev_level1_evse_num": null, "ev_level2_evse_num": 6, "ev_dc_fast_num": 6, "network": "CHARGESMART_EV", "connector_types": ["J1772", "J1772COMBO"], "owner_type": null}}, {"type": "Feature", "geometry": {"type": "Point", "coordinates": [-74.390638, 40.635857]}, "properties": {"id": 388022, "name": "40 SOUTH STATION 1", "address": "40 South Ave", "city": "Fanwood", "zip": "07023", "access": "public", "ev_level1_evse_num": null, "ev_level2_evse_num": 2, "ev_dc_fast_num": null, "network": "ChargePoint Network", "connector_types": ["J1772"], "owner_type": null}}, {"type": "Feature", "geometry": {"type": "Point", "coordinates": [-74.390467, 40.635889]}, "properties": {"id": 388023, "name": "40 SOUTH STATION 2", "address": "40 South Ave", "city": "Fanwood", "zip": "07023", "access": "public", "ev_level1_evse_num": null, "ev_level2_evse_num": 2, "ev_dc_fast_num": null, "network": "ChargePoint Network", "connector_types": ["J1772"], "owner_type": null}}, {"type": "Feature", "geometry": {"type": "Point", "coordinates": [-74.948778, 40.375748]}, "properties": {"id": 388275, "name": "FPC N UNION ST1", "address": "243 North Union Street", "city": "Lambertville", "zip": "08530", "access": "public", "ev_level1_evse_num": null, "ev_level2_evse_num": 1, "ev_dc_fast_num": null, "network": "ChargePoint Network", "connector_types": ["J1772"], "owner_type": null}}, {"type": "Feature", "geometry": {"type": "Point", "coordinates": [-74.73026, 40.235386]}, "properties": {"id": 388285, "name": "FPC E STATE ST2", "address": "1800 East State Street", "city": "Hamilton Township", "zip": "08609", "access": "public", "ev_level1_evse_num": null, "ev_level2_evse_num": 1, "ev_dc_fast_num": null, "network": "ChargePoint Network", "connector_types": ["J1772"], "owner_type": null}}, {"type": "Feature", "geometry": {"type": "Point", "coordinates": [-74.7302, 40.235445]}, "properties": {"id": 388286, "name": "FPC E STATE ST1", "address": "1800 East State Street", "city": "Hamilton Township", "zip": "08609", "access": "public", "ev_level1_evse_num": null, "ev_level2_evse_num": 1, "ev_dc_fast_num": null, "network": "ChargePoint Network", "connector_types": ["J1772"], "owner_type": null}}, {"type": "Feature", "geometry": {"type": "Point", "coordinates": [-74.1756134, 40.85769929999999]}, "properties": {"id": 388641, "name": "201 NJ 17", "address": "201 NJ-17", "city": "Rutherford", "zip": "07070", "access": "public", "ev_level1_evse_num": null, "ev_level2_evse_num": 2, "ev_dc_fast_num": 4, "network": "EVIUM", "connector_types": ["J1772", "J1772COMBO"], "owner_type": null}}, {"type": "Feature", "geometry": {"type": "Point", "coordinates": [-74.12076, 41.06657]}, "properties": {"id": 388647, "name": "600 E Crescent", "address": "600 E Crescent Blvd", "city": "Upper Saddle River", "zip": "07458", "access": "public", "ev_level1_evse_num": null, "ev_level2_evse_num": 12, "ev_dc_fast_num": null, "network": "EVOKE", "connector_types": ["J1772"], "owner_type": "P"}}, {"type": "Feature", "geometry": {"type": "Point", "coordinates": [-74.399163, 40.450446]}, "properties": {"id": 388750, "name": "CFA E BRUNSWICK #03880 STATION", "address": "317 New Jersey 18", "city": "East Brunswick", "zip": "08816", "access": "public", "ev_level1_evse_num": null, "ev_level2_evse_num": 2, "ev_dc_fast_num": null, "network": "ChargePoint Network", "connector_types": ["J1772"], "owner_type": null}}, {"type": "Feature", "geometry": {"type": "Point", "coordinates": [-74.663672, 40.916412]}, "properties": {"id": 389000, "name": "NJDEP STATEPARK HOPATCONG ST1", "address": "260 Lakeside Boulevard", "city": "Roxbury Township", "zip": "07850", "access": "public", "ev_level1_evse_num": null, "ev_level2_evse_num": 2, "ev_dc_fast_num": null, "network": "ChargePoint Network", "connector_types": ["J1772"], "owner_type": null}}, {"type": "Feature", "geometry": {"type": "Point", "coordinates": [-74.663626, 40.916357]}, "properties": {"id": 389001, "name": "NJDEP STATEPARK HOPATCONG ST2", "address": "260 Lakeside Boulevard", "city": "Roxbury Township", "zip": "07850", "access": "public", "ev_level1_evse_num": null, "ev_level2_evse_num": 2, "ev_dc_fast_num": null, "network": "ChargePoint Network", "connector_types": ["J1772"], "owner_type": null}}, {"type": "Feature", "geometry": {"type": "Point", "coordinates": [-74.072281, 41.028541]}, "properties": {"id": 389378, "name": "BMWNA WCL 200", "address": "200 BMW Drive", "city": "Woodcliff Lake", "zip": "07677", "access": "public", "ev_level1_evse_num": null, "ev_level2_evse_num": null, "ev_dc_fast_num": 2, "network": "EV Connect", "connector_types": ["J1772COMBO"], "owner_type": null}}, {"type": "Feature", "geometry": {"type": "Point", "coordinates": [-74.69276796295166, 40.61111421108008]}, "properties": {"id": 389419, "name": "Raritan Valley Community College EV Chargers - Workforce Training Center", "address": "118 Lamington Rd", "city": "Branchburg", "zip": "08876", "access": "public", "ev_level1_evse_num": null, "ev_level2_evse_num": 4, "ev_dc_fast_num": null, "network": "SWTCH", "connector_types": ["J1772"], "owner_type": "P"}}, {"type": "Feature", "geometry": {"type": "Point", "coordinates": [-74.68974243118286, 40.60993728537354]}, "properties": {"id": 389420, "name": "Raritan Valley Community College EV Chargers - West Building", "address": "118 Lamington Rd", "city": "Branchburg", "zip": "08876", "access": "public", "ev_level1_evse_num": null, "ev_level2_evse_num": 4, "ev_dc_fast_num": null, "network": "SWTCH", "connector_types": ["J1772"], "owner_type": "P"}}, {"type": "Feature", "geometry": {"type": "Point", "coordinates": [-74.037366, 40.895145]}, "properties": {"id": 389783, "name": "AAF L2 - STATION 1", "address": "520 River St", "city": "Hackensack", "zip": "07601", "access": "public", "ev_level1_evse_num": null, "ev_level2_evse_num": 1, "ev_dc_fast_num": null, "network": "ChargePoint Network", "connector_types": ["J1772"], "owner_type": null}}, {"type": "Feature", "geometry": {"type": "Point", "coordinates": [-74.037926, 40.894692]}, "properties": {"id": 389784, "name": "AAF L2 - STATION 2", "address": "520 River St", "city": "Hackensack", "zip": "07601", "access": "public", "ev_level1_evse_num": null, "ev_level2_evse_num": 1, "ev_dc_fast_num": null, "network": "ChargePoint Network", "connector_types": ["J1772"], "owner_type": null}}, {"type": "Feature", "geometry": {"type": "Point", "coordinates": [-74.038109, 40.894689]}, "properties": {"id": 389785, "name": "AAF L2 - STATION 3", "address": "520 River St", "city": "Hackensack", "zip": "07601", "access": "public", "ev_level1_evse_num": null, "ev_level2_evse_num": 1, "ev_dc_fast_num": null, "network": "ChargePoint Network", "connector_types": ["J1772"], "owner_type": null}}, {"type": "Feature", "geometry": {"type": "Point", "coordinates": [-74.3287613, 40.7091796]}, "properties": {"id": 389808, "name": "Garden Homes - Skyline Ridge", "address": "100 Wilson Road", "city": "Springfield", "zip": "07081", "access": "public", "ev_level1_evse_num": null, "ev_level2_evse_num": 8, "ev_dc_fast_num": null, "network": "OpConnect", "connector_types": ["J1772"], "owner_type": null}}, {"type": "Feature", "geometry": {"type": "Point", "coordinates": [-75.046444, 39.762514]}, "properties": {"id": 389874, "name": "HAMPTON1 HAMPTON3", "address": "5800 New Jersey 42", "city": "Washington Township", "zip": "08012", "access": "public", "ev_level1_evse_num": null, "ev_level2_evse_num": 2, "ev_dc_fast_num": null, "network": "ChargePoint Network", "connector_types": ["J1772"], "owner_type": null}}, {"type": "Feature", "geometry": {"type": "Point", "coordinates": [-75.04643, 39.762483]}, "properties": {"id": 389875, "name": "HAMPTON1 HAMPTON2", "address": "5800 New Jersey 42", "city": "Washington Township", "zip": "08012", "access": "public", "ev_level1_evse_num": null, "ev_level2_evse_num": 2, "ev_dc_fast_num": null, "network": "ChargePoint Network", "connector_types": ["J1772"], "owner_type": null}}, {"type": "Feature", "geometry": {"type": "Point", "coordinates": [-75.046405, 39.762437]}, "properties": {"id": 389876, "name": "HAMPTON1 HAMPTON4", "address": "5800 New Jersey 42", "city": "Washington Township", "zip": "08012", "access": "public", "ev_level1_evse_num": null, "ev_level2_evse_num": 2, "ev_dc_fast_num": null, "network": "ChargePoint Network", "connector_types": ["J1772"], "owner_type": null}}, {"type": "Feature", "geometry": {"type": "Point", "coordinates": [-75.046398, 39.7623]}, "properties": {"id": 389877, "name": "HAMPTON1 HAMPTON5", "address": "5800 New Jersey 42", "city": "Washington Township", "zip": "08012", "access": "public", "ev_level1_evse_num": null, "ev_level2_evse_num": 2, "ev_dc_fast_num": null, "network": "ChargePoint Network", "connector_types": ["J1772"], "owner_type": null}}, {"type": "Feature", "geometry": {"type": "Point", "coordinates": [-74.81159, 40.845935]}, "properties": {"id": 390031, "name": "Honda of Hackettstown", "address": "48 U.S. 46", "city": "Hackettstown", "zip": "07840", "access": "public", "ev_level1_evse_num": null, "ev_level2_evse_num": 5, "ev_dc_fast_num": null, "network": "Blink Network", "connector_types": ["J1772"], "owner_type": null}}, {"type": "Feature", "geometry": {"type": "Point", "coordinates": [-74.7609776, 40.2247727]}, "properties": {"id": 390187, "name": "Isles - Perry Street Headquarters", "address": "265 Allen Street", "city": "Trenton", "zip": "08618", "access": "public", "ev_level1_evse_num": null, "ev_level2_evse_num": null, "ev_dc_fast_num": 2, "network": "FLO", "connector_types": ["CHADEMO", "J1772COMBO"], "owner_type": null}}, {"type": "Feature", "geometry": {"type": "Point", "coordinates": [-75.079592, 39.865607]}, "properties": {"id": 390330, "name": "Royal Farms - Tesla Supercharger", "address": "12 S Black Horse Pike", "city": "Bellmawr", "zip": "08031", "access": "public", "ev_level1_evse_num": null, "ev_level2_evse_num": null, "ev_dc_fast_num": 8, "network": "Tesla", "connector_types": ["TESLA"], "owner_type": "P"}}, {"type": "Feature", "geometry": {"type": "Point", "coordinates": [-74.15444883, 40.74339523]}, "properties": {"id": 390334, "name": "Rite Aid - Tesla Supercharger", "address": "450 Bergen St", "city": "Harrison", "zip": "07029", "access": "public", "ev_level1_evse_num": null, "ev_level2_evse_num": null, "ev_dc_fast_num": 12, "network": "Tesla", "connector_types": ["J1772COMBO", "TESLA"], "owner_type": "P"}}, {"type": "Feature", "geometry": {"type": "Point", "coordinates": [-74.200214, 40.424423]}, "properties": {"id": 390490, "name": "Toms Ford", "address": "200 NJ-35", "city": "Keyport", "zip": "07735", "access": "public", "ev_level1_evse_num": null, "ev_level2_evse_num": null, "ev_dc_fast_num": 4, "network": "FORD_CHARGE", "connector_types": ["J1772COMBO"], "owner_type": null}}, {"type": "Feature", "geometry": {"type": "Point", "coordinates": [-74.005224, 40.871041]}, "properties": {"id": 390492, "name": "Marriott - Tesla Supercharger", "address": "500 Frank W Burr Blvd", "city": "Teaneck", "zip": "07666", "access": "public", "ev_level1_evse_num": null, "ev_level2_evse_num": null, "ev_dc_fast_num": 20, "network": "Tesla", "connector_types": ["TESLA"], "owner_type": "P"}}, {"type": "Feature", "geometry": {"type": "Point", "coordinates": [-74.057512, 40.912759]}, "properties": {"id": 390531, "name": "Bergen Town Center - Tesla Supercharger", "address": "1 Bergen Town Center", "city": "Paramus", "zip": "07652", "access": "public", "ev_level1_evse_num": null, "ev_level2_evse_num": null, "ev_dc_fast_num": 16, "network": "Tesla", "connector_types": ["J1772COMBO", "TESLA"], "owner_type": "P"}}, {"type": "Feature", "geometry": {"type": "Point", "coordinates": [-74.036727, 40.416625]}, "properties": {"id": 390619, "name": "ATL. HIGHLANDS PIER LOT ST3", "address": "9 First Avenue", "city": "Atlantic Highlands", "zip": "07716", "access": "public", "ev_level1_evse_num": null, "ev_level2_evse_num": 2, "ev_dc_fast_num": null, "network": "ChargePoint Network", "connector_types": ["J1772"], "owner_type": null}}, {"type": "Feature", "geometry": {"type": "Point", "coordinates": [-74.036734, 40.416527]}, "properties": {"id": 390620, "name": "ATL. HIGHLANDS PIER LOT ST 2", "address": "9 First Ave", "city": "Atlantic Highlands", "zip": "07716", "access": "public", "ev_level1_evse_num": null, "ev_level2_evse_num": 2, "ev_dc_fast_num": null, "network": "ChargePoint Network", "connector_types": ["J1772"], "owner_type": null}}, {"type": "Feature", "geometry": {"type": "Point", "coordinates": [-74.036752, 40.416522]}, "properties": {"id": 390621, "name": "ATL. HIGHLANDS PIER LOT ST1", "address": "9 First Avenue", "city": "Atlantic Highlands", "zip": "07716", "access": "public", "ev_level1_evse_num": null, "ev_level2_evse_num": 2, "ev_dc_fast_num": null, "network": "ChargePoint Network", "connector_types": ["J1772"], "owner_type": null}}, {"type": "Feature", "geometry": {"type": "Point", "coordinates": [-74.191963, 40.421739]}, "properties": {"id": 390624, "name": "BUHLER CJDR EXPP PL2000", "address": "2 Bayview Avenue", "city": "Hazlet", "zip": "07730", "access": "public", "ev_level1_evse_num": null, "ev_level2_evse_num": null, "ev_dc_fast_num": 2, "network": "ChargePoint Network", "connector_types": ["J1772COMBO"], "owner_type": null}}, {"type": "Feature", "geometry": {"type": "Point", "coordinates": [-74.487144, 40.51325]}, "properties": {"id": 390626, "name": "MCDONALD'S EASTON 01", "address": "940 Easton Avenue", "city": "Franklin Township", "zip": "08873", "access": "public", "ev_level1_evse_num": null, "ev_level2_evse_num": 2, "ev_dc_fast_num": null, "network": "ChargePoint Network", "connector_types": ["J1772"], "owner_type": null}}, {"type": "Feature", "geometry": {"type": "Point", "coordinates": [-74.08138, 40.976234]}, "properties": {"id": 390631, "name": "MCDONALD'S PARAMUS 02", "address": "828 New Jersey 17", "city": "Paramus", "zip": "07652", "access": "public", "ev_level1_evse_num": null, "ev_level2_evse_num": 1, "ev_dc_fast_num": null, "network": "ChargePoint Network", "connector_types": ["J1772"], "owner_type": null}}, {"type": "Feature", "geometry": {"type": "Point", "coordinates": [-74.08149, 40.97614]}, "properties": {"id": 390632, "name": "MCDONALD'S PARAMUS 01", "address": "828 New Jersey 17", "city": "Paramus", "zip": "07652", "access": "public", "ev_level1_evse_num": null, "ev_level2_evse_num": 1, "ev_dc_fast_num": null, "network": "ChargePoint Network", "connector_types": ["J1772"], "owner_type": null}}, {"type": "Feature", "geometry": {"type": "Point", "coordinates": [-74.26820234759406, 40.73648288409448]}, "properties": {"id": 390879, "name": "The Gleason", "address": "7 W Parker Avenue", "city": "Maplewood", "zip": "07040", "access": "public", "ev_level1_evse_num": null, "ev_level2_evse_num": 4, "ev_dc_fast_num": 3, "network": "Blink Network", "connector_types": ["J1772", "TESLA"], "owner_type": null}}, {"type": "Feature", "geometry": {"type": "Point", "coordinates": [-74.859017, 40.508971]}, "properties": {"id": 391536, "name": "123 MAIN 123 MAIN ST", "address": "123 Main St", "city": "Flemington", "zip": "08822", "access": "public", "ev_level1_evse_num": null, "ev_level2_evse_num": 2, "ev_dc_fast_num": null, "network": "ChargePoint Network", "connector_types": ["J1772"], "owner_type": null}}, {"type": "Feature", "geometry": {"type": "Point", "coordinates": [-74.039116, 40.232768]}, "properties": {"id": 391679, "name": "Lester Glenn Ford", "address": "900 NJ-35", "city": "Ocean Township", "zip": "07712", "access": "public", "ev_level1_evse_num": null, "ev_level2_evse_num": 4, "ev_dc_fast_num": 4, "network": "CHARGESMART_EV", "connector_types": ["J1772", "J1772COMBO"], "owner_type": null}}, {"type": "Feature", "geometry": {"type": "Point", "coordinates": [-74.47409809, 40.5368529923995]}, "properties": {"id": 395307, "name": "Piscataway Twp - Sterling Village", "address": "1 Sterling Dr", "city": "Piscataway", "zip": "08854", "access": "public", "ev_level1_evse_num": null, "ev_level2_evse_num": 4, "ev_dc_fast_num": null, "network": "EV Connect", "connector_types": ["J1772"], "owner_type": "LG"}}, {"type": "Feature", "geometry": {"type": "Point", "coordinates": [-74.11655420000001, 40.1095853]}, "properties": {"id": 395364, "name": "Millbrook Manor", "address": "2 Sawmill Rd", "city": "Brick Township", "zip": "08724", "access": "public", "ev_level1_evse_num": null, "ev_level2_evse_num": 6, "ev_dc_fast_num": null, "network": "EVGATEWAY", "connector_types": ["J1772"], "owner_type": null}}, {"type": "Feature", "geometry": {"type": "Point", "coordinates": [-74.2373918, 39.9701038]}, "properties": {"id": 395365, "name": "Clarion Hotel", "address": "815 Route 37W", "city": "Toms River", "zip": "08755", "access": "public", "ev_level1_evse_num": null, "ev_level2_evse_num": 6, "ev_dc_fast_num": null, "network": "EVGATEWAY", "connector_types": ["J1772"], "owner_type": null}}, {"type": "Feature", "geometry": {"type": "Point", "coordinates": [-74.4441, 40.492172]}, "properties": {"id": 395715, "name": "STDNEWBRUNSWICK STATION 2", "address": "90 New St", "city": "New Brunswick", "zip": "08901", "access": "public", "ev_level1_evse_num": null, "ev_level2_evse_num": 2, "ev_dc_fast_num": null, "network": "ChargePoint Network", "connector_types": ["J1772"], "owner_type": null}}, {"type": "Feature", "geometry": {"type": "Point", "coordinates": [-74.504251, 40.442428]}, "properties": {"id": 395720, "name": "CCNB CCNB PAD", "address": "2416 U.S. 1", "city": "North Brunswick Township", "zip": "08902", "access": "public", "ev_level1_evse_num": null, "ev_level2_evse_num": 2, "ev_dc_fast_num": null, "network": "ChargePoint Network", "connector_types": ["J1772"], "owner_type": null}}, {"type": "Feature", "geometry": {"type": "Point", "coordinates": [-74.504503, 40.442226]}, "properties": {"id": 395721, "name": "CCNB CCNB FREDDY'S", "address": "2516 U.S. 1", "city": "North Brunswick Township", "zip": "08902", "access": "public", "ev_level1_evse_num": null, "ev_level2_evse_num": 2, "ev_dc_fast_num": null, "network": "ChargePoint Network", "connector_types": ["J1772"], "owner_type": null}}, {"type": "Feature", "geometry": {"type": "Point", "coordinates": [-74.027874, 40.786407]}, "properties": {"id": 395812, "name": "NBPA 1435 51ST L2", "address": "1435 51st Street", "city": "North Bergen", "zip": "07047", "access": "public", "ev_level1_evse_num": null, "ev_level2_evse_num": 2, "ev_dc_fast_num": null, "network": "ChargePoint Network", "connector_types": ["J1772"], "owner_type": null}}, {"type": "Feature", "geometry": {"type": "Point", "coordinates": [-74.62529192, 40.54553531]}, "properties": {"id": 396164, "name": "Duke Farms", "address": "1112 Dukes Pkwy W", "city": "Hillsborough", "zip": "08844", "access": "public", "ev_level1_evse_num": null, "ev_level2_evse_num": 4, "ev_dc_fast_num": 2, "network": "CHARGELAB", "connector_types": ["CHADEMO", "J1772", "J1772COMBO"], "owner_type": null}}, {"type": "Feature", "geometry": {"type": "Point", "coordinates": [-75.0209098459925, 39.89007738735847]}, "properties": {"id": 396230, "name": "Winner Ford - DCFC", "address": "250 Haddonfield-Berlin Road", "city": "Cherry Hill Township", "zip": "08034", "access": "public", "ev_level1_evse_num": null, "ev_level2_evse_num": null, "ev_dc_fast_num": 4, "network": "Blink Network", "connector_types": ["J1772COMBO"], "owner_type": null}}, {"type": "Feature", "geometry": {"type": "Point", "coordinates": [-75.02093130366211, 39.8900609233951]}, "properties": {"id": 396232, "name": "Winner Ford - Series", "address": "250 Haddonfield-Berlin Road", "city": "Cherry Hill Township", "zip": "08034", "access": "public", "ev_level1_evse_num": null, "ev_level2_evse_num": 6, "ev_dc_fast_num": null, "network": "Blink Network", "connector_types": ["J1772"], "owner_type": null}}, {"type": "Feature", "geometry": {"type": "Point", "coordinates": [-74.765986, 39.975133]}, "properties": {"id": 396235, "name": "WEXFORD ALEXFORD", "address": "100 Dorchester Dr", "city": "Lumberton Township", "zip": "08048", "access": "public", "ev_level1_evse_num": null, "ev_level2_evse_num": 2, "ev_dc_fast_num": null, "network": "ChargePoint Network", "connector_types": ["J1772"], "owner_type": null}}, {"type": "Feature", "geometry": {"type": "Point", "coordinates": [-74.514404, 40.890633]}, "properties": {"id": 397041, "name": "STARBUCKS STORE #68874", "address": "206 US-46", "city": "Rockaway", "zip": "07866", "access": "public", "ev_level1_evse_num": null, "ev_level2_evse_num": 1, "ev_dc_fast_num": null, "network": "ChargePoint Network", "connector_types": ["J1772"], "owner_type": null}}, {"type": "Feature", "geometry": {"type": "Point", "coordinates": [-74.42607, 40.87484]}, "properties": {"id": 397123, "name": "35 Waterview", "address": "35 Waterview Blvd", "city": "Parsippany", "zip": "07054", "access": "public", "ev_level1_evse_num": null, "ev_level2_evse_num": 6, "ev_dc_fast_num": null, "network": "VIALYNK", "connector_types": ["J1772"], "owner_type": null}}, {"type": "Feature", "geometry": {"type": "Point", "coordinates": [-74.127906, 40.961821]}, "properties": {"id": 397558, "name": "BOROUGH  HALL BOROUGH HALL", "address": "288 Rock Rd", "city": "Glen Rock", "zip": "07452", "access": "public", "ev_level1_evse_num": null, "ev_level2_evse_num": 1, "ev_dc_fast_num": null, "network": "ChargePoint Network", "connector_types": ["J1772"], "owner_type": null}}, {"type": "Feature", "geometry": {"type": "Point", "coordinates": [-74.127832, 40.961819]}, "properties": {"id": 397559, "name": "BOROUGH  HALL BOROUGH HALL 2", "address": "288 Rock Rd", "city": "Glen Rock", "zip": "07452", "access": "public", "ev_level1_evse_num": null, "ev_level2_evse_num": 1, "ev_dc_fast_num": null, "network": "ChargePoint Network", "connector_types": ["J1772"], "owner_type": null}}, {"type": "Feature", "geometry": {"type": "Point", "coordinates": [-74.06029, 41.04812]}, "properties": {"id": 397577, "name": "Montvale PD", "address": "12 Depiero Dr", "city": "Montvale", "zip": "07645", "access": "public", "ev_level1_evse_num": null, "ev_level2_evse_num": null, "ev_dc_fast_num": 4, "network": "VIALYNK", "connector_types": ["J1772COMBO"], "owner_type": null}}, {"type": "Feature", "geometry": {"type": "Point", "coordinates": [-74.672691, 40.228718]}, "properties": {"id": 397598, "name": "Route 33 Nissan", "address": "951 NJ-33", "city": "Trenton", "zip": "08690", "access": "public", "ev_level1_evse_num": null, "ev_level2_evse_num": 2, "ev_dc_fast_num": 1, "network": "Non-Networked", "connector_types": ["CHADEMO", "J1772", "J1772COMBO"], "owner_type": "P"}}, {"type": "Feature", "geometry": {"type": "Point", "coordinates": [-75.122664, 39.923755]}, "properties": {"id": 397811, "name": "CCMUA ADMIN BLD ADMIN ST1", "address": "1645 Ferry Avenue", "city": "Camden", "zip": "08104", "access": "public", "ev_level1_evse_num": null, "ev_level2_evse_num": 2, "ev_dc_fast_num": null, "network": "ChargePoint Network", "connector_types": ["J1772"], "owner_type": null}}, {"type": "Feature", "geometry": {"type": "Point", "coordinates": [-74.071249, 40.349505]}, "properties": {"id": 397825, "name": "PV MONMOUTH RB CHARGER 1", "address": "120 Monmouth Street", "city": "Red Bank", "zip": "07701", "access": "public", "ev_level1_evse_num": null, "ev_level2_evse_num": 1, "ev_dc_fast_num": null, "network": "ChargePoint Network", "connector_types": ["J1772"], "owner_type": null}}, {"type": "Feature", "geometry": {"type": "Point", "coordinates": [-74.071387, 40.349361]}, "properties": {"id": 397826, "name": "PV MONMOUTH RB CHARGER 4", "address": "120 Monmouth St", "city": "Red Bank", "zip": "07701", "access": "public", "ev_level1_evse_num": null, "ev_level2_evse_num": 1, "ev_dc_fast_num": null, "network": "ChargePoint Network", "connector_types": ["J1772"], "owner_type": null}}, {"type": "Feature", "geometry": {"type": "Point", "coordinates": [-74.071387, 40.349361]}, "properties": {"id": 397827, "name": "PV MONMOUTH RB CHARGER 3", "address": "120 Monmouth St", "city": "Red Bank", "zip": "07701", "access": "public", "ev_level1_evse_num": null, "ev_level2_evse_num": 1, "ev_dc_fast_num": null, "network": "ChargePoint Network", "connector_types": ["J1772"], "owner_type": null}}, {"type": "Feature", "geometry": {"type": "Point", "coordinates": [-74.071387, 40.349361]}, "properties": {"id": 397828, "name": "PV MONMOUTH RB CHARGER 2", "address": "120 Monmouth St", "city": "Red Bank", "zip": "07701", "access": "public", "ev_level1_evse_num": null, "ev_level2_evse_num": 1, "ev_dc_fast_num": null, "network": "ChargePoint Network", "connector_types": ["J1772"], "owner_type": null}}, {"type": "Feature", "geometry": {"type": "Point", "coordinates": [-74.631846, 40.177088]}, "properties": {"id": 397997, "name": "Richard Stockton Travel Plaza", "address": "NJ Tpke Post 58 S", "city": "Hamilton Township", "zip": "08620", "access": "public", "ev_level1_evse_num": null, "ev_level2_evse_num": null, "ev_dc_fast_num": 4, "network": "APPLEGREEN", "connector_types": ["J1772COMBO"], "owner_type": "P"}}, {"type": "Feature", "geometry": {"type": "Point", "coordinates": [-74.444351, 40.415918]}, "properties": {"id": 397998, "name": "Joyce Kilmer Travel Plaza", "address": "NJ Turnpike Mile 8 Northbound", "city": "East Brunswick", "zip": "08816", "access": "public", "ev_level1_evse_num": null, "ev_level2_evse_num": null, "ev_dc_fast_num": 8, "network": "APPLEGREEN", "connector_types": ["J1772COMBO", "TESLA"], "owner_type": "P"}}, {"type": "Feature", "geometry": {"type": "Point", "coordinates": [-74.34326, 40.859224]}, "properties": {"id": 398011, "name": "Wawa - Tesla Supercharger", "address": "17 Bloomfield Ave", "city": "Pine Brook", "zip": "07058", "access": "public", "ev_level1_evse_num": null, "ev_level2_evse_num": null, "ev_dc_fast_num": 8, "network": "Tesla", "connector_types": ["TESLA"], "owner_type": "P"}}, {"type": "Feature", "geometry": {"type": "Point", "coordinates": [-74.41861, 40.545931]}, "properties": {"id": 398104, "name": "TOUCH DYNAMIC CHARGER 1 LEFT", "address": "121 Corporate Blvd", "city": "South Plainfield", "zip": "07080", "access": "public", "ev_level1_evse_num": null, "ev_level2_evse_num": 1, "ev_dc_fast_num": null, "network": "ChargePoint Network", "connector_types": ["J1772"], "owner_type": null}}, {"type": "Feature", "geometry": {"type": "Point", "coordinates": [-74.29510621307381, 40.28042800894105]}, "properties": {"id": 398246, "name": "South Jersey Foreign Autosales LLC - Level 2", "address": "4304 U.S. 9", "city": "Freehold", "zip": "07728", "access": "public", "ev_level1_evse_num": null, "ev_level2_evse_num": 2, "ev_dc_fast_num": null, "network": "Blink Network", "connector_types": ["J1772"], "owner_type": null}}, {"type": "Feature", "geometry": {"type": "Point", "coordinates": [-74.29510621307381, 40.28042800894105]}, "properties": {"id": 398250, "name": "South Jersey Foreign Autosales LLC - DCFC", "address": "4304 U.S. 9", "city": "Freehold", "zip": "07728", "access": "public", "ev_level1_evse_num": null, "ev_level2_evse_num": null, "ev_dc_fast_num": 2, "network": "Blink Network", "connector_types": ["J1772COMBO"], "owner_type": null}}, {"type": "Feature", "geometry": {"type": "Point", "coordinates": [-74.55161, 40.27953]}, "properties": {"id": 399662, "name": "160 Princeton Hightstown Rd", "address": "160 Princeton Hightstown Rd", "city": "East Windsor", "zip": "08520", "access": "public", "ev_level1_evse_num": null, "ev_level2_evse_num": 4, "ev_dc_fast_num": null, "network": "LOOP", "connector_types": ["J1772"], "owner_type": "P"}}, {"type": "Feature", "geometry": {"type": "Point", "coordinates": [-74.438843, 40.845894]}, "properties": {"id": 399663, "name": "22 Sylvan Way", "address": "22 Sylvan Way", "city": "Parsippany", "zip": "07054", "access": "public", "ev_level1_evse_num": null, "ev_level2_evse_num": 8, "ev_dc_fast_num": null, "network": "LOOP", "connector_types": ["J1772"], "owner_type": "P"}}, {"type": "Feature", "geometry": {"type": "Point", "coordinates": [-74.059791, 40.220112]}, "properties": {"id": 399664, "name": "2900 W Bangs Ave", "address": "2900 W Bangs Ave", "city": "Neptune", "zip": "07753", "access": "public", "ev_level1_evse_num": null, "ev_level2_evse_num": 4, "ev_dc_fast_num": null, "network": "LOOP", "connector_types": ["J1772"], "owner_type": "P"}}, {"type": "Feature", "geometry": {"type": "Point", "coordinates": [-74.0366512184151, 40.747835420402]}, "properties": {"id": 399665, "name": "800 Madison St", "address": "800 Madison St", "city": "Hoboken", "zip": "07030", "access": "public", "ev_level1_evse_num": null, "ev_level2_evse_num": 1, "ev_dc_fast_num": null, "network": "LOOP", "connector_types": ["J1772"], "owner_type": "P"}}, {"type": "Feature", "geometry": {"type": "Point", "coordinates": [-73.9786529541015, 40.8204116821289]}, "properties": {"id": 399666, "name": "Avalon at Edgewater I", "address": "100 River Mews Ln", "city": "Edgewater", "zip": "07020", "access": "public", "ev_level1_evse_num": null, "ev_level2_evse_num": 9, "ev_dc_fast_num": null, "network": "LOOP", "connector_types": ["J1772"], "owner_type": "P"}}, {"type": "Feature", "geometry": {"type": "Point", "coordinates": [-74.001417, 40.911265]}, "properties": {"id": 399667, "name": "Avalon Teaneck", "address": "1775 Windsor Rd", "city": "Teaneck", "zip": "07666", "access": "public", "ev_level1_evse_num": null, "ev_level2_evse_num": 5, "ev_dc_fast_num": null, "network": "LOOP", "connector_types": ["J1772"], "owner_type": "P"}}, {"type": "Feature", "geometry": {"type": "Point", "coordinates": [-74.2607799863476, 40.2128015714734]}, "properties": {"id": 399668, "name": "GF United Auto Service", "address": "414 US-9 S", "city": "Freehold", "zip": "07718", "access": "public", "ev_level1_evse_num": null, "ev_level2_evse_num": null, "ev_dc_fast_num": 4, "network": "LOOP", "connector_types": ["J1772COMBO"], "owner_type": "P"}}, {"type": "Feature", "geometry": {"type": "Point", "coordinates": [-74.431868, 40.527881]}, "properties": {"id": 400026, "name": "AUCTA STATION 1", "address": "71 Suttons Lane", "city": "Piscataway", "zip": "08854", "access": "public", "ev_level1_evse_num": null, "ev_level2_evse_num": 1, "ev_dc_fast_num": null, "network": "ChargePoint Network", "connector_types": ["J1772"], "owner_type": null}}, {"type": "Feature", "geometry": {"type": "Point", "coordinates": [-74.43212, 40.527839]}, "properties": {"id": 400027, "name": "AUCTA STATION 3", "address": "71 Suttons Lane", "city": "Piscataway", "zip": "08854", "access": "public", "ev_level1_evse_num": null, "ev_level2_evse_num": 1, "ev_dc_fast_num": null, "network": "ChargePoint Network", "connector_types": ["J1772"], "owner_type": null}}, {"type": "Feature", "geometry": {"type": "Point", "coordinates": [-74.431868, 40.527873]}, "properties": {"id": 400028, "name": "AUCTA STATION 2", "address": "71 Suttons Lane", "city": "Piscataway", "zip": "08854", "access": "public", "ev_level1_evse_num": null, "ev_level2_evse_num": 1, "ev_dc_fast_num": null, "network": "ChargePoint Network", "connector_types": ["J1772"], "owner_type": null}}, {"type": "Feature", "geometry": {"type": "Point", "coordinates": [-74.432137, 40.527839]}, "properties": {"id": 400029, "name": "AUCTA STATION 4", "address": "71 Suttons Lane", "city": "Piscataway", "zip": "08854", "access": "public", "ev_level1_evse_num": null, "ev_level2_evse_num": 1, "ev_dc_fast_num": null, "network": "ChargePoint Network", "connector_types": ["J1772"], "owner_type": null}}, {"type": "Feature", "geometry": {"type": "Point", "coordinates": [-74.42742, 40.43765]}, "properties": {"id": 400183, "name": "Brunswick Grove", "address": "327 Milltown Rd", "city": "East Brunswick", "zip": "08816", "access": "public", "ev_level1_evse_num": null, "ev_level2_evse_num": 4, "ev_dc_fast_num": null, "network": "VIALYNK", "connector_types": ["J1772"], "owner_type": null}}, {"type": "Feature", "geometry": {"type": "Point", "coordinates": [-74.4132164, 40.6443598]}, "properties": {"id": 400439, "name": "Liccardi Ford Lincoln", "address": "1615 US-22", "city": "Watchung", "zip": "07069", "access": "public", "ev_level1_evse_num": null, "ev_level2_evse_num": null, "ev_dc_fast_num": 6, "network": "RED_E", "connector_types": ["J1772COMBO"], "owner_type": null}}, {"type": "Feature", "geometry": {"type": "Point", "coordinates": [-75.136085, 40.678818]}, "properties": {"id": 400610, "name": "Willows at Greenwich", "address": "400 Dumont Rd", "city": "Stewartsville", "zip": "08886", "access": "public", "ev_level1_evse_num": null, "ev_level2_evse_num": 20, "ev_dc_fast_num": null, "network": "EV Connect", "connector_types": ["J1772"], "owner_type": null}}, {"type": "Feature", "geometry": {"type": "Point", "coordinates": [-74.5918, 41.1969]}, "properties": {"id": 400716, "name": "Royal Buick GMC", "address": "355 NJ-23 N", "city": "Sussex", "zip": "07461", "access": "public", "ev_level1_evse_num": null, "ev_level2_evse_num": null, "ev_dc_fast_num": 2, "network": "VIALYNK", "connector_types": ["J1772COMBO"], "owner_type": null}}, {"type": "Feature", "geometry": {"type": "Point", "coordinates": [-75.028531, 39.855884]}, "properties": {"id": 404787, "name": "Royal Farms - Tesla Supercharger", "address": "340 Evesham Ave E", "city": "Magnolia", "zip": "08049", "access": "public", "ev_level1_evse_num": null, "ev_level2_evse_num": null, "ev_dc_fast_num": 8, "network": "Tesla", "connector_types": ["J1772COMBO", "TESLA"], "owner_type": "P"}}, {"type": "Feature", "geometry": {"type": "Point", "coordinates": [-74.492573, 40.267005]}, "properties": {"id": 404789, "name": "IHOP - Tesla Supercharger", "address": "1 Lake Dr", "city": "East Windsor", "zip": "08520", "access": "public", "ev_level1_evse_num": null, "ev_level2_evse_num": null, "ev_dc_fast_num": 32, "network": "Tesla", "connector_types": ["J1772COMBO", "TESLA"], "owner_type": "P"}}, {"type": "Feature", "geometry": {"type": "Point", "coordinates": [-75.128255, 39.762841]}, "properties": {"id": 404808, "name": "FOSSIL PARK LOT EFM 3", "address": "66 Million Mosasaur Wy", "city": "Mantua Township", "zip": "08080", "access": "public", "ev_level1_evse_num": null, "ev_level2_evse_num": 2, "ev_dc_fast_num": null, "network": "ChargePoint Network", "connector_types": ["J1772"], "owner_type": null}}, {"type": "Feature", "geometry": {"type": "Point", "coordinates": [-74.100341, 40.884154]}, "properties": {"id": 404811, "name": "KENDAN CHARGE KENDAN CHARGE", "address": "600 Midland Avenue", "city": "Garfield", "zip": "07026", "access": "public", "ev_level1_evse_num": null, "ev_level2_evse_num": 2, "ev_dc_fast_num": null, "network": "ChargePoint Network", "connector_types": ["J1772"], "owner_type": null}}, {"type": "Feature", "geometry": {"type": "Point", "coordinates": [-74.418149, 40.545698]}, "properties": {"id": 404877, "name": "TOUCH DYNAMIC CHARGER 2 LEFT", "address": "121 Corporate Blvd", "city": "South Plainfield", "zip": "07080", "access": "public", "ev_level1_evse_num": null, "ev_level2_evse_num": 1, "ev_dc_fast_num": null, "network": "ChargePoint Network", "connector_types": ["J1772"], "owner_type": null}}, {"type": "Feature", "geometry": {"type": "Point", "coordinates": [-74.504416, 40.897658]}, "properties": {"id": 404889, "name": "200E MAIN STATION 1", "address": "200 E Main St", "city": "Rockaway", "zip": "07866", "access": "public", "ev_level1_evse_num": null, "ev_level2_evse_num": 1, "ev_dc_fast_num": null, "network": "ChargePoint Network", "connector_types": ["J1772"], "owner_type": null}}, {"type": "Feature", "geometry": {"type": "Point", "coordinates": [-74.504341, 40.897641]}, "properties": {"id": 404890, "name": "200E MAIN STATION 2", "address": "200 E Main St", "city": "Rockaway", "zip": "07866", "access": "public", "ev_level1_evse_num": null, "ev_level2_evse_num": 1, "ev_dc_fast_num": null, "network": "ChargePoint Network", "connector_types": ["J1772"], "owner_type": null}}, {"type": "Feature", "geometry": {"type": "Point", "coordinates": [-74.290574, 40.691962]}, "properties": {"id": 405338, "name": "L443 EXPPPUBLICPL01", "address": "2285 US-22", "city": "Union", "zip": "07083", "access": "public", "ev_level1_evse_num": null, "ev_level2_evse_num": null, "ev_dc_fast_num": 2, "network": "ChargePoint Network", "connector_types": ["J1772COMBO"], "owner_type": null}}, {"type": "Feature", "geometry": {"type": "Point", "coordinates": [-74.0934206, 40.2229159]}, "properties": {"id": 405357, "name": "Tinton Falls, NJ", "address": "1 Premium Outlet Boulevard", "city": "Tinton Falls", "zip": "07753", "access": "public", "ev_level1_evse_num": null, "ev_level2_evse_num": null, "ev_dc_fast_num": 6, "network": "RIVIAN_ADVENTURE", "connector_types": ["J1772COMBO"], "owner_type": null}}, {"type": "Feature", "geometry": {"type": "Point", "coordinates": [-75.004152, 39.991411]}, "properties": {"id": 405386, "name": "CFA CINNAMINSON CINNA 1", "address": "301 U.S. 130", "city": "Cinnaminson", "zip": "08077", "access": "public", "ev_level1_evse_num": null, "ev_level2_evse_num": 1, "ev_dc_fast_num": null, "network": "ChargePoint Network", "connector_types": ["J1772"], "owner_type": null}}, {"type": "Feature", "geometry": {"type": "Point", "coordinates": [-74.000114, 40.226987]}, "properties": {"id": 405387, "name": "RHYTHM HOA 8", "address": "204 7th Avenue", "city": "Asbury Park", "zip": "07712", "access": "public", "ev_level1_evse_num": null, "ev_level2_evse_num": 1, "ev_dc_fast_num": null, "network": "ChargePoint Network", "connector_types": ["J1772"], "owner_type": null}}, {"type": "Feature", "geometry": {"type": "Point", "coordinates": [-75.018558, 39.870367]}, "properties": {"id": 405683, "name": "Lawnside - Tesla Supercharger", "address": "401 E Oak Ave", "city": "Lawnside", "zip": "08045", "access": "public", "ev_level1_evse_num": null, "ev_level2_evse_num": null, "ev_dc_fast_num": 32, "network": "Tesla", "connector_types": ["J1772COMBO", "TESLA"], "owner_type": "P"}}, {"type": "Feature", "geometry": {"type": "Point", "coordinates": [-74.4986016, 40.37235779999999]}, "properties": {"id": 406096, "name": "Manhattan Comfort", "address": "319 Ridge Rd", "city": "Dayton", "zip": "08810", "access": "public", "ev_level1_evse_num": null, "ev_level2_evse_num": null, "ev_dc_fast_num": 4, "network": "EVGATEWAY", "connector_types": ["J1772COMBO"], "owner_type": null}}, {"type": "Feature", "geometry": {"type": "Point", "coordinates": [-74.1582416, 40.4253711]}, "properties": {"id": 415755, "name": "BP Gas Station", "address": "375 Middle Rd", "city": "Hazlet", "zip": "07730", "access": "private", "ev_level1_evse_num": null, "ev_level2_evse_num": 2, "ev_dc_fast_num": null, "network": "AMPUP", "connector_types": ["J1772"], "owner_type": "P"}}, {"type": "Feature", "geometry": {"type": "Point", "coordinates": [-74.0111947, 41.012328]}, "properties": {"id": 415769, "name": "Edgewood Country Club", "address": "449 Rivervale Rd", "city": "River Vale", "zip": "07675", "access": "public", "ev_level1_evse_num": null, "ev_level2_evse_num": 9, "ev_dc_fast_num": null, "network": "AMPUP", "connector_types": ["J1772"], "owner_type": "P"}}, {"type": "Feature", "geometry": {"type": "Point", "coordinates": [-74.6529278, 40.3135206]}, "properties": {"id": 415821, "name": "Solvay USA Inc", "address": "504 Carnegie Center", "city": "Princeton", "zip": "08540", "access": "private", "ev_level1_evse_num": null, "ev_level2_evse_num": 1, "ev_dc_fast_num": null, "network": "AMPUP", "connector_types": ["J1772"], "owner_type": "P"}}, {"type": "Feature", "geometry": {"type": "Point", "coordinates": [-74.455891, 40.799322]}, "properties": {"id": 415876, "name": "Schindler Elevator Corp", "address": "20 Whippany Rd", "city": "Morristown", "zip": "07960", "access": "private", "ev_level1_evse_num": null, "ev_level2_evse_num": 2, "ev_dc_fast_num": null, "network": "AMPUP", "connector_types": ["J1772"], "owner_type": "P"}}, {"type": "Feature", "geometry": {"type": "Point", "coordinates": [-75.1102686, 39.45997]}, "properties": {"id": 415877, "name": "MidEastern Cold Storage", "address": "730 Lebanon Rd", "city": "Millville", "zip": "08332", "access": "private", "ev_level1_evse_num": null, "ev_level2_evse_num": 2, "ev_dc_fast_num": null, "network": "AMPUP", "connector_types": ["J1772"], "owner_type": "P"}}, {"type": "Feature", "geometry": {"type": "Point", "coordinates": [-74.918621, 39.891114]}, "properties": {"id": 416076, "name": "Marlton HH Urban", "address": "52 East Main Street", "city": "Marlton", "zip": "08053", "access": "public", "ev_level1_evse_num": null, "ev_level2_evse_num": 1, "ev_dc_fast_num": null, "network": "Blink Network", "connector_types": ["J1772"], "owner_type": null}}, {"type": "Feature", "geometry": {"type": "Point", "coordinates": [-74.43759, 40.684398]}, "properties": {"id": 416085, "name": "CLARUS BERKELEY CLARUS BH-EV8", "address": "45 Lone Pine Drive", "city": "Berkeley Heights", "zip": "07922", "access": "public", "ev_level1_evse_num": null, "ev_level2_evse_num": 1, "ev_dc_fast_num": null, "network": "ChargePoint Network", "connector_types": ["J1772"], "owner_type": null}}, {"type": "Feature", "geometry": {"type": "Point", "coordinates": [-74.437538, 40.684371]}, "properties": {"id": 416086, "name": "CLARUS BERKELEY CLARUS BH-EV5", "address": "45 Lone Pine Drive", "city": "Berkeley Heights", "zip": "07922", "access": "public", "ev_level1_evse_num": null, "ev_level2_evse_num": 1, "ev_dc_fast_num": null, "network": "ChargePoint Network", "connector_types": ["J1772"], "owner_type": null}}, {"type": "Feature", "geometry": {"type": "Point", "coordinates": [-74.437626, 40.684373]}, "properties": {"id": 416087, "name": "CLARUS BERKELEY CLARUS BH-EV6", "address": "45 Lone Pine Drive", "city": "Berkeley Heights", "zip": "07922", "access": "public", "ev_level1_evse_num": null, "ev_level2_evse_num": 1, "ev_dc_fast_num": null, "network": "ChargePoint Network", "connector_types": ["J1772"], "owner_type": null}}, {"type": "Feature", "geometry": {"type": "Point", "coordinates": [-74.437617, 40.684389]}, "properties": {"id": 416098, "name": "CLARUS BERKELEY CLARUS BH-EV1", "address": "45 Lone Pine Drive Parking Garage", "city": "Berkeley Heights", "zip": "07922", "access": "public", "ev_level1_evse_num": null, "ev_level2_evse_num": 1, "ev_dc_fast_num": null, "network": "ChargePoint Network", "connector_types": ["J1772"], "owner_type": null}}, {"type": "Feature", "geometry": {"type": "Point", "coordinates": [-74.437575, 40.68441]}, "properties": {"id": 416104, "name": "CLARUS BERKELEY CLARUS BH-EV7", "address": "45 Lone Pine Drive", "city": "Berkeley Heights", "zip": "07922", "access": "public", "ev_level1_evse_num": null, "ev_level2_evse_num": 1, "ev_dc_fast_num": null, "network": "ChargePoint Network", "connector_types": ["J1772"], "owner_type": null}}, {"type": "Feature", "geometry": {"type": "Point", "coordinates": [-74.437599, 40.684389]}, "properties": {"id": 416105, "name": "CLARUS BERKELEY CLARUS BH-EV3", "address": "45 Lone Pine Drive", "city": "Berkeley Heights", "zip": "07922", "access": "public", "ev_level1_evse_num": null, "ev_level2_evse_num": 1, "ev_dc_fast_num": null, "network": "ChargePoint Network", "connector_types": ["J1772"], "owner_type": null}}, {"type": "Feature", "geometry": {"type": "Point", "coordinates": [-74.437644, 40.684372]}, "properties": {"id": 416106, "name": "CLARUS BERKELEY CLARUS BH-EV2", "address": "45 Lone Pine Drive", "city": "Berkeley Heights", "zip": "07922", "access": "public", "ev_level1_evse_num": null, "ev_level2_evse_num": 1, "ev_dc_fast_num": null, "network": "ChargePoint Network", "connector_types": ["J1772"], "owner_type": null}}, {"type": "Feature", "geometry": {"type": "Point", "coordinates": [-74.437655, 40.684392]}, "properties": {"id": 416107, "name": "CLARUS BERKELEY CLARUS BH-EV4", "address": "45 Lone Pine Drive", "city": "Berkeley Heights", "zip": "07922", "access": "public", "ev_level1_evse_num": null, "ev_level2_evse_num": 1, "ev_dc_fast_num": null, "network": "ChargePoint Network", "connector_types": ["J1772"], "owner_type": null}}, {"type": "Feature", "geometry": {"type": "Point", "coordinates": [-73.992997, 40.802976]}, "properties": {"id": 416128, "name": "Courtyard Edgewater", "address": "3 Pembroke Pl", "city": "Edgewater", "zip": "07020", "access": "public", "ev_level1_evse_num": null, "ev_level2_evse_num": null, "ev_dc_fast_num": 2, "network": "JULE", "connector_types": ["J1772COMBO", "TESLA"], "owner_type": "P"}}, {"type": "Feature", "geometry": {"type": "Point", "coordinates": [-75.004136, 39.991402]}, "properties": {"id": 416386, "name": "CFA CINNAMINSON CFA CINNA 2", "address": "301 U.S. 130", "city": "Cinnaminson", "zip": "08077", "access": "public", "ev_level1_evse_num": null, "ev_level2_evse_num": 1, "ev_dc_fast_num": null, "network": "ChargePoint Network", "connector_types": ["J1772"], "owner_type": null}}, {"type": "Feature", "geometry": {"type": "Point", "coordinates": [-74.424576, 40.82567]}, "properties": {"id": 416534, "name": "CFA HTC STATION 1", "address": "99 Mt Pleasant Ave", "city": "Hanover", "zip": "07981", "access": "public", "ev_level1_evse_num": null, "ev_level2_evse_num": 2, "ev_dc_fast_num": null, "network": "ChargePoint Network", "connector_types": ["J1772"], "owner_type": null}}, {"type": "Feature", "geometry": {"type": "Point", "coordinates": [-74.504416, 40.897658]}, "properties": {"id": 416548, "name": "200E MAIN STATION 3", "address": "200 E Main St", "city": "Rockaway", "zip": "07866", "access": "public", "ev_level1_evse_num": null, "ev_level2_evse_num": 1, "ev_dc_fast_num": null, "network": "ChargePoint Network", "connector_types": ["J1772"], "owner_type": null}}, {"type": "Feature", "geometry": {"type": "Point", "coordinates": [-74.504416, 40.897658]}, "properties": {"id": 416549, "name": "200E MAIN STATION 4", "address": "200 E Main St", "city": "Rockaway", "zip": "07866", "access": "public", "ev_level1_evse_num": null, "ev_level2_evse_num": 1, "ev_dc_fast_num": null, "network": "ChargePoint Network", "connector_types": ["J1772"], "owner_type": null}}, {"type": "Feature", "geometry": {"type": "Point", "coordinates": [-74.517442, 40.293606]}, "properties": {"id": 416567, "name": "T & T Coast GMC", "address": "2730 Route 130 North", "city": "Cranbury", "zip": "08512", "access": "public", "ev_level1_evse_num": null, "ev_level2_evse_num": null, "ev_dc_fast_num": 1, "network": "EV Connect", "connector_types": ["J1772COMBO"], "owner_type": null}}, {"type": "Feature", "geometry": {"type": "Point", "coordinates": [-74.2194495, 40.0462126]}, "properties": {"id": 416574, "name": "Westwood", "address": "1001 NJ-70", "city": "Toms River", "zip": "08755", "access": "public", "ev_level1_evse_num": null, "ev_level2_evse_num": 10, "ev_dc_fast_num": null, "network": "EVGATEWAY", "connector_types": ["J1772"], "owner_type": null}}, {"type": "Feature", "geometry": {"type": "Point", "coordinates": [-75.1958754, 39.8423716]}, "properties": {"id": 416646, "name": "HA Dehart", "address": "311 Crown Point Rd", "city": "West Deptford", "zip": "08086", "access": "public", "ev_level1_evse_num": null, "ev_level2_evse_num": null, "ev_dc_fast_num": 4, "network": "NOODOE", "connector_types": ["J1772COMBO"], "owner_type": null}}, {"type": "Feature", "geometry": {"type": "Point", "coordinates": [-74.47084, 40.77621]}, "properties": {"id": 416647, "name": "Morristown Southgate", "address": "445 South St", "city": "Morristown", "zip": "07960", "access": "public", "ev_level1_evse_num": null, "ev_level2_evse_num": 2, "ev_dc_fast_num": null, "network": "VIALYNK", "connector_types": ["J1772"], "owner_type": null}}, {"type": "Feature", "geometry": {"type": "Point", "coordinates": [-74.47081, 40.77581]}, "properties": {"id": 416648, "name": "Morristown Southgate/Garage", "address": "445 South St", "city": "Morristown", "zip": "07960", "access": "public", "ev_level1_evse_num": null, "ev_level2_evse_num": 4, "ev_dc_fast_num": null, "network": "VIALYNK", "connector_types": ["J1772"], "owner_type": null}}, {"type": "Feature", "geometry": {"type": "Point", "coordinates": [-75.036937, 39.732614]}, "properties": {"id": 416792, "name": "Holman Ford Lincoln Turnersville", "address": "3641 NJ-42 South", "city": "Washington Township", "zip": "08012", "access": "public", "ev_level1_evse_num": null, "ev_level2_evse_num": null, "ev_dc_fast_num": 2, "network": "FORD_CHARGE", "connector_types": ["J1772COMBO"], "owner_type": null}}, {"type": "Feature", "geometry": {"type": "Point", "coordinates": [-74.594489, 40.230622]}, "properties": {"id": 416825, "name": "Ford Charge at Haldeman Subaru", "address": "1207 US-130", "city": "Robbinsville Township", "zip": "08691", "access": "public", "ev_level1_evse_num": null, "ev_level2_evse_num": null, "ev_dc_fast_num": 2, "network": "FORD_CHARGE", "connector_types": ["J1772COMBO"], "owner_type": null}}, {"type": "Feature", "geometry": {"type": "Point", "coordinates": [-74.586578, 40.78311]}, "properties": {"id": 416879, "name": "Maplecrest Ford", "address": "102 E Main St", "city": "Mendham", "zip": "07945", "access": "public", "ev_level1_evse_num": null, "ev_level2_evse_num": null, "ev_dc_fast_num": 4, "network": "FORD_CHARGE", "connector_types": ["J1772COMBO"], "owner_type": null}}, {"type": "Feature", "geometry": {"type": "Point", "coordinates": [-75.16048, 39.826026]}, "properties": {"id": 416902, "name": "ACME Woodbury #3970", "address": "631 Mantua Pike", "city": "West Deptford", "zip": "08096", "access": "public", "ev_level1_evse_num": null, "ev_level2_evse_num": null, "ev_dc_fast_num": 4, "network": "eVgo Network", "connector_types": ["CHADEMO", "J1772COMBO"], "owner_type": null}}, {"type": "Feature", "geometry": {"type": "Point", "coordinates": [-74.427911, 39.364041]}, "properties": {"id": 416986, "name": "REV & FIN DEPT ATLANTIC DC 1", "address": "1301 Bacharach Boulevard", "city": "Atlantic City", "zip": "08401", "access": "public", "ev_level1_evse_num": null, "ev_level2_evse_num": null, "ev_dc_fast_num": 1, "network": "ChargePoint Network", "connector_types": ["CHADEMO", "J1772COMBO"], "owner_type": null}}, {"type": "Feature", "geometry": {"type": "Point", "coordinates": [-74.427896, 39.36401]}, "properties": {"id": 416987, "name": "REV & FIN DEPT ATLANTIC DC 2", "address": "1301 Bacharach Boulevard", "city": "Atlantic City", "zip": "08401", "access": "public", "ev_level1_evse_num": null, "ev_level2_evse_num": null, "ev_dc_fast_num": 1, "network": "ChargePoint Network", "connector_types": ["CHADEMO", "J1772COMBO"], "owner_type": null}}, {"type": "Feature", "geometry": {"type": "Point", "coordinates": [-74.427879, 39.363991]}, "properties": {"id": 416988, "name": "REV & FIN DEPT ATLANTIC DC 3", "address": "1301 Bacharach Boulevard", "city": "Atlantic City", "zip": "08401", "access": "public", "ev_level1_evse_num": null, "ev_level2_evse_num": null, "ev_dc_fast_num": 1, "network": "ChargePoint Network", "connector_types": ["CHADEMO", "J1772COMBO"], "owner_type": null}}, {"type": "Feature", "geometry": {"type": "Point", "coordinates": [-74.427862, 39.363968]}, "properties": {"id": 416989, "name": "REV & FIN DEPT ATLANTIC DC 4", "address": "1301 Bacharach Boulevard", "city": "Atlantic City", "zip": "08401", "access": "public", "ev_level1_evse_num": null, "ev_level2_evse_num": null, "ev_dc_fast_num": 1, "network": "ChargePoint Network", "connector_types": ["CHADEMO", "J1772COMBO"], "owner_type": null}}, {"type": "Feature", "geometry": {"type": "Point", "coordinates": [-74.02228, 40.86682]}, "properties": {"id": 417015, "name": "Gabriel Luxury Apartments of Bogata", "address": "51 Queen Anne Rd", "city": "Bogata", "zip": "07603", "access": "public", "ev_level1_evse_num": null, "ev_level2_evse_num": 6, "ev_dc_fast_num": null, "network": "VIALYNK", "connector_types": ["J1772"], "owner_type": null}}, {"type": "Feature", "geometry": {"type": "Point", "coordinates": [-74.427843, 39.363941]}, "properties": {"id": 417082, "name": "REV & FIN DEPT CITY HALL ST1", "address": "1301 Bacharach Boulevard", "city": "Atlantic City", "zip": "08401", "access": "public", "ev_level1_evse_num": null, "ev_level2_evse_num": 2, "ev_dc_fast_num": null, "network": "ChargePoint Network", "connector_types": ["J1772"], "owner_type": null}}, {"type": "Feature", "geometry": {"type": "Point", "coordinates": [-75.514504, 39.56197]}, "properties": {"id": 417088, "name": "91 Country Club Road", "address": "91 Country Club Road", "city": "Salem", "zip": "08079", "access": "public", "ev_level1_evse_num": null, "ev_level2_evse_num": 2, "ev_dc_fast_num": null, "network": "EV Connect", "connector_types": ["J1772"], "owner_type": null}}, {"type": "Feature", "geometry": {"type": "Point", "coordinates": [-74.074928, 40.893022]}, "properties": {"id": 417092, "name": "bp, Essex St, Lodi, NJ", "address": "80 Essex St", "city": "Lodi", "zip": "07644", "access": "public", "ev_level1_evse_num": null, "ev_level2_evse_num": null, "ev_dc_fast_num": 4, "network": "BP_PULSE", "connector_types": ["J1772COMBO"], "owner_type": null}}, {"type": "Feature", "geometry": {"type": "Point", "coordinates": [-74.646234, 40.192318]}, "properties": {"id": 417115, "name": "Wawa - Tesla Supercharger", "address": "3817 Crosswicks Hamilton Square Rd", "city": "Hamilton Township", "zip": "08691", "access": "public", "ev_level1_evse_num": null, "ev_level2_evse_num": null, "ev_dc_fast_num": 12, "network": "Tesla", "connector_types": ["J1772COMBO", "TESLA"], "owner_type": "P"}}, {"type": "Feature", "geometry": {"type": "Point", "coordinates": [-74.524599, 40.499255]}, "properties": {"id": 417326, "name": "FRANKLIN FRANKLIN TWP", "address": "475 Demott Ln", "city": "Franklin Township", "zip": "08873", "access": "public", "ev_level1_evse_num": null, "ev_level2_evse_num": 2, "ev_dc_fast_num": null, "network": "ChargePoint Network", "connector_types": ["J1772"], "owner_type": null}}, {"type": "Feature", "geometry": {"type": "Point", "coordinates": [-74.524651, 40.499194]}, "properties": {"id": 417327, "name": "FRANKLIN FRANKLIN TWP 2", "address": "475 Demott Ln", "city": "Franklin Township", "zip": "08873", "access": "public", "ev_level1_evse_num": null, "ev_level2_evse_num": 2, "ev_dc_fast_num": null, "network": "ChargePoint Network", "connector_types": ["J1772"], "owner_type": null}}, {"type": "Feature", "geometry": {"type": "Point", "coordinates": [-74.524692, 40.499171]}, "properties": {"id": 417328, "name": "FRANKLIN FRANKLIN TWP 3", "address": "475 Demott Ln", "city": "Franklin Township", "zip": "08873", "access": "public", "ev_level1_evse_num": null, "ev_level2_evse_num": 2, "ev_dc_fast_num": null, "network": "ChargePoint Network", "connector_types": ["J1772"], "owner_type": null}}, {"type": "Feature", "geometry": {"type": "Point", "coordinates": [-74.52485, 40.499313]}, "properties": {"id": 417329, "name": "FRANKLIN FRANKLIN TWP 5", "address": "495 Demott Ln", "city": "Franklin Township", "zip": "08873", "access": "public", "ev_level1_evse_num": null, "ev_level2_evse_num": 2, "ev_dc_fast_num": null, "network": "ChargePoint Network", "connector_types": ["J1772"], "owner_type": null}}, {"type": "Feature", "geometry": {"type": "Point", "coordinates": [-74.52477, 40.499302]}, "properties": {"id": 417330, "name": "FRANKLIN FRANKLIN TWP 4", "address": "495 Demott Ln", "city": "Franklin Township", "zip": "08873", "access": "public", "ev_level1_evse_num": null, "ev_level2_evse_num": 2, "ev_dc_fast_num": null, "network": "ChargePoint Network", "connector_types": ["J1772"], "owner_type": null}}, {"type": "Feature", "geometry": {"type": "Point", "coordinates": [-74.975506, 39.942583]}, "properties": {"id": 417643, "name": "ELITE ACURA CPE2", "address": "2840 NJ-73", "city": "Maple Shade", "zip": "08052", "access": "public", "ev_level1_evse_num": null, "ev_level2_evse_num": null, "ev_dc_fast_num": 1, "network": "ChargePoint Network", "connector_types": ["CHADEMO", "J1772COMBO"], "owner_type": null}}, {"type": "Feature", "geometry": {"type": "Point", "coordinates": [-74.261025, 40.722151]}, "properties": {"id": 417645, "name": "Hilton Branch Public Library", "address": "1688 Springfield Avenue", "city": "Maplewood", "zip": "07040", "access": "public", "ev_level1_evse_num": null, "ev_level2_evse_num": 2, "ev_dc_fast_num": null, "network": "Blink Network", "connector_types": ["J1772"], "owner_type": null}}, {"type": "Feature", "geometry": {"type": "Point", "coordinates": [-74.272145, 40.720617]}, "properties": {"id": 417646, "name": "Springfield and Indiana Lot", "address": "150 Indiana Street", "city": "Maplewood", "zip": "07040", "access": "public", "ev_level1_evse_num": null, "ev_level2_evse_num": 2, "ev_dc_fast_num": null, "network": "Blink Network", "connector_types": ["J1772"], "owner_type": null}}, {"type": "Feature", "geometry": {"type": "Point", "coordinates": [-74.278475, 40.729671]}, "properties": {"id": 417652, "name": "Maplewood Middle School", "address": "7 Burnet Street", "city": "Maplewood", "zip": "07040", "access": "public", "ev_level1_evse_num": null, "ev_level2_evse_num": 2, "ev_dc_fast_num": null, "network": "Blink Network", "connector_types": ["J1772"], "owner_type": null}}, {"type": "Feature", "geometry": {"type": "Point", "coordinates": [-74.975506, 39.942583]}, "properties": {"id": 417683, "name": "ELITE ACURA CPE 1", "address": "2840 NJ-73", "city": "Maple Shade", "zip": "08052", "access": "public", "ev_level1_evse_num": null, "ev_level2_evse_num": null, "ev_dc_fast_num": 1, "network": "ChargePoint Network", "connector_types": ["CHADEMO", "J1772COMBO"], "owner_type": null}}, {"type": "Feature", "geometry": {"type": "Point", "coordinates": [-74.54102, 40.27293]}, "properties": {"id": 417770, "name": "Windsor Corner (East Windsor, NJ)", "address": "440 US 130", "city": "East Windsor", "zip": "08520", "access": "public", "ev_level1_evse_num": null, "ev_level2_evse_num": null, "ev_dc_fast_num": 6, "network": "Electrify America", "connector_types": ["J1772COMBO"], "owner_type": null}}, {"type": "Feature", "geometry": {"type": "Point", "coordinates": [-74.276238, 40.72984]}, "properties": {"id": 417812, "name": "TWPMAPLEWOOD MEMORIAL LIBR", "address": "51 Baker St", "city": "Maplewood", "zip": "07040", "access": "public", "ev_level1_evse_num": null, "ev_level2_evse_num": 2, "ev_dc_fast_num": null, "network": "ChargePoint Network", "connector_types": ["J1772"], "owner_type": null}}, {"type": "Feature", "geometry": {"type": "Point", "coordinates": [-74.2442097, 40.8936512]}, "properties": {"id": 417833, "name": "Wayne Ford", "address": "444 US-46", "city": "Wayne", "zip": "07470", "access": "public", "ev_level1_evse_num": null, "ev_level2_evse_num": null, "ev_dc_fast_num": 4, "network": "FORD_CHARGE", "connector_types": ["J1772COMBO"], "owner_type": null}}, {"type": "Feature", "geometry": {"type": "Point", "coordinates": [-74.975161, 39.942603]}, "properties": {"id": 417887, "name": "ELITE ACURA CP6000-1", "address": "2840 NJ-73", "city": "Maple Shade", "zip": "08052", "access": "public", "ev_level1_evse_num": null, "ev_level2_evse_num": 2, "ev_dc_fast_num": null, "network": "ChargePoint Network", "connector_types": ["J1772"], "owner_type": null}}, {"type": "Feature", "geometry": {"type": "Point", "coordinates": [-74.267909, 40.644683]}, "properties": {"id": 417934, "name": "THE PARK 2300 PARKVIEW-1", "address": "2410 Parkview Dr", "city": "Roselle", "zip": "07203", "access": "public", "ev_level1_evse_num": null, "ev_level2_evse_num": 1, "ev_dc_fast_num": null, "network": "ChargePoint Network", "connector_types": ["J1772"], "owner_type": null}}, {"type": "Feature", "geometry": {"type": "Point", "coordinates": [-74.026386, 40.784824]}, "properties": {"id": 418002, "name": "NBPA 46TH ST.", "address": "1300 46th St", "city": "North Bergen", "zip": "07047", "access": "public", "ev_level1_evse_num": null, "ev_level2_evse_num": 2, "ev_dc_fast_num": null, "network": "ChargePoint Network", "connector_types": ["J1772"], "owner_type": null}}, {"type": "Feature", "geometry": {"type": "Point", "coordinates": [-74.122898, 40.860007]}, "properties": {"id": 418016, "name": "CITY OF PASSAIC GARAGE ST8", "address": "333 Passaic Street", "city": "Passaic", "zip": "07055", "access": "public", "ev_level1_evse_num": null, "ev_level2_evse_num": 2, "ev_dc_fast_num": null, "network": "ChargePoint Network", "connector_types": ["J1772"], "owner_type": null}}, {"type": "Feature", "geometry": {"type": "Point", "coordinates": [-74.122914, 40.860008]}, "properties": {"id": 418017, "name": "CITY OF PASSAIC GARAGE ST7", "address": "333 Passaic Street", "city": "Passaic", "zip": "07055", "access": "public", "ev_level1_evse_num": null, "ev_level2_evse_num": 2, "ev_dc_fast_num": null, "network": "ChargePoint Network", "connector_types": ["J1772"], "owner_type": null}}, {"type": "Feature", "geometry": {"type": "Point", "coordinates": [-74.122893, 40.860025]}, "properties": {"id": 418018, "name": "CITY OF PASSAIC GARAGE ST6", "address": "333 Passaic Street", "city": "Passaic", "zip": "07055", "access": "public", "ev_level1_evse_num": null, "ev_level2_evse_num": 2, "ev_dc_fast_num": null, "network": "ChargePoint Network", "connector_types": ["J1772"], "owner_type": null}}, {"type": "Feature", "geometry": {"type": "Point", "coordinates": [-74.122851, 40.860076]}, "properties": {"id": 418019, "name": "CITY OF PASSAIC GARAGE ST5", "address": "333 Passaic Street", "city": "Passaic", "zip": "07055", "access": "public", "ev_level1_evse_num": null, "ev_level2_evse_num": 2, "ev_dc_fast_num": null, "network": "ChargePoint Network", "connector_types": ["J1772"], "owner_type": null}}, {"type": "Feature", "geometry": {"type": "Point", "coordinates": [-74.122811, 40.860024]}, "properties": {"id": 418020, "name": "CITY OF PASSAIC GARAGE ST4", "address": "333 Passaic Street", "city": "Passaic", "zip": "07055", "access": "public", "ev_level1_evse_num": null, "ev_level2_evse_num": 2, "ev_dc_fast_num": null, "network": "ChargePoint Network", "connector_types": ["J1772"], "owner_type": null}}, {"type": "Feature", "geometry": {"type": "Point", "coordinates": [-74.122825, 40.859996]}, "properties": {"id": 418021, "name": "CITY OF PASSAIC GARAGE ST3", "address": "333 Passaic Street", "city": "Passaic", "zip": "07055", "access": "public", "ev_level1_evse_num": null, "ev_level2_evse_num": 2, "ev_dc_fast_num": null, "network": "ChargePoint Network", "connector_types": ["J1772"], "owner_type": null}}, {"type": "Feature", "geometry": {"type": "Point", "coordinates": [-74.122807, 40.859961]}, "properties": {"id": 418022, "name": "CITY OF PASSAIC GARAGE ST2", "address": "333 Passaic Street", "city": "Passaic", "zip": "07055", "access": "public", "ev_level1_evse_num": null, "ev_level2_evse_num": 2, "ev_dc_fast_num": null, "network": "ChargePoint Network", "connector_types": ["J1772"], "owner_type": null}}, {"type": "Feature", "geometry": {"type": "Point", "coordinates": [-74.123023, 40.860126]}, "properties": {"id": 418023, "name": "CITY OF PASSAIC GARAGE ST1", "address": "333 Passaic Street", "city": "Passaic", "zip": "07055", "access": "public", "ev_level1_evse_num": null, "ev_level2_evse_num": 1, "ev_dc_fast_num": null, "network": "ChargePoint Network", "connector_types": ["J1772"], "owner_type": null}}, {"type": "Feature", "geometry": {"type": "Point", "coordinates": [-74.96451, 39.93898]}, "properties": {"id": 418044, "name": "Wakefern Shoprite 594 (Moorestown, NJ)", "address": "1000 Nixon Dr", "city": "Moorestown", "zip": "08057", "access": "public", "ev_level1_evse_num": null, "ev_level2_evse_num": null, "ev_dc_fast_num": 6, "network": "Electrify America", "connector_types": ["J1772COMBO"], "owner_type": null}}, {"type": "Feature", "geometry": {"type": "Point", "coordinates": [-74.022211, 40.7996641]}, "properties": {"id": 419861, "name": "SWTCH Energy", "address": "1707 69th St", "city": "North Bergen", "zip": "07047", "access": "public", "ev_level1_evse_num": null, "ev_level2_evse_num": 4, "ev_dc_fast_num": null, "network": "SWTCH", "connector_types": ["J1772"], "owner_type": "P"}}, {"type": "Feature", "geometry": {"type": "Point", "coordinates": [-74.4826612, 40.8029123]}, "properties": {"id": 419904, "name": "SWTCH Energy", "address": "150-152 Speedwell Ave", "city": "Morristown", "zip": "07960", "access": "public", "ev_level1_evse_num": null, "ev_level2_evse_num": 2, "ev_dc_fast_num": null, "network": "SWTCH", "connector_types": ["J1772"], "owner_type": "P"}}, {"type": "Feature", "geometry": {"type": "Point", "coordinates": [-74.430654, 40.8452219]}, "properties": {"id": 419912, "name": "SWTCH Energy", "address": "7 Entin Rd", "city": "Parsippany", "zip": "07054", "access": "public", "ev_level1_evse_num": null, "ev_level2_evse_num": 7, "ev_dc_fast_num": null, "network": "SWTCH", "connector_types": ["J1772"], "owner_type": "P"}}, {"type": "Feature", "geometry": {"type": "Point", "coordinates": [-74.491186, 40.3487958]}, "properties": {"id": 419953, "name": "SWTCH Energy", "address": "101 Herrod Blvd", "city": "South Brunswick Township", "zip": "08810", "access": "private", "ev_level1_evse_num": null, "ev_level2_evse_num": 4, "ev_dc_fast_num": null, "network": "SWTCH", "connector_types": ["J1772"], "owner_type": "P"}}, {"type": "Feature", "geometry": {"type": "Point", "coordinates": [-74.000213, 40.226885]}, "properties": {"id": 420101, "name": "RHYTHM HOA STATION #5", "address": "204 7th Avenue", "city": "Asbury Park", "zip": "07712", "access": "public", "ev_level1_evse_num": null, "ev_level2_evse_num": 1, "ev_dc_fast_num": null, "network": "ChargePoint Network", "connector_types": ["J1772"], "owner_type": null}}, {"type": "Feature", "geometry": {"type": "Point", "coordinates": [-74.06655, 41.05774]}, "properties": {"id": 420138, "name": "QFS - 180 Summit", "address": "180 Summit Ave", "city": "Montvale", "zip": "07645", "access": "public", "ev_level1_evse_num": null, "ev_level2_evse_num": 9, "ev_dc_fast_num": null, "network": "SWTCH", "connector_types": ["J1772"], "owner_type": "P"}}, {"type": "Feature", "geometry": {"type": "Point", "coordinates": [-74.267906, 40.644683]}, "properties": {"id": 420677, "name": "THE PARK 2300 PARKVIEW-2", "address": "2410 Parkview Dr", "city": "Roselle", "zip": "07203", "access": "public", "ev_level1_evse_num": null, "ev_level2_evse_num": 1, "ev_dc_fast_num": null, "network": "ChargePoint Network", "connector_types": ["J1772"], "owner_type": null}}, {"type": "Feature", "geometry": {"type": "Point", "coordinates": [-74.55496269999999, 40.3263289]}, "properties": {"id": 420919, "name": "Ravens Crest 5400", "address": "5400 Ravens Crest Dr", "city": "Plainsboro Township", "zip": "08536", "access": "public", "ev_level1_evse_num": null, "ev_level2_evse_num": 5, "ev_dc_fast_num": null, "network": "EVGATEWAY", "connector_types": ["J1772"], "owner_type": null}}, {"type": "Feature", "geometry": {"type": "Point", "coordinates": [-74.4656591, 40.7894667]}, "properties": {"id": 421022, "name": "Morristown Medical Center - Employee Lot", "address": "100 Madison Ave", "city": "Morristown", "zip": "07960", "access": "public", "ev_level1_evse_num": null, "ev_level2_evse_num": 3, "ev_dc_fast_num": null, "network": "EVOKE", "connector_types": ["J1772"], "owner_type": "P"}}, {"type": "Feature", "geometry": {"type": "Point", "coordinates": [-74.5105922, 40.6357087]}, "properties": {"id": 421030, "name": "160 Mt Bethel Rd - Rear Parking Lot", "address": "160 Mt. Bethel Rd", "city": "Warren", "zip": "07059", "access": "private", "ev_level1_evse_num": null, "ev_level2_evse_num": 4, "ev_dc_fast_num": null, "network": "EVOKE", "connector_types": ["J1772"], "owner_type": "P"}}, {"type": "Feature", "geometry": {"type": "Point", "coordinates": [-74.0328982, 40.7293463]}, "properties": {"id": 421035, "name": "Newport River Market Garage - Newport River Market Garage", "address": "20 N Blvd", "city": "Jersey City", "zip": "07310", "access": "public", "ev_level1_evse_num": null, "ev_level2_evse_num": 1, "ev_dc_fast_num": null, "network": "EVOKE", "connector_types": ["J1772"], "owner_type": "P"}}, {"type": "Feature", "geometry": {"type": "Point", "coordinates": [-74.0321459, 40.732143]}, "properties": {"id": 421044, "name": "Bisby Garage - Zipcar Rentals and Bisby Garage", "address": "30 Park Ln N", "city": "Jersey City", "zip": "07310", "access": "private", "ev_level1_evse_num": null, "ev_level2_evse_num": 21, "ev_dc_fast_num": null, "network": "EVOKE", "connector_types": ["J1772"], "owner_type": "P"}}, {"type": "Feature", "geometry": {"type": "Point", "coordinates": [-74.450289, 40.499255]}, "properties": {"id": 421048, "name": "32 Union St - Garage", "address": "32 Union St", "city": "New Brunswick", "zip": "08901", "access": "public", "ev_level1_evse_num": null, "ev_level2_evse_num": 4, "ev_dc_fast_num": null, "network": "EVOKE", "connector_types": ["J1772"], "owner_type": "P"}}, {"type": "Feature", "geometry": {"type": "Point", "coordinates": [-75.1499637, 39.8439573]}, "properties": {"id": 421057, "name": "Inspira Health Center Woodbury - Outdoor Lot", "address": "509 N Broad St", "city": "Woodbury", "zip": "08096", "access": "public", "ev_level1_evse_num": null, "ev_level2_evse_num": 4, "ev_dc_fast_num": null, "network": "EVOKE", "connector_types": ["J1772"], "owner_type": "P"}}, {"type": "Feature", "geometry": {"type": "Point", "coordinates": [-74.19656, 40.40909]}, "properties": {"id": 421061, "name": "670 N Beers St - ASG HQ", "address": "670 N Beers St", "city": "Holmdel", "zip": "07733", "access": "public", "ev_level1_evse_num": null, "ev_level2_evse_num": 2, "ev_dc_fast_num": 2, "network": "EVOKE", "connector_types": ["J1772", "J1772COMBO"], "owner_type": "P"}}, {"type": "Feature", "geometry": {"type": "Point", "coordinates": [-74.3093863, 40.9584113]}, "properties": {"id": 421070, "name": "Chilton - Chilton Visitor Lot", "address": "97 West Pkwy", "city": "Pequannock Township", "zip": "07444", "access": "public", "ev_level1_evse_num": null, "ev_level2_evse_num": 4, "ev_dc_fast_num": null, "network": "EVOKE", "connector_types": ["J1772"], "owner_type": "P"}}, {"type": "Feature", "geometry": {"type": "Point", "coordinates": [-74.34215, 40.86395]}, "properties": {"id": 421202, "name": "342 Changebridge", "address": "342 Changebridge Rd", "city": "Pine Brook", "zip": "07058", "access": "public", "ev_level1_evse_num": null, "ev_level2_evse_num": 4, "ev_dc_fast_num": null, "network": "VIALYNK", "connector_types": ["J1772"], "owner_type": null}}, {"type": "Feature", "geometry": {"type": "Point", "coordinates": [-74.1597992, 40.07569489999999]}, "properties": {"id": 421203, "name": "1950 Rutgers", "address": "1950 Rutgers University Blvd", "city": "Lakewood", "zip": "08701", "access": "public", "ev_level1_evse_num": null, "ev_level2_evse_num": 10, "ev_dc_fast_num": null, "network": "EVGATEWAY", "connector_types": ["J1772"], "owner_type": null}}, {"type": "Feature", "geometry": {"type": "Point", "coordinates": [-74.567902, 39.410782]}, "properties": {"id": 421677, "name": "Wawa - Tesla Supercharger", "address": "6678 E Black Horse Pike", "city": "Egg Harbor Township", "zip": "08234", "access": "public", "ev_level1_evse_num": null, "ev_level2_evse_num": null, "ev_dc_fast_num": 12, "network": "Tesla", "connector_types": ["TESLA"], "owner_type": "P"}}, {"type": "Feature", "geometry": {"type": "Point", "coordinates": [-74.40488, 40.707317]}, "properties": {"id": 421725, "name": "ACADEMY LOT ACADEMY LOT ST1", "address": "7 Academy Street", "city": "New Providence", "zip": "07974", "access": "public", "ev_level1_evse_num": null, "ev_level2_evse_num": 2, "ev_dc_fast_num": null, "network": "ChargePoint Network", "connector_types": ["J1772"], "owner_type": null}}, {"type": "Feature", "geometry": {"type": "Point", "coordinates": [-74.593368, 40.329718]}, "properties": {"id": 421802, "name": "Crossings at Plainsboro - Bldg 2000", "address": "20 Fox Run Dr", "city": "Plainsboro Township", "zip": "08536", "access": "public", "ev_level1_evse_num": null, "ev_level2_evse_num": 4, "ev_dc_fast_num": null, "network": "CHARGESMART_EV", "connector_types": ["J1772"], "owner_type": null}}, {"type": "Feature", "geometry": {"type": "Point", "coordinates": [-74.589139, 40.332212]}, "properties": {"id": 421803, "name": "Crossings at Plainsboro - DCFC", "address": "3 Fox Run Dr", "city": "Plainsboro Township", "zip": "08536", "access": "public", "ev_level1_evse_num": null, "ev_level2_evse_num": null, "ev_dc_fast_num": 2, "network": "CHARGESMART_EV", "connector_types": ["J1772COMBO", "TESLA"], "owner_type": null}}, {"type": "Feature", "geometry": {"type": "Point", "coordinates": [-74.092296, 40.283442]}, "properties": {"id": 422039, "name": "POND ROAD SOUTH STATION 1", "address": "101 Stavbro Lane", "city": "Tinton Falls", "zip": "07724", "access": "public", "ev_level1_evse_num": null, "ev_level2_evse_num": 2, "ev_dc_fast_num": null, "network": "ChargePoint Network", "connector_types": ["J1772"], "owner_type": null}}, {"type": "Feature", "geometry": {"type": "Point", "coordinates": [-74.091021, 40.282849]}, "properties": {"id": 422040, "name": "POND ROAD SOUTH STATION 3", "address": "1810 Wayside Road", "city": "Tinton Falls", "zip": "07724", "access": "public", "ev_level1_evse_num": null, "ev_level2_evse_num": 2, "ev_dc_fast_num": null, "network": "ChargePoint Network", "connector_types": ["J1772"], "owner_type": null}}, {"type": "Feature", "geometry": {"type": "Point", "coordinates": [-74.090778, 40.282524]}, "properties": {"id": 422042, "name": "POND ROAD SOUTH STATION 2", "address": "1810 Wayside Road", "city": "Tinton Falls", "zip": "07724", "access": "public", "ev_level1_evse_num": null, "ev_level2_evse_num": 2, "ev_dc_fast_num": null, "network": "ChargePoint Network", "connector_types": ["J1772"], "owner_type": null}}, {"type": "Feature", "geometry": {"type": "Point", "coordinates": [-74.014413, 40.212555]}, "properties": {"id": 422053, "name": "OCEAN GROVE OG CHARGER 2", "address": "70 South Main Street", "city": "Neptune Township", "zip": "07756", "access": "public", "ev_level1_evse_num": null, "ev_level2_evse_num": null, "ev_dc_fast_num": 1, "network": "ChargePoint Network", "connector_types": ["CHADEMO", "J1772COMBO"], "owner_type": null}}, {"type": "Feature", "geometry": {"type": "Point", "coordinates": [-74.014432, 40.212531]}, "properties": {"id": 422054, "name": "OCEAN GROVE OG CHARGER 1", "address": "70 South Main Street", "city": "Neptune Township", "zip": "07756", "access": "public", "ev_level1_evse_num": null, "ev_level2_evse_num": null, "ev_dc_fast_num": 1, "network": "ChargePoint Network", "connector_types": ["CHADEMO", "J1772COMBO"], "owner_type": null}}, {"type": "Feature", "geometry": {"type": "Point", "coordinates": [-74.626282, 40.58522]}, "properties": {"id": 422443, "name": "CORPORATE BLDG MESSER 1", "address": "200 Somerset Corporate Boulevard", "city": "Bridgewater", "zip": "08807", "access": "public", "ev_level1_evse_num": null, "ev_level2_evse_num": 2, "ev_dc_fast_num": null, "network": "ChargePoint Network", "connector_types": ["J1772"], "owner_type": null}}, {"type": "Feature", "geometry": {"type": "Point", "coordinates": [-74.589311, 40.331422]}, "properties": {"id": 422471, "name": "Crossings at Plainsboro - Bldg 300", "address": "3 Fox Run Dr", "city": "Plainsboro Township", "zip": "08536", "access": "public", "ev_level1_evse_num": null, "ev_level2_evse_num": 4, "ev_dc_fast_num": null, "network": "CHARGESMART_EV", "connector_types": ["J1772"], "owner_type": null}}, {"type": "Feature", "geometry": {"type": "Point", "coordinates": [-74.589662, 40.330548]}, "properties": {"id": 422472, "name": "Crossings at Plainsboro - Bldg 700", "address": "7 Fox Run Dr", "city": "Plainsboro Township", "zip": "08536", "access": "public", "ev_level1_evse_num": null, "ev_level2_evse_num": 4, "ev_dc_fast_num": null, "network": "CHARGESMART_EV", "connector_types": ["J1772"], "owner_type": null}}, {"type": "Feature", "geometry": {"type": "Point", "coordinates": [-74.59343, 40.329218]}, "properties": {"id": 422473, "name": "Crossings at Plainsboro - Bldg 2900", "address": "29 Fox Run Dr", "city": "Plainsboro Township", "zip": "08536", "access": "public", "ev_level1_evse_num": null, "ev_level2_evse_num": 4, "ev_dc_fast_num": null, "network": "CHARGESMART_EV", "connector_types": ["J1772"], "owner_type": null}}, {"type": "Feature", "geometry": {"type": "Point", "coordinates": [-74.591086, 40.329028]}, "properties": {"id": 422474, "name": "Crossings at Plainsboro - Bldg 3700", "address": "37 Fox Run Dr", "city": "Plainsboro Township", "zip": "08536", "access": "public", "ev_level1_evse_num": null, "ev_level2_evse_num": 4, "ev_dc_fast_num": null, "network": "CHARGESMART_EV", "connector_types": ["J1772"], "owner_type": null}}, {"type": "Feature", "geometry": {"type": "Point", "coordinates": [-74.589077, 40.329387]}, "properties": {"id": 422475, "name": "Crossings at Plainsboro - Bldg 4700", "address": "47 Fox Run Dr", "city": "Plainsboro Township", "zip": "08536", "access": "public", "ev_level1_evse_num": null, "ev_level2_evse_num": 4, "ev_dc_fast_num": null, "network": "CHARGESMART_EV", "connector_types": ["J1772"], "owner_type": null}}, {"type": "Feature", "geometry": {"type": "Point", "coordinates": [-74.589082, 40.33046]}, "properties": {"id": 422476, "name": "Crossings at Plainsboro - Bldg 5300", "address": "53 Fox Run Dr", "city": "Plainsboro Township", "zip": "08536", "access": "public", "ev_level1_evse_num": null, "ev_level2_evse_num": 4, "ev_dc_fast_num": null, "network": "CHARGESMART_EV", "connector_types": ["J1772"], "owner_type": null}}, {"type": "Feature", "geometry": {"type": "Point", "coordinates": [-74.15031, 40.727656]}, "properties": {"id": 422574, "name": "Seabra Foods - Tesla Supercharger", "address": "281 Ferry St", "city": "Newark", "zip": "07105", "access": "public", "ev_level1_evse_num": null, "ev_level2_evse_num": null, "ev_dc_fast_num": 16, "network": "Tesla", "connector_types": ["TESLA"], "owner_type": "P"}}, {"type": "Feature", "geometry": {"type": "Point", "coordinates": [-73.98306, 40.87958]}, "properties": {"id": 422702, "name": "LA3201", "address": "25 Rockwood Pl", "city": "Englewood", "zip": "07631", "access": "public", "ev_level1_evse_num": null, "ev_level2_evse_num": 6, "ev_dc_fast_num": null, "network": "SWTCH", "connector_types": ["J1772"], "owner_type": "P"}}, {"type": "Feature", "geometry": {"type": "Point", "coordinates": [-74.07875, 40.04546]}, "properties": {"id": 422703, "name": "P2047", "address": "266 Mantoloking Rd", "city": "Brick Township", "zip": "08723", "access": "public", "ev_level1_evse_num": null, "ev_level2_evse_num": 2, "ev_dc_fast_num": null, "network": "SWTCH", "connector_types": ["J1772"], "owner_type": "P"}}, {"type": "Feature", "geometry": {"type": "Point", "coordinates": [-74.63082, 40.3206]}, "properties": {"id": 422704, "name": "P1214", "address": "400 Alexander Park Dr", "city": "Princeton", "zip": "08540", "access": "private", "ev_level1_evse_num": null, "ev_level2_evse_num": 4, "ev_dc_fast_num": null, "network": "SWTCH", "connector_types": ["J1772"], "owner_type": "P"}}, {"type": "Feature", "geometry": {"type": "Point", "coordinates": [-74.30004, 40.54357]}, "properties": {"id": 422705, "name": "P2108", "address": "581 Main St", "city": "Woodbridge", "zip": "07095", "access": "private", "ev_level1_evse_num": null, "ev_level2_evse_num": 4, "ev_dc_fast_num": null, "network": "SWTCH", "connector_types": ["J1772"], "owner_type": "P"}}, {"type": "Feature", "geometry": {"type": "Point", "coordinates": [-74.3007, 40.56298]}, "properties": {"id": 422706, "name": "P1607", "address": "799 US-1", "city": "Woodbridge", "zip": "08830", "access": "public", "ev_level1_evse_num": null, "ev_level2_evse_num": 1, "ev_dc_fast_num": null, "network": "SWTCH", "connector_types": ["J1772"], "owner_type": "P"}}, {"type": "Feature", "geometry": {"type": "Point", "coordinates": [-74.068651, 40.956581]}, "properties": {"id": 422771, "name": "Paramus, NJ", "address": "700 Paramus Park", "city": "Paramus", "zip": "07652", "access": "public", "ev_level1_evse_num": null, "ev_level2_evse_num": null, "ev_dc_fast_num": 6, "network": "RIVIAN_ADVENTURE", "connector_types": ["J1772COMBO"], "owner_type": null}}, {"type": "Feature", "geometry": {"type": "Point", "coordinates": [-74.308003, 40.377201]}, "properties": {"id": 422979, "name": "Wawa - Tesla Supercharger", "address": "3600 US-9", "city": "Old Bridge", "zip": "08857", "access": "public", "ev_level1_evse_num": null, "ev_level2_evse_num": null, "ev_dc_fast_num": 8, "network": "Tesla", "connector_types": ["TESLA"], "owner_type": "P"}}, {"type": "Feature", "geometry": {"type": "Point", "coordinates": [-74.564809, 40.619306]}, "properties": {"id": 423029, "name": "PINGRY BR 3", "address": "131 Martinsville Road", "city": "Basking Ridge", "zip": "07920", "access": "public", "ev_level1_evse_num": null, "ev_level2_evse_num": 2, "ev_dc_fast_num": null, "network": "ChargePoint Network", "connector_types": ["J1772"], "owner_type": null}}, {"type": "Feature", "geometry": {"type": "Point", "coordinates": [-74.335828, 40.74217]}, "properties": {"id": 423037, "name": "PINGRY SH 2", "address": "50 Country Day Drive", "city": "Millburn", "zip": "07078", "access": "public", "ev_level1_evse_num": null, "ev_level2_evse_num": 2, "ev_dc_fast_num": null, "network": "ChargePoint Network", "connector_types": ["J1772"], "owner_type": null}}, {"type": "Feature", "geometry": {"type": "Point", "coordinates": [-74.592217, 40.329627]}, "properties": {"id": 428610, "name": "Crossings at Plainsboro - Bldg 1600", "address": "16 Fox Run Dr", "city": "Plainsboro Township", "zip": "08536", "access": "public", "ev_level1_evse_num": null, "ev_level2_evse_num": 4, "ev_dc_fast_num": null, "network": "CHARGESMART_EV", "connector_types": ["J1772"], "owner_type": null}}, {"type": "Feature", "geometry": {"type": "Point", "coordinates": [-74.592263, 40.329129]}, "properties": {"id": 428611, "name": "Crossings at Plainsboro - Bldg 3300", "address": "33 Fox Run Dr", "city": "Plainsboro Township", "zip": "08536", "access": "public", "ev_level1_evse_num": null, "ev_level2_evse_num": 4, "ev_dc_fast_num": null, "network": "CHARGESMART_EV", "connector_types": ["J1772"], "owner_type": null}}, {"type": "Feature", "geometry": {"type": "Point", "coordinates": [-74.590192, 40.328665]}, "properties": {"id": 428612, "name": "Crossings at Plainsboro - Bldg 4000", "address": "40 Fox Run Dr", "city": "Plainsboro Township", "zip": "08536", "access": "public", "ev_level1_evse_num": null, "ev_level2_evse_num": 4, "ev_dc_fast_num": null, "network": "CHARGESMART_EV", "connector_types": ["J1772"], "owner_type": null}}, {"type": "Feature", "geometry": {"type": "Point", "coordinates": [-74.176847, 40.735757]}, "properties": {"id": 428630, "name": "ESSEX COUNTY NA003148", "address": "350 University Ave ECFC", "city": "Newark", "zip": "07102", "access": "public", "ev_level1_evse_num": null, "ev_level2_evse_num": 2, "ev_dc_fast_num": null, "network": "ChargePoint Network", "connector_types": ["J1772"], "owner_type": null}}, {"type": "Feature", "geometry": {"type": "Point", "coordinates": [-74.41801, 40.57077]}, "properties": {"id": 428655, "name": "Maxlite", "address": "1400 Hamilton Blvd", "city": "South Plainfield", "zip": "77080", "access": "public", "ev_level1_evse_num": null, "ev_level2_evse_num": 1, "ev_dc_fast_num": null, "network": "VIALYNK", "connector_types": ["J1772"], "owner_type": null}}, {"type": "Feature", "geometry": {"type": "Point", "coordinates": [-74.38475, 40.51152]}, "properties": {"id": 428734, "name": "Milbrook Edison Mall (Edison, NJ)", "address": "765-775 US-1 S", "city": "Edison", "zip": "08817", "access": "public", "ev_level1_evse_num": null, "ev_level2_evse_num": null, "ev_dc_fast_num": 10, "network": "Electrify America", "connector_types": ["J1772COMBO"], "owner_type": null}}, {"type": "Feature", "geometry": {"type": "Point", "coordinates": [-74.3082, 40.378988]}, "properties": {"id": 429622, "name": "AMBOY BANK AMBOY BANK", "address": "3596 US-9", "city": "Old Bridge", "zip": "08857", "access": "public", "ev_level1_evse_num": null, "ev_level2_evse_num": 2, "ev_dc_fast_num": null, "network": "ChargePoint Network", "connector_types": ["J1772"], "owner_type": null}}, {"type": "Feature", "geometry": {"type": "Point", "coordinates": [-74.47316, 40.58399]}, "properties": {"id": 429723, "name": "Straight Edge", "address": "700 Soth Ave", "city": "Middlesex", "zip": "08846", "access": "public", "ev_level1_evse_num": null, "ev_level2_evse_num": 2, "ev_dc_fast_num": null, "network": "VIALYNK", "connector_types": ["J1772"], "owner_type": null}}, {"type": "Feature", "geometry": {"type": "Point", "coordinates": [-74.32528251, 40.98927605]}, "properties": {"id": 429742, "name": "Target - Tesla Supercharger", "address": "94 NJ-23", "city": "Riverdale", "zip": "07457", "access": "public", "ev_level1_evse_num": null, "ev_level2_evse_num": null, "ev_dc_fast_num": 16, "network": "Tesla", "connector_types": ["TESLA"], "owner_type": "P"}}, {"type": "Feature", "geometry": {"type": "Point", "coordinates": [-74.684307, 40.338085]}, "properties": {"id": 429873, "name": "HUN POE CHARGER", "address": "180 Edgerstoune Rd", "city": "Princeton", "zip": "08540", "access": "public", "ev_level1_evse_num": null, "ev_level2_evse_num": 2, "ev_dc_fast_num": null, "network": "ChargePoint Network", "connector_types": ["J1772"], "owner_type": null}}, {"type": "Feature", "geometry": {"type": "Point", "coordinates": [-74.0667333, 41.0610523]}, "properties": {"id": 429905, "name": "155 Chestnut Ridge", "address": "155 Chestnut Ridge Rd", "city": "Montvale", "zip": "07645", "access": "public", "ev_level1_evse_num": null, "ev_level2_evse_num": 11, "ev_dc_fast_num": null, "network": "EVGATEWAY", "connector_types": ["J1772"], "owner_type": null}}, {"type": "Feature", "geometry": {"type": "Point", "coordinates": [-74.6420922, 40.6525792]}, "properties": {"id": 429906, "name": "The Hills Bedminster 550", "address": "550 Hills Dr", "city": "Bedminster", "zip": "07921", "access": "public", "ev_level1_evse_num": null, "ev_level2_evse_num": 8, "ev_dc_fast_num": null, "network": "EVGATEWAY", "connector_types": ["J1772"], "owner_type": null}}, {"type": "Feature", "geometry": {"type": "Point", "coordinates": [-74.856474, 40.07898]}, "properties": {"id": 429968, "name": "STACY STREET BARCLAY ST1", "address": "335 Stacy Street", "city": "Burlington", "zip": "08016", "access": "public", "ev_level1_evse_num": null, "ev_level2_evse_num": 2, "ev_dc_fast_num": null, "network": "ChargePoint Network", "connector_types": ["J1772"], "owner_type": null}}, {"type": "Feature", "geometry": {"type": "Point", "coordinates": [-75.0604, 39.92836]}, "properties": {"id": 434027, "name": "202 Park", "address": "202 Park Boulevard", "city": "Cherry Hill Township", "zip": "08002", "access": "public", "ev_level1_evse_num": null, "ev_level2_evse_num": 8, "ev_dc_fast_num": null, "network": "Blink Network", "connector_types": ["J1772"], "owner_type": null}}, {"type": "Feature", "geometry": {"type": "Point", "coordinates": [-73.964, 41.003]}, "properties": {"id": 434055, "name": "22 Paris Ave Poweral", "address": "22 Paris Ave", "city": "Rockleigh", "zip": "07647", "access": "public", "ev_level1_evse_num": null, "ev_level2_evse_num": 8, "ev_dc_fast_num": null, "network": "RED_E", "connector_types": ["J1772"], "owner_type": null}}, {"type": "Feature", "geometry": {"type": "Point", "coordinates": [-73.95329, 40.87547]}, "properties": {"id": 434121, "name": "Trinity Cadillac", "address": "374 Sylvan Ave", "city": "Englewood Cliffs", "zip": "07632", "access": "public", "ev_level1_evse_num": null, "ev_level2_evse_num": null, "ev_dc_fast_num": 2, "network": "VIALYNK", "connector_types": ["CHADEMO", "J1772COMBO"], "owner_type": null}}, {"type": "Feature", "geometry": {"type": "Point", "coordinates": [-74.228574, 40.762986]}, "properties": {"id": 434822, "name": "ESSEX COUNTY MONTE IRVIN", "address": "100 Central Ave", "city": "City of Orange", "zip": "07050", "access": "public", "ev_level1_evse_num": null, "ev_level2_evse_num": 2, "ev_dc_fast_num": null, "network": "ChargePoint Network", "connector_types": ["J1772"], "owner_type": null}}, {"type": "Feature", "geometry": {"type": "Point", "coordinates": [-75.004224, 39.832157]}, "properties": {"id": 434844, "name": "Echelon Ford Inc", "address": "4 S White Horse Pike", "city": "Stratford", "zip": "08084", "access": "public", "ev_level1_evse_num": null, "ev_level2_evse_num": null, "ev_dc_fast_num": 2, "network": "FORD_CHARGE", "connector_types": ["J1772COMBO"], "owner_type": null}}, {"type": "Feature", "geometry": {"type": "Point", "coordinates": [-74.019433, 40.803347]}, "properties": {"id": 434862, "name": "Wawa - Tesla Supercharger", "address": "7408 Tonnelle Ave", "city": "North Bergen", "zip": "07047", "access": "public", "ev_level1_evse_num": null, "ev_level2_evse_num": null, "ev_dc_fast_num": 12, "network": "Tesla", "connector_types": ["J1772COMBO", "TESLA"], "owner_type": "P"}}, {"type": "Feature", "geometry": {"type": "Point", "coordinates": [-74.825169, 39.077906]}, "properties": {"id": 434872, "name": "Wawa - Tesla Supercharger", "address": "224 S Main St", "city": "Middle Township", "zip": "08210", "access": "public", "ev_level1_evse_num": null, "ev_level2_evse_num": null, "ev_dc_fast_num": 12, "network": "Tesla", "connector_types": ["J1772COMBO", "TESLA"], "owner_type": "P"}}, {"type": "Feature", "geometry": {"type": "Point", "coordinates": [-74.044456, 40.835361]}, "properties": {"id": 434924, "name": "RONDO STATION 1", "address": "100 State Street", "city": "Moonachie", "zip": "07074", "access": "public", "ev_level1_evse_num": null, "ev_level2_evse_num": 2, "ev_dc_fast_num": null, "network": "ChargePoint Network", "connector_types": ["J1772"], "owner_type": null}}, {"type": "Feature", "geometry": {"type": "Point", "coordinates": [-74.857123, 40.079171]}, "properties": {"id": 434968, "name": "STACY STREET STACY ST ST1", "address": "35 East Broad Street", "city": "Burlington", "zip": "08016", "access": "public", "ev_level1_evse_num": null, "ev_level2_evse_num": 2, "ev_dc_fast_num": null, "network": "ChargePoint Network", "connector_types": ["J1772"], "owner_type": null}}, {"type": "Feature", "geometry": {"type": "Point", "coordinates": [-74.857087, 40.079141]}, "properties": {"id": 434969, "name": "STACY STREET STACY ST ST2", "address": "35 East Broad Street", "city": "Burlington", "zip": "08016", "access": "public", "ev_level1_evse_num": null, "ev_level2_evse_num": 2, "ev_dc_fast_num": null, "network": "ChargePoint Network", "connector_types": ["J1772"], "owner_type": null}}, {"type": "Feature", "geometry": {"type": "Point", "coordinates": [-74.857095, 40.079102]}, "properties": {"id": 434970, "name": "STACY STREET STACY ST ST3", "address": "35 East Broad Street", "city": "Burlington", "zip": "08016", "access": "public", "ev_level1_evse_num": null, "ev_level2_evse_num": 2, "ev_dc_fast_num": null, "network": "ChargePoint Network", "connector_types": ["J1772"], "owner_type": null}}, {"type": "Feature", "geometry": {"type": "Point", "coordinates": [-74.85708, 40.079062]}, "properties": {"id": 434971, "name": "STACY STREET STACY ST ST4", "address": "35 East Broad Street", "city": "Burlington", "zip": "08016", "access": "public", "ev_level1_evse_num": null, "ev_level2_evse_num": 2, "ev_dc_fast_num": null, "network": "ChargePoint Network", "connector_types": ["J1772"], "owner_type": null}}, {"type": "Feature", "geometry": {"type": "Point", "coordinates": [-74.0498, 40.29026]}, "properties": {"id": 439412, "name": "Chick-Fil-A Corporate - Chick-Fil-A Eatontown, NJ", "address": "42 New Jersey 36", "city": "Eatontown", "zip": "07724", "access": "public", "ev_level1_evse_num": null, "ev_level2_evse_num": 2, "ev_dc_fast_num": null, "network": "ENVIROSPARK", "connector_types": ["J1772"], "owner_type": "P"}}, {"type": "Feature", "geometry": {"type": "Point", "coordinates": [-74.6809359, 40.2309147]}, "properties": {"id": 439501, "name": "Haldeman Ford", "address": "607 NJ-33", "city": "Hamilton Township", "zip": "08619", "access": "public", "ev_level1_evse_num": null, "ev_level2_evse_num": null, "ev_dc_fast_num": 2, "network": "FORD_CHARGE", "connector_types": ["J1772COMBO"], "owner_type": null}}, {"type": "Feature", "geometry": {"type": "Point", "coordinates": [-74.52969, 40.562496]}, "properties": {"id": 439867, "name": "RAIL BB STATION 5", "address": "100 Hamilton St", "city": "Bound Brook", "zip": "08805", "access": "public", "ev_level1_evse_num": null, "ev_level2_evse_num": 2, "ev_dc_fast_num": null, "network": "ChargePoint Network", "connector_types": ["J1772"], "owner_type": null}}, {"type": "Feature", "geometry": {"type": "Point", "coordinates": [-74.529718, 40.562475]}, "properties": {"id": 439868, "name": "RAIL BB STATION 1", "address": "100 Hamilton St", "city": "Bound Brook", "zip": "08805", "access": "public", "ev_level1_evse_num": null, "ev_level2_evse_num": 2, "ev_dc_fast_num": null, "network": "ChargePoint Network", "connector_types": ["J1772"], "owner_type": null}}, {"type": "Feature", "geometry": {"type": "Point", "coordinates": [-74.52973, 40.562487]}, "properties": {"id": 439869, "name": "RAIL BB STATION 4", "address": "100 Hamilton St", "city": "Bound Brook", "zip": "08805", "access": "public", "ev_level1_evse_num": null, "ev_level2_evse_num": 2, "ev_dc_fast_num": null, "network": "ChargePoint Network", "connector_types": ["J1772"], "owner_type": null}}, {"type": "Feature", "geometry": {"type": "Point", "coordinates": [-74.529698, 40.56248]}, "properties": {"id": 439870, "name": "RAIL BB STATION 3", "address": "100 Hamilton St", "city": "Bound Brook", "zip": "08805", "access": "public", "ev_level1_evse_num": null, "ev_level2_evse_num": 2, "ev_dc_fast_num": null, "network": "ChargePoint Network", "connector_types": ["J1772"], "owner_type": null}}, {"type": "Feature", "geometry": {"type": "Point", "coordinates": [-74.529711, 40.56249]}, "properties": {"id": 439871, "name": "RAIL BB STATION 2", "address": "100 Hamilton St", "city": "Bound Brook", "zip": "08805", "access": "public", "ev_level1_evse_num": null, "ev_level2_evse_num": 2, "ev_dc_fast_num": null, "network": "ChargePoint Network", "connector_types": ["J1772"], "owner_type": null}}, {"type": "Feature", "geometry": {"type": "Point", "coordinates": [-74.478945, 40.373741]}, "properties": {"id": 439889, "name": "SUPPLYHOUSENJ SUPPLYHOUSE EV2", "address": "30 Apple Orchard Drive", "city": "South Brunswick Township", "zip": "08810", "access": "public", "ev_level1_evse_num": null, "ev_level2_evse_num": 2, "ev_dc_fast_num": null, "network": "ChargePoint Network", "connector_types": ["J1772"], "owner_type": null}}, {"type": "Feature", "geometry": {"type": "Point", "coordinates": [-74.5788, 40.9138]}, "properties": {"id": 439992, "name": "Picatinny Arsenal", "address": "15 Picatinny Arsenal Dr", "city": "Wharton", "zip": "07885", "access": "private", "ev_level1_evse_num": null, "ev_level2_evse_num": 8, "ev_dc_fast_num": null, "network": "Non-Networked", "connector_types": ["NEMA1450"], "owner_type": "FG"}}, {"type": "Feature", "geometry": {"type": "Point", "coordinates": [-75.05459, 39.786621]}, "properties": {"id": 440446, "name": "Gloucester Premium Outlets - Tesla Supercharger", "address": "100 Premium Outlets Dr", "city": "Blackwood", "zip": "08012", "access": "public", "ev_level1_evse_num": null, "ev_level2_evse_num": null, "ev_dc_fast_num": 16, "network": "Tesla", "connector_types": ["J1772COMBO", "TESLA"], "owner_type": "P"}}, {"type": "Feature", "geometry": {"type": "Point", "coordinates": [-74.226882, 40.588656]}, "properties": {"id": 440460, "name": "Carteret Shopping Center - Tesla Supercharger", "address": "793 Roosevelt Ave", "city": "Carteret", "zip": "07008", "access": "public", "ev_level1_evse_num": null, "ev_level2_evse_num": null, "ev_dc_fast_num": 20, "network": "Tesla", "connector_types": ["J1772COMBO", "TESLA"], "owner_type": "P"}}, {"type": "Feature", "geometry": {"type": "Point", "coordinates": [-74.416931, 40.662]}, "properties": {"id": 440472, "name": "Embassy Suites - Tesla Supercharger", "address": "250 Connell Dr", "city": "Berkeley Heights", "zip": "07922", "access": "public", "ev_level1_evse_num": null, "ev_level2_evse_num": null, "ev_dc_fast_num": 12, "network": "Tesla", "connector_types": ["TESLA"], "owner_type": "P"}}, {"type": "Feature", "geometry": {"type": "Point", "coordinates": [-74.03859, 40.740462]}, "properties": {"id": 440936, "name": "205 MADISON 1", "address": "207 Madison Street", "city": "Hoboken", "zip": "07030", "access": "public", "ev_level1_evse_num": null, "ev_level2_evse_num": 1, "ev_dc_fast_num": null, "network": "ChargePoint Network", "connector_types": ["J1772"], "owner_type": null}}, {"type": "Feature", "geometry": {"type": "Point", "coordinates": [-74.038453, 40.740456]}, "properties": {"id": 440937, "name": "205 MADISON 4", "address": "205 Madison St", "city": "Hoboken", "zip": "07030", "access": "public", "ev_level1_evse_num": null, "ev_level2_evse_num": 1, "ev_dc_fast_num": null, "network": "ChargePoint Network", "connector_types": ["J1772"], "owner_type": null}}, {"type": "Feature", "geometry": {"type": "Point", "coordinates": [-74.038503, 40.740473]}, "properties": {"id": 440938, "name": "205 MADISON 2", "address": "207 Madison Street", "city": "Hoboken", "zip": "07030", "access": "public", "ev_level1_evse_num": null, "ev_level2_evse_num": 1, "ev_dc_fast_num": null, "network": "ChargePoint Network", "connector_types": ["J1772"], "owner_type": null}}, {"type": "Feature", "geometry": {"type": "Point", "coordinates": [-74.038539, 40.740474]}, "properties": {"id": 440939, "name": "205 MADISON 3", "address": "207 Madison Street", "city": "Hoboken", "zip": "07030", "access": "public", "ev_level1_evse_num": null, "ev_level2_evse_num": 1, "ev_dc_fast_num": null, "network": "ChargePoint Network", "connector_types": ["J1772"], "owner_type": null}}, {"type": "Feature", "geometry": {"type": "Point", "coordinates": [-74.23432, 40.78443]}, "properties": {"id": 443000, "name": "NERO: EDIS", "address": "Main St", "city": "West Orange", "zip": "07052", "access": "public", "ev_level1_evse_num": 4, "ev_level2_evse_num": null, "ev_dc_fast_num": null, "network": "Non-Networked", "connector_types": ["NEMA520"], "owner_type": "FG"}}, {"type": "Feature", "geometry": {"type": "Point", "coordinates": [-74.357705, 40.515384]}, "properties": {"id": 443040, "name": "EPA Edison", "address": "Woodbridge Ave", "city": "Edison", "zip": "08837", "access": "private", "ev_level1_evse_num": null, "ev_level2_evse_num": 4, "ev_dc_fast_num": null, "network": "Non-Networked", "connector_types": ["NEMA1450"], "owner_type": "FG"}}, {"type": "Feature", "geometry": {"type": "Point", "coordinates": [-75.224361, 39.377487]}, "properties": {"id": 443217, "name": "FCI Fairton", "address": "Noble Ave", "city": "Bridgeton", "zip": "08302", "access": "private", "ev_level1_evse_num": 2, "ev_level2_evse_num": null, "ev_dc_fast_num": null, "network": "Non-Networked", "connector_types": ["NEMA520"], "owner_type": "FG"}}, {"type": "Feature", "geometry": {"type": "Point", "coordinates": [-74.568857, 39.436813]}, "properties": {"id": 443244, "name": "FAA - William J. Hughes Technical Center (WJHTC)", "address": "Amelia Earhart Blvd", "city": "Egg Harbor Township", "zip": "08234", "access": "private", "ev_level1_evse_num": null, "ev_level2_evse_num": 1, "ev_dc_fast_num": null, "network": "Non-Networked", "connector_types": ["NEMA1450"], "owner_type": "FG"}}, {"type": "Feature", "geometry": {"type": "Point", "coordinates": [-74.525681, 40.718906]}, "properties": {"id": 443807, "name": "FWS: Lenape NWR", "address": "32 Pleasant Plains Rd", "city": "Basking Ridge", "zip": "07920", "access": "public", "ev_level1_evse_num": null, "ev_level2_evse_num": 1, "ev_dc_fast_num": null, "network": "Non-Networked", "connector_types": ["NEMA1450"], "owner_type": "FG"}}, {"type": "Feature", "geometry": {"type": "Point", "coordinates": [-74.418794, 40.520551]}, "properties": {"id": 443851, "name": "KILMER NJ SDC", "address": "Kilmer Rd", "city": "Edison", "zip": "08899", "access": "private", "ev_level1_evse_num": null, "ev_level2_evse_num": 150, "ev_dc_fast_num": null, "network": "Non-Networked", "connector_types": ["NEMA1450"], "owner_type": "FG"}}, {"type": "Feature", "geometry": {"type": "Point", "coordinates": [-74.57562, 40.026469]}, "properties": {"id": 445333, "name": "Joint Base McGuire-Dix-Lakehurst", "address": "Vandenberg Ave", "city": "McGuire AFB", "zip": "08641", "access": "private", "ev_level1_evse_num": null, "ev_level2_evse_num": 28, "ev_dc_fast_num": null, "network": "Non-Networked", "connector_types": ["NEMA1450"], "owner_type": "FG"}}, {"type": "Feature", "geometry": {"type": "Point", "coordinates": [-74.045264, 40.1721131]}, "properties": {"id": 445900, "name": "Seabreeze Ford", "address": "1701 NJ-35", "city": "Wall Township", "zip": "07719", "access": "public", "ev_level1_evse_num": null, "ev_level2_evse_num": null, "ev_dc_fast_num": 4, "network": "FORD_CHARGE", "connector_types": ["J1772COMBO"], "owner_type": null}}, {"type": "Feature", "geometry": {"type": "Point", "coordinates": [-74.03821, 40.741626]}, "properties": {"id": 445932, "name": "205 MADISON ST 1", "address": "303 Madison St", "city": "Hoboken", "zip": "07030", "access": "public", "ev_level1_evse_num": null, "ev_level2_evse_num": 1, "ev_dc_fast_num": null, "network": "ChargePoint Network", "connector_types": ["J1772"], "owner_type": null}}, {"type": "Feature", "geometry": {"type": "Point", "coordinates": [-74.03821, 40.741529]}, "properties": {"id": 445933, "name": "205 MADISON ST 2", "address": "301 Madison St", "city": "Hoboken", "zip": "07030", "access": "public", "ev_level1_evse_num": null, "ev_level2_evse_num": 1, "ev_dc_fast_num": null, "network": "ChargePoint Network", "connector_types": ["J1772"], "owner_type": null}}, {"type": "Feature", "geometry": {"type": "Point", "coordinates": [-74.038189, 40.741577]}, "properties": {"id": 445934, "name": "205 MADISON ST 3", "address": "301 Madison St", "city": "Hoboken", "zip": "07030", "access": "public", "ev_level1_evse_num": null, "ev_level2_evse_num": 1, "ev_dc_fast_num": null, "network": "ChargePoint Network", "connector_types": ["J1772"], "owner_type": null}}, {"type": "Feature", "geometry": {"type": "Point", "coordinates": [-74.038199, 40.741512]}, "properties": {"id": 445935, "name": "205 MADISON ST 4", "address": "301 Madison St", "city": "Hoboken", "zip": "07030", "access": "public", "ev_level1_evse_num": null, "ev_level2_evse_num": 1, "ev_dc_fast_num": null, "network": "ChargePoint Network", "connector_types": ["J1772"], "owner_type": null}}, {"type": "Feature", "geometry": {"type": "Point", "coordinates": [-74.486457, 40.896224]}, "properties": {"id": 446145, "name": "Burger King - Tesla Supercharger", "address": "171 W Main St", "city": "Denville", "zip": "07834", "access": "public", "ev_level1_evse_num": null, "ev_level2_evse_num": null, "ev_dc_fast_num": 8, "network": "Tesla", "connector_types": ["TESLA"], "owner_type": "P"}}, {"type": "Feature", "geometry": {"type": "Point", "coordinates": [-74.18564, 40.70461]}, "properties": {"id": 446171, "name": "Best Western Plus Newark Airport West", "address": "101 International Way", "city": "Newark", "zip": "07114", "access": "public", "ev_level1_evse_num": null, "ev_level2_evse_num": 2, "ev_dc_fast_num": null, "network": "TURNONGREEN", "connector_types": ["J1772"], "owner_type": "P"}}, {"type": "Feature", "geometry": {"type": "Point", "coordinates": [-73.986814, 40.296798]}, "properties": {"id": 446219, "name": "180M 180M # 1", "address": "180 Morris Avenue", "city": "Long Branch", "zip": "07740", "access": "public", "ev_level1_evse_num": null, "ev_level2_evse_num": 1, "ev_dc_fast_num": null, "network": "ChargePoint Network", "connector_types": ["J1772"], "owner_type": null}}, {"type": "Feature", "geometry": {"type": "Point", "coordinates": [-73.986916, 40.296787]}, "properties": {"id": 446220, "name": "180M 180M # 2", "address": "180 Morris Avenue", "city": "Long Branch", "zip": "07740", "access": "public", "ev_level1_evse_num": null, "ev_level2_evse_num": 1, "ev_dc_fast_num": null, "network": "ChargePoint Network", "connector_types": ["J1772"], "owner_type": null}}, {"type": "Feature", "geometry": {"type": "Point", "coordinates": [-73.986788, 40.29705]}, "properties": {"id": 446221, "name": "180M 180M # 3", "address": "180 Morris Avenue", "city": "Long Branch", "zip": "07740", "access": "public", "ev_level1_evse_num": null, "ev_level2_evse_num": 1, "ev_dc_fast_num": null, "network": "ChargePoint Network", "connector_types": ["J1772"], "owner_type": null}}, {"type": "Feature", "geometry": {"type": "Point", "coordinates": [-73.986813, 40.297116]}, "properties": {"id": 446222, "name": "180M 180M # 4", "address": "180 Morris Avenue", "city": "Long Branch", "zip": "07740", "access": "public", "ev_level1_evse_num": null, "ev_level2_evse_num": 1, "ev_dc_fast_num": null, "network": "ChargePoint Network", "connector_types": ["J1772"], "owner_type": null}}, {"type": "Feature", "geometry": {"type": "Point", "coordinates": [-74.418176, 40.545724]}, "properties": {"id": 446260, "name": "TOUCH DYNAMIC CHARGER 1 RIGHT", "address": "121 Corporate Boulevard", "city": "South Plainfield", "zip": "07080", "access": "public", "ev_level1_evse_num": null, "ev_level2_evse_num": 1, "ev_dc_fast_num": null, "network": "ChargePoint Network", "connector_types": ["J1772"], "owner_type": null}}, {"type": "Feature", "geometry": {"type": "Point", "coordinates": [-74.418155, 40.545738]}, "properties": {"id": 446261, "name": "TOUCH DYNAMIC CHARGER 2 RIGHT", "address": "121 Corporate Boulevard", "city": "South Plainfield", "zip": "07080", "access": "public", "ev_level1_evse_num": null, "ev_level2_evse_num": 1, "ev_dc_fast_num": null, "network": "ChargePoint Network", "connector_types": ["J1772"], "owner_type": null}}, {"type": "Feature", "geometry": {"type": "Point", "coordinates": [-74.37037, 40.54104]}, "properties": {"id": 446480, "name": "Sportsplex at Metuchen", "address": "215 Durham Ave", "city": "Metuchen", "zip": "08840", "access": "public", "ev_level1_evse_num": null, "ev_level2_evse_num": 2, "ev_dc_fast_num": null, "network": "VIALYNK", "connector_types": ["J1772"], "owner_type": null}}, {"type": "Feature", "geometry": {"type": "Point", "coordinates": [-74.088717, 40.081095]}, "properties": {"id": 446557, "name": "AAF AAF POINT LEFT", "address": "3306 Bridge Ave", "city": "Point Pleasant", "zip": "08742", "access": "public", "ev_level1_evse_num": null, "ev_level2_evse_num": null, "ev_dc_fast_num": 1, "network": "ChargePoint Network", "connector_types": ["CHADEMO", "J1772COMBO"], "owner_type": null}}, {"type": "Feature", "geometry": {"type": "Point", "coordinates": [-74.08871, 40.081078]}, "properties": {"id": 446558, "name": "AAF AAF POINT RIGHT", "address": "3306 Bridge Ave", "city": "Point Pleasant", "zip": "08742", "access": "public", "ev_level1_evse_num": null, "ev_level2_evse_num": null, "ev_dc_fast_num": 1, "network": "ChargePoint Network", "connector_types": ["CHADEMO", "J1772COMBO"], "owner_type": null}}, {"type": "Feature", "geometry": {"type": "Point", "coordinates": [-74.261645, 39.691406]}, "properties": {"id": 446674, "name": "STAFFORD OCEAN LIB ST5", "address": "179 South Main Street", "city": "Stafford Township", "zip": "08092", "access": "public", "ev_level1_evse_num": null, "ev_level2_evse_num": 1, "ev_dc_fast_num": null, "network": "ChargePoint Network", "connector_types": ["J1772"], "owner_type": null}}, {"type": "Feature", "geometry": {"type": "Point", "coordinates": [-74.261667, 39.691371]}, "properties": {"id": 446675, "name": "STAFFORD OCEAN LIB ST4", "address": "179 South Main Street", "city": "Stafford Township", "zip": "08092", "access": "public", "ev_level1_evse_num": null, "ev_level2_evse_num": 1, "ev_dc_fast_num": null, "network": "ChargePoint Network", "connector_types": ["J1772"], "owner_type": null}}, {"type": "Feature", "geometry": {"type": "Point", "coordinates": [-74.261686, 39.69134]}, "properties": {"id": 446676, "name": "STAFFORD OCEAN LIB ST3", "address": "179 South Main Street", "city": "Stafford Township", "zip": "08092", "access": "public", "ev_level1_evse_num": null, "ev_level2_evse_num": 1, "ev_dc_fast_num": null, "network": "ChargePoint Network", "connector_types": ["J1772"], "owner_type": null}}, {"type": "Feature", "geometry": {"type": "Point", "coordinates": [-74.261715, 39.691318]}, "properties": {"id": 446677, "name": "STAFFORD OCEAN LIB ST2", "address": "179 South Main Street", "city": "Stafford Township", "zip": "08092", "access": "public", "ev_level1_evse_num": null, "ev_level2_evse_num": 1, "ev_dc_fast_num": null, "network": "ChargePoint Network", "connector_types": ["J1772"], "owner_type": null}}, {"type": "Feature", "geometry": {"type": "Point", "coordinates": [-74.261672, 39.691384]}, "properties": {"id": 446678, "name": "STAFFORD OCEAN LIB ST1", "address": "179 South Main Street", "city": "Stafford Township", "zip": "08092", "access": "public", "ev_level1_evse_num": null, "ev_level2_evse_num": 1, "ev_dc_fast_num": null, "network": "ChargePoint Network", "connector_types": ["J1772"], "owner_type": null}}, {"type": "Feature", "geometry": {"type": "Point", "coordinates": [-74.382596, 40.640237]}, "properties": {"id": 447057, "name": "FANWOODPAHRMACY CHARGEPOINT", "address": "45 S Martine Ave", "city": "Fanwood", "zip": "07023", "access": "public", "ev_level1_evse_num": null, "ev_level2_evse_num": 1, "ev_dc_fast_num": null, "network": "ChargePoint Network", "connector_types": ["J1772"], "owner_type": null}}, {"type": "Feature", "geometry": {"type": "Point", "coordinates": [-74.35999, 40.39929]}, "properties": {"id": 447279, "name": "General Saloon", "address": "1194 Englishtown Rd", "city": "Old Bridge", "zip": "08857", "access": "public", "ev_level1_evse_num": null, "ev_level2_evse_num": 4, "ev_dc_fast_num": null, "network": "VIALYNK", "connector_types": ["J1772"], "owner_type": null}}, {"type": "Feature", "geometry": {"type": "Point", "coordinates": [-74.0995, 40.38905]}, "properties": {"id": 447431, "name": "Urban Edge Town Brook Commons (Middletown, NJ)", "address": "754 NJ-35", "city": "Middletown Township", "zip": "07748", "access": "public", "ev_level1_evse_num": null, "ev_level2_evse_num": null, "ev_dc_fast_num": 6, "network": "Electrify America", "connector_types": ["J1772COMBO"], "owner_type": null}}, {"type": "Feature", "geometry": {"type": "Point", "coordinates": [-74.4150529, 40.8620251]}, "properties": {"id": 447435, "name": "8 Wood Hollow Rd, Parsippany, NJ 07054", "address": "8 Wood Hollow Road", "city": "Parsippany-Troy Hills", "zip": "07054", "access": "public", "ev_level1_evse_num": null, "ev_level2_evse_num": 7, "ev_dc_fast_num": null, "network": "FLO", "connector_types": ["J1772"], "owner_type": null}}, {"type": "Feature", "geometry": {"type": "Point", "coordinates": [-74.32356, 40.572367]}, "properties": {"id": 447800, "name": "WOODBRIDGE TWP DCFC ISELIN (2)", "address": "275 NJ-27", "city": "Woodbridge Township", "zip": "08830", "access": "public", "ev_level1_evse_num": null, "ev_level2_evse_num": null, "ev_dc_fast_num": 1, "network": "ChargePoint Network", "connector_types": ["CHADEMO", "J1772COMBO"], "owner_type": null}}, {"type": "Feature", "geometry": {"type": "Point", "coordinates": [-74.323485, 40.57235]}, "properties": {"id": 447801, "name": "WOODBRIDGE TWP DCFC ISELIN (1)", "address": "275 NJ-27", "city": "Woodbridge Township", "zip": "08830", "access": "public", "ev_level1_evse_num": null, "ev_level2_evse_num": null, "ev_dc_fast_num": 1, "network": "ChargePoint Network", "connector_types": ["CHADEMO", "J1772COMBO"], "owner_type": null}}, {"type": "Feature", "geometry": {"type": "Point", "coordinates": [-74.349213, 40.571877]}, "properties": {"id": 447835, "name": "EV STATION # JCC EV STATIONS", "address": "1775 Oak Tree Road", "city": "Edison", "zip": "08820", "access": "public", "ev_level1_evse_num": null, "ev_level2_evse_num": 1, "ev_dc_fast_num": null, "network": "ChargePoint Network", "connector_types": ["J1772"], "owner_type": null}}, {"type": "Feature", "geometry": {"type": "Point", "coordinates": [-74.349381, 40.57184]}, "properties": {"id": 447836, "name": "EV STATION # JCC STATION 2", "address": "1775 Oak Tree Road", "city": "Edison", "zip": "08820", "access": "public", "ev_level1_evse_num": null, "ev_level2_evse_num": 1, "ev_dc_fast_num": null, "network": "ChargePoint Network", "connector_types": ["J1772"], "owner_type": null}}, {"type": "Feature", "geometry": {"type": "Point", "coordinates": [-74.349222, 40.571881]}, "properties": {"id": 447837, "name": "EV STATION # JCC 7", "address": "1775 Oak Tree Road", "city": "Edison", "zip": "08820", "access": "public", "ev_level1_evse_num": null, "ev_level2_evse_num": 1, "ev_dc_fast_num": null, "network": "ChargePoint Network", "connector_types": ["J1772"], "owner_type": null}}, {"type": "Feature", "geometry": {"type": "Point", "coordinates": [-74.349309, 40.571886]}, "properties": {"id": 447838, "name": "EV STATION # JCC 5", "address": "1775 Oak Tree Road", "city": "Edison", "zip": "08820", "access": "public", "ev_level1_evse_num": null, "ev_level2_evse_num": 1, "ev_dc_fast_num": null, "network": "ChargePoint Network", "connector_types": ["J1772"], "owner_type": null}}, {"type": "Feature", "geometry": {"type": "Point", "coordinates": [-74.349188, 40.571873]}, "properties": {"id": 447839, "name": "EV STATION # JCC STATION 3", "address": "1775 Oak Tree Road", "city": "Edison", "zip": "08820", "access": "public", "ev_level1_evse_num": null, "ev_level2_evse_num": 1, "ev_dc_fast_num": null, "network": "ChargePoint Network", "connector_types": ["J1772"], "owner_type": null}}, {"type": "Feature", "geometry": {"type": "Point", "coordinates": [-74.349187, 40.571865]}, "properties": {"id": 447840, "name": "EV STATION # JCC STATION 4", "address": "1775 Oak Tree Road", "city": "Edison", "zip": "08820", "access": "public", "ev_level1_evse_num": null, "ev_level2_evse_num": 1, "ev_dc_fast_num": null, "network": "ChargePoint Network", "connector_types": ["J1772"], "owner_type": null}}, {"type": "Feature", "geometry": {"type": "Point", "coordinates": [-74.34935, 40.571829]}, "properties": {"id": 447841, "name": "EV STATION # JCC 6", "address": "1775 Oak Tree Road", "city": "Edison", "zip": "08820", "access": "public", "ev_level1_evse_num": null, "ev_level2_evse_num": 1, "ev_dc_fast_num": null, "network": "ChargePoint Network", "connector_types": ["J1772"], "owner_type": null}}, {"type": "Feature", "geometry": {"type": "Point", "coordinates": [-74.349308, 40.571856]}, "properties": {"id": 447842, "name": "EV STATION # JCC 8", "address": "1775 Oak Tree Road", "city": "Edison", "zip": "08820", "access": "public", "ev_level1_evse_num": null, "ev_level2_evse_num": 1, "ev_dc_fast_num": null, "network": "ChargePoint Network", "connector_types": ["J1772"], "owner_type": null}}, {"type": "Feature", "geometry": {"type": "Point", "coordinates": [-74.349312, 40.571781]}, "properties": {"id": 447843, "name": "EV STATION # JCC 9", "address": "1775 Oak Tree Road", "city": "Edison", "zip": "08820", "access": "public", "ev_level1_evse_num": null, "ev_level2_evse_num": 1, "ev_dc_fast_num": null, "network": "ChargePoint Network", "connector_types": ["J1772"], "owner_type": null}}, {"type": "Feature", "geometry": {"type": "Point", "coordinates": [-74.349175, 40.571882]}, "properties": {"id": 447844, "name": "EV STATION # JCC 10", "address": "1775 Oak Tree Road", "city": "Edison", "zip": "08820", "access": "public", "ev_level1_evse_num": null, "ev_level2_evse_num": 1, "ev_dc_fast_num": null, "network": "ChargePoint Network", "connector_types": ["J1772"], "owner_type": null}}, {"type": "Feature", "geometry": {"type": "Point", "coordinates": [-74.50423, 40.43678]}, "properties": {"id": 448009, "name": "Target T2853 (North Brunswick, NJ)", "address": "101 Grand Ave", "city": "North Brunswick Township", "zip": "08902", "access": "public", "ev_level1_evse_num": null, "ev_level2_evse_num": null, "ev_dc_fast_num": 10, "network": "Electrify America", "connector_types": ["J1772COMBO"], "owner_type": null}}, {"type": "Feature", "geometry": {"type": "Point", "coordinates": [-75.0417241, 39.4991508]}, "properties": {"id": 448216, "name": "Lilliston Ford", "address": "833 N Delsea Dr", "city": "Vineland", "zip": "08360", "access": "public", "ev_level1_evse_num": null, "ev_level2_evse_num": null, "ev_dc_fast_num": 4, "network": "FORD_CHARGE", "connector_types": ["J1772COMBO"], "owner_type": null}}, {"type": "Feature", "geometry": {"type": "Point", "coordinates": [-74.5184252, 40.5264821]}, "properties": {"id": 448291, "name": "Cedar Manor - 100 Juniper", "address": "100 Juniper Court", "city": "Franklin Township", "zip": "08873", "access": "public", "ev_level1_evse_num": null, "ev_level2_evse_num": 2, "ev_dc_fast_num": null, "network": "FLO", "connector_types": ["J1772"], "owner_type": null}}, {"type": "Feature", "geometry": {"type": "Point", "coordinates": [-74.743311, 40.273559]}, "properties": {"id": 448351, "name": "LAWRENCE TWP CENTRAL PARK ST", "address": "124 Eggerts Crossing Road", "city": "Lawrence Township", "zip": "08648", "access": "public", "ev_level1_evse_num": null, "ev_level2_evse_num": 2, "ev_dc_fast_num": null, "network": "ChargePoint Network", "connector_types": ["J1772"], "owner_type": null}}, {"type": "Feature", "geometry": {"type": "Point", "coordinates": [-74.40027, 40.75106]}, "properties": {"id": 448400, "name": "Madison Mall Apartments", "address": "296 Main Street", "city": "Madison", "zip": "07940", "access": "public", "ev_level1_evse_num": null, "ev_level2_evse_num": 14, "ev_dc_fast_num": null, "network": "VIALYNK", "connector_types": ["J1772"], "owner_type": null}}, {"type": "Feature", "geometry": {"type": "Point", "coordinates": [-74.20096749999999, 40.0469212]}, "properties": {"id": 448402, "name": "485 Locust", "address": "485 Locust St", "city": "Lakewood", "zip": "08701", "access": "public", "ev_level1_evse_num": null, "ev_level2_evse_num": 10, "ev_dc_fast_num": null, "network": "EVGATEWAY", "connector_types": ["J1772"], "owner_type": null}}, {"type": "Feature", "geometry": {"type": "Point", "coordinates": [-74.2309971, 40.669898]}, "properties": {"id": 448403, "name": "437 Elmora", "address": "437 Elmora Ave", "city": "Elizabeth", "zip": "07208", "access": "public", "ev_level1_evse_num": null, "ev_level2_evse_num": 4, "ev_dc_fast_num": null, "network": "EVIUM", "connector_types": ["J1772"], "owner_type": null}}, {"type": "Feature", "geometry": {"type": "Point", "coordinates": [-74.370822, 40.724899]}, "properties": {"id": 448484, "name": "DOUGLAS VW LEVEL 3 STATION", "address": "485 Morris Ave", "city": "Summit", "zip": "07901", "access": "public", "ev_level1_evse_num": null, "ev_level2_evse_num": null, "ev_dc_fast_num": 1, "network": "ChargePoint Network", "connector_types": ["CHADEMO", "J1772COMBO"], "owner_type": null}}, {"type": "Feature", "geometry": {"type": "Point", "coordinates": [-74.733307, 40.283194]}, "properties": {"id": 448502, "name": "LAWRENCE TWP TOWN HALL PS2", "address": "2207 Lawrenceville Road", "city": "Lawrence Township", "zip": "08648", "access": "public", "ev_level1_evse_num": null, "ev_level2_evse_num": 2, "ev_dc_fast_num": null, "network": "ChargePoint Network", "connector_types": ["J1772"], "owner_type": null}}, {"type": "Feature", "geometry": {"type": "Point", "coordinates": [-74.0705172999999, 40.9237299]}, "properties": {"id": 448696, "name": "Comfort Inn", "address": "50 NJ 17", "city": "Paramus", "zip": "07652", "access": "public", "ev_level1_evse_num": null, "ev_level2_evse_num": 4, "ev_dc_fast_num": null, "network": "NAYAX_ENERGY", "connector_types": ["J1772"], "owner_type": "P"}}, {"type": "Feature", "geometry": {"type": "Point", "coordinates": [-74.6444663, 40.5736955]}, "properties": {"id": 448740, "name": "Bridgewalk 3-5", "address": "925 U.S. 202", "city": "Raritan", "zip": "08869", "access": "public", "ev_level1_evse_num": null, "ev_level2_evse_num": 4, "ev_dc_fast_num": null, "network": "FLO", "connector_types": ["J1772"], "owner_type": null}}, {"type": "Feature", "geometry": {"type": "Point", "coordinates": [-74.184018, 40.695529]}, "properties": {"id": 448764, "name": "Newark Airport Cell Phone Lot (Zapp)", "address": "3 Brewster Rd", "city": "Newark", "zip": "07114", "access": "public", "ev_level1_evse_num": null, "ev_level2_evse_num": null, "ev_dc_fast_num": 8, "network": "Non-Networked", "connector_types": ["J1772COMBO"], "owner_type": "P"}}, {"type": "Feature", "geometry": {"type": "Point", "coordinates": [-74.0535, 40.91528]}, "properties": {"id": 449278, "name": "Wakefern Shoprite 160 (Paramus, NJ)", "address": "224 Rte 4", "city": "Paramus", "zip": "07652", "access": "public", "ev_level1_evse_num": null, "ev_level2_evse_num": null, "ev_dc_fast_num": 6, "network": "Electrify America", "connector_types": ["J1772COMBO"], "owner_type": null}}, {"type": "Feature", "geometry": {"type": "Point", "coordinates": [-74.353138, 40.208184]}, "properties": {"id": 449294, "name": "Freehold Township, NJ Rechargery @ Wawa - Monmouth Rd", "address": "275 Monmouth Rd", "city": "Freehold Township", "zip": "07728", "access": "public", "ev_level1_evse_num": null, "ev_level2_evse_num": null, "ev_dc_fast_num": 8, "network": "IONNA", "connector_types": ["J1772COMBO", "TESLA"], "owner_type": null}}, {"type": "Feature", "geometry": {"type": "Point", "coordinates": [-74.039185, 40.717076]}, "properties": {"id": 449523, "name": "FAIRVIEW 02", "address": "Montgomery St at Warren St", "city": "Jersey City", "zip": "07302", "access": "public", "ev_level1_evse_num": null, "ev_level2_evse_num": 1, "ev_dc_fast_num": null, "network": "ChargePoint Network", "connector_types": ["J1772"], "owner_type": null}}, {"type": "Feature", "geometry": {"type": "Point", "coordinates": [-74.184894, 40.792571]}, "properties": {"id": 449569, "name": "FAIRVIEW 01", "address": "106-108 Montgomery Street", "city": "Bloomfield", "zip": "07003", "access": "public", "ev_level1_evse_num": null, "ev_level2_evse_num": 1, "ev_dc_fast_num": null, "network": "ChargePoint Network", "connector_types": ["J1772"], "owner_type": null}}, {"type": "Feature", "geometry": {"type": "Point", "coordinates": [-74.184875, 40.792837]}, "properties": {"id": 449571, "name": "FAIRVIEW 03", "address": "106-108 Montgomery Street", "city": "Bloomfield", "zip": "07003", "access": "public", "ev_level1_evse_num": null, "ev_level2_evse_num": 1, "ev_dc_fast_num": null, "network": "ChargePoint Network", "connector_types": ["J1772"], "owner_type": null}}, {"type": "Feature", "geometry": {"type": "Point", "coordinates": [-74.184688, 40.79284]}, "properties": {"id": 449572, "name": "FAIRVIEW 04", "address": "106-108 Montgomery Street", "city": "Bloomfield", "zip": "07003", "access": "public", "ev_level1_evse_num": null, "ev_level2_evse_num": 1, "ev_dc_fast_num": null, "network": "ChargePoint Network", "connector_types": ["J1772"], "owner_type": null}}, {"type": "Feature", "geometry": {"type": "Point", "coordinates": [-74.6459847, 40.5714891]}, "properties": {"id": 449655, "name": "600-700 Lindner", "address": "600 Lindner Court", "city": "Raritan", "zip": "08869", "access": "public", "ev_level1_evse_num": null, "ev_level2_evse_num": 4, "ev_dc_fast_num": null, "network": "FLO", "connector_types": ["J1772"], "owner_type": null}}, {"type": "Feature", "geometry": {"type": "Point", "coordinates": [-74.6449232, 40.5713346]}, "properties": {"id": 449656, "name": "800 Veterans", "address": "800 Veterans Memorial Drive", "city": "Raritan", "zip": "08869", "access": "public", "ev_level1_evse_num": null, "ev_level2_evse_num": 2, "ev_dc_fast_num": null, "network": "FLO", "connector_types": ["J1772"], "owner_type": null}}, {"type": "Feature", "geometry": {"type": "Point", "coordinates": [-74.5671816, 40.4266146]}, "properties": {"id": 449726, "name": "Green Hill Manor 3-6", "address": "200 Green Hill Manor Drive", "city": "Franklin Township", "zip": "08823", "access": "public", "ev_level1_evse_num": null, "ev_level2_evse_num": 2, "ev_dc_fast_num": null, "network": "FLO", "connector_types": ["J1772"], "owner_type": null}}, {"type": "Feature", "geometry": {"type": "Point", "coordinates": [-74.5662539, 40.4270183]}, "properties": {"id": 449727, "name": "1200 GHM dr", "address": "1200 Green Hill Manor Drive", "city": "Franklin Township", "zip": "08823", "access": "public", "ev_level1_evse_num": null, "ev_level2_evse_num": 2, "ev_dc_fast_num": null, "network": "FLO", "connector_types": ["J1772"], "owner_type": null}}, {"type": "Feature", "geometry": {"type": "Point", "coordinates": [-74.6998638, 40.6046054]}, "properties": {"id": 449728, "name": "4000 Nicole", "address": "4000 Nicole Drive", "city": "Branchburg", "zip": "08876", "access": "public", "ev_level1_evse_num": null, "ev_level2_evse_num": 4, "ev_dc_fast_num": null, "network": "FLO", "connector_types": ["J1772"], "owner_type": null}}, {"type": "Feature", "geometry": {"type": "Point", "coordinates": [-74.7002932, 40.6048285]}, "properties": {"id": 449729, "name": "100 Nicole", "address": "3301 U.S. 22", "city": "Branchburg", "zip": "08876", "access": "public", "ev_level1_evse_num": null, "ev_level2_evse_num": 4, "ev_dc_fast_num": null, "network": "FLO", "connector_types": ["J1772"], "owner_type": null}}, {"type": "Feature", "geometry": {"type": "Point", "coordinates": [-74.6985968, 40.6041318]}, "properties": {"id": 449730, "name": "8000 Jessica", "address": "Jessica Court", "city": "Branchburg", "zip": "08876", "access": "public", "ev_level1_evse_num": null, "ev_level2_evse_num": 4, "ev_dc_fast_num": null, "network": "FLO", "connector_types": ["J1772"], "owner_type": null}}, {"type": "Feature", "geometry": {"type": "Point", "coordinates": [-74.203604, 39.778795]}, "properties": {"id": 449746, "name": "OCEAN ISLE EV EV4", "address": "75 Forest Park  Drive Waretown", "city": "Ocean Township", "zip": "08758", "access": "public", "ev_level1_evse_num": null, "ev_level2_evse_num": 1, "ev_dc_fast_num": null, "network": "ChargePoint Network", "connector_types": ["J1772"], "owner_type": null}}, {"type": "Feature", "geometry": {"type": "Point", "coordinates": [-74.203723, 39.778776]}, "properties": {"id": 449747, "name": "OCEAN ISLE EV EV1", "address": "75 Forest Park Drive  Waretown", "city": "Ocean Township", "zip": "08758", "access": "public", "ev_level1_evse_num": null, "ev_level2_evse_num": 1, "ev_dc_fast_num": null, "network": "ChargePoint Network", "connector_types": ["J1772"], "owner_type": null}}, {"type": "Feature", "geometry": {"type": "Point", "coordinates": [-74.203577, 39.77876]}, "properties": {"id": 449748, "name": "OCEAN ISLE EV EV3", "address": "75 Forest Park Drive Waretown", "city": "Ocean Township", "zip": "08758", "access": "public", "ev_level1_evse_num": null, "ev_level2_evse_num": 2, "ev_dc_fast_num": null, "network": "ChargePoint Network", "connector_types": ["J1772"], "owner_type": null}}, {"type": "Feature", "geometry": {"type": "Point", "coordinates": [-74.203681, 39.778806]}, "properties": {"id": 449749, "name": "OCEAN ISLE EV EV2", "address": "75 Forest Park Drive Waretown", "city": "Ocean Township", "zip": "08758", "access": "public", "ev_level1_evse_num": null, "ev_level2_evse_num": 2, "ev_dc_fast_num": null, "network": "ChargePoint Network", "connector_types": ["J1772"], "owner_type": null}}, {"type": "Feature", "geometry": {"type": "Point", "coordinates": [-74.5673606, 40.4278287]}, "properties": {"id": 449775, "name": "700 GHM dr", "address": "700 Green Hill Manor Drive", "city": "Franklin Township", "zip": "08823", "access": "public", "ev_level1_evse_num": null, "ev_level2_evse_num": 2, "ev_dc_fast_num": null, "network": "FLO", "connector_types": ["J1772"], "owner_type": null}}, {"type": "Feature", "geometry": {"type": "Point", "coordinates": [-74.46463659999999, 39.4882476]}, "properties": {"id": 449835, "name": "Smithville Square", "address": "45 S New York Rd", "city": "Galloway", "zip": "08205", "access": "public", "ev_level1_evse_num": null, "ev_level2_evse_num": 10, "ev_dc_fast_num": 2, "network": "EVIUM", "connector_types": ["J1772", "J1772COMBO"], "owner_type": null}}, {"type": "Feature", "geometry": {"type": "Point", "coordinates": [-75.150907, 39.720712]}, "properties": {"id": 449999, "name": "ROWAN UNIV VET SCHOOL ST1", "address": "Gilbreth Parkway", "city": "Mantua Township", "zip": "08071", "access": "public", "ev_level1_evse_num": null, "ev_level2_evse_num": 2, "ev_dc_fast_num": null, "network": "ChargePoint Network", "connector_types": ["J1772"], "owner_type": null}}, {"type": "Feature", "geometry": {"type": "Point", "coordinates": [-75.150966, 39.720737]}, "properties": {"id": 450000, "name": "ROWAN UNIV VET SCHOOL ST2", "address": "Gilbreth Parkway", "city": "Mantua Township", "zip": "08071", "access": "public", "ev_level1_evse_num": null, "ev_level2_evse_num": 2, "ev_dc_fast_num": null, "network": "ChargePoint Network", "connector_types": ["J1772"], "owner_type": null}}, {"type": "Feature", "geometry": {"type": "Point", "coordinates": [-75.150988, 39.720753]}, "properties": {"id": 450001, "name": "ROWAN UNIV VET SCHOOL ST3", "address": "Gilbreth Parkway", "city": "Mantua Township", "zip": "08071", "access": "public", "ev_level1_evse_num": null, "ev_level2_evse_num": 2, "ev_dc_fast_num": null, "network": "ChargePoint Network", "connector_types": ["J1772"], "owner_type": null}}, {"type": "Feature", "geometry": {"type": "Point", "coordinates": [-75.151053, 39.720788]}, "properties": {"id": 450002, "name": "ROWAN UNIV VET SCHOOL ST4", "address": "Gilbreth Parkway", "city": "Mantua Township", "zip": "08071", "access": "public", "ev_level1_evse_num": null, "ev_level2_evse_num": 2, "ev_dc_fast_num": null, "network": "ChargePoint Network", "connector_types": ["J1772"], "owner_type": null}}, {"type": "Feature", "geometry": {"type": "Point", "coordinates": [-75.151139, 39.72084]}, "properties": {"id": 450003, "name": "ROWAN UNIV VET SCHOOL ST5", "address": "Gilbreth Parkway", "city": "Mantua Township", "zip": "08071", "access": "public", "ev_level1_evse_num": null, "ev_level2_evse_num": 2, "ev_dc_fast_num": null, "network": "ChargePoint Network", "connector_types": ["J1772"], "owner_type": null}}, {"type": "Feature", "geometry": {"type": "Point", "coordinates": [-74.5663561, 40.4289582]}, "properties": {"id": 450016, "name": "1400 Van Wickle dr", "address": "1400 Van Wickle Drive", "city": "Franklin Township", "zip": "08823", "access": "public", "ev_level1_evse_num": null, "ev_level2_evse_num": 2, "ev_dc_fast_num": null, "network": "FLO", "connector_types": ["J1772"], "owner_type": null}}, {"type": "Feature", "geometry": {"type": "Point", "coordinates": [-74.09932, 40.852397]}, "properties": {"id": 450062, "name": "SPRING STREET SPRIING ST 1", "address": "35 Spring St", "city": "Wallington", "zip": "07057", "access": "public", "ev_level1_evse_num": null, "ev_level2_evse_num": 1, "ev_dc_fast_num": null, "network": "ChargePoint Network", "connector_types": ["J1772"], "owner_type": null}}, {"type": "Feature", "geometry": {"type": "Point", "coordinates": [-74.09932, 40.852397]}, "properties": {"id": 450063, "name": "SPRING STREET SPRIING ST 2", "address": "35 Spring St", "city": "Wallington", "zip": "07057", "access": "public", "ev_level1_evse_num": null, "ev_level2_evse_num": 1, "ev_dc_fast_num": null, "network": "ChargePoint Network", "connector_types": ["J1772"], "owner_type": null}}, {"type": "Feature", "geometry": {"type": "Point", "coordinates": [-74.09932, 40.852397]}, "properties": {"id": 450064, "name": "SPRING STREET STATION 3", "address": "35 Spring St", "city": "Wallington", "zip": "07057", "access": "public", "ev_level1_evse_num": null, "ev_level2_evse_num": 1, "ev_dc_fast_num": null, "network": "ChargePoint Network", "connector_types": ["J1772"], "owner_type": null}}, {"type": "Feature", "geometry": {"type": "Point", "coordinates": [-74.099341, 40.852105]}, "properties": {"id": 450065, "name": "SPRING STREET STATION 4", "address": "35 Spring St", "city": "Wallington", "zip": "07057", "access": "public", "ev_level1_evse_num": null, "ev_level2_evse_num": 1, "ev_dc_fast_num": null, "network": "ChargePoint Network", "connector_types": ["J1772"], "owner_type": null}}, {"type": "Feature", "geometry": {"type": "Point", "coordinates": [-74.145986, 40.701111]}, "properties": {"id": 450178, "name": "PANYNJ PN WC TRUCK 2", "address": "272 Marlin Street", "city": "Newark", "zip": "07114", "access": "public", "ev_level1_evse_num": null, "ev_level2_evse_num": null, "ev_dc_fast_num": 1, "network": "ChargePoint Network", "connector_types": ["CHADEMO", "J1772COMBO"], "owner_type": null}}, {"type": "Feature", "geometry": {"type": "Point", "coordinates": [-74.146242, 40.701088]}, "properties": {"id": 450179, "name": "PANYNJ PN WC TRUCK 3", "address": "272 Marlin Street", "city": "Newark", "zip": "07114", "access": "public", "ev_level1_evse_num": null, "ev_level2_evse_num": null, "ev_dc_fast_num": 1, "network": "ChargePoint Network", "connector_types": ["CHADEMO", "J1772COMBO"], "owner_type": null}}, {"type": "Feature", "geometry": {"type": "Point", "coordinates": [-74.14659, 40.701426]}, "properties": {"id": 450180, "name": "PANYNJ PN WC TRUCK 4", "address": "272 Marlin Street", "city": "Newark", "zip": "07114", "access": "public", "ev_level1_evse_num": null, "ev_level2_evse_num": null, "ev_dc_fast_num": 1, "network": "ChargePoint Network", "connector_types": ["CHADEMO", "J1772COMBO"], "owner_type": null}}, {"type": "Feature", "geometry": {"type": "Point", "coordinates": [-74.146265, 40.701525]}, "properties": {"id": 450181, "name": "PANYNJ PN WC TRUCK 1", "address": "272 Marlin Street", "city": "Newark", "zip": "07114", "access": "public", "ev_level1_evse_num": null, "ev_level2_evse_num": null, "ev_dc_fast_num": 1, "network": "ChargePoint Network", "connector_types": ["CHADEMO", "J1772COMBO"], "owner_type": null}}, {"type": "Feature", "geometry": {"type": "Point", "coordinates": [-74.178379, 40.781758]}, "properties": {"id": 450205, "name": "WATCHUNG WATCHUNG 01", "address": "49 Watchung Ave", "city": "Belleville", "zip": "07109", "access": "public", "ev_level1_evse_num": null, "ev_level2_evse_num": 1, "ev_dc_fast_num": null, "network": "ChargePoint Network", "connector_types": ["J1772"], "owner_type": null}}, {"type": "Feature", "geometry": {"type": "Point", "coordinates": [-74.087751, 40.709722]}, "properties": {"id": 450313, "name": "NJCU LOT 4 CST LOT 4 ECV2", "address": "2039 John F. Kennedy Blvd", "city": "Jersey City", "zip": "07305", "access": "public", "ev_level1_evse_num": null, "ev_level2_evse_num": null, "ev_dc_fast_num": 1, "network": "ChargePoint Network", "connector_types": ["CHADEMO", "J1772COMBO"], "owner_type": null}}, {"type": "Feature", "geometry": {"type": "Point", "coordinates": [-74.087644, 40.709657]}, "properties": {"id": 450314, "name": "NJCU LOT 4 CST LOT 4 ECV1", "address": "2039 John F. Kennedy Blvd", "city": "Jersey City", "zip": "07305", "access": "public", "ev_level1_evse_num": null, "ev_level2_evse_num": null, "ev_dc_fast_num": 1, "network": "ChargePoint Network", "connector_types": ["CHADEMO", "J1772COMBO"], "owner_type": null}}, {"type": "Feature", "geometry": {"type": "Point", "coordinates": [-74.637088, 40.414982]}, "properties": {"id": 450373, "name": "STONEBRIDGE E LOT", "address": "700 Hollinshead Spring Road", "city": "Montgomery", "zip": "08558", "access": "public", "ev_level1_evse_num": null, "ev_level2_evse_num": 2, "ev_dc_fast_num": null, "network": "ChargePoint Network", "connector_types": ["J1772"], "owner_type": null}}, {"type": "Feature", "geometry": {"type": "Point", "coordinates": [-74.572731, 40.693363]}, "properties": {"id": 450578, "name": "AUCTA 170D", "address": "170 Mount Airy Road", "city": "Bernards", "zip": "07920", "access": "public", "ev_level1_evse_num": null, "ev_level2_evse_num": 1, "ev_dc_fast_num": null, "network": "ChargePoint Network", "connector_types": ["J1772"], "owner_type": null}}, {"type": "Feature", "geometry": {"type": "Point", "coordinates": [-74.572706, 40.693288]}, "properties": {"id": 450579, "name": "AUCTA 170C", "address": "170 Mount Airy Road", "city": "Bernards", "zip": "07920", "access": "public", "ev_level1_evse_num": null, "ev_level2_evse_num": 1, "ev_dc_fast_num": null, "network": "ChargePoint Network", "connector_types": ["J1772"], "owner_type": null}}, {"type": "Feature", "geometry": {"type": "Point", "coordinates": [-74.572651, 40.693265]}, "properties": {"id": 450580, "name": "AUCTA 170A", "address": "170 Mount Airy Road", "city": "Bernards", "zip": "07920", "access": "public", "ev_level1_evse_num": null, "ev_level2_evse_num": 1, "ev_dc_fast_num": null, "network": "ChargePoint Network", "connector_types": ["J1772"], "owner_type": null}}, {"type": "Feature", "geometry": {"type": "Point", "coordinates": [-74.572637, 40.69322]}, "properties": {"id": 450581, "name": "AUCTA 170E", "address": "170 Mount Airy Road", "city": "Bernards", "zip": "07920", "access": "public", "ev_level1_evse_num": null, "ev_level2_evse_num": 1, "ev_dc_fast_num": null, "network": "ChargePoint Network", "connector_types": ["J1772"], "owner_type": null}}, {"type": "Feature", "geometry": {"type": "Point", "coordinates": [-74.572674, 40.693307]}, "properties": {"id": 450582, "name": "AUCTA 170B", "address": "170 Mount Airy Road", "city": "Bernards", "zip": "07920", "access": "public", "ev_level1_evse_num": null, "ev_level2_evse_num": 1, "ev_dc_fast_num": null, "network": "ChargePoint Network", "connector_types": ["J1772"], "owner_type": null}}, {"type": "Feature", "geometry": {"type": "Point", "coordinates": [-74.57262, 40.693241]}, "properties": {"id": 450583, "name": "AUCTA 170F", "address": "170 Mount Airy Road", "city": "Bernards", "zip": "07920", "access": "public", "ev_level1_evse_num": null, "ev_level2_evse_num": 1, "ev_dc_fast_num": null, "network": "ChargePoint Network", "connector_types": ["J1772"], "owner_type": null}}, {"type": "Feature", "geometry": {"type": "Point", "coordinates": [-74.47548661, 39.44856651]}, "properties": {"id": 450774, "name": "Stay-N-Charge EV Charging Station - Seaview Hotel, a Dolce by Wyndham", "address": "401 S New York Rd", "city": "Galloway", "zip": "08205", "access": "public", "ev_level1_evse_num": null, "ev_level2_evse_num": 6, "ev_dc_fast_num": null, "network": "STAY_N_CHARGE", "connector_types": ["J1772"], "owner_type": "P"}}, {"type": "Feature", "geometry": {"type": "Point", "coordinates": [-74.42163, 39.362395]}, "properties": {"id": 450891, "name": "HARD ROCK EV HRHCAC14", "address": "900 Pacific Ave", "city": "Atlantic City", "zip": "08401", "access": "public", "ev_level1_evse_num": null, "ev_level2_evse_num": 1, "ev_dc_fast_num": null, "network": "ChargePoint Network", "connector_types": ["J1772"], "owner_type": null}}, {"type": "Feature", "geometry": {"type": "Point", "coordinates": [-74.10953, 40.72448]}, "properties": {"id": 450926, "name": "EV Edison Charging Hub", "address": "78 John Miller Way", "city": "Kearny", "zip": "07032", "access": "public", "ev_level1_evse_num": null, "ev_level2_evse_num": null, "ev_dc_fast_num": 30, "network": "Non-Networked", "connector_types": ["J1772COMBO"], "owner_type": "P"}}, {"type": "Feature", "geometry": {"type": "Point", "coordinates": [-74.421527, 39.362239]}, "properties": {"id": 451060, "name": "HARD ROCK EV HRHCAC7", "address": "900 Pacific Ave", "city": "Atlantic City", "zip": "08401", "access": "public", "ev_level1_evse_num": null, "ev_level2_evse_num": 1, "ev_dc_fast_num": null, "network": "ChargePoint Network", "connector_types": ["J1772"], "owner_type": null}}, {"type": "Feature", "geometry": {"type": "Point", "coordinates": [-74.421645, 39.36242]}, "properties": {"id": 451061, "name": "HARD ROCK EV HRHCAC15", "address": "900 Pacific Ave", "city": "Atlantic City", "zip": "08401", "access": "public", "ev_level1_evse_num": null, "ev_level2_evse_num": 1, "ev_dc_fast_num": null, "network": "ChargePoint Network", "connector_types": ["J1772"], "owner_type": null}}, {"type": "Feature", "geometry": {"type": "Point", "coordinates": [-74.421583, 39.362328]}, "properties": {"id": 451062, "name": "HARD ROCK EV HRHCAC11", "address": "900 Pacific Ave", "city": "Atlantic City", "zip": "08401", "access": "public", "ev_level1_evse_num": null, "ev_level2_evse_num": 1, "ev_dc_fast_num": null, "network": "ChargePoint Network", "connector_types": ["J1772"], "owner_type": null}}, {"type": "Feature", "geometry": {"type": "Point", "coordinates": [-74.42144, 39.36211]}, "properties": {"id": 451063, "name": "HARD ROCK EV HRHCAC1", "address": "900 Pacific Ave", "city": "Atlantic City", "zip": "08401", "access": "public", "ev_level1_evse_num": null, "ev_level2_evse_num": 1, "ev_dc_fast_num": null, "network": "ChargePoint Network", "connector_types": ["J1772"], "owner_type": null}}, {"type": "Feature", "geometry": {"type": "Point", "coordinates": [-74.421658, 39.362435]}, "properties": {"id": 451064, "name": "HARD ROCK EV HRHCAC16", "address": "900 Pacific Ave", "city": "Atlantic City", "zip": "08401", "access": "public", "ev_level1_evse_num": null, "ev_level2_evse_num": 1, "ev_dc_fast_num": null, "network": "ChargePoint Network", "connector_types": ["J1772"], "owner_type": null}}, {"type": "Feature", "geometry": {"type": "Point", "coordinates": [-74.421512, 39.362218]}, "properties": {"id": 451065, "name": "HARD ROCK EV HRHCAC6", "address": "900 Pacific Ave", "city": "Atlantic City", "zip": "08401", "access": "public", "ev_level1_evse_num": null, "ev_level2_evse_num": 1, "ev_dc_fast_num": null, "network": "ChargePoint Network", "connector_types": ["J1772"], "owner_type": null}}, {"type": "Feature", "geometry": {"type": "Point", "coordinates": [-74.421453, 39.362131]}, "properties": {"id": 451066, "name": "HARD ROCK EV HRHCAC2", "address": "900 Pacific Ave", "city": "Atlantic City", "zip": "08401", "access": "public", "ev_level1_evse_num": null, "ev_level2_evse_num": 1, "ev_dc_fast_num": null, "network": "ChargePoint Network", "connector_types": ["J1772"], "owner_type": null}}, {"type": "Feature", "geometry": {"type": "Point", "coordinates": [-74.421496, 39.362195]}, "properties": {"id": 451067, "name": "HARD ROCK EV HRHCAC5", "address": "900 Pacific Ave", "city": "Atlantic City", "zip": "08401", "access": "public", "ev_level1_evse_num": null, "ev_level2_evse_num": 1, "ev_dc_fast_num": null, "network": "ChargePoint Network", "connector_types": ["J1772"], "owner_type": null}}, {"type": "Feature", "geometry": {"type": "Point", "coordinates": [-74.421556, 39.362286]}, "properties": {"id": 451068, "name": "HARD ROCK EV HRHCAC9", "address": "900 Pacific Ave", "city": "Atlantic City", "zip": "08401", "access": "public", "ev_level1_evse_num": null, "ev_level2_evse_num": 1, "ev_dc_fast_num": null, "network": "ChargePoint Network", "connector_types": ["J1772"], "owner_type": null}}, {"type": "Feature", "geometry": {"type": "Point", "coordinates": [-74.421468, 39.36215]}, "properties": {"id": 451069, "name": "HARD ROCK EV HRHCAC3", "address": "900 Pacific Ave", "city": "Atlantic City", "zip": "08401", "access": "public", "ev_level1_evse_num": null, "ev_level2_evse_num": 1, "ev_dc_fast_num": null, "network": "ChargePoint Network", "connector_types": ["J1772"], "owner_type": null}}, {"type": "Feature", "geometry": {"type": "Point", "coordinates": [-74.421482, 39.362175]}, "properties": {"id": 451070, "name": "HARD ROCK EV HRHCAC4", "address": "900 Pacific Ave", "city": "Atlantic City", "zip": "08401", "access": "public", "ev_level1_evse_num": null, "ev_level2_evse_num": 1, "ev_dc_fast_num": null, "network": "ChargePoint Network", "connector_types": ["J1772"], "owner_type": null}}, {"type": "Feature", "geometry": {"type": "Point", "coordinates": [-74.42154, 39.362262]}, "properties": {"id": 451071, "name": "HARD ROCK EV HRHCAC8", "address": "900 Pacific Ave", "city": "Atlantic City", "zip": "08401", "access": "public", "ev_level1_evse_num": null, "ev_level2_evse_num": 1, "ev_dc_fast_num": null, "network": "ChargePoint Network", "connector_types": ["J1772"], "owner_type": null}}, {"type": "Feature", "geometry": {"type": "Point", "coordinates": [-74.421567, 39.362308]}, "properties": {"id": 451072, "name": "HARD ROCK EV HRHCAC10", "address": "900 Pacific Ave", "city": "Atlantic City", "zip": "08401", "access": "public", "ev_level1_evse_num": null, "ev_level2_evse_num": 1, "ev_dc_fast_num": null, "network": "ChargePoint Network", "connector_types": ["J1772"], "owner_type": null}}, {"type": "Feature", "geometry": {"type": "Point", "coordinates": [-74.421602, 39.362352]}, "properties": {"id": 451073, "name": "HARD ROCK EV HRHCAC12", "address": "900 Pacific Ave", "city": "Atlantic City", "zip": "08401", "access": "public", "ev_level1_evse_num": null, "ev_level2_evse_num": 1, "ev_dc_fast_num": null, "network": "ChargePoint Network", "connector_types": ["J1772"], "owner_type": null}}, {"type": "Feature", "geometry": {"type": "Point", "coordinates": [-74.2252692, 40.1453902]}, "properties": {"id": 451114, "name": "Aura Electric", "address": "4329 US-9", "city": "Howell Township", "zip": "07731", "access": "public", "ev_level1_evse_num": null, "ev_level2_evse_num": 10, "ev_dc_fast_num": null, "network": "EVGATEWAY", "connector_types": ["J1772"], "owner_type": null}}, {"type": "Feature", "geometry": {"type": "Point", "coordinates": [-74.421614, 39.362368]}, "properties": {"id": 451417, "name": "HARD ROCK EV HRHCAC13", "address": "900 Pacific Ave", "city": "Atlantic City", "zip": "08401", "access": "public", "ev_level1_evse_num": null, "ev_level2_evse_num": 1, "ev_dc_fast_num": null, "network": "ChargePoint Network", "connector_types": ["J1772"], "owner_type": null}}, {"type": "Feature", "geometry": {"type": "Point", "coordinates": [-74.324697, 40.564292]}, "properties": {"id": 451536, "name": "ATLANTIC REALTY METROTOP PG1", "address": "111 South Wood Avenue", "city": "Woodbridge Township", "zip": "08830", "access": "public", "ev_level1_evse_num": null, "ev_level2_evse_num": 2, "ev_dc_fast_num": null, "network": "ChargePoint Network", "connector_types": ["J1772"], "owner_type": null}}, {"type": "Feature", "geometry": {"type": "Point", "coordinates": [-74.324583, 40.564278]}, "properties": {"id": 451538, "name": "ATLANTIC REALTY METROTOP PG2", "address": "111 South Wood Avenue", "city": "Woodbridge Township", "zip": "08830", "access": "public", "ev_level1_evse_num": null, "ev_level2_evse_num": 2, "ev_dc_fast_num": null, "network": "ChargePoint Network", "connector_types": ["J1772"], "owner_type": null}}, {"type": "Feature", "geometry": {"type": "Point", "coordinates": [-74.324545, 40.564283]}, "properties": {"id": 451539, "name": "ATLANTIC REALTY METROTOP PG3", "address": "111 South Wood Avenue", "city": "Woodbridge Township", "zip": "08830", "access": "public", "ev_level1_evse_num": null, "ev_level2_evse_num": 2, "ev_dc_fast_num": null, "network": "ChargePoint Network", "connector_types": ["J1772"], "owner_type": null}}, {"type": "Feature", "geometry": {"type": "Point", "coordinates": [-74.324574, 40.564123]}, "properties": {"id": 451540, "name": "ATLANTIC REALTY METROTOP PG4", "address": "111 South Wood Avenue", "city": "Woodbridge Township", "zip": "08830", "access": "public", "ev_level1_evse_num": null, "ev_level2_evse_num": 2, "ev_dc_fast_num": null, "network": "ChargePoint Network", "connector_types": ["J1772"], "owner_type": null}}, {"type": "Feature", "geometry": {"type": "Point", "coordinates": [-74.41849, 40.16575]}, "properties": {"id": 451561, "name": "ENG-000043", "address": "3 Trenton Lakewood Rd", "city": "Clarksburg", "zip": "08510", "access": "public", "ev_level1_evse_num": null, "ev_level2_evse_num": 2, "ev_dc_fast_num": null, "network": "WEVO", "connector_types": ["J1772"], "owner_type": "P"}}, {"type": "Feature", "geometry": {"type": "Point", "coordinates": [-74.70987, 40.28384]}, "properties": {"id": 451577, "name": "ENG-000095", "address": "3 Princess Rd", "city": "Lawrence Township", "zip": "08648", "access": "public", "ev_level1_evse_num": null, "ev_level2_evse_num": 2, "ev_dc_fast_num": null, "network": "WEVO", "connector_types": ["J1772"], "owner_type": "P"}}, {"type": "Feature", "geometry": {"type": "Point", "coordinates": [-74.447787, 40.836191]}, "properties": {"id": 451808, "name": "HANOVER SHELL HANOVER SHELL", "address": "1373 New Jersey 10", "city": "Hanover", "zip": "07981", "access": "public", "ev_level1_evse_num": null, "ev_level2_evse_num": 2, "ev_dc_fast_num": null, "network": "ChargePoint Network", "connector_types": ["J1772"], "owner_type": null}}, {"type": "Feature", "geometry": {"type": "Point", "coordinates": [-74.252493, 40.698688]}, "properties": {"id": 451857, "name": "Whitney Houston Service Area", "address": "1 Vauxhall Rd", "city": "Union", "zip": "07038", "access": "public", "ev_level1_evse_num": null, "ev_level2_evse_num": null, "ev_dc_fast_num": 2, "network": "APPLEGREEN", "connector_types": ["J1772COMBO", "TESLA"], "owner_type": "P"}}, {"type": "Feature", "geometry": {"type": "Point", "coordinates": [-75.395966, 39.698032]}, "properties": {"id": 451858, "name": "Clara Barton Service Area", "address": "N Stumpy Rd", "city": "Pedricktown", "zip": "08069", "access": "public", "ev_level1_evse_num": null, "ev_level2_evse_num": null, "ev_dc_fast_num": 4, "network": "APPLEGREEN", "connector_types": ["J1772COMBO", "TESLA"], "owner_type": "P"}}, {"type": "Feature", "geometry": {"type": "Point", "coordinates": [-75.397064, 39.695575]}, "properties": {"id": 451859, "name": "John Fenwick Service Area", "address": "NJ Turnpike Milepost 5 Northbound", "city": "Pedricktown", "zip": "08069", "access": "public", "ev_level1_evse_num": null, "ev_level2_evse_num": null, "ev_dc_fast_num": 4, "network": "APPLEGREEN", "connector_types": ["J1772COMBO", "TESLA"], "owner_type": "P"}}, {"type": "Feature", "geometry": {"type": "Point", "coordinates": [-74.066128, 41.048643]}, "properties": {"id": 451860, "name": "James Gandolfini Service Area", "address": "172 Gardon State Pkwy MM 172", "city": "Montvale", "zip": "07645", "access": "public", "ev_level1_evse_num": null, "ev_level2_evse_num": null, "ev_dc_fast_num": 4, "network": "APPLEGREEN", "connector_types": ["J1772COMBO", "TESLA"], "owner_type": "P"}}, {"type": "Feature", "geometry": {"type": "Point", "coordinates": [-74.486874, 40.322468]}, "properties": {"id": 451861, "name": "Molly Pitcher Service Area", "address": "NJ Turnpike Milepost 71.7 Southbound", "city": "East Windsor", "zip": "08512", "access": "public", "ev_level1_evse_num": null, "ev_level2_evse_num": null, "ev_dc_fast_num": 4, "network": "APPLEGREEN", "connector_types": ["J1772COMBO", "TESLA"], "owner_type": "P"}}, {"type": "Feature", "geometry": {"type": "Point", "coordinates": [-74.065318, 40.770612]}, "properties": {"id": 451862, "name": "Alexander Hamilton Service Area", "address": "Garden State Pkwy Milepoost 151.3 Southbound", "city": "Seacacus", "zip": "07094", "access": "public", "ev_level1_evse_num": null, "ev_level2_evse_num": null, "ev_dc_fast_num": 4, "network": "APPLEGREEN", "connector_types": ["J1772COMBO", "TESLA"], "owner_type": "P"}}, {"type": "Feature", "geometry": {"type": "Point", "coordinates": [-74.264222, 40.556157]}, "properties": {"id": 451863, "name": "Grover Cleveland Service Area", "address": "NJ Turnpike Milepost 92.9 Northbound", "city": "Woodbridge", "zip": "07077", "access": "public", "ev_level1_evse_num": null, "ev_level2_evse_num": null, "ev_dc_fast_num": 4, "network": "APPLEGREEN", "connector_types": ["J1772COMBO", "TESLA"], "owner_type": "P"}}, {"type": "Feature", "geometry": {"type": "Point", "coordinates": [-74.099682, 40.68547]}, "properties": {"id": 451972, "name": "Twin City Shopping Center - Tesla Supercharger", "address": "2-36 Garfield Ave", "city": "Jersey City", "zip": "07305", "access": "public", "ev_level1_evse_num": null, "ev_level2_evse_num": null, "ev_dc_fast_num": 12, "network": "Tesla", "connector_types": ["J1772COMBO", "TESLA"], "owner_type": "P"}}, {"type": "Feature", "geometry": {"type": "Point", "coordinates": [-74.056559, 40.734443]}, "properties": {"id": 452060, "name": "SBCS FJG COURTHOUSE5", "address": "24 Central Avenue", "city": "Jersey City", "zip": "07306", "access": "public", "ev_level1_evse_num": null, "ev_level2_evse_num": 2, "ev_dc_fast_num": null, "network": "ChargePoint Network", "connector_types": ["J1772"], "owner_type": null}}, {"type": "Feature", "geometry": {"type": "Point", "coordinates": [-74.056294, 40.734282]}, "properties": {"id": 452061, "name": "SBCS FJG COURTHOUSE1", "address": "24 Central Avenue", "city": "Jersey City", "zip": "07306", "access": "public", "ev_level1_evse_num": null, "ev_level2_evse_num": 1, "ev_dc_fast_num": null, "network": "ChargePoint Network", "connector_types": ["J1772"], "owner_type": null}}, {"type": "Feature", "geometry": {"type": "Point", "coordinates": [-74.056211, 40.734339]}, "properties": {"id": 452062, "name": "SBCS FJG COURTHOUSE2", "address": "24 Central Avenue", "city": "Jersey City", "zip": "07306", "access": "public", "ev_level1_evse_num": null, "ev_level2_evse_num": 2, "ev_dc_fast_num": null, "network": "ChargePoint Network", "connector_types": ["J1772"], "owner_type": null}}, {"type": "Feature", "geometry": {"type": "Point", "coordinates": [-74.056605, 40.7345]}, "properties": {"id": 452063, "name": "SBCS FJG COURTHOUSE3", "address": "24 Central Avenue", "city": "Jersey City", "zip": "07306", "access": "public", "ev_level1_evse_num": null, "ev_level2_evse_num": 2, "ev_dc_fast_num": null, "network": "ChargePoint Network", "connector_types": ["J1772"], "owner_type": null}}, {"type": "Feature", "geometry": {"type": "Point", "coordinates": [-74.05653, 40.734432]}, "properties": {"id": 452064, "name": "SBCS FJG COURTHOUSE4", "address": "24 Central Avenue", "city": "Jersey City", "zip": "07306", "access": "public", "ev_level1_evse_num": null, "ev_level2_evse_num": 2, "ev_dc_fast_num": null, "network": "ChargePoint Network", "connector_types": ["J1772"], "owner_type": null}}, {"type": "Feature", "geometry": {"type": "Point", "coordinates": [-74.056483, 40.734391]}, "properties": {"id": 452065, "name": "SBCS FJG COURTHOUSE6", "address": "24 Central Avenue", "city": "Jersey City", "zip": "07306", "access": "public", "ev_level1_evse_num": null, "ev_level2_evse_num": 2, "ev_dc_fast_num": null, "network": "ChargePoint Network", "connector_types": ["J1772"], "owner_type": null}}, {"type": "Feature", "geometry": {"type": "Point", "coordinates": [-74.056441, 40.73434]}, "properties": {"id": 452066, "name": "SBCS FJG COURTHOUSE7", "address": "24 Central Avenue", "city": "Jersey City", "zip": "07306", "access": "public", "ev_level1_evse_num": null, "ev_level2_evse_num": 2, "ev_dc_fast_num": null, "network": "ChargePoint Network", "connector_types": ["J1772"], "owner_type": null}}, {"type": "Feature", "geometry": {"type": "Point", "coordinates": [-74.056624, 40.734688]}, "properties": {"id": 452067, "name": "SBCS FJG COURTHOUSE8", "address": "24 Central Avenue", "city": "Jersey City", "zip": "07306", "access": "public", "ev_level1_evse_num": null, "ev_level2_evse_num": 1, "ev_dc_fast_num": null, "network": "ChargePoint Network", "connector_types": ["J1772"], "owner_type": null}}, {"type": "Feature", "geometry": {"type": "Point", "coordinates": [-74.210842, 39.861366]}, "properties": {"id": 452073, "name": "LACEY 3 RIGHT BUILD 18", "address": "900 Gary Smith Way", "city": "Lacey Township", "zip": "08731", "access": "public", "ev_level1_evse_num": null, "ev_level2_evse_num": 1, "ev_dc_fast_num": null, "network": "ChargePoint Network", "connector_types": ["J1772"], "owner_type": null}}, {"type": "Feature", "geometry": {"type": "Point", "coordinates": [-74.210865, 39.861585]}, "properties": {"id": 452074, "name": "LACEY 3 CLUBHOUSE 1", "address": "900 Gary Smith Way", "city": "Lacey Township", "zip": "08731", "access": "public", "ev_level1_evse_num": null, "ev_level2_evse_num": 1, "ev_dc_fast_num": null, "network": "ChargePoint Network", "connector_types": ["J1772"], "owner_type": null}}, {"type": "Feature", "geometry": {"type": "Point", "coordinates": [-74.212241, 39.862468]}, "properties": {"id": 452075, "name": "LACEY 3 LEFT B 18", "address": "900 Gary Smith Way", "city": "Lacey Township", "zip": "08731", "access": "public", "ev_level1_evse_num": null, "ev_level2_evse_num": 1, "ev_dc_fast_num": null, "network": "ChargePoint Network", "connector_types": ["J1772"], "owner_type": null}}, {"type": "Feature", "geometry": {"type": "Point", "coordinates": [-74.21143, 39.862587]}, "properties": {"id": 452076, "name": "LACEY 3 CLUBHOUSE 1A", "address": "900 Gary Smith Way", "city": "Lacey Township", "zip": "08731", "access": "public", "ev_level1_evse_num": null, "ev_level2_evse_num": 1, "ev_dc_fast_num": null, "network": "ChargePoint Network", "connector_types": ["J1772"], "owner_type": null}}, {"type": "Feature", "geometry": {"type": "Point", "coordinates": [-74.210795, 39.861393]}, "properties": {"id": 452077, "name": "LACEY 3 LEFT BUILD 18", "address": "900 Gary Smith Way", "city": "Lacey Township", "zip": "08731", "access": "public", "ev_level1_evse_num": null, "ev_level2_evse_num": 1, "ev_dc_fast_num": null, "network": "ChargePoint Network", "connector_types": ["J1772"], "owner_type": null}}, {"type": "Feature", "geometry": {"type": "Point", "coordinates": [-74.210807, 39.861401]}, "properties": {"id": 452078, "name": "LACEY 3 RIGHT BLD 18", "address": "900 Gary Smith Way", "city": "Lacey Township", "zip": "08731", "access": "public", "ev_level1_evse_num": null, "ev_level2_evse_num": 1, "ev_dc_fast_num": null, "network": "ChargePoint Network", "connector_types": ["J1772"], "owner_type": null}}, {"type": "Feature", "geometry": {"type": "Point", "coordinates": [-74.312111, 40.923896]}, "properties": {"id": 452099, "name": "RP10 CHARGER 10", "address": "115 Main Street", "city": "Lincoln Park", "zip": "07035", "access": "public", "ev_level1_evse_num": null, "ev_level2_evse_num": 1, "ev_dc_fast_num": null, "network": "ChargePoint Network", "connector_types": ["J1772"], "owner_type": null}}, {"type": "Feature", "geometry": {"type": "Point", "coordinates": [-74.032508, 40.851987]}, "properties": {"id": 452144, "name": "RP10 CHARGER A-1", "address": "110 Bergen Turnpike", "city": "Little Ferry", "zip": "07643", "access": "public", "ev_level1_evse_num": null, "ev_level2_evse_num": 1, "ev_dc_fast_num": null, "network": "ChargePoint Network", "connector_types": ["J1772"], "owner_type": null}}, {"type": "Feature", "geometry": {"type": "Point", "coordinates": [-74.032377, 40.852009]}, "properties": {"id": 452145, "name": "RP10 CHARGER A-2", "address": "110 Bergen Turnpike", "city": "Little Ferry", "zip": "07643", "access": "public", "ev_level1_evse_num": null, "ev_level2_evse_num": 1, "ev_dc_fast_num": null, "network": "ChargePoint Network", "connector_types": ["J1772"], "owner_type": null}}, {"type": "Feature", "geometry": {"type": "Point", "coordinates": [-74.032351, 40.851923]}, "properties": {"id": 452146, "name": "RP10 CHARGER A-3", "address": "110 Bergen Turnpike 110 bergeb turnpike", "city": "Little Ferry", "zip": "07643", "access": "public", "ev_level1_evse_num": null, "ev_level2_evse_num": 1, "ev_dc_fast_num": null, "network": "ChargePoint Network", "connector_types": ["J1772"], "owner_type": null}}, {"type": "Feature", "geometry": {"type": "Point", "coordinates": [-74.031301, 40.851405]}, "properties": {"id": 452147, "name": "RP10 CHARGER B-1", "address": "110 Bergen Turnpike", "city": "Little Ferry", "zip": "07643", "access": "public", "ev_level1_evse_num": null, "ev_level2_evse_num": 1, "ev_dc_fast_num": null, "network": "ChargePoint Network", "connector_types": ["J1772"], "owner_type": null}}, {"type": "Feature", "geometry": {"type": "Point", "coordinates": [-74.031382, 40.851412]}, "properties": {"id": 452148, "name": "RP10 CHARGER B-2", "address": "110 Bergen Turnpike", "city": "Little Ferry", "zip": "07643", "access": "public", "ev_level1_evse_num": null, "ev_level2_evse_num": 1, "ev_dc_fast_num": null, "network": "ChargePoint Network", "connector_types": ["J1772"], "owner_type": null}}, {"type": "Feature", "geometry": {"type": "Point", "coordinates": [-74.265633, 40.661083]}, "properties": {"id": 452149, "name": "RP10 STATION 5", "address": "10 Westfield Avenue West", "city": "Elizabeth", "zip": "07208", "access": "public", "ev_level1_evse_num": null, "ev_level2_evse_num": 1, "ev_dc_fast_num": null, "network": "ChargePoint Network", "connector_types": ["J1772"], "owner_type": null}}, {"type": "Feature", "geometry": {"type": "Point", "coordinates": [-74.265514, 40.661107]}, "properties": {"id": 452150, "name": "RP10 STATION 8", "address": "10 Westfield Avenue West", "city": "Elizabeth", "zip": "07208", "access": "public", "ev_level1_evse_num": null, "ev_level2_evse_num": 1, "ev_dc_fast_num": null, "network": "ChargePoint Network", "connector_types": ["J1772"], "owner_type": null}}, {"type": "Feature", "geometry": {"type": "Point", "coordinates": [-74.26561, 40.661151]}, "properties": {"id": 452151, "name": "RP10 STATION 9", "address": "10 Westfield Avenue West", "city": "Elizabeth", "zip": "07208", "access": "public", "ev_level1_evse_num": null, "ev_level2_evse_num": 1, "ev_dc_fast_num": null, "network": "ChargePoint Network", "connector_types": ["J1772"], "owner_type": null}}, {"type": "Feature", "geometry": {"type": "Point", "coordinates": [-74.265633, 40.661]}, "properties": {"id": 452232, "name": "RP10 STATION 1", "address": "10 Westfield Avenue West", "city": "Elizabeth", "zip": "07208", "access": "public", "ev_level1_evse_num": null, "ev_level2_evse_num": 1, "ev_dc_fast_num": null, "network": "ChargePoint Network", "connector_types": ["J1772"], "owner_type": null}}, {"type": "Feature", "geometry": {"type": "Point", "coordinates": [-74.265612, 40.661033]}, "properties": {"id": 452233, "name": "RP10 STATION 2", "address": "10 Westfield Avenue West", "city": "Elizabeth", "zip": "07208", "access": "public", "ev_level1_evse_num": null, "ev_level2_evse_num": 1, "ev_dc_fast_num": null, "network": "ChargePoint Network", "connector_types": ["J1772"], "owner_type": null}}, {"type": "Feature", "geometry": {"type": "Point", "coordinates": [-74.265612, 40.661008]}, "properties": {"id": 452234, "name": "RP10 STATION 3", "address": "10 Westfield Ave W", "city": "Roselle Park", "zip": "07204", "access": "public", "ev_level1_evse_num": null, "ev_level2_evse_num": 1, "ev_dc_fast_num": null, "network": "ChargePoint Network", "connector_types": ["J1772"], "owner_type": null}}, {"type": "Feature", "geometry": {"type": "Point", "coordinates": [-74.265052, 40.661093]}, "properties": {"id": 452235, "name": "RP10 STATION 6", "address": "10 Westfield Ave W", "city": "Roselle Park", "zip": "07204", "access": "public", "ev_level1_evse_num": null, "ev_level2_evse_num": 1, "ev_dc_fast_num": null, "network": "ChargePoint Network", "connector_types": ["J1772"], "owner_type": null}}, {"type": "Feature", "geometry": {"type": "Point", "coordinates": [-74.265561, 40.661049]}, "properties": {"id": 452236, "name": "RP10 STATION 10", "address": "10 Westfield Avenue West", "city": "Elizabeth", "zip": "07208", "access": "public", "ev_level1_evse_num": null, "ev_level2_evse_num": 1, "ev_dc_fast_num": null, "network": "ChargePoint Network", "connector_types": ["J1772"], "owner_type": null}}]}